{
"type": "FeatureCollection",
"name": "metrics_watershed",
"crs": { "type": "name", "properties": { "name": "urn:ogc:def:crs:EPSG::32617" } },
"features": [
{ "type": "Feature", "properties": { "unit_id": "c00001", "method": "watershed", "label": 1, "area_m2": 10.7024999998344, "height_max_m": 3.8477966785430908, "height_mean_m": 1.882842778551354, "canopy_cover": 0.99581383895592224, "volume_m3": 19.115561309293753, "n_pixels": 4276, "data_coverage": 0.94971936389148737, "vari_mean": -0.0032076101119905514, "exg_mean": 0.023861351314939331, "gli_mean": 0.017330552219812761, "height_max_m_pct": 99.691358024691354, "height_mean_m_pct": 99.691358024691354, "volume_m3_pct": 95.987654320987659, "canopy_cover_pct": 41.666666666666671, "vari_mean_pct": 0.30864197530864196, "exg_mean_pct": 1.8518518518518516, "gli_mean_pct": 1.8518518518518516 }, "geometry": { "type": "Polygon", "coordinates": [ [ [ 556614.498999999952503, 3035059.859000000171363 ], [ 556614.598999999929219, 3035059.90900000045076 ], [ 556614.674, 3035060.03400000045076 ], [ 556614.674, 3035060.434000000357628 ], [ 556614.623999999952503, 3035060.53400000045076 ], [ 556614.674, 3035060.584000000264496 ], [ 556614.723999999929219, 3035060.78400000045076 ], [ 556614.848999999929219, 3035060.90900000045076 ], [ 556615.049, 3035061.009000000543892 ], [ 556615.299, 3035061.059000000357628 ], [ 556615.698999999905936, 3035061.259000000543892 ], [ 556615.924, 3035061.53400000045076 ], [ 556616.174, 3035062.03400000045076 ], [ 556616.223999999929219, 3035062.434000000357628 ], [ 556616.174, 3035062.484000000171363 ], [ 556616.174, 3035062.834000000264496 ], [ 556616.123999999952503, 3035062.884000000543892 ], [ 556616.123999999952503, 3035063.53400000045076 ], [ 556616.073999999905936, 3035063.584000000264496 ], [ 556616.073999999905936, 3035063.684000000357628 ], [ 556615.898999999975786, 3035063.859000000171363 ], [ 556615.549, 3035063.859000000171363 ], [ 556615.373999999952503, 3035063.734000000171363 ], [ 556615.373999999952503, 3035063.684000000357628 ], [ 556615.248999999952503, 3035063.559000000357628 ], [ 556615.148999999975786, 3035063.509000000543892 ], [ 556614.898999999975786, 3035063.559000000357628 ], [ 556614.698999999905936, 3035063.809000000357628 ], [ 556613.998999999952503, 3035063.809000000357628 ], [ 556613.948999999905936, 3035063.859000000171363 ], [ 556613.549, 3035063.859000000171363 ], [ 556613.424, 3035063.634000000543892 ], [ 556613.424, 3035063.53400000045076 ], [ 556613.323999999905936, 3035063.384000000543892 ], [ 556613.323999999905936, 3035063.28400000045076 ], [ 556613.223999999929219, 3035063.134000000543892 ], [ 556613.223999999929219, 3035063.03400000045076 ], [ 556613.123999999952503, 3035062.884000000543892 ], [ 556613.123999999952503, 3035062.78400000045076 ], [ 556613.023999999975786, 3035062.634000000543892 ], [ 556613.023999999975786, 3035062.53400000045076 ], [ 556612.924, 3035062.334000000264496 ], [ 556612.924, 3035062.234000000171363 ], [ 556612.823999999905936, 3035062.084000000264496 ], [ 556612.773999999975786, 3035061.834000000264496 ], [ 556612.674, 3035061.684000000357628 ], [ 556612.674, 3035061.584000000264496 ], [ 556612.623999999952503, 3035061.53400000045076 ], [ 556612.573999999905936, 3035061.28400000045076 ], [ 556612.523999999975786, 3035061.234000000171363 ], [ 556612.473999999929219, 3035060.734000000171363 ], [ 556612.424, 3035060.684000000357628 ], [ 556612.424, 3035060.234000000171363 ], [ 556612.523999999975786, 3035060.134000000543892 ], [ 556612.998999999952503, 3035059.90900000045076 ], [ 556613.148999999975786, 3035059.90900000045076 ], [ 556613.549, 3035060.109000000171363 ], [ 556613.998999999952503, 3035060.109000000171363 ], [ 556614.498999999952503, 3035059.859000000171363 ] ] ] } },
{ "type": "Feature", "properties": { "unit_id": "c00002", "method": "watershed", "label": 2, "area_m2": 1.309999999960419, "height_max_m": 3.9151017665863037, "height_mean_m": 2.560088225679257, "canopy_cover": 0.9901719901719902, "volume_m3": 2.6048897696356117, "n_pixels": 527, "data_coverage": 0.77229601518026569, "vari_mean": -0.0021887971901473281, "exg_mean": 0.012655697518221898, "gli_mean": 0.0086940275350609816, "height_max_m_pct": 100.0, "height_mean_m_pct": 100.0, "volume_m3_pct": 32.716049382716051, "canopy_cover_pct": 24.691358024691358, "vari_mean_pct": 0.61728395061728392, "exg_mean_pct": 1.2345679012345678, "gli_mean_pct": 1.2345679012345678 }, "geometry": { "type": "Polygon", "coordinates": [ [ [ 556614.698999999905936, 3035063.809000000357628 ], [ 556614.723999999929219, 3035064.184000000357628 ], [ 556614.674, 3035064.234000000171363 ], [ 556614.674, 3035064.634000000543892 ], [ 556614.723999999929219, 3035064.684000000357628 ], [ 556614.723999999929219, 3035064.984000000171363 ], [ 556614.773999999975786, 3035065.03400000045076 ], [ 556614.773999999975786, 3035065.184000000357628 ], [ 556614.648999999975786, 3035065.359000000171363 ], [ 556614.549, 3035065.40900000045076 ], [ 556614.498999999952503, 3035065.359000000171363 ], [ 556614.299, 3035065.309000000357628 ], [ 556614.073999999905936, 3035065.084000000264496 ], [ 556613.773999999975786, 3035064.53400000045076 ], [ 556613.773999999975786, 3035064.434000000357628 ], [ 556613.674, 3035064.28400000045076 ], [ 556613.674, 3035064.184000000357628 ], [ 556613.523999999975786, 3035063.884000000543892 ], [ 556613.948999999905936, 3035063.859000000171363 ], [ 556613.998999999952503, 3035063.809000000357628 ], [ 556614.698999999905936, 3035063.809000000357628 ] ] ] } },
{ "type": "Feature", "properties": { "unit_id": "c00003", "method": "watershed", "label": 3, "area_m2": 26.566249999704301, "height_max_m": 2.668107271194458, "height_mean_m": 1.8449954452286863, "canopy_cover": 0.98981612446958978, "volume_m3": 48.915441741756382, "n_pixels": 10651, "data_coverage": 0.99568115669890156, "vari_mean": 0.35038568965483813, "exg_mean": 0.53815226967609819, "gli_mean": 0.3488653965959736, "height_max_m_pct": 99.382716049382708, "height_mean_m_pct": 99.074074074074076, "volume_m3_pct": 100.0, "canopy_cover_pct": 23.456790123456788, "vari_mean_pct": 91.049382716049394, "exg_mean_pct": 98.456790123456798, "gli_mean_pct": 98.76543209876543 }, "geometry": { "type": "Polygon", "coordinates": [ [ [ 556634.699000000022352, 3034881.309000000357628 ], [ 556634.748999999952503, 3034881.359000000171363 ], [ 556635.148999999975786, 3034881.359000000171363 ], [ 556635.199000000022352, 3034881.409 ], [ 556635.498999999952503, 3034881.409 ], [ 556635.549, 3034881.459000000264496 ], [ 556635.848999999929219, 3034881.459000000264496 ], [ 556635.898999999975786, 3034881.509 ], [ 556636.248999999952503, 3034881.509 ], [ 556636.299, 3034881.559000000357628 ], [ 556636.549, 3034881.559000000357628 ], [ 556636.598999999929219, 3034881.609000000171363 ], [ 556636.799, 3034881.659 ], [ 556636.973999999929219, 3034881.934000000357628 ], [ 556636.973999999929219, 3034882.034 ], [ 556637.223999999929219, 3034882.534 ], [ 556637.223999999929219, 3034882.684000000357628 ], [ 556637.273999999975786, 3034882.734000000171363 ], [ 556637.273999999975786, 3034883.134 ], [ 556637.324000000022352, 3034883.184000000357628 ], [ 556637.373999999952503, 3034883.484000000171363 ], [ 556637.473999999929219, 3034883.684000000357628 ], [ 556637.623999999952503, 3034883.834000000264496 ], [ 556637.623999999952503, 3034883.884 ], [ 556637.873999999952503, 3034884.134 ], [ 556637.973999999929219, 3034884.334000000264496 ], [ 556637.973999999929219, 3034884.434000000357628 ], [ 556638.023999999975786, 3034884.484000000171363 ], [ 556638.023999999975786, 3034884.984000000171363 ], [ 556637.674, 3034885.684000000357628 ], [ 556637.674, 3034885.784 ], [ 556637.623999999952503, 3034885.834000000264496 ], [ 556637.574000000022352, 3034886.034 ], [ 556637.473999999929219, 3034886.134 ], [ 556637.473999999929219, 3034886.184000000357628 ], [ 556637.023999999975786, 3034886.634 ], [ 556636.824000000022352, 3034886.984000000171363 ], [ 556636.824000000022352, 3034887.084000000264496 ], [ 556636.723999999929219, 3034887.284 ], [ 556636.449000000022352, 3034887.509 ], [ 556635.699000000022352, 3034887.509 ], [ 556635.498999999952503, 3034887.359000000171363 ], [ 556635.248999999952503, 3034887.359000000171363 ], [ 556635.199000000022352, 3034887.409 ], [ 556635.049, 3034887.409 ], [ 556634.848999999929219, 3034887.309000000357628 ], [ 556634.648999999975786, 3034887.109000000171363 ], [ 556634.449000000022352, 3034887.009 ], [ 556634.299, 3034887.009 ], [ 556634.248999999952503, 3034886.959000000264496 ], [ 556634.049, 3034886.959000000264496 ], [ 556633.998999999952503, 3034886.909 ], [ 556633.748999999952503, 3034886.909 ], [ 556633.699000000022352, 3034886.859000000171363 ], [ 556633.598999999929219, 3034886.859000000171363 ], [ 556633.498999999952503, 3034886.759 ], [ 556633.449000000022352, 3034886.759 ], [ 556632.973999999929219, 3034886.284 ], [ 556632.973999999929219, 3034886.234000000171363 ], [ 556632.723999999929219, 3034885.934000000357628 ], [ 556632.574000000022352, 3034885.634 ], [ 556632.574000000022352, 3034885.334000000264496 ], [ 556632.773999999975786, 3034884.934000000357628 ], [ 556632.773999999975786, 3034884.484000000171363 ], [ 556632.723999999929219, 3034884.434000000357628 ], [ 556632.723999999929219, 3034883.584000000264496 ], [ 556632.523999999975786, 3034883.234000000171363 ], [ 556632.523999999975786, 3034882.884 ], [ 556632.674, 3034882.634 ], [ 556632.674, 3034882.534 ], [ 556633.123999999952503, 3034881.734000000171363 ], [ 556633.273999999975786, 3034881.584000000264496 ], [ 556633.299, 3034881.509 ], [ 556633.348999999929219, 3034881.509 ], [ 556633.449000000022352, 3034881.409 ], [ 556633.648999999975786, 3034881.359000000171363 ], [ 556633.699000000022352, 3034881.309000000357628 ], [ 556634.699000000022352, 3034881.309000000357628 ] ] ] } },
{ "type": "Feature", "properties": { "unit_id": "c00004", "method": "watershed", "label": 4, "area_m2": 14.16250000005239, "height_max_m": 2.485292911529541, "height_mean_m": 1.8455693922425425, "canopy_cover": 0.97122046544679341, "volume_m3": 25.971775272402649, "n_pixels": 5703, "data_coverage": 0.98702437313694547, "vari_mean": 0.27365104146809249, "exg_mean": 0.44245716232164045, "gli_mean": 0.29407695280572088, "height_max_m_pct": 99.074074074074076, "height_mean_m_pct": 99.382716049382708, "volume_m3_pct": 99.382716049382708, "canopy_cover_pct": 2.7777777777777777, "vari_mean_pct": 46.296296296296298, "exg_mean_pct": 89.506172839506178, "gli_mean_pct": 89.81481481481481 }, "geometry": { "type": "Polygon", "coordinates": [ [ [ 556641.998999999952503, 3034882.159 ], [ 556642.049, 3034882.209000000264496 ], [ 556642.498999999952503, 3034882.209000000264496 ], [ 556642.549, 3034882.259 ], [ 556642.848999999929219, 3034882.259 ], [ 556642.898999999975786, 3034882.309000000357628 ], [ 556643.098999999929219, 3034882.309000000357628 ], [ 556643.148999999975786, 3034882.359000000171363 ], [ 556643.299, 3034882.359000000171363 ], [ 556643.348999999929219, 3034882.409 ], [ 556643.498999999952503, 3034882.409 ], [ 556643.549, 3034882.459000000264496 ], [ 556643.848999999929219, 3034882.509 ], [ 556644.049, 3034882.609000000171363 ], [ 556644.223999999929219, 3034882.784 ], [ 556644.223999999929219, 3034882.884 ], [ 556644.324000000022352, 3034883.084000000264496 ], [ 556644.324000000022352, 3034883.784 ], [ 556644.273999999975786, 3034883.834000000264496 ], [ 556644.273999999975786, 3034883.934000000357628 ], [ 556644.174, 3034884.134 ], [ 556644.174, 3034884.534 ], [ 556644.223999999929219, 3034884.584000000264496 ], [ 556644.223999999929219, 3034884.784 ], [ 556644.273999999975786, 3034884.834000000264496 ], [ 556644.273999999975786, 3034885.834000000264496 ], [ 556644.123999999952503, 3034886.134 ], [ 556643.998999999952503, 3034886.259 ], [ 556643.699000000022352, 3034886.409 ], [ 556643.348999999929219, 3034886.459000000264496 ], [ 556643.299, 3034886.509 ], [ 556643.049, 3034886.559000000357628 ], [ 556642.998999999952503, 3034886.609000000171363 ], [ 556642.898999999975786, 3034886.609000000171363 ], [ 556642.848999999929219, 3034886.659 ], [ 556642.449000000022352, 3034886.659 ], [ 556642.348999999929219, 3034886.609000000171363 ], [ 556642.148999999975786, 3034886.409 ], [ 556642.098999999929219, 3034886.409 ], [ 556641.898999999975786, 3034886.209000000264496 ], [ 556641.598999999929219, 3034886.059000000357628 ], [ 556641.273999999975786, 3034885.734000000171363 ], [ 556641.074000000022352, 3034885.334000000264496 ], [ 556640.773999999975786, 3034885.034 ], [ 556640.773999999975786, 3034884.984000000171363 ], [ 556640.574000000022352, 3034884.734000000171363 ], [ 556640.623999999952503, 3034884.034 ], [ 556640.473999999929219, 3034883.734000000171363 ], [ 556640.473999999929219, 3034883.634 ], [ 556640.424, 3034883.584000000264496 ], [ 556640.424, 3034883.334000000264496 ], [ 556640.473999999929219, 3034883.284 ], [ 556640.473999999929219, 3034883.134 ], [ 556640.523999999975786, 3034883.084000000264496 ], [ 556640.523999999975786, 3034882.934000000357628 ], [ 556640.574000000022352, 3034882.884 ], [ 556640.574000000022352, 3034882.734000000171363 ], [ 556640.623999999952503, 3034882.684000000357628 ], [ 556640.623999999952503, 3034882.534 ], [ 556640.674, 3034882.434000000357628 ], [ 556640.848999999929219, 3034882.259 ], [ 556641.148999999975786, 3034882.209000000264496 ], [ 556641.199000000022352, 3034882.159 ], [ 556641.998999999952503, 3034882.159 ] ] ] } },
{ "type": "Feature", "properties": { "unit_id": "c00005", "method": "watershed", "label": 5, "area_m2": 16.568124999796563, "height_max_m": 2.4709949493408203, "height_mean_m": 1.4061589593539199, "canopy_cover": 0.99591775022679163, "volume_m3": 23.250838392979258, "n_pixels": 6614, "data_coverage": 1.0, "vari_mean": 0.26847622388100273, "exg_mean": 0.33336229348698254, "gli_mean": 0.2263622528015343, "height_max_m_pct": 98.76543209876543, "height_mean_m_pct": 95.370370370370367, "volume_m3_pct": 98.76543209876543, "canopy_cover_pct": 42.592592592592595, "vari_mean_pct": 42.592592592592595, "exg_mean_pct": 50.617283950617285, "gli_mean_pct": 50.925925925925931 }, "geometry": { "type": "Polygon", "coordinates": [ [ [ 556620.448999999905936, 3035027.359000000171363 ], [ 556621.023999999975786, 3035027.934000000357628 ], [ 556621.123999999952503, 3035028.134000000543892 ], [ 556621.123999999952503, 3035028.28400000045076 ], [ 556621.174, 3035028.334000000264496 ], [ 556621.123999999952503, 3035028.584000000264496 ], [ 556620.898999999975786, 3035028.809000000357628 ], [ 556620.823999999905936, 3035028.834000000264496 ], [ 556620.773999999975786, 3035028.984000000171363 ], [ 556620.898999999975786, 3035029.15900000045076 ], [ 556620.948999999905936, 3035029.15900000045076 ], [ 556621.174, 3035029.384000000543892 ], [ 556621.323999999905936, 3035029.684000000357628 ], [ 556621.373999999952503, 3035029.884000000543892 ], [ 556621.573999999905936, 3035030.134000000543892 ], [ 556621.723999999929219, 3035030.434000000357628 ], [ 556621.773999999975786, 3035030.734000000171363 ], [ 556621.073999999905936, 3035032.134000000543892 ], [ 556621.073999999905936, 3035032.384000000543892 ], [ 556621.123999999952503, 3035032.434000000357628 ], [ 556621.123999999952503, 3035032.78400000045076 ], [ 556621.174, 3035032.834000000264496 ], [ 556621.174, 3035033.084000000264496 ], [ 556621.073999999905936, 3035033.28400000045076 ], [ 556620.948999999905936, 3035033.359000000171363 ], [ 556620.748999999952503, 3035033.359000000171363 ], [ 556620.698999999905936, 3035033.40900000045076 ], [ 556620.549, 3035033.40900000045076 ], [ 556620.448999999905936, 3035033.459000000264496 ], [ 556619.973999999929219, 3035033.934000000357628 ], [ 556619.973999999929219, 3035034.03400000045076 ], [ 556619.848999999929219, 3035034.109000000171363 ], [ 556619.598999999929219, 3035034.109000000171363 ], [ 556619.549, 3035034.15900000045076 ], [ 556618.848999999929219, 3035034.15900000045076 ], [ 556618.823999999905936, 3035033.884000000543892 ], [ 556618.773999999975786, 3035033.834000000264496 ], [ 556618.773999999975786, 3035033.084000000264496 ], [ 556618.723999999929219, 3035033.03400000045076 ], [ 556618.723999999929219, 3035032.884000000543892 ], [ 556618.674, 3035032.834000000264496 ], [ 556618.674, 3035032.584000000264496 ], [ 556618.623999999952503, 3035032.53400000045076 ], [ 556618.623999999952503, 3035032.184000000357628 ], [ 556618.573999999905936, 3035032.134000000543892 ], [ 556618.523999999975786, 3035031.734000000171363 ], [ 556618.473999999929219, 3035031.684000000357628 ], [ 556618.373999999952503, 3035031.28400000045076 ], [ 556618.323999999905936, 3035031.234000000171363 ], [ 556618.323999999905936, 3035031.084000000264496 ], [ 556618.273999999975786, 3035031.03400000045076 ], [ 556618.273999999975786, 3035030.934000000357628 ], [ 556618.123999999952503, 3035030.634000000543892 ], [ 556618.123999999952503, 3035030.434000000357628 ], [ 556618.073999999905936, 3035030.384000000543892 ], [ 556618.073999999905936, 3035029.934000000357628 ], [ 556618.223999999929219, 3035029.634000000543892 ], [ 556618.373999999952503, 3035029.484000000171363 ], [ 556618.473999999929219, 3035029.28400000045076 ], [ 556618.623999999952503, 3035029.134000000543892 ], [ 556618.723999999929219, 3035028.934000000357628 ], [ 556618.823999999905936, 3035028.834000000264496 ], [ 556618.873999999952503, 3035028.634000000543892 ], [ 556619.023999999975786, 3035028.384000000543892 ], [ 556619.023999999975786, 3035028.28400000045076 ], [ 556619.323999999905936, 3035027.934000000357628 ], [ 556619.323999999905936, 3035027.884000000543892 ], [ 556619.549, 3035027.65900000045076 ], [ 556619.898999999975786, 3035027.509000000543892 ], [ 556620.098999999929219, 3035027.359000000171363 ], [ 556620.448999999905936, 3035027.359000000171363 ] ] ] } },
{ "type": "Feature", "properties": { "unit_id": "c00006", "method": "watershed", "label": 6, "area_m2": 13.994375000436268, "height_max_m": 2.4495494365692139, "height_mean_m": 1.4762485613714138, "canopy_cover": 1.0, "volume_m3": 20.582595566975989, "n_pixels": 5638, "data_coverage": 0.98918056048244063, "vari_mean": 0.052026010682442399, "exg_mean": 0.0025540804175723467, "gli_mean": 0.0014070721959346809, "height_max_m_pct": 98.456790123456798, "height_mean_m_pct": 97.53086419753086, "volume_m3_pct": 97.53086419753086, "canopy_cover_pct": 83.487654320987659, "vari_mean_pct": 2.1604938271604937, "exg_mean_pct": 0.92592592592592582, "gli_mean_pct": 0.92592592592592582 }, "geometry": { "type": "Polygon", "coordinates": [ [ [ 556611.698999999905936, 3035052.709000000264496 ], [ 556612.198999999905936, 3035052.959000000264496 ], [ 556612.799, 3035052.959000000264496 ], [ 556612.848999999929219, 3035052.90900000045076 ], [ 556613.049, 3035052.90900000045076 ], [ 556613.098999999929219, 3035052.859000000171363 ], [ 556613.998999999952503, 3035052.859000000171363 ], [ 556614.698999999905936, 3035053.209000000264496 ], [ 556614.773999999975786, 3035053.28400000045076 ], [ 556614.773999999975786, 3035053.384000000543892 ], [ 556614.723999999929219, 3035053.434000000357628 ], [ 556614.723999999929219, 3035053.734000000171363 ], [ 556614.773999999975786, 3035053.78400000045076 ], [ 556614.773999999975786, 3035054.234000000171363 ], [ 556614.823999999905936, 3035054.28400000045076 ], [ 556614.873999999952503, 3035054.53400000045076 ], [ 556614.924, 3035054.584000000264496 ], [ 556614.924, 3035054.78400000045076 ], [ 556614.823999999905936, 3035054.984000000171363 ], [ 556614.398999999975786, 3035055.309000000357628 ], [ 556613.998999999952503, 3035055.509000000543892 ], [ 556613.598999999929219, 3035055.609000000171363 ], [ 556613.098999999929219, 3035055.859000000171363 ], [ 556612.598999999929219, 3035055.90900000045076 ], [ 556612.398999999975786, 3035056.009000000543892 ], [ 556612.049, 3035056.40900000045076 ], [ 556611.948999999905936, 3035056.40900000045076 ], [ 556611.898999999975786, 3035056.459000000264496 ], [ 556611.598999999929219, 3035056.459000000264496 ], [ 556611.549, 3035056.40900000045076 ], [ 556611.448999999905936, 3035056.40900000045076 ], [ 556611.098999999929219, 3035056.15900000045076 ], [ 556610.799, 3035056.009000000543892 ], [ 556610.473999999929219, 3035055.584000000264496 ], [ 556610.323999999905936, 3035055.28400000045076 ], [ 556610.273999999975786, 3035055.03400000045076 ], [ 556610.223999999929219, 3035054.984000000171363 ], [ 556610.174, 3035054.584000000264496 ], [ 556610.123999999952503, 3035054.53400000045076 ], [ 556610.123999999952503, 3035054.334000000264496 ], [ 556610.073999999905936, 3035054.28400000045076 ], [ 556610.073999999905936, 3035053.984000000171363 ], [ 556610.023999999975786, 3035053.934000000357628 ], [ 556610.023999999975786, 3035053.584000000264496 ], [ 556609.973999999929219, 3035053.53400000045076 ], [ 556609.973999999929219, 3035053.234000000171363 ], [ 556609.924, 3035053.184000000357628 ], [ 556609.924, 3035052.984000000171363 ], [ 556609.998999999952503, 3035052.859000000171363 ], [ 556610.098999999929219, 3035052.809000000357628 ], [ 556610.248999999952503, 3035052.809000000357628 ], [ 556610.299, 3035052.759000000543892 ], [ 556610.448999999905936, 3035052.759000000543892 ], [ 556610.498999999952503, 3035052.709000000264496 ], [ 556611.098999999929219, 3035052.709000000264496 ], [ 556611.148999999975786, 3035052.759000000543892 ], [ 556611.248999999952503, 3035052.759000000543892 ], [ 556611.299, 3035052.709000000264496 ], [ 556611.698999999905936, 3035052.709000000264496 ] ] ] } },
{ "type": "Feature", "properties": { "unit_id": "c00007", "method": "watershed", "label": 7, "area_m2": 8.0281250001469751, "height_max_m": 2.37074875831604, "height_mean_m": 1.5370672488842894, "canopy_cover": 0.99937519525148388, "volume_m3": 12.300380659229427, "n_pixels": 3201, "data_coverage": 1.0, "vari_mean": 0.34500381064248953, "exg_mean": 0.38292722281898384, "gli_mean": 0.25861964071169591, "height_max_m_pct": 97.839506172839506, "height_mean_m_pct": 98.76543209876543, "volume_m3_pct": 91.975308641975303, "canopy_cover_pct": 63.580246913580254, "vari_mean_pct": 88.580246913580254, "exg_mean_pct": 70.061728395061735, "gli_mean_pct": 71.913580246913583 }, "geometry": { "type": "Polygon", "coordinates": [ [ [ 556620.098999999929219, 3034945.509 ], [ 556620.198999999905936, 3034945.559000000357628 ], [ 556620.398999999975786, 3034945.759 ], [ 556620.698999999905936, 3034945.90900000045076 ], [ 556620.848999999929219, 3034945.90900000045076 ], [ 556620.898999999975786, 3034945.959000000264496 ], [ 556621.198999999905936, 3034946.009 ], [ 556621.448999999905936, 3034946.15900000045076 ], [ 556621.674, 3034946.384 ], [ 556621.773999999975786, 3034946.584000000264496 ], [ 556621.773999999975786, 3034946.684000000357628 ], [ 556621.873999999952503, 3034946.884 ], [ 556621.873999999952503, 3034947.03400000045076 ], [ 556621.924, 3034947.084000000264496 ], [ 556621.873999999952503, 3034947.28400000045076 ], [ 556621.523999999975786, 3034947.634 ], [ 556621.523999999975786, 3034947.684000000357628 ], [ 556621.273999999975786, 3034947.984000000171363 ], [ 556621.223999999929219, 3034948.184000000357628 ], [ 556621.323999999905936, 3034948.334000000264496 ], [ 556621.198999999905936, 3034948.40900000045076 ], [ 556620.799, 3034948.40900000045076 ], [ 556620.398999999975786, 3034948.609000000171363 ], [ 556618.848999999929219, 3034948.609000000171363 ], [ 556618.723999999929219, 3034948.384 ], [ 556618.723999999929219, 3034948.28400000045076 ], [ 556618.573999999905936, 3034948.03400000045076 ], [ 556618.523999999975786, 3034947.78400000045076 ], [ 556618.424, 3034947.634 ], [ 556618.424, 3034947.084000000264496 ], [ 556618.473999999929219, 3034947.03400000045076 ], [ 556618.473999999929219, 3034946.934000000357628 ], [ 556618.573999999905936, 3034946.734000000171363 ], [ 556618.873999999952503, 3034946.384 ], [ 556618.973999999929219, 3034946.184000000357628 ], [ 556619.549, 3034945.609000000171363 ], [ 556619.748999999952503, 3034945.509 ], [ 556620.098999999929219, 3034945.509 ] ] ] } },
{ "type": "Feature", "properties": { "unit_id": "c00008", "method": "watershed", "label": 8, "area_m2": 21.094374999925492, "height_max_m": 2.3999083042144775, "height_mean_m": 1.2972011158171775, "canopy_cover": 1.0, "volume_m3": 27.377429549394762, "n_pixels": 8442, "data_coverage": 1.0, "vari_mean": 0.24458673262635661, "exg_mean": 0.30879191671572082, "gli_mean": 0.20921567725253745, "height_max_m_pct": 98.148148148148152, "height_mean_m_pct": 79.938271604938265, "volume_m3_pct": 99.691358024691354, "canopy_cover_pct": 83.487654320987659, "vari_mean_pct": 26.543209876543212, "exg_mean_pct": 32.098765432098766, "gli_mean_pct": 31.172839506172838 }, "geometry": { "type": "Polygon", "coordinates": [ [ [ 556613.248999999952503, 3035016.759 ], [ 556613.273999999975786, 3035016.884 ], [ 556613.498999999952503, 3035017.109000000171363 ], [ 556613.698999999905936, 3035017.15900000045076 ], [ 556613.924, 3035017.384 ], [ 556614.073999999905936, 3035017.684000000357628 ], [ 556614.223999999929219, 3035017.884 ], [ 556614.223999999929219, 3035018.234000000171363 ], [ 556614.023999999975786, 3035018.584000000264496 ], [ 556614.023999999975786, 3035018.684000000357628 ], [ 556613.924, 3035018.884000000543892 ], [ 556613.573999999905936, 3035019.234000000171363 ], [ 556613.523999999975786, 3035019.334000000264496 ], [ 556613.523999999975786, 3035019.484000000171363 ], [ 556613.573999999905936, 3035019.584000000264496 ], [ 556613.674, 3035019.684000000357628 ], [ 556613.674, 3035019.734000000171363 ], [ 556614.023999999975786, 3035020.084000000264496 ], [ 556614.223999999929219, 3035020.484000000171363 ], [ 556614.223999999929219, 3035020.634000000543892 ], [ 556614.174, 3035020.684000000357628 ], [ 556614.123999999952503, 3035020.984000000171363 ], [ 556613.873999999952503, 3035021.434000000357628 ], [ 556613.573999999905936, 3035021.78400000045076 ], [ 556613.424, 3035022.084000000264496 ], [ 556613.424, 3035022.184000000357628 ], [ 556613.373999999952503, 3035022.234000000171363 ], [ 556613.373999999952503, 3035022.384000000543892 ], [ 556613.523999999975786, 3035022.684000000357628 ], [ 556613.523999999975786, 3035023.434000000357628 ], [ 556613.473999999929219, 3035023.484000000171363 ], [ 556613.473999999929219, 3035023.584000000264496 ], [ 556613.198999999905936, 3035023.859000000171363 ], [ 556611.098999999929219, 3035023.859000000171363 ], [ 556611.073999999905936, 3035023.234000000171363 ], [ 556611.123999999952503, 3035023.184000000357628 ], [ 556611.123999999952503, 3035022.484000000171363 ], [ 556611.174, 3035022.434000000357628 ], [ 556611.174, 3035021.984000000171363 ], [ 556611.073999999905936, 3035021.78400000045076 ], [ 556610.973999999929219, 3035021.684000000357628 ], [ 556610.823999999905936, 3035021.334000000264496 ], [ 556610.523999999975786, 3035020.984000000171363 ], [ 556610.473999999929219, 3035020.78400000045076 ], [ 556610.424, 3035020.734000000171363 ], [ 556610.523999999975786, 3035020.334000000264496 ], [ 556610.674, 3035020.084000000264496 ], [ 556610.674, 3035019.934000000357628 ], [ 556610.723999999929219, 3035019.884000000543892 ], [ 556610.823999999905936, 3035019.484000000171363 ], [ 556610.873999999952503, 3035019.434000000357628 ], [ 556610.873999999952503, 3035019.084000000264496 ], [ 556610.573999999905936, 3035018.53400000045076 ], [ 556610.573999999905936, 3035018.28400000045076 ], [ 556610.523999999975786, 3035018.234000000171363 ], [ 556610.523999999975786, 3035017.884 ], [ 556610.473999999929219, 3035017.834000000264496 ], [ 556610.473999999929219, 3035017.53400000045076 ], [ 556610.424, 3035017.484000000171363 ], [ 556610.424, 3035017.184000000357628 ], [ 556610.549, 3035016.90900000045076 ], [ 556611.748999999952503, 3035016.90900000045076 ], [ 556611.948999999905936, 3035016.809000000357628 ], [ 556612.049, 3035016.809000000357628 ], [ 556612.098999999929219, 3035016.759 ], [ 556613.248999999952503, 3035016.759 ] ] ] } },
{ "type": "Feature", "properties": { "unit_id": "c00009", "method": "watershed", "label": 9, "area_m2": 15.694374999854187, "height_max_m": 2.2738440036773682, "height_mean_m": 1.4004254912597518, "canopy_cover": 0.99920127795527158, "volume_m3": 21.916658938273738, "n_pixels": 6260, "data_coverage": 1.0, "vari_mean": 0.24817814153884926, "exg_mean": 0.30910611737596533, "gli_mean": 0.20911219798036446, "height_max_m_pct": 97.53086419753086, "height_mean_m_pct": 94.444444444444443, "volume_m3_pct": 98.148148148148152, "canopy_cover_pct": 62.037037037037038, "vari_mean_pct": 29.012345679012348, "exg_mean_pct": 32.716049382716051, "gli_mean_pct": 30.864197530864196 }, "geometry": { "type": "Polygon", "coordinates": [ [ [ 556619.448999999905936, 3034999.459000000264496 ], [ 556619.648999999975786, 3034999.559000000357628 ], [ 556619.799, 3034999.559000000357628 ], [ 556619.848999999929219, 3034999.609000000171363 ], [ 556620.098999999929219, 3034999.65900000045076 ], [ 556620.148999999975786, 3034999.709000000264496 ], [ 556620.848999999929219, 3034999.709000000264496 ], [ 556621.148999999975786, 3035000.009 ], [ 556621.198999999905936, 3035000.009 ], [ 556621.424, 3035000.28400000045076 ], [ 556621.424, 3035000.384 ], [ 556621.473999999929219, 3035000.434000000357628 ], [ 556621.473999999929219, 3035000.634 ], [ 556621.424, 3035000.684000000357628 ], [ 556621.424, 3035001.084000000264496 ], [ 556621.473999999929219, 3035001.134 ], [ 556621.473999999929219, 3035001.334000000264496 ], [ 556621.424, 3035001.384 ], [ 556621.424, 3035001.53400000045076 ], [ 556621.223999999929219, 3035001.884 ], [ 556621.223999999929219, 3035002.234000000171363 ], [ 556621.473999999929219, 3035002.734000000171363 ], [ 556621.473999999929219, 3035002.884 ], [ 556621.523999999975786, 3035002.934000000357628 ], [ 556621.523999999975786, 3035003.084000000264496 ], [ 556621.573999999905936, 3035003.134 ], [ 556621.573999999905936, 3035003.684000000357628 ], [ 556621.523999999975786, 3035003.734000000171363 ], [ 556621.523999999975786, 3035003.884 ], [ 556621.373999999952503, 3035004.184000000357628 ], [ 556621.098999999929219, 3035004.459000000264496 ], [ 556620.848999999929219, 3035004.559000000357628 ], [ 556620.623999999952503, 3035004.78400000045076 ], [ 556620.549, 3035004.959000000264496 ], [ 556620.148999999975786, 3035004.959000000264496 ], [ 556620.098999999929219, 3035005.009 ], [ 556619.549, 3035005.009 ], [ 556619.348999999929219, 3035005.109000000171363 ], [ 556618.598999999929219, 3035005.109000000171363 ], [ 556618.573999999905936, 3035004.584000000264496 ], [ 556618.523999999975786, 3035004.53400000045076 ], [ 556618.523999999975786, 3035004.434000000357628 ], [ 556618.373999999952503, 3035004.134 ], [ 556618.123999999952503, 3035003.78400000045076 ], [ 556618.123999999952503, 3035003.434000000357628 ], [ 556618.473999999929219, 3035002.684000000357628 ], [ 556618.573999999905936, 3035002.584000000264496 ], [ 556618.773999999975786, 3035002.234000000171363 ], [ 556618.773999999975786, 3035001.984000000171363 ], [ 556618.373999999952503, 3035001.584000000264496 ], [ 556618.373999999952503, 3035001.53400000045076 ], [ 556618.223999999929219, 3035001.384 ], [ 556618.123999999952503, 3035001.184000000357628 ], [ 556618.123999999952503, 3035000.634 ], [ 556618.174, 3035000.584000000264496 ], [ 556618.174, 3035000.484000000171363 ], [ 556618.273999999975786, 3035000.28400000045076 ], [ 556618.398999999975786, 3035000.15900000045076 ], [ 556618.448999999905936, 3035000.15900000045076 ], [ 556618.598999999929219, 3035000.009 ], [ 556618.648999999975786, 3035000.009 ], [ 556619.198999999905936, 3034999.459000000264496 ], [ 556619.448999999905936, 3034999.459000000264496 ] ] ] } },
{ "type": "Feature", "properties": { "unit_id": "c00010", "method": "watershed", "label": 10, "area_m2": 19.246250000137085, "height_max_m": 2.264859676361084, "height_mean_m": 1.2956553591290463, "canopy_cover": 1.0, "volume_m3": 24.892778587333385, "n_pixels": 7685, "data_coverage": 1.0, "vari_mean": 0.20368135338233886, "exg_mean": 0.27539942838424675, "gli_mean": 0.18830347506737094, "height_max_m_pct": 97.222222222222214, "height_mean_m_pct": 78.703703703703709, "volume_m3_pct": 99.074074074074076, "canopy_cover_pct": 83.487654320987659, "vari_mean_pct": 9.5679012345679002, "exg_mean_pct": 16.049382716049383, "gli_mean_pct": 15.74074074074074 }, "geometry": { "type": "Polygon", "coordinates": [ [ [ 556613.049, 3035027.359000000171363 ], [ 556613.174, 3035027.634000000543892 ], [ 556613.174, 3035027.884000000543892 ], [ 556612.973999999929219, 3035028.28400000045076 ], [ 556612.924, 3035028.684000000357628 ], [ 556612.998999999952503, 3035028.809000000357628 ], [ 556613.473999999929219, 3035029.234000000171363 ], [ 556613.473999999929219, 3035029.28400000045076 ], [ 556613.623999999952503, 3035029.434000000357628 ], [ 556613.674, 3035029.584000000264496 ], [ 556613.924, 3035029.884000000543892 ], [ 556613.973999999929219, 3035030.084000000264496 ], [ 556614.023999999975786, 3035030.134000000543892 ], [ 556614.023999999975786, 3035030.234000000171363 ], [ 556613.973999999929219, 3035030.28400000045076 ], [ 556613.973999999929219, 3035030.934000000357628 ], [ 556613.924, 3035030.984000000171363 ], [ 556613.924, 3035031.084000000264496 ], [ 556613.424, 3035031.53400000045076 ], [ 556613.424, 3035031.734000000171363 ], [ 556613.473999999929219, 3035031.834000000264496 ], [ 556613.823999999905936, 3035032.184000000357628 ], [ 556613.823999999905936, 3035032.28400000045076 ], [ 556613.873999999952503, 3035032.334000000264496 ], [ 556613.823999999905936, 3035032.734000000171363 ], [ 556613.498999999952503, 3035033.209000000264496 ], [ 556613.049, 3035033.609000000171363 ], [ 556612.848999999929219, 3035033.709000000264496 ], [ 556612.723999999929219, 3035033.834000000264496 ], [ 556612.723999999929219, 3035033.884000000543892 ], [ 556612.598999999929219, 3035033.959000000264496 ], [ 556612.098999999929219, 3035034.009000000543892 ], [ 556612.049, 3035034.059000000357628 ], [ 556611.549, 3035034.059000000357628 ], [ 556611.498999999952503, 3035034.009000000543892 ], [ 556610.748999999952503, 3035034.009000000543892 ], [ 556610.723999999929219, 3035033.934000000357628 ], [ 556610.773999999975786, 3035033.884000000543892 ], [ 556610.773999999975786, 3035033.634000000543892 ], [ 556610.723999999929219, 3035033.584000000264496 ], [ 556610.674, 3035033.184000000357628 ], [ 556610.623999999952503, 3035033.134000000543892 ], [ 556610.623999999952503, 3035033.03400000045076 ], [ 556610.674, 3035032.984000000171363 ], [ 556610.674, 3035031.884000000543892 ], [ 556610.623999999952503, 3035031.834000000264496 ], [ 556610.623999999952503, 3035031.384000000543892 ], [ 556610.573999999905936, 3035031.334000000264496 ], [ 556610.573999999905936, 3035031.184000000357628 ], [ 556610.523999999975786, 3035031.084000000264496 ], [ 556610.148999999975786, 3035030.759000000543892 ], [ 556610.073999999905936, 3035030.634000000543892 ], [ 556610.073999999905936, 3035029.78400000045076 ], [ 556610.123999999952503, 3035029.734000000171363 ], [ 556610.174, 3035029.434000000357628 ], [ 556610.273999999975786, 3035029.234000000171363 ], [ 556610.373999999952503, 3035029.134000000543892 ], [ 556610.424, 3035028.984000000171363 ], [ 556610.523999999975786, 3035028.884000000543892 ], [ 556610.523999999975786, 3035028.78400000045076 ], [ 556610.623999999952503, 3035028.634000000543892 ], [ 556610.674, 3035028.384000000543892 ], [ 556610.773999999975786, 3035028.184000000357628 ], [ 556610.873999999952503, 3035028.084000000264496 ], [ 556610.998999999952503, 3035027.759000000543892 ], [ 556611.748999999952503, 3035027.759000000543892 ], [ 556611.823999999905936, 3035027.684000000357628 ], [ 556611.873999999952503, 3035027.53400000045076 ], [ 556612.049, 3035027.359000000171363 ], [ 556613.049, 3035027.359000000171363 ] ] ] } },
{ "type": "Feature", "properties": { "unit_id": "c00011", "method": "watershed", "label": 11, "area_m2": 7.8693749998498248, "height_max_m": 2.2583653926849365, "height_mean_m": 1.3527981389165162, "canopy_cover": 0.99776357827476037, "volume_m3": 10.585645437050054, "n_pixels": 3130, "data_coverage": 1.0, "vari_mean": 0.27009209531619616, "exg_mean": 0.29560359347666565, "gli_mean": 0.2026839239475815, "height_max_m_pct": 96.913580246913583, "height_mean_m_pct": 88.888888888888886, "volume_m3_pct": 87.654320987654316, "canopy_cover_pct": 50.308641975308646, "vari_mean_pct": 43.518518518518519, "exg_mean_pct": 26.234567901234566, "gli_mean_pct": 26.543209876543212 }, "geometry": { "type": "Polygon", "coordinates": [ [ [ 556612.898999999975786, 3034945.609000000171363 ], [ 556613.098999999929219, 3034945.709000000264496 ], [ 556613.498999999952503, 3034946.109000000171363 ], [ 556613.598999999929219, 3034946.109000000171363 ], [ 556613.799, 3034946.259 ], [ 556613.848999999929219, 3034946.259 ], [ 556614.073999999905936, 3034946.53400000045076 ], [ 556614.174, 3034946.734000000171363 ], [ 556614.174, 3034946.834000000264496 ], [ 556614.223999999929219, 3034946.884 ], [ 556614.223999999929219, 3034946.984000000171363 ], [ 556614.273999999975786, 3034947.03400000045076 ], [ 556614.273999999975786, 3034947.334000000264496 ], [ 556614.323999999905936, 3034947.384 ], [ 556614.273999999975786, 3034947.484000000171363 ], [ 556614.273999999975786, 3034947.78400000045076 ], [ 556614.174, 3034947.984000000171363 ], [ 556613.799, 3034948.259 ], [ 556613.748999999952503, 3034948.259 ], [ 556613.573999999905936, 3034948.434000000357628 ], [ 556613.498999999952503, 3034948.609000000171363 ], [ 556611.148999999975786, 3034948.609000000171363 ], [ 556610.973999999929219, 3034948.334000000264496 ], [ 556610.973999999929219, 3034948.184000000357628 ], [ 556610.924, 3034948.134 ], [ 556610.924, 3034947.734000000171363 ], [ 556611.023999999975786, 3034947.53400000045076 ], [ 556611.023999999975786, 3034947.434000000357628 ], [ 556611.073999999905936, 3034947.384 ], [ 556611.073999999905936, 3034947.28400000045076 ], [ 556611.123999999952503, 3034947.234000000171363 ], [ 556611.123999999952503, 3034947.03400000045076 ], [ 556611.174, 3034946.984000000171363 ], [ 556611.174, 3034946.834000000264496 ], [ 556611.223999999929219, 3034946.734000000171363 ], [ 556611.473999999929219, 3034946.434000000357628 ], [ 556611.473999999929219, 3034946.384 ], [ 556611.998999999952503, 3034945.859000000171363 ], [ 556612.049, 3034945.859000000171363 ], [ 556612.299, 3034945.65900000045076 ], [ 556612.398999999975786, 3034945.65900000045076 ], [ 556612.448999999905936, 3034945.609000000171363 ], [ 556612.898999999975786, 3034945.609000000171363 ] ] ] } },
{ "type": "Feature", "properties": { "unit_id": "c00012", "method": "watershed", "label": 12, "area_m2": 12.264375000201399, "height_max_m": 2.1924123764038086, "height_mean_m": 1.3401339966064494, "canopy_cover": 0.99531854264197028, "volume_m3": 16.460195813362741, "n_pixels": 4913, "data_coverage": 1.0, "vari_mean": 0.29741973791186266, "exg_mean": 0.33680447334910701, "gli_mean": 0.22758913132706854, "height_max_m_pct": 95.987654320987659, "height_mean_m_pct": 87.654320987654316, "volume_m3_pct": 94.135802469135797, "canopy_cover_pct": 39.197530864197532, "vari_mean_pct": 62.962962962962962, "exg_mean_pct": 53.086419753086425, "gli_mean_pct": 51.851851851851848 }, "geometry": { "type": "Polygon", "coordinates": [ [ [ 556635.348999999929219, 3034966.40900000045076 ], [ 556635.549, 3034966.509 ], [ 556636.098999999929219, 3034966.559000000357628 ], [ 556636.174, 3034966.634 ], [ 556636.174, 3034966.78400000045076 ], [ 556636.023999999975786, 3034967.03400000045076 ], [ 556636.023999999975786, 3034967.384 ], [ 556636.074000000022352, 3034967.434000000357628 ], [ 556636.074000000022352, 3034967.584000000264496 ], [ 556636.299, 3034967.859000000171363 ], [ 556636.348999999929219, 3034967.859000000171363 ], [ 556636.498999999952503, 3034968.009 ], [ 556636.549, 3034968.009 ], [ 556636.873999999952503, 3034968.334000000264496 ], [ 556636.924, 3034968.634 ], [ 556636.973999999929219, 3034968.684000000357628 ], [ 556636.973999999929219, 3034968.834000000264496 ], [ 556637.023999999975786, 3034968.884 ], [ 556637.023999999975786, 3034969.184000000357628 ], [ 556636.973999999929219, 3034969.234000000171363 ], [ 556636.973999999929219, 3034969.984000000171363 ], [ 556637.023999999975786, 3034970.03400000045076 ], [ 556637.023999999975786, 3034970.334000000264496 ], [ 556636.973999999929219, 3034970.384 ], [ 556636.973999999929219, 3034970.484000000171363 ], [ 556636.824000000022352, 3034970.684000000357628 ], [ 556636.674, 3034970.984000000171363 ], [ 556636.623999999952503, 3034971.234000000171363 ], [ 556636.424, 3034971.584000000264496 ], [ 556635.998999999952503, 3034972.059000000357628 ], [ 556635.898999999975786, 3034972.059000000357628 ], [ 556635.848999999929219, 3034972.109000000171363 ], [ 556635.648999999975786, 3034972.059000000357628 ], [ 556635.398999999975786, 3034971.859000000171363 ], [ 556635.248999999952503, 3034971.859000000171363 ], [ 556635.199000000022352, 3034971.809000000357628 ], [ 556634.623999999952503, 3034971.78400000045076 ], [ 556634.623999999952503, 3034971.584000000264496 ], [ 556634.824000000022352, 3034971.334000000264496 ], [ 556634.824000000022352, 3034971.234000000171363 ], [ 556634.873999999952503, 3034971.184000000357628 ], [ 556634.873999999952503, 3034970.984000000171363 ], [ 556634.773999999975786, 3034970.78400000045076 ], [ 556634.674, 3034970.684000000357628 ], [ 556634.623999999952503, 3034970.53400000045076 ], [ 556634.523999999975786, 3034970.434000000357628 ], [ 556634.523999999975786, 3034970.384 ], [ 556634.023999999975786, 3034969.834000000264496 ], [ 556633.873999999952503, 3034969.53400000045076 ], [ 556633.873999999952503, 3034968.934000000357628 ], [ 556633.973999999929219, 3034968.734000000171363 ], [ 556634.174, 3034968.484000000171363 ], [ 556634.174, 3034968.434000000357628 ], [ 556634.273999999975786, 3034968.334000000264496 ], [ 556634.273999999975786, 3034968.234000000171363 ], [ 556634.324000000022352, 3034968.184000000357628 ], [ 556634.324000000022352, 3034967.934000000357628 ], [ 556634.373999999952503, 3034967.884 ], [ 556634.373999999952503, 3034967.134 ], [ 556634.424, 3034967.084000000264496 ], [ 556634.424, 3034966.984000000171363 ], [ 556634.523999999975786, 3034966.78400000045076 ], [ 556634.799, 3034966.509 ], [ 556634.998999999952503, 3034966.459000000264496 ], [ 556635.049, 3034966.40900000045076 ], [ 556635.348999999929219, 3034966.40900000045076 ] ] ] } },
{ "type": "Feature", "properties": { "unit_id": "c00013", "method": "watershed", "label": 13, "area_m2": 12.927500000345171, "height_max_m": 2.1927502155303955, "height_mean_m": 1.3645841217164185, "canopy_cover": 1.0, "volume_m3": 17.664541455666285, "n_pixels": 5178, "data_coverage": 1.0, "vari_mean": 0.33436182421345839, "exg_mean": 0.39266220422458209, "gli_mean": 0.26175538477215543, "height_max_m_pct": 96.296296296296291, "height_mean_m_pct": 91.666666666666657, "volume_m3_pct": 95.370370370370367, "canopy_cover_pct": 83.487654320987659, "vari_mean_pct": 82.407407407407405, "exg_mean_pct": 74.074074074074076, "gli_mean_pct": 73.76543209876543 }, "geometry": { "type": "Polygon", "coordinates": [ [ [ 556621.348999999929219, 3034948.359000000171363 ], [ 556622.023999999975786, 3034949.134 ], [ 556622.073999999905936, 3034949.334000000264496 ], [ 556622.123999999952503, 3034949.384 ], [ 556622.123999999952503, 3034949.484000000171363 ], [ 556622.174, 3034949.53400000045076 ], [ 556622.223999999929219, 3034949.934000000357628 ], [ 556622.174, 3034949.984000000171363 ], [ 556622.174, 3034950.084000000264496 ], [ 556622.073999999905936, 3034950.28400000045076 ], [ 556621.998999999952503, 3034950.359000000171363 ], [ 556621.748999999952503, 3034950.459000000264496 ], [ 556621.523999999975786, 3034950.684000000357628 ], [ 556621.424, 3034950.884 ], [ 556621.424, 3034951.03400000045076 ], [ 556621.623999999952503, 3034951.28400000045076 ], [ 556621.723999999929219, 3034951.484000000171363 ], [ 556621.723999999929219, 3034951.584000000264496 ], [ 556621.773999999975786, 3034951.634 ], [ 556621.773999999975786, 3034951.78400000045076 ], [ 556621.823999999905936, 3034951.834000000264496 ], [ 556621.823999999905936, 3034952.03400000045076 ], [ 556621.773999999975786, 3034952.084000000264496 ], [ 556621.773999999975786, 3034952.184000000357628 ], [ 556621.723999999929219, 3034952.28400000045076 ], [ 556621.398999999975786, 3034952.609000000171363 ], [ 556621.348999999929219, 3034952.609000000171363 ], [ 556620.924, 3034953.03400000045076 ], [ 556620.924, 3034953.084000000264496 ], [ 556620.773999999975786, 3034953.28400000045076 ], [ 556620.648999999975786, 3034953.309000000357628 ], [ 556620.348999999929219, 3034953.109000000171363 ], [ 556620.049, 3034953.059000000357628 ], [ 556619.998999999952503, 3034953.009 ], [ 556619.598999999929219, 3034952.90900000045076 ], [ 556619.424, 3034952.78400000045076 ], [ 556619.073999999905936, 3034952.434000000357628 ], [ 556619.073999999905936, 3034952.384 ], [ 556618.973999999929219, 3034952.28400000045076 ], [ 556618.924, 3034952.084000000264496 ], [ 556618.873999999952503, 3034952.03400000045076 ], [ 556618.873999999952503, 3034951.684000000357628 ], [ 556618.924, 3034951.634 ], [ 556618.924, 3034951.53400000045076 ], [ 556619.023999999975786, 3034951.334000000264496 ], [ 556619.073999999905936, 3034951.03400000045076 ], [ 556619.023999999975786, 3034950.984000000171363 ], [ 556619.023999999975786, 3034950.834000000264496 ], [ 556618.924, 3034950.634 ], [ 556618.823999999905936, 3034950.53400000045076 ], [ 556618.723999999929219, 3034950.28400000045076 ], [ 556618.623999999952503, 3034950.184000000357628 ], [ 556618.573999999905936, 3034949.934000000357628 ], [ 556618.523999999975786, 3034949.884 ], [ 556618.523999999975786, 3034949.634 ], [ 556618.573999999905936, 3034949.584000000264496 ], [ 556618.623999999952503, 3034949.28400000045076 ], [ 556618.723999999929219, 3034949.134 ], [ 556618.723999999929219, 3034949.03400000045076 ], [ 556618.823999999905936, 3034948.884 ], [ 556618.848999999929219, 3034948.609000000171363 ], [ 556620.398999999975786, 3034948.609000000171363 ], [ 556620.799, 3034948.40900000045076 ], [ 556621.198999999905936, 3034948.40900000045076 ], [ 556621.248999999952503, 3034948.359000000171363 ], [ 556621.348999999929219, 3034948.359000000171363 ] ] ] } },
{ "type": "Feature", "properties": { "unit_id": "c00014", "method": "watershed", "label": 14, "area_m2": 6.834999999550055, "height_max_m": 2.1813583374023438, "height_mean_m": 1.424667372922976, "canopy_cover": 0.9831501831501831, "volume_m3": 9.7233548202253193, "n_pixels": 2730, "data_coverage": 1.0, "vari_mean": 0.27377883937924796, "exg_mean": 0.31653428600744132, "gli_mean": 0.21645902339701803, "height_max_m_pct": 95.679012345679013, "height_mean_m_pct": 95.987654320987659, "volume_m3_pct": 86.728395061728392, "canopy_cover_pct": 12.654320987654321, "vari_mean_pct": 46.604938271604937, "exg_mean_pct": 40.123456790123456, "gli_mean_pct": 41.358024691358025 }, "geometry": { "type": "Polygon", "coordinates": [ [ [ 556619.948999999905936, 3034921.059000000357628 ], [ 556619.998999999952503, 3034921.109000000171363 ], [ 556620.648999999975786, 3034921.109000000171363 ], [ 556620.698999999905936, 3034921.15900000045076 ], [ 556620.799, 3034921.15900000045076 ], [ 556620.823999999905936, 3034921.28400000045076 ], [ 556621.348999999929219, 3034921.809000000357628 ], [ 556621.549, 3034921.90900000045076 ], [ 556621.723999999929219, 3034922.134 ], [ 556621.773999999975786, 3034922.334000000264496 ], [ 556621.823999999905936, 3034922.384 ], [ 556621.823999999905936, 3034922.484000000171363 ], [ 556621.873999999952503, 3034922.53400000045076 ], [ 556621.873999999952503, 3034922.634 ], [ 556621.924, 3034922.684000000357628 ], [ 556621.924, 3034922.78400000045076 ], [ 556621.973999999929219, 3034922.834000000264496 ], [ 556621.973999999929219, 3034923.134 ], [ 556621.773999999975786, 3034923.484000000171363 ], [ 556621.549, 3034923.709000000264496 ], [ 556621.448999999905936, 3034923.709000000264496 ], [ 556621.398999999975786, 3034923.759 ], [ 556620.848999999929219, 3034923.759 ], [ 556620.448999999905936, 3034923.509 ], [ 556620.299, 3034923.509 ], [ 556619.848999999929219, 3034923.759 ], [ 556619.549, 3034923.809000000357628 ], [ 556619.248999999952503, 3034923.65900000045076 ], [ 556618.773999999975786, 3034923.134 ], [ 556618.723999999929219, 3034923.03400000045076 ], [ 556618.723999999929219, 3034922.584000000264496 ], [ 556618.823999999905936, 3034922.434000000357628 ], [ 556618.873999999952503, 3034922.184000000357628 ], [ 556618.924, 3034922.134 ], [ 556618.924, 3034921.934000000357628 ], [ 556618.973999999929219, 3034921.884 ], [ 556618.973999999929219, 3034921.78400000045076 ], [ 556619.023999999975786, 3034921.734000000171363 ], [ 556619.073999999905936, 3034921.53400000045076 ], [ 556619.448999999905936, 3034921.059000000357628 ], [ 556619.948999999905936, 3034921.059000000357628 ] ] ] } },
{ "type": "Feature", "properties": { "unit_id": "c00015", "method": "watershed", "label": 15, "area_m2": 9.2724999994089021, "height_max_m": 2.2216320037841797, "height_mean_m": 1.3051885863767596, "canopy_cover": 1.0, "volume_m3": 11.978368251504751, "n_pixels": 3671, "data_coverage": 1.0, "vari_mean": 0.2226772755730019, "exg_mean": 0.32427444442221381, "gli_mean": 0.21817860376538009, "height_max_m_pct": 96.604938271604937, "height_mean_m_pct": 81.172839506172849, "volume_m3_pct": 91.666666666666657, "canopy_cover_pct": 83.487654320987659, "vari_mean_pct": 14.19753086419753, "exg_mean_pct": 44.753086419753089, "gli_mean_pct": 43.518518518518519 }, "geometry": { "type": "Polygon", "coordinates": [ [ [ 556612.998999999952503, 3035043.509000000543892 ], [ 556613.023999999975786, 3035043.584000000264496 ], [ 556613.398999999975786, 3035043.959000000264496 ], [ 556613.799, 3035044.109000000171363 ], [ 556614.073999999905936, 3035044.384000000543892 ], [ 556614.073999999905936, 3035044.484000000171363 ], [ 556614.123999999952503, 3035044.53400000045076 ], [ 556614.123999999952503, 3035044.984000000171363 ], [ 556614.073999999905936, 3035045.03400000045076 ], [ 556614.073999999905936, 3035045.434000000357628 ], [ 556614.023999999975786, 3035045.484000000171363 ], [ 556613.973999999929219, 3035045.684000000357628 ], [ 556613.549, 3035046.109000000171363 ], [ 556612.348999999929219, 3035046.109000000171363 ], [ 556611.748999999952503, 3035046.40900000045076 ], [ 556610.549, 3035046.40900000045076 ], [ 556610.473999999929219, 3035046.334000000264496 ], [ 556610.473999999929219, 3035046.234000000171363 ], [ 556610.373999999952503, 3035046.03400000045076 ], [ 556610.123999999952503, 3035045.734000000171363 ], [ 556610.123999999952503, 3035045.634000000543892 ], [ 556610.073999999905936, 3035045.584000000264496 ], [ 556610.073999999905936, 3035045.28400000045076 ], [ 556610.123999999952503, 3035045.234000000171363 ], [ 556610.123999999952503, 3035045.084000000264496 ], [ 556610.223999999929219, 3035044.884000000543892 ], [ 556610.623999999952503, 3035044.384000000543892 ], [ 556610.674, 3035044.184000000357628 ], [ 556610.823999999905936, 3035043.884000000543892 ], [ 556611.248999999952503, 3035043.509000000543892 ], [ 556612.998999999952503, 3035043.509000000543892 ] ] ] } },
{ "type": "Feature", "properties": { "unit_id": "c00016", "method": "watershed", "label": 16, "area_m2": 7.4099999997843415, "height_max_m": 2.1745002269744873, "height_mean_m": 1.4797251030237089, "canopy_cover": 0.98137487301049775, "volume_m3": 10.924070573101751, "n_pixels": 2953, "data_coverage": 1.0, "vari_mean": 0.25567632020149705, "exg_mean": 0.31703785214113928, "gli_mean": 0.21532791517000396, "height_max_m_pct": 95.370370370370367, "height_mean_m_pct": 97.839506172839506, "volume_m3_pct": 88.888888888888886, "canopy_cover_pct": 9.8765432098765427, "vari_mean_pct": 32.407407407407405, "exg_mean_pct": 41.358024691358025, "gli_mean_pct": 39.506172839506171 }, "geometry": { "type": "Polygon", "coordinates": [ [ [ 556636.748999999952503, 3034934.009 ], [ 556636.898999999975786, 3034934.15900000045076 ], [ 556637.199000000022352, 3034934.209000000264496 ], [ 556637.273999999975786, 3034934.334000000264496 ], [ 556637.174, 3034934.78400000045076 ], [ 556637.273999999975786, 3034934.984000000171363 ], [ 556637.473999999929219, 3034935.184000000357628 ], [ 556637.473999999929219, 3034935.78400000045076 ], [ 556637.424, 3034935.884 ], [ 556637.199000000022352, 3034936.109000000171363 ], [ 556637.148999999975786, 3034936.109000000171363 ], [ 556636.848999999929219, 3034936.359000000171363 ], [ 556636.549, 3034936.509 ], [ 556636.449000000022352, 3034936.509 ], [ 556636.199000000022352, 3034936.65900000045076 ], [ 556636.098999999929219, 3034936.65900000045076 ], [ 556636.049, 3034936.709000000264496 ], [ 556635.699000000022352, 3034936.65900000045076 ], [ 556635.498999999952503, 3034936.509 ], [ 556635.398999999975786, 3034936.509 ], [ 556635.348999999929219, 3034936.459000000264496 ], [ 556634.998999999952503, 3034936.459000000264496 ], [ 556634.799, 3034936.359000000171363 ], [ 556634.623999999952503, 3034936.184000000357628 ], [ 556634.623999999952503, 3034936.134 ], [ 556634.223999999929219, 3034935.634 ], [ 556634.223999999929219, 3034935.53400000045076 ], [ 556634.123999999952503, 3034935.384 ], [ 556634.074000000022352, 3034935.134 ], [ 556634.023999999975786, 3034935.084000000264496 ], [ 556634.023999999975786, 3034934.734000000171363 ], [ 556634.373999999952503, 3034934.03400000045076 ], [ 556636.748999999952503, 3034934.009 ] ] ] } },
{ "type": "Feature", "properties": { "unit_id": "c00017", "method": "watershed", "label": 17, "area_m2": 15.59562500016065, "height_max_m": 2.125838041305542, "height_mean_m": 1.2669084170069014, "canopy_cover": 0.99823774431272028, "volume_m3": 19.770105847445578, "n_pixels": 6242, "data_coverage": 1.0, "vari_mean": 0.22765380780900651, "exg_mean": 0.26942693518588118, "gli_mean": 0.18208001083806613, "height_max_m_pct": 94.135802469135797, "height_mean_m_pct": 72.222222222222214, "volume_m3_pct": 96.604938271604937, "canopy_cover_pct": 53.395061728395063, "vari_mean_pct": 15.74074074074074, "exg_mean_pct": 14.19753086419753, "gli_mean_pct": 12.962962962962962 }, "geometry": { "type": "Polygon", "coordinates": [ [ [ 556611.998999999952503, 3034950.65900000045076 ], [ 556612.248999999952503, 3034950.809000000357628 ], [ 556612.799, 3034950.809000000357628 ], [ 556612.823999999905936, 3034950.884 ], [ 556612.998999999952503, 3034951.059000000357628 ], [ 556613.098999999929219, 3034951.109000000171363 ], [ 556613.398999999975786, 3034951.109000000171363 ], [ 556613.448999999905936, 3034951.15900000045076 ], [ 556613.549, 3034951.15900000045076 ], [ 556613.748999999952503, 3034951.309000000357628 ], [ 556613.799, 3034951.309000000357628 ], [ 556614.073999999905936, 3034951.584000000264496 ], [ 556614.123999999952503, 3034951.684000000357628 ], [ 556614.123999999952503, 3034951.984000000171363 ], [ 556614.023999999975786, 3034952.184000000357628 ], [ 556613.799, 3034952.40900000045076 ], [ 556613.598999999929219, 3034952.509 ], [ 556613.498999999952503, 3034952.509 ], [ 556613.448999999905936, 3034952.559000000357628 ], [ 556613.248999999952503, 3034952.559000000357628 ], [ 556613.198999999905936, 3034952.509 ], [ 556612.748999999952503, 3034952.509 ], [ 556612.674, 3034952.634 ], [ 556612.674, 3034952.734000000171363 ], [ 556612.848999999929219, 3034952.90900000045076 ], [ 556613.049, 3034953.009 ], [ 556613.148999999975786, 3034953.009 ], [ 556613.299, 3034953.109000000171363 ], [ 556613.398999999975786, 3034953.109000000171363 ], [ 556613.549, 3034953.209000000264496 ], [ 556613.648999999975786, 3034953.209000000264496 ], [ 556613.799, 3034953.309000000357628 ], [ 556613.998999999952503, 3034953.359000000171363 ], [ 556614.273999999975786, 3034953.634 ], [ 556614.473999999929219, 3034954.134 ], [ 556614.598999999929219, 3034954.309000000357628 ], [ 556614.648999999975786, 3034954.309000000357628 ], [ 556614.723999999929219, 3034954.384 ], [ 556614.823999999905936, 3034954.584000000264496 ], [ 556614.773999999975786, 3034954.634 ], [ 556614.723999999929219, 3034954.834000000264496 ], [ 556614.473999999929219, 3034955.134 ], [ 556614.473999999929219, 3034955.184000000357628 ], [ 556614.049, 3034955.609000000171363 ], [ 556613.848999999929219, 3034955.709000000264496 ], [ 556613.748999999952503, 3034955.709000000264496 ], [ 556613.473999999929219, 3034955.884 ], [ 556613.473999999929219, 3034956.134 ], [ 556613.623999999952503, 3034956.334000000264496 ], [ 556613.598999999929219, 3034956.40900000045076 ], [ 556612.698999999905936, 3034956.40900000045076 ], [ 556612.648999999975786, 3034956.459000000264496 ], [ 556611.098999999929219, 3034956.459000000264496 ], [ 556611.073999999905936, 3034956.03400000045076 ], [ 556611.023999999975786, 3034955.984000000171363 ], [ 556611.023999999975786, 3034955.884 ], [ 556610.674, 3034955.434000000357628 ], [ 556610.623999999952503, 3034955.234000000171363 ], [ 556610.573999999905936, 3034955.184000000357628 ], [ 556610.573999999905936, 3034954.584000000264496 ], [ 556610.623999999952503, 3034954.53400000045076 ], [ 556610.723999999929219, 3034954.134 ], [ 556610.873999999952503, 3034953.934000000357628 ], [ 556610.873999999952503, 3034953.884 ], [ 556611.373999999952503, 3034953.384 ], [ 556611.523999999975786, 3034953.084000000264496 ], [ 556611.523999999975786, 3034952.984000000171363 ], [ 556611.573999999905936, 3034952.934000000357628 ], [ 556611.573999999905936, 3034952.334000000264496 ], [ 556611.523999999975786, 3034952.28400000045076 ], [ 556611.523999999975786, 3034951.934000000357628 ], [ 556611.473999999929219, 3034951.884 ], [ 556611.473999999929219, 3034951.734000000171363 ], [ 556611.523999999975786, 3034951.684000000357628 ], [ 556611.523999999975786, 3034951.484000000171363 ], [ 556611.573999999905936, 3034951.434000000357628 ], [ 556611.573999999905936, 3034951.28400000045076 ], [ 556611.623999999952503, 3034951.234000000171363 ], [ 556611.623999999952503, 3034950.934000000357628 ], [ 556611.573999999905936, 3034950.884 ], [ 556611.573999999905936, 3034950.734000000171363 ], [ 556611.523999999975786, 3034950.684000000357628 ], [ 556611.998999999952503, 3034950.65900000045076 ] ] ] } },
{ "type": "Feature", "properties": { "unit_id": "c00018", "method": "watershed", "label": 18, "area_m2": 12.243125000003205, "height_max_m": 2.1333804130554199, "height_mean_m": 1.3348616873148731, "canopy_cover": 0.99836031973765116, "volume_m3": 16.281975431066716, "n_pixels": 4879, "data_coverage": 1.0, "vari_mean": 0.2884087173769383, "exg_mean": 0.335149125940434, "gli_mean": 0.22850377097102237, "height_max_m_pct": 94.753086419753089, "height_mean_m_pct": 86.728395061728392, "volume_m3_pct": 93.827160493827151, "canopy_cover_pct": 54.629629629629626, "vari_mean_pct": 57.098765432098766, "exg_mean_pct": 51.543209876543209, "gli_mean_pct": 52.160493827160494 }, "geometry": { "type": "Polygon", "coordinates": [ [ [ 556620.098999999929219, 3034928.709000000264496 ], [ 556620.148999999975786, 3034928.759 ], [ 556620.299, 3034928.759 ], [ 556620.348999999929219, 3034928.809000000357628 ], [ 556620.799, 3034928.809000000357628 ], [ 556620.848999999929219, 3034928.859000000171363 ], [ 556621.198999999905936, 3034928.859000000171363 ], [ 556621.223999999929219, 3034928.984000000171363 ], [ 556621.174, 3034929.084000000264496 ], [ 556621.223999999929219, 3034929.134 ], [ 556621.223999999929219, 3034929.234000000171363 ], [ 556621.448999999905936, 3034929.459000000264496 ], [ 556621.648999999975786, 3034929.559000000357628 ], [ 556621.973999999929219, 3034929.884 ], [ 556621.973999999929219, 3034929.934000000357628 ], [ 556622.223999999929219, 3034930.28400000045076 ], [ 556622.223999999929219, 3034930.53400000045076 ], [ 556622.174, 3034930.634 ], [ 556622.049, 3034930.759 ], [ 556621.648999999975786, 3034930.959000000264496 ], [ 556621.323999999905936, 3034931.28400000045076 ], [ 556621.323999999905936, 3034931.334000000264496 ], [ 556621.223999999929219, 3034931.434000000357628 ], [ 556621.174, 3034931.734000000171363 ], [ 556621.424, 3034932.234000000171363 ], [ 556621.573999999905936, 3034932.434000000357628 ], [ 556621.573999999905936, 3034932.734000000171363 ], [ 556621.373999999952503, 3034932.984000000171363 ], [ 556621.223999999929219, 3034933.28400000045076 ], [ 556621.223999999929219, 3034933.384 ], [ 556621.049, 3034933.709000000264496 ], [ 556619.848999999929219, 3034933.709000000264496 ], [ 556619.823999999905936, 3034933.584000000264496 ], [ 556619.648999999975786, 3034933.40900000045076 ], [ 556619.549, 3034933.40900000045076 ], [ 556619.348999999929219, 3034933.309000000357628 ], [ 556619.123999999952503, 3034933.084000000264496 ], [ 556619.073999999905936, 3034932.884 ], [ 556619.023999999975786, 3034932.834000000264496 ], [ 556619.023999999975786, 3034932.584000000264496 ], [ 556618.973999999929219, 3034932.53400000045076 ], [ 556618.973999999929219, 3034931.584000000264496 ], [ 556618.924, 3034931.53400000045076 ], [ 556618.873999999952503, 3034931.234000000171363 ], [ 556618.623999999952503, 3034930.78400000045076 ], [ 556618.623999999952503, 3034930.634 ], [ 556618.573999999905936, 3034930.584000000264496 ], [ 556618.623999999952503, 3034930.484000000171363 ], [ 556618.623999999952503, 3034930.28400000045076 ], [ 556618.873999999952503, 3034929.78400000045076 ], [ 556619.023999999975786, 3034929.634 ], [ 556619.023999999975786, 3034929.584000000264496 ], [ 556619.898999999975786, 3034928.709000000264496 ], [ 556620.098999999929219, 3034928.709000000264496 ] ] ] } },
{ "type": "Feature", "properties": { "unit_id": "c00019", "method": "watershed", "label": 19, "area_m2": 14.536874999729626, "height_max_m": 2.1240792274475098, "height_mean_m": 1.2332165700606477, "canopy_cover": 0.99776709034695976, "volume_m3": 17.949467177280738, "n_pixels": 5822, "data_coverage": 1.0, "vari_mean": 0.26724113470971811, "exg_mean": 0.3255637077663967, "gli_mean": 0.21762859043643198, "height_max_m_pct": 93.827160493827151, "height_mean_m_pct": 65.432098765432102, "volume_m3_pct": 95.679012345679013, "canopy_cover_pct": 50.617283950617285, "vari_mean_pct": 41.666666666666671, "exg_mean_pct": 45.370370370370374, "gli_mean_pct": 42.901234567901234 }, "geometry": { "type": "Polygon", "coordinates": [ [ [ 556620.398999999975786, 3034914.40900000045076 ], [ 556620.598999999929219, 3034914.559000000357628 ], [ 556620.648999999975786, 3034914.559000000357628 ], [ 556620.848999999929219, 3034914.759 ], [ 556620.898999999975786, 3034914.759 ], [ 556621.073999999905936, 3034914.934000000357628 ], [ 556621.073999999905936, 3034915.03400000045076 ], [ 556621.123999999952503, 3034915.084000000264496 ], [ 556621.123999999952503, 3034915.584000000264496 ], [ 556621.073999999905936, 3034915.634 ], [ 556621.073999999905936, 3034915.734000000171363 ], [ 556620.898999999975786, 3034915.959000000264496 ], [ 556620.748999999952503, 3034916.009 ], [ 556620.623999999952503, 3034916.134 ], [ 556620.623999999952503, 3034916.234000000171363 ], [ 556620.698999999905936, 3034916.309000000357628 ], [ 556620.998999999952503, 3034916.359000000171363 ], [ 556621.049, 3034916.40900000045076 ], [ 556621.198999999905936, 3034916.40900000045076 ], [ 556621.248999999952503, 3034916.459000000264496 ], [ 556621.348999999929219, 3034916.459000000264496 ], [ 556621.549, 3034916.559000000357628 ], [ 556621.873999999952503, 3034916.884 ], [ 556621.973999999929219, 3034917.084000000264496 ], [ 556621.973999999929219, 3034917.484000000171363 ], [ 556622.023999999975786, 3034917.53400000045076 ], [ 556622.023999999975786, 3034917.684000000357628 ], [ 556622.073999999905936, 3034917.734000000171363 ], [ 556622.073999999905936, 3034918.384 ], [ 556621.973999999929219, 3034918.584000000264496 ], [ 556621.973999999929219, 3034918.684000000357628 ], [ 556621.823999999905936, 3034918.884 ], [ 556621.823999999905936, 3034918.934000000357628 ], [ 556621.373999999952503, 3034919.28400000045076 ], [ 556621.273999999975786, 3034919.484000000171363 ], [ 556621.273999999975786, 3034919.734000000171363 ], [ 556621.323999999905936, 3034919.78400000045076 ], [ 556621.373999999952503, 3034920.03400000045076 ], [ 556621.424, 3034920.084000000264496 ], [ 556621.424, 3034920.634 ], [ 556621.373999999952503, 3034920.684000000357628 ], [ 556621.373999999952503, 3034920.834000000264496 ], [ 556621.198999999905936, 3034921.009 ], [ 556620.998999999952503, 3034921.109000000171363 ], [ 556620.898999999975786, 3034921.109000000171363 ], [ 556620.848999999929219, 3034921.15900000045076 ], [ 556620.698999999905936, 3034921.15900000045076 ], [ 556620.648999999975786, 3034921.109000000171363 ], [ 556619.998999999952503, 3034921.109000000171363 ], [ 556619.948999999905936, 3034921.059000000357628 ], [ 556619.424, 3034921.03400000045076 ], [ 556619.473999999929219, 3034920.984000000171363 ], [ 556619.473999999929219, 3034920.834000000264496 ], [ 556619.523999999975786, 3034920.78400000045076 ], [ 556619.523999999975786, 3034920.184000000357628 ], [ 556619.573999999905936, 3034920.134 ], [ 556619.573999999905936, 3034919.884 ], [ 556619.773999999975786, 3034919.484000000171363 ], [ 556619.773999999975786, 3034919.234000000171363 ], [ 556619.698999999905936, 3034919.109000000171363 ], [ 556619.498999999952503, 3034918.959000000264496 ], [ 556619.398999999975786, 3034918.959000000264496 ], [ 556619.248999999952503, 3034918.859000000171363 ], [ 556619.148999999975786, 3034918.859000000171363 ], [ 556619.023999999975786, 3034918.734000000171363 ], [ 556618.773999999975786, 3034918.484000000171363 ], [ 556618.523999999975786, 3034917.984000000171363 ], [ 556618.523999999975786, 3034917.53400000045076 ], [ 556618.573999999905936, 3034917.484000000171363 ], [ 556618.573999999905936, 3034917.384 ], [ 556618.723999999929219, 3034917.084000000264496 ], [ 556618.973999999929219, 3034916.78400000045076 ], [ 556618.973999999929219, 3034916.734000000171363 ], [ 556619.424, 3034916.28400000045076 ], [ 556619.473999999929219, 3034916.184000000357628 ], [ 556619.473999999929219, 3034915.28400000045076 ], [ 556619.523999999975786, 3034915.234000000171363 ], [ 556619.523999999975786, 3034915.084000000264496 ], [ 556619.573999999905936, 3034915.03400000045076 ], [ 556619.623999999952503, 3034914.834000000264496 ], [ 556619.823999999905936, 3034914.584000000264496 ], [ 556619.998999999952503, 3034914.459000000264496 ], [ 556620.098999999929219, 3034914.40900000045076 ], [ 556620.398999999975786, 3034914.40900000045076 ] ] ] } },
{ "type": "Feature", "properties": { "unit_id": "c00020", "method": "watershed", "label": 20, "area_m2": 14.668125000243309, "height_max_m": 2.1361329555511475, "height_mean_m": 1.3677971802542614, "canopy_cover": 0.99965893587994548, "volume_m3": 20.051906662581107, "n_pixels": 5864, "data_coverage": 1.0, "vari_mean": 0.30569411515632827, "exg_mean": 0.39747828408060387, "gli_mean": 0.26672704468056707, "height_max_m_pct": 95.061728395061735, "height_mean_m_pct": 92.283950617283949, "volume_m3_pct": 96.913580246913583, "canopy_cover_pct": 65.432098765432102, "vari_mean_pct": 69.753086419753089, "exg_mean_pct": 74.691358024691354, "gli_mean_pct": 75.308641975308646 }, "geometry": { "type": "Polygon", "coordinates": [ [ [ 556620.098999999929219, 3035016.90900000045076 ], [ 556620.148999999975786, 3035016.959000000264496 ], [ 556620.299, 3035016.959000000264496 ], [ 556620.448999999905936, 3035017.059000000357628 ], [ 556620.549, 3035017.059000000357628 ], [ 556620.948999999905936, 3035017.259 ], [ 556621.273999999975786, 3035017.584000000264496 ], [ 556621.273999999975786, 3035017.684000000357628 ], [ 556621.373999999952503, 3035017.884 ], [ 556621.373999999952503, 3035018.134000000543892 ], [ 556621.424, 3035018.184000000357628 ], [ 556621.424, 3035018.334000000264496 ], [ 556621.473999999929219, 3035018.384000000543892 ], [ 556621.473999999929219, 3035018.734000000171363 ], [ 556621.273999999975786, 3035019.134000000543892 ], [ 556621.273999999975786, 3035019.234000000171363 ], [ 556621.174, 3035019.384000000543892 ], [ 556621.174, 3035019.584000000264496 ], [ 556621.123999999952503, 3035019.634000000543892 ], [ 556621.174, 3035019.734000000171363 ], [ 556621.223999999929219, 3035020.134000000543892 ], [ 556621.323999999905936, 3035020.334000000264496 ], [ 556621.323999999905936, 3035020.584000000264496 ], [ 556621.373999999952503, 3035020.634000000543892 ], [ 556621.373999999952503, 3035021.434000000357628 ], [ 556621.323999999905936, 3035021.53400000045076 ], [ 556620.898999999975786, 3035021.959000000264496 ], [ 556620.198999999905936, 3035021.959000000264496 ], [ 556620.148999999975786, 3035021.90900000045076 ], [ 556619.549, 3035021.859000000171363 ], [ 556619.498999999952503, 3035021.90900000045076 ], [ 556618.898999999975786, 3035021.90900000045076 ], [ 556618.698999999905936, 3035022.059000000357628 ], [ 556618.424, 3035021.834000000264496 ], [ 556618.223999999929219, 3035021.584000000264496 ], [ 556618.174, 3035021.434000000357628 ], [ 556618.023999999975786, 3035021.234000000171363 ], [ 556617.973999999929219, 3035020.934000000357628 ], [ 556617.924, 3035020.884000000543892 ], [ 556617.924, 3035020.28400000045076 ], [ 556617.973999999929219, 3035020.234000000171363 ], [ 556617.973999999929219, 3035020.084000000264496 ], [ 556618.123999999952503, 3035019.78400000045076 ], [ 556618.123999999952503, 3035019.684000000357628 ], [ 556618.424, 3035019.084000000264496 ], [ 556618.424, 3035018.28400000045076 ], [ 556618.373999999952503, 3035018.234000000171363 ], [ 556618.373999999952503, 3035017.884 ], [ 556618.523999999975786, 3035017.584000000264496 ], [ 556618.848999999929219, 3035017.259 ], [ 556619.148999999975786, 3035017.109000000171363 ], [ 556619.248999999952503, 3035017.109000000171363 ], [ 556619.448999999905936, 3035017.009 ], [ 556619.598999999929219, 3035017.009 ], [ 556619.799, 3035016.90900000045076 ], [ 556620.098999999929219, 3035016.90900000045076 ] ] ] } },
{ "type": "Feature", "properties": { "unit_id": "c00021", "method": "watershed", "label": 21, "area_m2": 15.939999999888244, "height_max_m": 2.0965774059295654, "height_mean_m": 1.2744988186686768, "canopy_cover": 0.99827775168310628, "volume_m3": 20.350559887146527, "n_pixels": 6387, "data_coverage": 1.0, "vari_mean": 0.28083454912454564, "exg_mean": 0.34102761963686334, "gli_mean": 0.2298712807310663, "height_max_m_pct": 91.975308641975303, "height_mean_m_pct": 74.691358024691354, "volume_m3_pct": 97.222222222222214, "canopy_cover_pct": 53.703703703703709, "vari_mean_pct": 53.086419753086425, "exg_mean_pct": 55.864197530864203, "gli_mean_pct": 54.012345679012341 }, "geometry": { "type": "Polygon", "coordinates": [ [ [ 556612.148999999975786, 3034991.959000000264496 ], [ 556612.198999999905936, 3034992.009 ], [ 556612.398999999975786, 3034992.009 ], [ 556612.448999999905936, 3034992.059000000357628 ], [ 556612.998999999952503, 3034992.059000000357628 ], [ 556613.023999999975786, 3034992.234000000171363 ], [ 556613.148999999975786, 3034992.359000000171363 ], [ 556613.248999999952503, 3034992.40900000045076 ], [ 556613.398999999975786, 3034992.40900000045076 ], [ 556613.448999999905936, 3034992.459000000264496 ], [ 556613.698999999905936, 3034992.459000000264496 ], [ 556613.748999999952503, 3034992.509 ], [ 556613.948999999905936, 3034992.559000000357628 ], [ 556614.424, 3034993.03400000045076 ], [ 556614.424, 3034993.084000000264496 ], [ 556614.573999999905936, 3034993.234000000171363 ], [ 556614.573999999905936, 3034993.28400000045076 ], [ 556614.723999999929219, 3034993.484000000171363 ], [ 556614.723999999929219, 3034993.78400000045076 ], [ 556614.623999999952503, 3034993.984000000171363 ], [ 556614.523999999975786, 3034994.084000000264496 ], [ 556614.424, 3034994.334000000264496 ], [ 556614.248999999952503, 3034994.559000000357628 ], [ 556613.924, 3034994.834000000264496 ], [ 556613.924, 3034994.884 ], [ 556613.723999999929219, 3034995.134 ], [ 556613.773999999975786, 3034995.434000000357628 ], [ 556613.873999999952503, 3034995.53400000045076 ], [ 556614.023999999975786, 3034995.834000000264496 ], [ 556614.023999999975786, 3034996.134 ], [ 556613.973999999929219, 3034996.234000000171363 ], [ 556613.698999999905936, 3034996.509 ], [ 556613.648999999975786, 3034996.509 ], [ 556613.448999999905936, 3034996.709000000264496 ], [ 556613.398999999975786, 3034996.709000000264496 ], [ 556613.098999999929219, 3034997.059000000357628 ], [ 556612.898999999975786, 3034997.15900000045076 ], [ 556612.799, 3034997.15900000045076 ], [ 556612.748999999952503, 3034997.209000000264496 ], [ 556612.648999999975786, 3034997.209000000264496 ], [ 556612.598999999929219, 3034997.259 ], [ 556612.398999999975786, 3034997.259 ], [ 556612.348999999929219, 3034997.309000000357628 ], [ 556611.998999999952503, 3034997.309000000357628 ], [ 556611.799, 3034997.209000000264496 ], [ 556611.698999999905936, 3034997.209000000264496 ], [ 556611.248999999952503, 3034996.959000000264496 ], [ 556611.098999999929219, 3034996.809000000357628 ], [ 556611.049, 3034996.809000000357628 ], [ 556610.924, 3034996.634 ], [ 556610.823999999905936, 3034996.434000000357628 ], [ 556610.773999999975786, 3034996.184000000357628 ], [ 556610.723999999929219, 3034996.134 ], [ 556610.723999999929219, 3034994.834000000264496 ], [ 556610.773999999975786, 3034994.78400000045076 ], [ 556610.773999999975786, 3034994.584000000264496 ], [ 556610.823999999905936, 3034994.53400000045076 ], [ 556610.823999999905936, 3034994.084000000264496 ], [ 556610.773999999975786, 3034994.03400000045076 ], [ 556610.773999999975786, 3034993.834000000264496 ], [ 556610.723999999929219, 3034993.78400000045076 ], [ 556610.723999999929219, 3034993.484000000171363 ], [ 556610.773999999975786, 3034993.434000000357628 ], [ 556610.773999999975786, 3034993.28400000045076 ], [ 556610.973999999929219, 3034992.934000000357628 ], [ 556611.073999999905936, 3034992.834000000264496 ], [ 556611.073999999905936, 3034992.78400000045076 ], [ 556611.174, 3034992.684000000357628 ], [ 556611.174, 3034992.634 ], [ 556611.273999999975786, 3034992.53400000045076 ], [ 556611.273999999975786, 3034992.484000000171363 ], [ 556611.373999999952503, 3034992.384 ], [ 556611.424, 3034992.28400000045076 ], [ 556611.448999999905936, 3034991.959000000264496 ], [ 556612.148999999975786, 3034991.959000000264496 ] ] ] } },
{ "type": "Feature", "properties": { "unit_id": "c00022", "method": "watershed", "label": 22, "area_m2": 15.736249999869614, "height_max_m": 2.0686936378479004, "height_mean_m": 1.3471878075677544, "canopy_cover": 0.99795982423101071, "volume_m3": 21.460701774611731, "n_pixels": 6372, "data_coverage": 1.0, "vari_mean": 0.083675162742134712, "exg_mean": -0.0081447258826664991, "gli_mean": -0.00678343212967679, "height_max_m_pct": 90.432098765432102, "height_mean_m_pct": 88.580246913580254, "volume_m3_pct": 97.839506172839506, "canopy_cover_pct": 51.851851851851848, "vari_mean_pct": 2.7777777777777777, "exg_mean_pct": 0.30864197530864196, "gli_mean_pct": 0.30864197530864196 }, "geometry": { "type": "Polygon", "coordinates": [ [ [ 556618.648999999975786, 3035053.009000000543892 ], [ 556618.698999999905936, 3035053.059000000357628 ], [ 556618.898999999975786, 3035053.059000000357628 ], [ 556618.948999999905936, 3035053.109000000171363 ], [ 556619.348999999929219, 3035053.109000000171363 ], [ 556619.398999999975786, 3035053.15900000045076 ], [ 556619.799, 3035053.15900000045076 ], [ 556619.848999999929219, 3035053.209000000264496 ], [ 556621.198999999905936, 3035053.209000000264496 ], [ 556621.498999999952503, 3035053.059000000357628 ], [ 556621.748999999952503, 3035053.059000000357628 ], [ 556621.998999999952503, 3035053.209000000264496 ], [ 556622.148999999975786, 3035053.209000000264496 ], [ 556622.198999999905936, 3035053.259000000543892 ], [ 556622.748999999952503, 3035053.259000000543892 ], [ 556622.799, 3035053.309000000357628 ], [ 556622.998999999952503, 3035053.309000000357628 ], [ 556623.323999999905936, 3035053.53400000045076 ], [ 556623.473999999929219, 3035053.834000000264496 ], [ 556623.473999999929219, 3035054.734000000171363 ], [ 556623.424, 3035054.78400000045076 ], [ 556623.424, 3035054.984000000171363 ], [ 556623.248999999952503, 3035055.259000000543892 ], [ 556623.198999999905936, 3035055.259000000543892 ], [ 556623.049, 3035055.40900000045076 ], [ 556622.848999999929219, 3035055.459000000264496 ], [ 556622.799, 3035055.509000000543892 ], [ 556622.549, 3035055.509000000543892 ], [ 556622.498999999952503, 3035055.559000000357628 ], [ 556622.049, 3035055.559000000357628 ], [ 556621.998999999952503, 3035055.609000000171363 ], [ 556621.848999999929219, 3035055.609000000171363 ], [ 556621.799, 3035055.65900000045076 ], [ 556621.448999999905936, 3035055.65900000045076 ], [ 556621.398999999975786, 3035055.709000000264496 ], [ 556621.098999999929219, 3035055.709000000264496 ], [ 556621.049, 3035055.759000000543892 ], [ 556620.549, 3035055.759000000543892 ], [ 556620.498999999952503, 3035055.709000000264496 ], [ 556620.248999999952503, 3035055.65900000045076 ], [ 556620.198999999905936, 3035055.609000000171363 ], [ 556619.998999999952503, 3035055.609000000171363 ], [ 556619.948999999905936, 3035055.559000000357628 ], [ 556619.398999999975786, 3035055.559000000357628 ], [ 556619.348999999929219, 3035055.509000000543892 ], [ 556618.998999999952503, 3035055.509000000543892 ], [ 556618.948999999905936, 3035055.459000000264496 ], [ 556618.148999999975786, 3035055.459000000264496 ], [ 556618.098999999929219, 3035055.509000000543892 ], [ 556617.998999999952503, 3035055.509000000543892 ], [ 556617.948999999905936, 3035055.459000000264496 ], [ 556617.498999999952503, 3035055.459000000264496 ], [ 556617.448999999905936, 3035055.40900000045076 ], [ 556617.248999999952503, 3035055.40900000045076 ], [ 556617.049, 3035055.309000000357628 ], [ 556616.773999999975786, 3035054.984000000171363 ], [ 556616.623999999952503, 3035054.684000000357628 ], [ 556616.623999999952503, 3035054.584000000264496 ], [ 556616.573999999905936, 3035054.53400000045076 ], [ 556616.623999999952503, 3035054.134000000543892 ], [ 556616.973999999929219, 3035053.434000000357628 ], [ 556617.123999999952503, 3035053.28400000045076 ], [ 556617.148999999975786, 3035053.209000000264496 ], [ 556617.549, 3035053.009000000543892 ], [ 556618.648999999975786, 3035053.009000000543892 ] ] ] } },
{ "type": "Feature", "properties": { "unit_id": "c00023", "method": "watershed", "label": 23, "area_m2": 5.5518749999729335, "height_max_m": 2.1050939559936523, "height_mean_m": 1.3244946674826774, "canopy_cover": 0.99505617977528094, "volume_m3": 7.3675015878921002, "n_pixels": 2225, "data_coverage": 1.0, "vari_mean": 0.22110351837935832, "exg_mean": 0.27189342433714625, "gli_mean": 0.18733842040854709, "height_max_m_pct": 92.283950617283949, "height_mean_m_pct": 84.876543209876544, "volume_m3_pct": 78.395061728395063, "canopy_cover_pct": 37.654320987654323, "vari_mean_pct": 13.271604938271606, "exg_mean_pct": 14.506172839506174, "gli_mean_pct": 14.814814814814813 }, "geometry": { "type": "Polygon", "coordinates": [ [ [ 556635.449000000022352, 3035027.009000000543892 ], [ 556635.748999999952503, 3035027.15900000045076 ], [ 556635.848999999929219, 3035027.15900000045076 ], [ 556635.998999999952503, 3035027.259000000543892 ], [ 556636.098999999929219, 3035027.259000000543892 ], [ 556636.148999999975786, 3035027.309000000357628 ], [ 556636.348999999929219, 3035027.359000000171363 ], [ 556636.473999999929219, 3035027.484000000171363 ], [ 556636.473999999929219, 3035027.584000000264496 ], [ 556636.574000000022352, 3035027.78400000045076 ], [ 556636.574000000022352, 3035027.934000000357628 ], [ 556636.623999999952503, 3035027.984000000171363 ], [ 556636.623999999952503, 3035028.28400000045076 ], [ 556636.574000000022352, 3035028.334000000264496 ], [ 556636.574000000022352, 3035028.434000000357628 ], [ 556636.273999999975786, 3035028.834000000264496 ], [ 556636.174, 3035029.03400000045076 ], [ 556636.174, 3035029.134000000543892 ], [ 556636.123999999952503, 3035029.184000000357628 ], [ 556636.123999999952503, 3035029.53400000045076 ], [ 556636.174, 3035029.584000000264496 ], [ 556636.223999999929219, 3035029.984000000171363 ], [ 556636.273999999975786, 3035030.03400000045076 ], [ 556636.223999999929219, 3035030.334000000264496 ], [ 556635.949000000022352, 3035030.65900000045076 ], [ 556635.748999999952503, 3035030.759000000543892 ], [ 556635.498999999952503, 3035030.759000000543892 ], [ 556635.398999999975786, 3035030.709000000264496 ], [ 556634.973999999929219, 3035030.28400000045076 ], [ 556634.973999999929219, 3035030.184000000357628 ], [ 556634.924, 3035030.134000000543892 ], [ 556634.973999999929219, 3035030.084000000264496 ], [ 556634.973999999929219, 3035029.984000000171363 ], [ 556635.174, 3035029.734000000171363 ], [ 556635.174, 3035029.634000000543892 ], [ 556635.223999999929219, 3035029.584000000264496 ], [ 556635.223999999929219, 3035029.384000000543892 ], [ 556635.174, 3035029.334000000264496 ], [ 556635.174, 3035029.234000000171363 ], [ 556635.123999999952503, 3035029.134000000543892 ], [ 556634.848999999929219, 3035028.859000000171363 ], [ 556634.648999999975786, 3035028.759000000543892 ], [ 556634.324000000022352, 3035028.434000000357628 ], [ 556634.174, 3035028.134000000543892 ], [ 556634.174, 3035027.934000000357628 ], [ 556634.223999999929219, 3035027.884000000543892 ], [ 556634.223999999929219, 3035027.78400000045076 ], [ 556634.324000000022352, 3035027.684000000357628 ], [ 556634.324000000022352, 3035027.634000000543892 ], [ 556634.648999999975786, 3035027.309000000357628 ], [ 556634.699000000022352, 3035027.309000000357628 ], [ 556634.848999999929219, 3035027.15900000045076 ], [ 556635.148999999975786, 3035027.009000000543892 ], [ 556635.449000000022352, 3035027.009000000543892 ] ] ] } },
{ "type": "Feature", "properties": { "unit_id": "c00024", "method": "watershed", "label": 24, "area_m2": 8.0931250001283477, "height_max_m": 2.0887506008148193, "height_mean_m": 1.3597039976879703, "canopy_cover": 0.99539170506912444, "volume_m3": 11.064591281215453, "n_pixels": 3255, "data_coverage": 1.0, "vari_mean": 0.26279457058300709, "exg_mean": 0.33163522332683432, "gli_mean": 0.2238245016613295, "height_max_m_pct": 91.049382716049394, "height_mean_m_pct": 90.740740740740748, "volume_m3_pct": 89.81481481481481, "canopy_cover_pct": 39.814814814814817, "vari_mean_pct": 38.271604938271601, "exg_mean_pct": 50.0, "gli_mean_pct": 48.148148148148145 }, "geometry": { "type": "Polygon", "coordinates": [ [ [ 556635.699000000022352, 3035021.709000000264496 ], [ 556635.748999999952503, 3035021.759000000543892 ], [ 556635.848999999929219, 3035021.759000000543892 ], [ 556635.973999999929219, 3035021.884000000543892 ], [ 556636.023999999975786, 3035022.084000000264496 ], [ 556636.074000000022352, 3035022.134000000543892 ], [ 556636.074000000022352, 3035022.234000000171363 ], [ 556636.723999999929219, 3035022.984000000171363 ], [ 556636.773999999975786, 3035023.084000000264496 ], [ 556636.773999999975786, 3035023.234000000171363 ], [ 556636.824000000022352, 3035023.28400000045076 ], [ 556636.773999999975786, 3035023.334000000264496 ], [ 556636.773999999975786, 3035023.53400000045076 ], [ 556636.723999999929219, 3035023.584000000264496 ], [ 556636.723999999929219, 3035023.684000000357628 ], [ 556636.623999999952503, 3035023.884000000543892 ], [ 556635.898999999975786, 3035024.559000000357628 ], [ 556635.824000000022352, 3035024.684000000357628 ], [ 556635.824000000022352, 3035025.03400000045076 ], [ 556635.873999999952503, 3035025.134000000543892 ], [ 556635.674, 3035025.53400000045076 ], [ 556635.674, 3035025.684000000357628 ], [ 556635.623999999952503, 3035025.734000000171363 ], [ 556635.574000000022352, 3035025.934000000357628 ], [ 556635.348999999929219, 3035026.109000000171363 ], [ 556635.248999999952503, 3035026.109000000171363 ], [ 556635.199000000022352, 3035026.15900000045076 ], [ 556634.949000000022352, 3035026.15900000045076 ], [ 556634.723999999929219, 3035025.984000000171363 ], [ 556634.623999999952503, 3035025.78400000045076 ], [ 556634.623999999952503, 3035025.684000000357628 ], [ 556634.373999999952503, 3035025.184000000357628 ], [ 556634.373999999952503, 3035024.984000000171363 ], [ 556634.473999999929219, 3035024.78400000045076 ], [ 556634.674, 3035024.584000000264496 ], [ 556634.723999999929219, 3035024.484000000171363 ], [ 556634.723999999929219, 3035024.28400000045076 ], [ 556634.598999999929219, 3035024.109000000171363 ], [ 556634.398999999975786, 3035024.009000000543892 ], [ 556634.123999999952503, 3035023.734000000171363 ], [ 556634.023999999975786, 3035023.53400000045076 ], [ 556634.023999999975786, 3035023.434000000357628 ], [ 556633.924, 3035023.28400000045076 ], [ 556633.924, 3035023.134000000543892 ], [ 556633.873999999952503, 3035023.084000000264496 ], [ 556633.873999999952503, 3035022.78400000045076 ], [ 556633.824000000022352, 3035022.734000000171363 ], [ 556633.824000000022352, 3035022.634000000543892 ], [ 556633.873999999952503, 3035022.584000000264496 ], [ 556633.873999999952503, 3035022.434000000357628 ], [ 556633.924, 3035022.334000000264496 ], [ 556634.199000000022352, 3035022.059000000357628 ], [ 556634.248999999952503, 3035022.059000000357628 ], [ 556634.449000000022352, 3035021.90900000045076 ], [ 556634.549, 3035021.90900000045076 ], [ 556634.748999999952503, 3035021.809000000357628 ], [ 556634.998999999952503, 3035021.809000000357628 ], [ 556635.049, 3035021.759000000543892 ], [ 556635.398999999975786, 3035021.759000000543892 ], [ 556635.449000000022352, 3035021.709000000264496 ], [ 556635.699000000022352, 3035021.709000000264496 ] ] ] } },
{ "type": "Feature", "properties": { "unit_id": "c00025", "method": "watershed", "label": 25, "area_m2": 6.9312500000654831, "height_max_m": 2.0890874862670898, "height_mean_m": 1.1829903149516672, "canopy_cover": 0.99534050179211464, "volume_m3": 8.2513574468099495, "n_pixels": 2790, "data_coverage": 1.0, "vari_mean": 0.27083088389814586, "exg_mean": 0.29688709806798563, "gli_mean": 0.20319660134116693, "height_max_m_pct": 91.358024691358025, "height_mean_m_pct": 53.703703703703709, "volume_m3_pct": 80.864197530864203, "canopy_cover_pct": 39.506172839506171, "vari_mean_pct": 44.135802469135804, "exg_mean_pct": 27.160493827160494, "gli_mean_pct": 27.160493827160494 }, "geometry": { "type": "Polygon", "coordinates": [ [ [ 556635.598999999929219, 3034990.559000000357628 ], [ 556635.799, 3034990.65900000045076 ], [ 556636.023999999975786, 3034990.884 ], [ 556636.174, 3034991.184000000357628 ], [ 556636.174, 3034991.484000000171363 ], [ 556636.074000000022352, 3034991.684000000357628 ], [ 556636.074000000022352, 3034992.234000000171363 ], [ 556636.223999999929219, 3034992.53400000045076 ], [ 556636.373999999952503, 3034992.684000000357628 ], [ 556636.373999999952503, 3034992.734000000171363 ], [ 556636.523999999975786, 3034992.934000000357628 ], [ 556636.574000000022352, 3034993.234000000171363 ], [ 556636.674, 3034993.434000000357628 ], [ 556636.723999999929219, 3034993.934000000357628 ], [ 556636.773999999975786, 3034993.984000000171363 ], [ 556636.773999999975786, 3034994.134 ], [ 556636.824000000022352, 3034994.184000000357628 ], [ 556636.824000000022352, 3034994.484000000171363 ], [ 556636.773999999975786, 3034994.584000000264496 ], [ 556636.549, 3034994.809000000357628 ], [ 556636.348999999929219, 3034994.859000000171363 ], [ 556636.299, 3034994.90900000045076 ], [ 556636.049, 3034994.90900000045076 ], [ 556635.998999999952503, 3034994.859000000171363 ], [ 556635.848999999929219, 3034994.859000000171363 ], [ 556635.098999999929219, 3034994.459000000264496 ], [ 556634.598999999929219, 3034994.40900000045076 ], [ 556634.398999999975786, 3034994.309000000357628 ], [ 556633.973999999929219, 3034993.884 ], [ 556633.924, 3034993.78400000045076 ], [ 556633.924, 3034993.584000000264496 ], [ 556633.973999999929219, 3034993.484000000171363 ], [ 556634.549, 3034992.90900000045076 ], [ 556634.848999999929219, 3034992.759 ], [ 556635.049, 3034992.759 ], [ 556635.098999999929219, 3034992.709000000264496 ], [ 556635.199000000022352, 3034992.709000000264496 ], [ 556635.373999999952503, 3034992.584000000264496 ], [ 556635.424, 3034992.384 ], [ 556635.324000000022352, 3034992.184000000357628 ], [ 556634.973999999929219, 3034991.834000000264496 ], [ 556634.873999999952503, 3034991.634 ], [ 556634.873999999952503, 3034991.484000000171363 ], [ 556634.824000000022352, 3034991.434000000357628 ], [ 556634.824000000022352, 3034990.934000000357628 ], [ 556634.998999999952503, 3034990.709000000264496 ], [ 556635.299, 3034990.559000000357628 ], [ 556635.598999999929219, 3034990.559000000357628 ] ] ] } },
{ "type": "Feature", "properties": { "unit_id": "c00026", "method": "watershed", "label": 26, "area_m2": 13.466875000002325, "height_max_m": 2.0899953842163086, "height_mean_m": 1.2954024501705033, "canopy_cover": 0.99590087572200481, "volume_m3": 17.381062375209218, "n_pixels": 5367, "data_coverage": 1.0, "vari_mean": 0.23107825594284168, "exg_mean": 0.25786585621623959, "gli_mean": 0.17574851191092933, "height_max_m_pct": 91.666666666666657, "height_mean_m_pct": 78.395061728395063, "volume_m3_pct": 95.061728395061735, "canopy_cover_pct": 42.283950617283949, "vari_mean_pct": 17.592592592592592, "exg_mean_pct": 10.802469135802468, "gli_mean_pct": 10.493827160493826 }, "geometry": { "type": "Polygon", "coordinates": [ [ [ 556613.448999999905936, 3034958.209000000264496 ], [ 556613.573999999905936, 3034958.28400000045076 ], [ 556613.924, 3034958.634 ], [ 556613.973999999929219, 3034958.734000000171363 ], [ 556613.973999999929219, 3034958.934000000357628 ], [ 556613.873999999952503, 3034959.084000000264496 ], [ 556613.873999999952503, 3034959.184000000357628 ], [ 556614.023999999975786, 3034959.384 ], [ 556614.023999999975786, 3034959.684000000357628 ], [ 556613.873999999952503, 3034959.984000000171363 ], [ 556613.573999999905936, 3034960.28400000045076 ], [ 556613.523999999975786, 3034960.384 ], [ 556613.523999999975786, 3034960.634 ], [ 556614.174, 3034961.234000000171363 ], [ 556614.373999999952503, 3034961.634 ], [ 556614.373999999952503, 3034961.884 ], [ 556614.323999999905936, 3034961.984000000171363 ], [ 556614.123999999952503, 3034962.184000000357628 ], [ 556614.023999999975786, 3034962.384 ], [ 556613.648999999975786, 3034962.759 ], [ 556613.448999999905936, 3034962.859000000171363 ], [ 556613.299, 3034963.009 ], [ 556613.098999999929219, 3034963.109000000171363 ], [ 556612.998999999952503, 3034963.109000000171363 ], [ 556612.948999999905936, 3034963.15900000045076 ], [ 556612.748999999952503, 3034963.15900000045076 ], [ 556612.698999999905936, 3034963.209000000264496 ], [ 556612.598999999929219, 3034963.209000000264496 ], [ 556612.348999999929219, 3034963.359000000171363 ], [ 556612.049, 3034963.359000000171363 ], [ 556611.823999999905936, 3034963.084000000264496 ], [ 556611.723999999929219, 3034962.684000000357628 ], [ 556611.398999999975786, 3034962.359000000171363 ], [ 556611.348999999929219, 3034962.359000000171363 ], [ 556611.198999999905936, 3034962.209000000264496 ], [ 556611.148999999975786, 3034962.209000000264496 ], [ 556610.873999999952503, 3034961.934000000357628 ], [ 556610.773999999975786, 3034961.734000000171363 ], [ 556610.773999999975786, 3034961.584000000264496 ], [ 556610.723999999929219, 3034961.53400000045076 ], [ 556610.773999999975786, 3034961.234000000171363 ], [ 556610.873999999952503, 3034961.03400000045076 ], [ 556610.973999999929219, 3034960.934000000357628 ], [ 556611.073999999905936, 3034960.734000000171363 ], [ 556611.073999999905936, 3034960.634 ], [ 556611.123999999952503, 3034960.584000000264496 ], [ 556611.123999999952503, 3034959.684000000357628 ], [ 556611.174, 3034959.634 ], [ 556611.174, 3034958.584000000264496 ], [ 556611.123999999952503, 3034958.53400000045076 ], [ 556611.123999999952503, 3034958.28400000045076 ], [ 556612.598999999929219, 3034958.259 ], [ 556612.648999999975786, 3034958.309000000357628 ], [ 556612.799, 3034958.309000000357628 ], [ 556612.848999999929219, 3034958.359000000171363 ], [ 556613.198999999905936, 3034958.359000000171363 ], [ 556613.348999999929219, 3034958.209000000264496 ], [ 556613.448999999905936, 3034958.209000000264496 ] ] ] } },
{ "type": "Feature", "properties": { "unit_id": "c00027", "method": "watershed", "label": 27, "area_m2": 6.1306250000643194, "height_max_m": 2.0833466053009033, "height_mean_m": 1.3637075356007677, "canopy_cover": 0.99675060926076364, "volume_m3": 8.3936198816451775, "n_pixels": 2462, "data_coverage": 1.0, "vari_mean": 0.25703995271621582, "exg_mean": 0.30653259311805953, "gli_mean": 0.20879146638404836, "height_max_m_pct": 90.740740740740748, "height_mean_m_pct": 91.358024691358025, "volume_m3_pct": 81.790123456790127, "canopy_cover_pct": 46.604938271604937, "vari_mean_pct": 34.25925925925926, "exg_mean_pct": 31.172839506172838, "gli_mean_pct": 30.555555555555557 }, "geometry": { "type": "Polygon", "coordinates": [ [ [ 556635.598999999929219, 3034997.209000000264496 ], [ 556635.623999999952503, 3034997.334000000264496 ], [ 556635.748999999952503, 3034997.459000000264496 ], [ 556636.098999999929219, 3034997.509 ], [ 556636.299, 3034997.65900000045076 ], [ 556636.348999999929219, 3034997.65900000045076 ], [ 556636.674, 3034998.03400000045076 ], [ 556636.674, 3034998.084000000264496 ], [ 556636.924, 3034998.434000000357628 ], [ 556636.924, 3034999.234000000171363 ], [ 556636.824000000022352, 3034999.434000000357628 ], [ 556636.598999999929219, 3034999.609000000171363 ], [ 556636.248999999952503, 3034999.759 ], [ 556635.973999999929219, 3035000.03400000045076 ], [ 556635.949000000022352, 3035000.15900000045076 ], [ 556635.498999999952503, 3035000.15900000045076 ], [ 556635.424, 3034999.984000000171363 ], [ 556635.199000000022352, 3034999.759 ], [ 556635.098999999929219, 3034999.709000000264496 ], [ 556634.699000000022352, 3034999.709000000264496 ], [ 556634.549, 3034999.809000000357628 ], [ 556634.299, 3034999.809000000357628 ], [ 556634.074000000022352, 3034999.584000000264496 ], [ 556633.924, 3034999.28400000045076 ], [ 556633.924, 3034999.184000000357628 ], [ 556633.873999999952503, 3034999.134 ], [ 556633.873999999952503, 3034998.884 ], [ 556633.973999999929219, 3034998.684000000357628 ], [ 556634.324000000022352, 3034998.334000000264496 ], [ 556634.523999999975786, 3034997.984000000171363 ], [ 556634.824000000022352, 3034997.634 ], [ 556634.873999999952503, 3034997.53400000045076 ], [ 556634.873999999952503, 3034997.28400000045076 ], [ 556634.824000000022352, 3034997.234000000171363 ], [ 556635.598999999929219, 3034997.209000000264496 ] ] ] } },
{ "type": "Feature", "properties": { "unit_id": "c00028", "method": "watershed", "label": 28, "area_m2": 14.899999999995638, "height_max_m": 2.1061246395111084, "height_mean_m": 1.2864438608253728, "canopy_cover": 0.99832045683574067, "volume_m3": 19.148716868436892, "n_pixels": 5954, "data_coverage": 1.0, "vari_mean": 0.2619809274040073, "exg_mean": 0.32191476566495386, "gli_mean": 0.21704702929810568, "height_max_m_pct": 92.592592592592595, "height_mean_m_pct": 77.46913580246914, "volume_m3_pct": 96.296296296296291, "canopy_cover_pct": 54.320987654320987, "vari_mean_pct": 37.345679012345677, "exg_mean_pct": 43.518518518518519, "gli_mean_pct": 41.975308641975303 }, "geometry": { "type": "Polygon", "coordinates": [ [ [ 556628.148999999975786, 3034934.15900000045076 ], [ 556628.199000000022352, 3034934.209000000264496 ], [ 556628.299, 3034934.209000000264496 ], [ 556628.598999999929219, 3034934.359000000171363 ], [ 556628.873999999952503, 3034934.634 ], [ 556628.873999999952503, 3034934.734000000171363 ], [ 556628.924, 3034934.78400000045076 ], [ 556628.873999999952503, 3034935.084000000264496 ], [ 556628.824000000022352, 3034935.134 ], [ 556628.824000000022352, 3034935.234000000171363 ], [ 556628.674, 3034935.53400000045076 ], [ 556628.473999999929219, 3034935.78400000045076 ], [ 556628.473999999929219, 3034935.934000000357628 ], [ 556628.574000000022352, 3034936.134 ], [ 556628.699000000022352, 3034936.259 ], [ 556628.748999999952503, 3034936.259 ], [ 556629.049, 3034936.559000000357628 ], [ 556629.398999999975786, 3034936.759 ], [ 556629.723999999929219, 3034937.084000000264496 ], [ 556629.723999999929219, 3034937.184000000357628 ], [ 556629.773999999975786, 3034937.234000000171363 ], [ 556629.773999999975786, 3034937.53400000045076 ], [ 556629.824000000022352, 3034937.584000000264496 ], [ 556629.824000000022352, 3034937.934000000357628 ], [ 556629.773999999975786, 3034937.984000000171363 ], [ 556629.773999999975786, 3034938.384 ], [ 556629.723999999929219, 3034938.484000000171363 ], [ 556629.623999999952503, 3034938.584000000264496 ], [ 556629.623999999952503, 3034938.634 ], [ 556629.273999999975786, 3034938.984000000171363 ], [ 556629.174, 3034939.184000000357628 ], [ 556629.174, 3034939.334000000264496 ], [ 556629.123999999952503, 3034939.384 ], [ 556629.174, 3034939.634 ], [ 556629.123999999952503, 3034939.684000000357628 ], [ 556629.123999999952503, 3034939.984000000171363 ], [ 556629.074000000022352, 3034940.03400000045076 ], [ 556629.074000000022352, 3034940.184000000357628 ], [ 556629.023999999975786, 3034940.234000000171363 ], [ 556628.973999999929219, 3034940.434000000357628 ], [ 556628.674, 3034940.734000000171363 ], [ 556628.674, 3034940.834000000264496 ], [ 556628.623999999952503, 3034940.884 ], [ 556628.674, 3034941.084000000264496 ], [ 556628.299, 3034941.109000000171363 ], [ 556628.098999999929219, 3034941.209000000264496 ], [ 556627.949000000022352, 3034941.209000000264496 ], [ 556627.748999999952503, 3034941.109000000171363 ], [ 556627.299, 3034941.109000000171363 ], [ 556627.223999999929219, 3034940.934000000357628 ], [ 556627.098999999929219, 3034940.809000000357628 ], [ 556626.648999999975786, 3034940.609000000171363 ], [ 556626.373999999952503, 3034940.334000000264496 ], [ 556626.324000000022352, 3034940.234000000171363 ], [ 556626.324000000022352, 3034939.634 ], [ 556626.373999999952503, 3034939.584000000264496 ], [ 556626.373999999952503, 3034939.384 ], [ 556626.424, 3034939.334000000264496 ], [ 556626.424, 3034939.234000000171363 ], [ 556626.773999999975786, 3034938.884 ], [ 556626.773999999975786, 3034938.834000000264496 ], [ 556626.873999999952503, 3034938.734000000171363 ], [ 556626.873999999952503, 3034938.584000000264496 ], [ 556626.924, 3034938.53400000045076 ], [ 556626.873999999952503, 3034938.234000000171363 ], [ 556626.473999999929219, 3034937.584000000264496 ], [ 556626.473999999929219, 3034937.184000000357628 ], [ 556626.574000000022352, 3034936.984000000171363 ], [ 556626.898999999975786, 3034936.65900000045076 ], [ 556627.549, 3034936.359000000171363 ], [ 556627.824000000022352, 3034936.134 ], [ 556627.824000000022352, 3034935.984000000171363 ], [ 556627.574000000022352, 3034935.584000000264496 ], [ 556627.574000000022352, 3034935.03400000045076 ], [ 556627.523999999975786, 3034934.984000000171363 ], [ 556627.523999999975786, 3034934.884 ], [ 556627.574000000022352, 3034934.834000000264496 ], [ 556627.574000000022352, 3034934.684000000357628 ], [ 556627.674, 3034934.584000000264496 ], [ 556627.773999999975786, 3034934.384 ], [ 556627.998999999952503, 3034934.15900000045076 ], [ 556628.148999999975786, 3034934.15900000045076 ] ] ] } },
{ "type": "Feature", "properties": { "unit_id": "c00029", "method": "watershed", "label": 29, "area_m2": 5.5362500000908037, "height_max_m": 2.117042064666748, "height_mean_m": 1.5321623217681177, "canopy_cover": 0.96689038031319907, "volume_m3": 8.5609569729022557, "n_pixels": 2235, "data_coverage": 1.0, "vari_mean": 0.19872123158858979, "exg_mean": 0.28639151500964816, "gli_mean": 0.19834238406994151, "height_max_m_pct": 93.209876543209873, "height_mean_m_pct": 98.456790123456798, "volume_m3_pct": 82.098765432098759, "canopy_cover_pct": 0.92592592592592582, "vari_mean_pct": 8.9506172839506171, "exg_mean_pct": 22.530864197530864, "gli_mean_pct": 24.691358024691358 }, "geometry": { "type": "Polygon", "coordinates": [ [ [ 556643.199000000022352, 3035026.809000000357628 ], [ 556643.598999999929219, 3035027.009000000543892 ], [ 556644.123999999952503, 3035027.584000000264496 ], [ 556644.223999999929219, 3035027.78400000045076 ], [ 556644.223999999929219, 3035027.934000000357628 ], [ 556644.273999999975786, 3035027.984000000171363 ], [ 556644.273999999975786, 3035028.334000000264496 ], [ 556644.324000000022352, 3035028.384000000543892 ], [ 556644.273999999975786, 3035028.884000000543892 ], [ 556644.223999999929219, 3035028.934000000357628 ], [ 556644.174, 3035029.134000000543892 ], [ 556644.049, 3035029.259000000543892 ], [ 556643.949000000022352, 3035029.259000000543892 ], [ 556643.898999999975786, 3035029.309000000357628 ], [ 556643.598999999929219, 3035029.309000000357628 ], [ 556643.549, 3035029.259000000543892 ], [ 556643.498999999952503, 3035029.309000000357628 ], [ 556643.248999999952503, 3035029.309000000357628 ], [ 556643.049, 3035029.40900000045076 ], [ 556642.498999999952503, 3035029.40900000045076 ], [ 556642.299, 3035029.259000000543892 ], [ 556642.248999999952503, 3035029.259000000543892 ], [ 556641.973999999929219, 3035028.934000000357628 ], [ 556641.924, 3035028.734000000171363 ], [ 556641.873999999952503, 3035028.684000000357628 ], [ 556641.873999999952503, 3035028.584000000264496 ], [ 556641.824000000022352, 3035028.53400000045076 ], [ 556641.824000000022352, 3035028.434000000357628 ], [ 556641.574000000022352, 3035028.03400000045076 ], [ 556641.523999999975786, 3035027.78400000045076 ], [ 556641.574000000022352, 3035027.734000000171363 ], [ 556641.623999999952503, 3035027.53400000045076 ], [ 556642.049, 3035027.109000000171363 ], [ 556642.148999999975786, 3035027.109000000171363 ], [ 556642.299, 3035027.009000000543892 ], [ 556642.398999999975786, 3035027.009000000543892 ], [ 556642.799, 3035026.809000000357628 ], [ 556643.199000000022352, 3035026.809000000357628 ] ] ] } },
{ "type": "Feature", "properties": { "unit_id": "c00030", "method": "watershed", "label": 30, "area_m2": 8.8456249998521521, "height_max_m": 2.0423932075500488, "height_mean_m": 1.3408801059162065, "canopy_cover": 0.99971461187214616, "volume_m3": 11.746109727857387, "n_pixels": 3504, "data_coverage": 1.0, "vari_mean": 0.27419787810299528, "exg_mean": 0.3160771100332514, "gli_mean": 0.21378735413651079, "height_max_m_pct": 89.506172839506178, "height_mean_m_pct": 87.962962962962962, "volume_m3_pct": 91.358024691358025, "canopy_cover_pct": 66.358024691358025, "vari_mean_pct": 46.913580246913575, "exg_mean_pct": 39.506172839506171, "gli_mean_pct": 38.271604938271601 }, "geometry": { "type": "Polygon", "coordinates": [ [ [ 556613.698999999905936, 3034938.359000000171363 ], [ 556613.723999999929219, 3034938.634 ], [ 556613.773999999975786, 3034938.684000000357628 ], [ 556613.823999999905936, 3034938.934000000357628 ], [ 556614.023999999975786, 3034939.28400000045076 ], [ 556614.123999999952503, 3034939.384 ], [ 556614.223999999929219, 3034939.584000000264496 ], [ 556614.223999999929219, 3034939.684000000357628 ], [ 556614.273999999975786, 3034939.734000000171363 ], [ 556614.273999999975786, 3034939.934000000357628 ], [ 556614.223999999929219, 3034939.984000000171363 ], [ 556614.174, 3034940.234000000171363 ], [ 556614.023999999975786, 3034940.484000000171363 ], [ 556613.973999999929219, 3034940.734000000171363 ], [ 556613.873999999952503, 3034940.884 ], [ 556613.823999999905936, 3034941.134 ], [ 556613.098999999929219, 3034941.15900000045076 ], [ 556613.049, 3034941.209000000264496 ], [ 556612.898999999975786, 3034941.209000000264496 ], [ 556612.848999999929219, 3034941.259 ], [ 556612.698999999905936, 3034941.259 ], [ 556612.648999999975786, 3034941.309000000357628 ], [ 556612.248999999952503, 3034941.309000000357628 ], [ 556611.948999999905936, 3034941.509 ], [ 556611.498999999952503, 3034941.509 ], [ 556611.473999999929219, 3034941.384 ], [ 556611.273999999975786, 3034940.984000000171363 ], [ 556611.174, 3034940.884 ], [ 556611.174, 3034940.834000000264496 ], [ 556610.723999999929219, 3034940.384 ], [ 556610.573999999905936, 3034940.084000000264496 ], [ 556610.773999999975786, 3034939.234000000171363 ], [ 556611.023999999975786, 3034938.834000000264496 ], [ 556611.023999999975786, 3034938.734000000171363 ], [ 556611.073999999905936, 3034938.684000000357628 ], [ 556611.123999999952503, 3034938.484000000171363 ], [ 556612.848999999929219, 3034938.459000000264496 ], [ 556612.898999999975786, 3034938.40900000045076 ], [ 556613.049, 3034938.40900000045076 ], [ 556613.098999999929219, 3034938.359000000171363 ], [ 556613.698999999905936, 3034938.359000000171363 ] ] ] } },
{ "type": "Feature", "properties": { "unit_id": "c00031", "method": "watershed", "label": 31, "area_m2": 12.604999999993309, "height_max_m": 2.0433712005615234, "height_mean_m": 1.3201997290140941, "canopy_cover": 0.99503278362805481, "volume_m3": 16.61141309036427, "n_pixels": 5033, "data_coverage": 1.0, "vari_mean": 0.27438332077884225, "exg_mean": 0.31410727811427641, "gli_mean": 0.21253716788825802, "height_max_m_pct": 89.81481481481481, "height_mean_m_pct": 83.950617283950606, "volume_m3_pct": 94.753086419753089, "canopy_cover_pct": 37.345679012345677, "vari_mean_pct": 47.530864197530867, "exg_mean_pct": 38.580246913580247, "gli_mean_pct": 36.419753086419753 }, "geometry": { "type": "Polygon", "coordinates": [ [ [ 556628.049, 3034992.259 ], [ 556628.248999999952503, 3034992.509 ], [ 556628.348999999929219, 3034992.559000000357628 ], [ 556628.498999999952503, 3034992.559000000357628 ], [ 556628.549, 3034992.609000000171363 ], [ 556628.748999999952503, 3034992.609000000171363 ], [ 556628.799, 3034992.65900000045076 ], [ 556628.898999999975786, 3034992.65900000045076 ], [ 556629.324000000022352, 3034993.03400000045076 ], [ 556629.373999999952503, 3034993.234000000171363 ], [ 556629.424, 3034993.28400000045076 ], [ 556629.424, 3034993.734000000171363 ], [ 556629.273999999975786, 3034993.934000000357628 ], [ 556629.273999999975786, 3034993.984000000171363 ], [ 556629.123999999952503, 3034994.134 ], [ 556629.074000000022352, 3034994.28400000045076 ], [ 556628.674, 3034994.78400000045076 ], [ 556628.773999999975786, 3034995.03400000045076 ], [ 556628.973999999929219, 3034995.234000000171363 ], [ 556629.074000000022352, 3034995.434000000357628 ], [ 556629.174, 3034995.53400000045076 ], [ 556629.223999999929219, 3034995.834000000264496 ], [ 556629.273999999975786, 3034995.884 ], [ 556629.223999999929219, 3034996.184000000357628 ], [ 556629.074000000022352, 3034996.384 ], [ 556629.074000000022352, 3034996.434000000357628 ], [ 556628.924, 3034996.584000000264496 ], [ 556628.924, 3034996.634 ], [ 556628.748999999952503, 3034996.809000000357628 ], [ 556628.549, 3034996.90900000045076 ], [ 556628.273999999975786, 3034997.184000000357628 ], [ 556628.223999999929219, 3034997.28400000045076 ], [ 556628.223999999929219, 3034997.484000000171363 ], [ 556628.273999999975786, 3034997.53400000045076 ], [ 556628.248999999952503, 3034997.559000000357628 ], [ 556627.748999999952503, 3034997.559000000357628 ], [ 556627.699000000022352, 3034997.509 ], [ 556627.498999999952503, 3034997.509 ], [ 556627.398999999975786, 3034997.459000000264496 ], [ 556627.373999999952503, 3034997.434000000357628 ], [ 556627.424, 3034997.384 ], [ 556627.424, 3034997.184000000357628 ], [ 556627.373999999952503, 3034997.134 ], [ 556627.373999999952503, 3034997.03400000045076 ], [ 556627.098999999929219, 3034996.759 ], [ 556626.748999999952503, 3034996.559000000357628 ], [ 556626.648999999975786, 3034996.459000000264496 ], [ 556626.598999999929219, 3034996.459000000264496 ], [ 556626.223999999929219, 3034996.084000000264496 ], [ 556626.074000000022352, 3034995.78400000045076 ], [ 556626.074000000022352, 3034995.584000000264496 ], [ 556626.123999999952503, 3034995.53400000045076 ], [ 556626.174, 3034995.184000000357628 ], [ 556626.223999999929219, 3034995.134 ], [ 556626.273999999975786, 3034994.53400000045076 ], [ 556626.324000000022352, 3034994.484000000171363 ], [ 556626.273999999975786, 3034993.634 ], [ 556626.424, 3034993.334000000264496 ], [ 556626.824000000022352, 3034992.78400000045076 ], [ 556626.873999999952503, 3034992.584000000264496 ], [ 556626.924, 3034992.53400000045076 ], [ 556626.924, 3034992.434000000357628 ], [ 556626.973999999929219, 3034992.384 ], [ 556626.973999999929219, 3034992.28400000045076 ], [ 556628.049, 3034992.259 ] ] ] } },
{ "type": "Feature", "properties": { "unit_id": "c00032", "method": "watershed", "label": 32, "area_m2": 8.3006250004420856, "height_max_m": 2.0239579677581787, "height_mean_m": 1.3303600290426363, "canopy_cover": 0.99880346993718216, "volume_m3": 11.118483942753572, "n_pixels": 3343, "data_coverage": 1.0, "vari_mean": 0.20391453100418735, "exg_mean": 0.23681940720348887, "gli_mean": 0.16259840086686092, "height_max_m_pct": 87.654320987654316, "height_mean_m_pct": 85.802469135802468, "volume_m3_pct": 90.432098765432102, "canopy_cover_pct": 57.716049382716051, "vari_mean_pct": 9.8765432098765427, "exg_mean_pct": 7.4074074074074066, "gli_mean_pct": 7.098765432098765 }, "geometry": { "type": "Polygon", "coordinates": [ [ [ 556612.299, 3034925.759 ], [ 556612.348999999929219, 3034925.809000000357628 ], [ 556613.299, 3034925.809000000357628 ], [ 556613.348999999929219, 3034925.859000000171363 ], [ 556613.448999999905936, 3034925.859000000171363 ], [ 556613.523999999975786, 3034925.934000000357628 ], [ 556613.523999999975786, 3034926.03400000045076 ], [ 556614.073999999905936, 3034926.584000000264496 ], [ 556614.174, 3034926.78400000045076 ], [ 556614.273999999975786, 3034927.184000000357628 ], [ 556614.223999999929219, 3034927.234000000171363 ], [ 556614.223999999929219, 3034927.434000000357628 ], [ 556614.123999999952503, 3034927.634 ], [ 556614.123999999952503, 3034927.734000000171363 ], [ 556614.023999999975786, 3034927.934000000357628 ], [ 556614.023999999975786, 3034928.134 ], [ 556613.973999999929219, 3034928.184000000357628 ], [ 556613.973999999929219, 3034928.434000000357628 ], [ 556614.073999999905936, 3034928.584000000264496 ], [ 556614.049, 3034928.65900000045076 ], [ 556611.398999999975786, 3034928.65900000045076 ], [ 556611.273999999975786, 3034928.434000000357628 ], [ 556611.174, 3034928.334000000264496 ], [ 556611.174, 3034928.28400000045076 ], [ 556611.073999999905936, 3034928.184000000357628 ], [ 556610.973999999929219, 3034927.984000000171363 ], [ 556610.973999999929219, 3034927.884 ], [ 556610.924, 3034927.834000000264496 ], [ 556610.924, 3034927.734000000171363 ], [ 556610.873999999952503, 3034927.684000000357628 ], [ 556610.873999999952503, 3034927.53400000045076 ], [ 556610.823999999905936, 3034927.484000000171363 ], [ 556610.823999999905936, 3034927.184000000357628 ], [ 556611.123999999952503, 3034926.684000000357628 ], [ 556611.273999999975786, 3034926.28400000045076 ], [ 556611.373999999952503, 3034926.184000000357628 ], [ 556611.523999999975786, 3034925.834000000264496 ], [ 556611.598999999929219, 3034925.759 ], [ 556612.299, 3034925.759 ] ] ] } },
{ "type": "Feature", "properties": { "unit_id": "c00033", "method": "watershed", "label": 33, "area_m2": 6.4293749998306158, "height_max_m": 2.033207893371582, "height_mean_m": 1.4845855449028882, "canopy_cover": 0.99530883502736511, "volume_m3": 9.493924559679364, "n_pixels": 2558, "data_coverage": 1.0, "vari_mean": 0.22977261060164381, "exg_mean": 0.31218704895417254, "gli_mean": 0.21091632344311909, "height_max_m_pct": 88.580246913580254, "height_mean_m_pct": 98.148148148148152, "volume_m3_pct": 85.802469135802468, "canopy_cover_pct": 38.888888888888893, "vari_mean_pct": 16.358024691358025, "exg_mean_pct": 36.728395061728399, "gli_mean_pct": 33.950617283950621 }, "geometry": { "type": "Polygon", "coordinates": [ [ [ 556635.299, 3034931.259 ], [ 556635.348999999929219, 3034931.309000000357628 ], [ 556635.549, 3034931.359000000171363 ], [ 556635.748999999952503, 3034931.509 ], [ 556635.949000000022352, 3034931.509 ], [ 556635.998999999952503, 3034931.559000000357628 ], [ 556636.348999999929219, 3034931.559000000357628 ], [ 556636.373999999952503, 3034931.684000000357628 ], [ 556636.424, 3034931.734000000171363 ], [ 556636.424, 3034931.834000000264496 ], [ 556636.674, 3034932.134 ], [ 556637.023999999975786, 3034932.834000000264496 ], [ 556637.023999999975786, 3034933.28400000045076 ], [ 556636.973999999929219, 3034933.334000000264496 ], [ 556636.924, 3034933.634 ], [ 556636.773999999975786, 3034933.884 ], [ 556636.748999999952503, 3034934.009 ], [ 556634.373999999952503, 3034933.984000000171363 ], [ 556634.424, 3034933.934000000357628 ], [ 556634.424, 3034933.334000000264496 ], [ 556634.373999999952503, 3034933.28400000045076 ], [ 556634.373999999952503, 3034933.184000000357628 ], [ 556634.273999999975786, 3034932.984000000171363 ], [ 556634.174, 3034932.884 ], [ 556633.973999999929219, 3034932.53400000045076 ], [ 556633.973999999929219, 3034932.28400000045076 ], [ 556634.148999999975786, 3034932.009 ], [ 556634.824000000022352, 3034931.434000000357628 ], [ 556634.898999999975786, 3034931.259 ], [ 556635.299, 3034931.259 ] ] ] } },
{ "type": "Feature", "properties": { "unit_id": "c00034", "method": "watershed", "label": 34, "area_m2": 4.7706249999190913, "height_max_m": 2.0316596031188965, "height_mean_m": 1.4192102834937119, "canopy_cover": 0.99523809523809526, "volume_m3": 6.7057685895257251, "n_pixels": 1890, "data_coverage": 1.0, "vari_mean": 0.34658996860726948, "exg_mean": 0.42443611141247517, "gli_mean": 0.28071326852625855, "height_max_m_pct": 88.271604938271608, "height_mean_m_pct": 95.679012345679013, "volume_m3_pct": 73.456790123456798, "canopy_cover_pct": 38.580246913580247, "vari_mean_pct": 89.506172839506178, "exg_mean_pct": 84.876543209876544, "gli_mean_pct": 84.567901234567898 }, "geometry": { "type": "Polygon", "coordinates": [ [ [ 556666.248999999952503, 3034987.059000000357628 ], [ 556666.349000000045635, 3034987.209000000264496 ], [ 556666.849000000045635, 3034987.459000000264496 ], [ 556667.023999999975786, 3034987.684000000357628 ], [ 556667.074000000022352, 3034988.584000000264496 ], [ 556667.023999999975786, 3034988.634 ], [ 556667.023999999975786, 3034988.884 ], [ 556666.974000000045635, 3034988.934000000357628 ], [ 556666.974000000045635, 3034989.084000000264496 ], [ 556666.924, 3034989.134 ], [ 556666.924, 3034989.384 ], [ 556666.498999999952503, 3034989.40900000045076 ], [ 556666.449000000022352, 3034989.359000000171363 ], [ 556666.349000000045635, 3034989.359000000171363 ], [ 556666.299, 3034989.40900000045076 ], [ 556666.049, 3034989.40900000045076 ], [ 556665.849000000045635, 3034989.509 ], [ 556665.648999999975786, 3034989.509 ], [ 556665.599000000045635, 3034989.559000000357628 ], [ 556665.299, 3034989.559000000357628 ], [ 556664.924, 3034989.084000000264496 ], [ 556664.674, 3034988.634 ], [ 556664.674, 3034988.28400000045076 ], [ 556664.724000000045635, 3034988.234000000171363 ], [ 556664.724000000045635, 3034988.084000000264496 ], [ 556664.773999999975786, 3034988.03400000045076 ], [ 556664.824000000022352, 3034987.734000000171363 ], [ 556664.998999999952503, 3034987.459000000264496 ], [ 556665.049, 3034987.459000000264496 ], [ 556665.248999999952503, 3034987.309000000357628 ], [ 556665.349000000045635, 3034987.309000000357628 ], [ 556665.549, 3034987.209000000264496 ], [ 556665.599000000045635, 3034987.059000000357628 ], [ 556666.248999999952503, 3034987.059000000357628 ] ] ] } },
{ "type": "Feature", "properties": { "unit_id": "c00035", "method": "watershed", "label": 35, "area_m2": 7.982499999763677, "height_max_m": 2.0183110237121582, "height_mean_m": 1.3579275601704506, "canopy_cover": 0.99841671944268529, "volume_m3": 10.720838087574384, "n_pixels": 3158, "data_coverage": 1.0, "vari_mean": 0.2842969614325247, "exg_mean": 0.35338021666534153, "gli_mean": 0.23683898074451221, "height_max_m_pct": 87.345679012345684, "height_mean_m_pct": 90.432098765432102, "volume_m3_pct": 88.271604938271608, "canopy_cover_pct": 55.555555555555557, "vari_mean_pct": 55.246913580246911, "exg_mean_pct": 60.185185185185183, "gli_mean_pct": 59.876543209876544 }, "geometry": { "type": "Polygon", "coordinates": [ [ [ 556613.948999999905936, 3034916.509 ], [ 556613.973999999929219, 3034916.584000000264496 ], [ 556614.098999999929219, 3034916.709000000264496 ], [ 556614.148999999975786, 3034916.709000000264496 ], [ 556614.473999999929219, 3034917.03400000045076 ], [ 556614.473999999929219, 3034917.084000000264496 ], [ 556614.573999999905936, 3034917.184000000357628 ], [ 556614.573999999905936, 3034917.484000000171363 ], [ 556614.523999999975786, 3034917.53400000045076 ], [ 556614.523999999975786, 3034917.634 ], [ 556614.424, 3034917.834000000264496 ], [ 556614.424, 3034917.984000000171363 ], [ 556614.373999999952503, 3034918.03400000045076 ], [ 556614.323999999905936, 3034918.28400000045076 ], [ 556613.924, 3034918.734000000171363 ], [ 556613.848999999929219, 3034919.009 ], [ 556613.098999999929219, 3034919.009 ], [ 556613.049, 3034918.959000000264496 ], [ 556612.898999999975786, 3034918.959000000264496 ], [ 556612.698999999905936, 3034918.859000000171363 ], [ 556611.023999999975786, 3034918.834000000264496 ], [ 556611.023999999975786, 3034918.684000000357628 ], [ 556611.073999999905936, 3034918.634 ], [ 556611.073999999905936, 3034918.28400000045076 ], [ 556611.023999999975786, 3034918.234000000171363 ], [ 556611.023999999975786, 3034918.084000000264496 ], [ 556610.973999999929219, 3034918.03400000045076 ], [ 556610.873999999952503, 3034917.634 ], [ 556610.823999999905936, 3034917.584000000264496 ], [ 556610.848999999929219, 3034916.559000000357628 ], [ 556612.998999999952503, 3034916.559000000357628 ], [ 556613.049, 3034916.509 ], [ 556613.948999999905936, 3034916.509 ] ] ] } },
{ "type": "Feature", "properties": { "unit_id": "c00036", "method": "watershed", "label": 36, "area_m2": 6.3825000001798609, "height_max_m": 2.0442028045654297, "height_mean_m": 1.3867870482672042, "canopy_cover": 0.98937007874015748, "volume_m3": 8.8060977565203018, "n_pixels": 2540, "data_coverage": 1.0, "vari_mean": 0.30864430080837119, "exg_mean": 0.39996516734802423, "gli_mean": 0.26571131494182265, "height_max_m_pct": 90.123456790123456, "height_mean_m_pct": 93.209876543209873, "volume_m3_pct": 83.333333333333343, "canopy_cover_pct": 22.530864197530864, "vari_mean_pct": 71.604938271604937, "exg_mean_pct": 75.308641975308646, "gli_mean_pct": 74.382716049382708 }, "geometry": { "type": "Polygon", "coordinates": [ [ [ 556658.648999999975786, 3034999.859000000171363 ], [ 556658.949000000022352, 3035000.009 ], [ 556659.074000000022352, 3035000.134 ], [ 556659.174, 3035000.334000000264496 ], [ 556659.474000000045635, 3035000.634 ], [ 556659.474000000045635, 3035000.684000000357628 ], [ 556659.574000000022352, 3035000.78400000045076 ], [ 556659.623999999952503, 3035001.084000000264496 ], [ 556659.574000000022352, 3035001.134 ], [ 556659.574000000022352, 3035001.234000000171363 ], [ 556659.474000000045635, 3035001.434000000357628 ], [ 556659.349000000045635, 3035001.559000000357628 ], [ 556659.299, 3035001.559000000357628 ], [ 556659.148999999975786, 3035001.709000000264496 ], [ 556658.799, 3035001.90900000045076 ], [ 556658.623999999952503, 3035002.084000000264496 ], [ 556658.623999999952503, 3035002.334000000264496 ], [ 556658.974000000045635, 3035002.734000000171363 ], [ 556659.074000000022352, 3035002.934000000357628 ], [ 556659.074000000022352, 3035003.03400000045076 ], [ 556659.123999999952503, 3035003.084000000264496 ], [ 556659.074000000022352, 3035003.384 ], [ 556658.674, 3035003.884 ], [ 556658.648999999975786, 3035004.059000000357628 ], [ 556657.998999999952503, 3035004.109000000171363 ], [ 556657.974000000045635, 3035004.03400000045076 ], [ 556657.523999999975786, 3035003.584000000264496 ], [ 556657.474000000045635, 3035003.484000000171363 ], [ 556657.474000000045635, 3035002.884 ], [ 556657.523999999975786, 3035002.834000000264496 ], [ 556657.574000000022352, 3035002.484000000171363 ], [ 556657.674, 3035002.28400000045076 ], [ 556657.674, 3035002.084000000264496 ], [ 556657.324000000022352, 3035001.53400000045076 ], [ 556657.324000000022352, 3035001.434000000357628 ], [ 556657.273999999975786, 3035001.384 ], [ 556657.273999999975786, 3035000.884 ], [ 556657.523999999975786, 3035000.384 ], [ 556657.748999999952503, 3035000.15900000045076 ], [ 556657.949000000022352, 3035000.109000000171363 ], [ 556657.998999999952503, 3035000.059000000357628 ], [ 556658.248999999952503, 3035000.059000000357628 ], [ 556658.648999999975786, 3034999.859000000171363 ] ] ] } },
{ "type": "Feature", "properties": { "unit_id": "c00037", "method": "watershed", "label": 37, "area_m2": 10.618750000075675, "height_max_m": 2.0142183303833008, "height_mean_m": 1.3066785417273834, "canopy_cover": 0.99881991975454332, "volume_m3": 13.840992453284331, "n_pixels": 4237, "data_coverage": 1.0, "vari_mean": 0.25503567680113159, "exg_mean": 0.31731246519111056, "gli_mean": 0.21541021316667333, "height_max_m_pct": 86.728395061728392, "height_mean_m_pct": 81.481481481481481, "volume_m3_pct": 92.901234567901241, "canopy_cover_pct": 58.024691358024697, "vari_mean_pct": 31.790123456790127, "exg_mean_pct": 41.666666666666671, "gli_mean_pct": 39.814814814814817 }, "geometry": { "type": "Polygon", "coordinates": [ [ [ 556611.098999999929219, 3035023.859000000171363 ], [ 556613.174, 3035023.884000000543892 ], [ 556613.073999999905936, 3035024.03400000045076 ], [ 556613.123999999952503, 3035024.084000000264496 ], [ 556613.123999999952503, 3035024.184000000357628 ], [ 556613.573999999905936, 3035024.684000000357628 ], [ 556613.573999999905936, 3035024.734000000171363 ], [ 556613.823999999905936, 3035025.03400000045076 ], [ 556613.924, 3035025.234000000171363 ], [ 556613.924, 3035025.484000000171363 ], [ 556613.873999999952503, 3035025.53400000045076 ], [ 556613.823999999905936, 3035025.884000000543892 ], [ 556613.773999999975786, 3035025.934000000357628 ], [ 556613.773999999975786, 3035026.084000000264496 ], [ 556613.674, 3035026.28400000045076 ], [ 556613.373999999952503, 3035026.584000000264496 ], [ 556613.373999999952503, 3035026.634000000543892 ], [ 556613.123999999952503, 3035026.934000000357628 ], [ 556613.023999999975786, 3035027.134000000543892 ], [ 556612.998999999952503, 3035027.359000000171363 ], [ 556612.049, 3035027.359000000171363 ], [ 556611.873999999952503, 3035027.53400000045076 ], [ 556611.823999999905936, 3035027.684000000357628 ], [ 556611.748999999952503, 3035027.759000000543892 ], [ 556611.049, 3035027.759000000543892 ], [ 556611.023999999975786, 3035027.334000000264496 ], [ 556610.973999999929219, 3035027.28400000045076 ], [ 556610.973999999929219, 3035027.134000000543892 ], [ 556610.924, 3035027.03400000045076 ], [ 556610.698999999905936, 3035026.809000000357628 ], [ 556610.498999999952503, 3035026.709000000264496 ], [ 556610.223999999929219, 3035026.434000000357628 ], [ 556610.174, 3035026.234000000171363 ], [ 556610.123999999952503, 3035026.184000000357628 ], [ 556610.174, 3035025.78400000045076 ], [ 556610.223999999929219, 3035025.734000000171363 ], [ 556610.223999999929219, 3035025.53400000045076 ], [ 556610.273999999975786, 3035025.484000000171363 ], [ 556610.273999999975786, 3035025.334000000264496 ], [ 556610.323999999905936, 3035025.28400000045076 ], [ 556610.373999999952503, 3035025.084000000264496 ], [ 556610.823999999905936, 3035024.584000000264496 ], [ 556611.023999999975786, 3035024.184000000357628 ], [ 556611.023999999975786, 3035023.984000000171363 ], [ 556611.098999999929219, 3035023.859000000171363 ] ] ] } },
{ "type": "Feature", "properties": { "unit_id": "c00038", "method": "watershed", "label": 38, "area_m2": 2.3262500000649018, "height_max_m": 2.0103344917297363, "height_mean_m": 1.4049617662044678, "canopy_cover": 0.97965738758029974, "volume_m3": 3.2805857240962069, "n_pixels": 934, "data_coverage": 1.0, "vari_mean": 0.31568749856485251, "exg_mean": 0.389419452860227, "gli_mean": 0.26164420726184318, "height_max_m_pct": 86.419753086419746, "height_mean_m_pct": 95.061728395061735, "volume_m3_pct": 43.827160493827158, "canopy_cover_pct": 7.716049382716049, "vari_mean_pct": 75.925925925925924, "exg_mean_pct": 73.456790123456798, "gli_mean_pct": 73.456790123456798 }, "geometry": { "type": "Polygon", "coordinates": [ [ [ 556666.248999999952503, 3034985.309000000357628 ], [ 556666.299, 3034985.359000000171363 ], [ 556666.449000000022352, 3034985.359000000171363 ], [ 556666.648999999975786, 3034985.459000000264496 ], [ 556666.924, 3034985.684000000357628 ], [ 556667.023999999975786, 3034985.884 ], [ 556667.023999999975786, 3034986.184000000357628 ], [ 556666.974000000045635, 3034986.234000000171363 ], [ 556666.974000000045635, 3034986.334000000264496 ], [ 556666.873999999952503, 3034986.434000000357628 ], [ 556666.873999999952503, 3034986.484000000171363 ], [ 556666.549, 3034986.809000000357628 ], [ 556666.349000000045635, 3034986.90900000045076 ], [ 556666.248999999952503, 3034987.059000000357628 ], [ 556665.599000000045635, 3034987.059000000357628 ], [ 556665.574000000022352, 3034986.934000000357628 ], [ 556665.373999999952503, 3034986.734000000171363 ], [ 556665.373999999952503, 3034986.684000000357628 ], [ 556665.224000000045635, 3034986.484000000171363 ], [ 556665.224000000045635, 3034986.134 ], [ 556665.273999999975786, 3034986.084000000264496 ], [ 556665.273999999975786, 3034985.984000000171363 ], [ 556665.523999999975786, 3034985.684000000357628 ], [ 556665.799, 3034985.459000000264496 ], [ 556666.099000000045635, 3034985.309000000357628 ], [ 556666.248999999952503, 3034985.309000000357628 ] ] ] } },
{ "type": "Feature", "properties": { "unit_id": "c00039", "method": "watershed", "label": 39, "area_m2": 5.8337499998504079, "height_max_m": 2.1104109287261963, "height_mean_m": 1.3613589147797629, "canopy_cover": 0.9841677364142063, "volume_m3": 7.9537394596220397, "n_pixels": 2337, "data_coverage": 1.0, "vari_mean": 0.37925378093178147, "exg_mean": 0.47733288643484278, "gli_mean": 0.30297496555446685, "height_max_m_pct": 92.901234567901241, "height_mean_m_pct": 91.049382716049394, "volume_m3_pct": 80.555555555555557, "canopy_cover_pct": 14.506172839506174, "vari_mean_pct": 97.53086419753086, "exg_mean_pct": 95.370370370370367, "gli_mean_pct": 93.827160493827151 }, "geometry": { "type": "Polygon", "coordinates": [ [ [ 556650.949000000022352, 3034991.15900000045076 ], [ 556650.998999999952503, 3034991.209000000264496 ], [ 556651.148999999975786, 3034991.209000000264496 ], [ 556651.348999999929219, 3034991.309000000357628 ], [ 556651.574000000022352, 3034991.53400000045076 ], [ 556651.773999999975786, 3034991.934000000357628 ], [ 556651.773999999975786, 3034992.234000000171363 ], [ 556651.723999999929219, 3034992.28400000045076 ], [ 556651.723999999929219, 3034992.384 ], [ 556651.623999999952503, 3034992.53400000045076 ], [ 556651.623999999952503, 3034992.634 ], [ 556651.424, 3034993.03400000045076 ], [ 556651.098999999929219, 3034993.359000000171363 ], [ 556651.049, 3034993.359000000171363 ], [ 556650.924, 3034993.53400000045076 ], [ 556650.924, 3034993.634 ], [ 556651.123999999952503, 3034993.834000000264496 ], [ 556651.123999999952503, 3034993.884 ], [ 556651.324000000022352, 3034994.084000000264496 ], [ 556651.373999999952503, 3034994.184000000357628 ], [ 556651.424, 3034994.384 ], [ 556651.473999999929219, 3034994.434000000357628 ], [ 556651.473999999929219, 3034994.634 ], [ 556651.373999999952503, 3034994.834000000264496 ], [ 556651.098999999929219, 3034995.109000000171363 ], [ 556650.799, 3034995.15900000045076 ], [ 556650.748999999952503, 3034995.109000000171363 ], [ 556650.398999999975786, 3034995.059000000357628 ], [ 556650.199000000022352, 3034994.959000000264496 ], [ 556649.873999999952503, 3034994.634 ], [ 556649.873999999952503, 3034994.584000000264496 ], [ 556649.773999999975786, 3034994.484000000171363 ], [ 556649.773999999975786, 3034994.384 ], [ 556649.723999999929219, 3034994.334000000264496 ], [ 556649.723999999929219, 3034994.084000000264496 ], [ 556649.773999999975786, 3034993.984000000171363 ], [ 556650.324000000022352, 3034993.484000000171363 ], [ 556650.324000000022352, 3034993.084000000264496 ], [ 556650.273999999975786, 3034993.03400000045076 ], [ 556650.273999999975786, 3034992.934000000357628 ], [ 556650.174, 3034992.734000000171363 ], [ 556649.473999999929219, 3034992.134 ], [ 556649.424, 3034992.03400000045076 ], [ 556649.424, 3034991.734000000171363 ], [ 556649.598999999929219, 3034991.509 ], [ 556649.648999999975786, 3034991.509 ], [ 556649.848999999929219, 3034991.359000000171363 ], [ 556649.998999999952503, 3034991.359000000171363 ], [ 556650.049, 3034991.309000000357628 ], [ 556650.299, 3034991.309000000357628 ], [ 556650.498999999952503, 3034991.209000000264496 ], [ 556650.598999999929219, 3034991.209000000264496 ], [ 556650.648999999975786, 3034991.15900000045076 ], [ 556650.949000000022352, 3034991.15900000045076 ] ] ] } },
{ "type": "Feature", "properties": { "unit_id": "c00040", "method": "watershed", "label": 40, "area_m2": 3.2418749999921421, "height_max_m": 2.0339920520782471, "height_mean_m": 1.4313529286168412, "canopy_cover": 0.98298530549110597, "volume_m3": 4.6268483417663147, "n_pixels": 1293, "data_coverage": 1.0, "vari_mean": 0.27284986725918636, "exg_mean": 0.26049327188286259, "gli_mean": 0.17988621316801948, "height_max_m_pct": 88.888888888888886, "height_mean_m_pct": 96.604938271604937, "volume_m3_pct": 61.419753086419746, "canopy_cover_pct": 11.728395061728394, "vari_mean_pct": 45.061728395061728, "exg_mean_pct": 11.111111111111111, "gli_mean_pct": 11.728395061728394 }, "geometry": { "type": "Polygon", "coordinates": [ [ [ 556650.848999999929219, 3034982.709000000264496 ], [ 556650.898999999975786, 3034982.759 ], [ 556650.998999999952503, 3034982.759 ], [ 556651.299, 3034982.90900000045076 ], [ 556651.498999999952503, 3034982.959000000264496 ], [ 556651.723999999929219, 3034983.184000000357628 ], [ 556651.873999999952503, 3034983.484000000171363 ], [ 556651.873999999952503, 3034983.984000000171363 ], [ 556651.773999999975786, 3034984.184000000357628 ], [ 556651.598999999929219, 3034984.359000000171363 ], [ 556651.199000000022352, 3034984.559000000357628 ], [ 556650.799, 3034984.65900000045076 ], [ 556650.748999999952503, 3034984.609000000171363 ], [ 556650.598999999929219, 3034984.609000000171363 ], [ 556650.549, 3034984.559000000357628 ], [ 556650.449000000022352, 3034984.559000000357628 ], [ 556650.248999999952503, 3034984.459000000264496 ], [ 556649.873999999952503, 3034984.134 ], [ 556649.824000000022352, 3034983.934000000357628 ], [ 556649.773999999975786, 3034983.884 ], [ 556649.773999999975786, 3034983.234000000171363 ], [ 556649.873999999952503, 3034983.03400000045076 ], [ 556650.049, 3034982.859000000171363 ], [ 556650.348999999929219, 3034982.709000000264496 ], [ 556650.848999999929219, 3034982.709000000264496 ] ] ] } },
{ "type": "Feature", "properties": { "unit_id": "c00041", "method": "watershed", "label": 41, "area_m2": 5.3918749999543065, "height_max_m": 2.0156991481781006, "height_mean_m": 1.2845219512155162, "canopy_cover": 0.99443413729128016, "volume_m3": 6.9235733170701517, "n_pixels": 2156, "data_coverage": 1.0, "vari_mean": 0.27027423100407783, "exg_mean": 0.36081995934739691, "gli_mean": 0.24265893159652285, "height_max_m_pct": 87.037037037037038, "height_mean_m_pct": 76.851851851851848, "volume_m3_pct": 75.0, "canopy_cover_pct": 35.802469135802468, "vari_mean_pct": 43.827160493827158, "exg_mean_pct": 62.037037037037038, "gli_mean_pct": 61.111111111111114 }, "geometry": { "type": "Polygon", "coordinates": [ [ [ 556658.648999999975786, 3035004.059000000357628 ], [ 556659.324000000022352, 3035004.734000000171363 ], [ 556659.424, 3035004.934000000357628 ], [ 556659.424, 3035005.584000000264496 ], [ 556659.273999999975786, 3035005.884 ], [ 556659.174, 3035005.984000000171363 ], [ 556659.123999999952503, 3035006.134 ], [ 556658.674, 3035006.53400000045076 ], [ 556658.674, 3035006.684000000357628 ], [ 556658.873999999952503, 3035007.03400000045076 ], [ 556658.873999999952503, 3035007.53400000045076 ], [ 556658.824000000022352, 3035007.634 ], [ 556658.599000000045635, 3035007.859000000171363 ], [ 556658.549, 3035007.859000000171363 ], [ 556658.148999999975786, 3035008.209000000264496 ], [ 556657.898999999975786, 3035008.209000000264496 ], [ 556657.773999999975786, 3035008.084000000264496 ], [ 556657.724000000045635, 3035007.984000000171363 ], [ 556657.724000000045635, 3035007.834000000264496 ], [ 556657.674, 3035007.78400000045076 ], [ 556657.674, 3035007.184000000357628 ], [ 556657.824000000022352, 3035006.984000000171363 ], [ 556657.873999999952503, 3035006.834000000264496 ], [ 556657.974000000045635, 3035006.734000000171363 ], [ 556657.974000000045635, 3035006.434000000357628 ], [ 556657.824000000022352, 3035006.234000000171363 ], [ 556657.824000000022352, 3035006.184000000357628 ], [ 556657.523999999975786, 3035005.834000000264496 ], [ 556657.373999999952503, 3035005.53400000045076 ], [ 556657.373999999952503, 3035004.984000000171363 ], [ 556657.574000000022352, 3035004.634 ], [ 556657.924, 3035004.334000000264496 ], [ 556657.998999999952503, 3035004.109000000171363 ], [ 556658.648999999975786, 3035004.059000000357628 ] ] ] } },
{ "type": "Feature", "properties": { "unit_id": "c00042", "method": "watershed", "label": 42, "area_m2": 7.6262499997447604, "height_max_m": 2.132824182510376, "height_mean_m": 1.2330510091475901, "canopy_cover": 0.99967330937602095, "volume_m3": 9.4359228475271735, "n_pixels": 3061, "data_coverage": 1.0, "vari_mean": 0.14991239756564062, "exg_mean": 0.21394078894713345, "gli_mean": 0.14903372491124153, "height_max_m_pct": 94.444444444444443, "height_mean_m_pct": 65.123456790123456, "volume_m3_pct": 85.493827160493822, "canopy_cover_pct": 65.740740740740748, "vari_mean_pct": 4.0123456790123457, "exg_mean_pct": 4.6296296296296298, "gli_mean_pct": 4.6296296296296298 }, "geometry": { "type": "Polygon", "coordinates": [ [ [ 556612.748999999952503, 3035033.90900000045076 ], [ 556612.924, 3035034.084000000264496 ], [ 556612.973999999929219, 3035034.234000000171363 ], [ 556613.174, 3035034.484000000171363 ], [ 556613.223999999929219, 3035034.684000000357628 ], [ 556613.373999999952503, 3035034.984000000171363 ], [ 556613.523999999975786, 3035035.134000000543892 ], [ 556613.773999999975786, 3035035.584000000264496 ], [ 556613.773999999975786, 3035035.984000000171363 ], [ 556613.723999999929219, 3035036.084000000264496 ], [ 556613.398999999975786, 3035036.359000000171363 ], [ 556613.148999999975786, 3035036.459000000264496 ], [ 556612.848999999929219, 3035036.759000000543892 ], [ 556612.648999999975786, 3035036.859000000171363 ], [ 556612.448999999905936, 3035036.859000000171363 ], [ 556612.398999999975786, 3035036.90900000045076 ], [ 556611.748999999952503, 3035036.809000000357628 ], [ 556611.598999999929219, 3035036.709000000264496 ], [ 556611.498999999952503, 3035036.709000000264496 ], [ 556611.198999999905936, 3035036.559000000357628 ], [ 556610.873999999952503, 3035036.234000000171363 ], [ 556610.773999999975786, 3035036.03400000045076 ], [ 556610.523999999975786, 3035035.734000000171363 ], [ 556610.373999999952503, 3035035.434000000357628 ], [ 556610.323999999905936, 3035034.934000000357628 ], [ 556610.373999999952503, 3035034.884000000543892 ], [ 556610.424, 3035034.634000000543892 ], [ 556610.573999999905936, 3035034.434000000357628 ], [ 556610.573999999905936, 3035034.334000000264496 ], [ 556610.723999999929219, 3035034.03400000045076 ], [ 556611.498999999952503, 3035034.009000000543892 ], [ 556611.549, 3035034.059000000357628 ], [ 556612.049, 3035034.059000000357628 ], [ 556612.098999999929219, 3035034.009000000543892 ], [ 556612.348999999929219, 3035034.009000000543892 ], [ 556612.398999999975786, 3035033.959000000264496 ], [ 556612.598999999929219, 3035033.959000000264496 ], [ 556612.648999999975786, 3035033.90900000045076 ], [ 556612.748999999952503, 3035033.90900000045076 ] ] ] } },
{ "type": "Feature", "properties": { "unit_id": "c00043", "method": "watershed", "label": 43, "area_m2": 10.949374999636493, "height_max_m": 2.0022494792938232, "height_mean_m": 1.2379183126197062, "canopy_cover": 0.99954138958954364, "volume_m3": 13.496404403372447, "n_pixels": 4361, "data_coverage": 1.0, "vari_mean": 0.25522126947478491, "exg_mean": 0.2886430052322691, "gli_mean": 0.19701799968137806, "height_max_m_pct": 86.111111111111114, "height_mean_m_pct": 66.358024691358025, "volume_m3_pct": 92.592592592592595, "canopy_cover_pct": 64.81481481481481, "vari_mean_pct": 32.098765432098766, "exg_mean_pct": 23.456790123456788, "gli_mean_pct": 23.765432098765434 }, "geometry": { "type": "Polygon", "coordinates": [ [ [ 556612.799, 3035000.209000000264496 ], [ 556612.998999999952503, 3035000.309000000357628 ], [ 556613.223999999929219, 3035000.53400000045076 ], [ 556613.323999999905936, 3035000.734000000171363 ], [ 556613.323999999905936, 3035000.884 ], [ 556613.424, 3035001.084000000264496 ], [ 556613.424, 3035001.234000000171363 ], [ 556613.473999999929219, 3035001.28400000045076 ], [ 556613.373999999952503, 3035001.584000000264496 ], [ 556613.198999999905936, 3035001.759 ], [ 556612.848999999929219, 3035001.90900000045076 ], [ 556612.823999999905936, 3035001.984000000171363 ], [ 556612.948999999905936, 3035002.109000000171363 ], [ 556613.448999999905936, 3035002.359000000171363 ], [ 556613.773999999975786, 3035002.734000000171363 ], [ 556613.823999999905936, 3035002.834000000264496 ], [ 556613.823999999905936, 3035002.984000000171363 ], [ 556613.873999999952503, 3035003.03400000045076 ], [ 556613.873999999952503, 3035003.134 ], [ 556613.823999999905936, 3035003.184000000357628 ], [ 556613.823999999905936, 3035004.184000000357628 ], [ 556613.674, 3035004.484000000171363 ], [ 556613.498999999952503, 3035004.65900000045076 ], [ 556612.998999999952503, 3035004.65900000045076 ], [ 556612.948999999905936, 3035004.609000000171363 ], [ 556612.698999999905936, 3035004.609000000171363 ], [ 556612.049, 3035004.259 ], [ 556611.049, 3035004.259 ], [ 556610.973999999929219, 3035003.834000000264496 ], [ 556610.773999999975786, 3035003.484000000171363 ], [ 556610.573999999905936, 3035003.234000000171363 ], [ 556610.573999999905936, 3035003.134 ], [ 556610.523999999975786, 3035003.084000000264496 ], [ 556610.523999999975786, 3035002.684000000357628 ], [ 556610.573999999905936, 3035002.634 ], [ 556610.573999999905936, 3035002.434000000357628 ], [ 556610.623999999952503, 3035002.384 ], [ 556610.674, 3035002.134 ], [ 556610.773999999975786, 3035001.984000000171363 ], [ 556610.823999999905936, 3035001.734000000171363 ], [ 556610.873999999952503, 3035001.684000000357628 ], [ 556610.924, 3035001.334000000264496 ], [ 556611.073999999905936, 3035001.03400000045076 ], [ 556611.273999999975786, 3035000.78400000045076 ], [ 556611.273999999975786, 3035000.734000000171363 ], [ 556611.424, 3035000.584000000264496 ], [ 556611.424, 3035000.53400000045076 ], [ 556611.848999999929219, 3035000.209000000264496 ], [ 556612.799, 3035000.209000000264496 ] ] ] } },
{ "type": "Feature", "properties": { "unit_id": "c00044", "method": "watershed", "label": 44, "area_m2": 5.8662500000564615, "height_max_m": 2.0388898849487305, "height_mean_m": 1.2309504436554397, "canopy_cover": 0.98636557307200678, "volume_m3": 7.2226017281676116, "n_pixels": 2347, "data_coverage": 1.0, "vari_mean": 0.30286453851985712, "exg_mean": 0.3790293804816729, "gli_mean": 0.25420990034660995, "height_max_m_pct": 89.197530864197532, "height_mean_m_pct": 64.197530864197532, "volume_m3_pct": 77.46913580246914, "canopy_cover_pct": 17.283950617283949, "vari_mean_pct": 66.975308641975303, "exg_mean_pct": 68.827160493827151, "gli_mean_pct": 69.135802469135797 }, "geometry": { "type": "Polygon", "coordinates": [ [ [ 556658.648999999975786, 3034970.009 ], [ 556658.699000000022352, 3034970.059000000357628 ], [ 556659.324000000022352, 3034970.084000000264496 ], [ 556659.324000000022352, 3034970.134 ], [ 556659.523999999975786, 3034970.334000000264496 ], [ 556659.523999999975786, 3034970.434000000357628 ], [ 556659.574000000022352, 3034970.484000000171363 ], [ 556659.574000000022352, 3034970.734000000171363 ], [ 556659.623999999952503, 3034970.78400000045076 ], [ 556659.623999999952503, 3034970.984000000171363 ], [ 556659.674, 3034971.03400000045076 ], [ 556659.674, 3034971.28400000045076 ], [ 556659.623999999952503, 3034971.334000000264496 ], [ 556659.623999999952503, 3034971.484000000171363 ], [ 556659.574000000022352, 3034971.584000000264496 ], [ 556659.074000000022352, 3034972.134 ], [ 556659.023999999975786, 3034972.234000000171363 ], [ 556659.023999999975786, 3034972.384 ], [ 556658.974000000045635, 3034972.434000000357628 ], [ 556659.023999999975786, 3034972.78400000045076 ], [ 556659.074000000022352, 3034972.834000000264496 ], [ 556659.074000000022352, 3034972.934000000357628 ], [ 556659.174, 3034973.134 ], [ 556659.174, 3034973.384 ], [ 556659.123999999952503, 3034973.434000000357628 ], [ 556659.123999999952503, 3034973.53400000045076 ], [ 556659.074000000022352, 3034973.634 ], [ 556658.849000000045635, 3034973.859000000171363 ], [ 556658.748999999952503, 3034973.90900000045076 ], [ 556658.449000000022352, 3034973.90900000045076 ], [ 556658.248999999952503, 3034973.809000000357628 ], [ 556658.049, 3034973.609000000171363 ], [ 556657.849000000045635, 3034973.509 ], [ 556657.699000000022352, 3034973.509 ], [ 556657.599000000045635, 3034973.459000000264496 ], [ 556657.424, 3034973.28400000045076 ], [ 556657.373999999952503, 3034973.184000000357628 ], [ 556657.373999999952503, 3034973.03400000045076 ], [ 556657.599000000045635, 3034972.759 ], [ 556657.799, 3034972.65900000045076 ], [ 556658.123999999952503, 3034972.334000000264496 ], [ 556658.174, 3034972.234000000171363 ], [ 556658.174, 3034972.134 ], [ 556658.099000000045635, 3034972.009 ], [ 556657.849000000045635, 3034971.90900000045076 ], [ 556657.574000000022352, 3034971.634 ], [ 556657.474000000045635, 3034971.434000000357628 ], [ 556657.474000000045635, 3034971.234000000171363 ], [ 556657.523999999975786, 3034971.184000000357628 ], [ 556657.523999999975786, 3034971.084000000264496 ], [ 556657.623999999952503, 3034970.884 ], [ 556657.924, 3034970.484000000171363 ], [ 556657.924, 3034970.434000000357628 ], [ 556658.023999999975786, 3034970.334000000264496 ], [ 556658.148999999975786, 3034970.009 ], [ 556658.648999999975786, 3034970.009 ] ] ] } },
{ "type": "Feature", "properties": { "unit_id": "c00045", "method": "watershed", "label": 45, "area_m2": 8.6231250002773603, "height_max_m": 1.98590087890625, "height_mean_m": 1.2691938112370698, "canopy_cover": 0.99856856570283425, "volume_m3": 11.083234956657357, "n_pixels": 3493, "data_coverage": 1.0, "vari_mean": 0.20902776434481907, "exg_mean": 0.26166687244875347, "gli_mean": 0.17764728331312232, "height_max_m_pct": 85.493827160493822, "height_mean_m_pct": 73.148148148148152, "volume_m3_pct": 90.123456790123456, "canopy_cover_pct": 56.481481481481474, "vari_mean_pct": 10.802469135802468, "exg_mean_pct": 11.419753086419753, "gli_mean_pct": 11.111111111111111 }, "geometry": { "type": "Polygon", "coordinates": [ [ [ 556612.698999999905936, 3034918.859000000171363 ], [ 556612.898999999975786, 3034918.959000000264496 ], [ 556613.049, 3034918.959000000264496 ], [ 556613.098999999929219, 3034919.009 ], [ 556613.848999999929219, 3034919.009 ], [ 556613.973999999929219, 3034919.234000000171363 ], [ 556614.273999999975786, 3034919.53400000045076 ], [ 556614.273999999975786, 3034919.584000000264496 ], [ 556614.523999999975786, 3034919.834000000264496 ], [ 556614.573999999905936, 3034919.934000000357628 ], [ 556614.623999999952503, 3034920.234000000171363 ], [ 556614.674, 3034920.28400000045076 ], [ 556614.674, 3034920.684000000357628 ], [ 556614.549, 3034920.859000000171363 ], [ 556614.348999999929219, 3034920.959000000264496 ], [ 556614.198999999905936, 3034920.959000000264496 ], [ 556614.148999999975786, 3034921.009 ], [ 556613.898999999975786, 3034921.059000000357628 ], [ 556613.598999999929219, 3034921.209000000264496 ], [ 556613.448999999905936, 3034921.209000000264496 ], [ 556613.398999999975786, 3034921.259 ], [ 556612.998999999952503, 3034921.259 ], [ 556612.773999999975786, 3034921.434000000357628 ], [ 556612.823999999905936, 3034921.53400000045076 ], [ 556612.799, 3034921.559000000357628 ], [ 556612.498999999952503, 3034921.559000000357628 ], [ 556612.299, 3034921.65900000045076 ], [ 556612.148999999975786, 3034921.65900000045076 ], [ 556612.098999999929219, 3034921.709000000264496 ], [ 556611.299, 3034921.709000000264496 ], [ 556611.273999999975786, 3034921.584000000264496 ], [ 556611.223999999929219, 3034921.53400000045076 ], [ 556611.223999999929219, 3034921.434000000357628 ], [ 556611.174, 3034921.384 ], [ 556611.174, 3034921.28400000045076 ], [ 556611.123999999952503, 3034921.234000000171363 ], [ 556611.123999999952503, 3034921.134 ], [ 556611.023999999975786, 3034920.984000000171363 ], [ 556611.023999999975786, 3034920.78400000045076 ], [ 556610.973999999929219, 3034920.734000000171363 ], [ 556610.973999999929219, 3034920.434000000357628 ], [ 556610.924, 3034920.384 ], [ 556610.873999999952503, 3034920.084000000264496 ], [ 556610.823999999905936, 3034920.03400000045076 ], [ 556610.823999999905936, 3034919.884 ], [ 556610.773999999975786, 3034919.834000000264496 ], [ 556610.773999999975786, 3034919.53400000045076 ], [ 556610.924, 3034919.234000000171363 ], [ 556610.973999999929219, 3034918.984000000171363 ], [ 556611.049, 3034918.859000000171363 ], [ 556612.698999999905936, 3034918.859000000171363 ] ] ] } },
{ "type": "Feature", "properties": { "unit_id": "c00046", "method": "watershed", "label": 46, "area_m2": 5.3018749998332346, "height_max_m": 1.9576693773269653, "height_mean_m": 1.3373029597641675, "canopy_cover": 0.97596606974552313, "volume_m3": 7.0943922015678842, "n_pixels": 2122, "data_coverage": 1.0, "vari_mean": 0.29965386980198089, "exg_mean": 0.30469680948465033, "gli_mean": 0.20944822079555092, "height_max_m_pct": 82.407407407407405, "height_mean_m_pct": 87.345679012345684, "volume_m3_pct": 76.851851851851848, "canopy_cover_pct": 5.2469135802469129, "vari_mean_pct": 64.81481481481481, "exg_mean_pct": 29.629629629629626, "gli_mean_pct": 32.098765432098766 }, "geometry": { "type": "Polygon", "coordinates": [ [ [ 556621.448999999905936, 3034970.259 ], [ 556621.674, 3034970.684000000357628 ], [ 556621.723999999929219, 3034970.984000000171363 ], [ 556621.773999999975786, 3034971.03400000045076 ], [ 556621.773999999975786, 3034971.184000000357628 ], [ 556621.823999999905936, 3034971.234000000171363 ], [ 556621.823999999905936, 3034971.634 ], [ 556621.773999999975786, 3034971.684000000357628 ], [ 556621.773999999975786, 3034971.78400000045076 ], [ 556621.723999999929219, 3034971.884 ], [ 556621.448999999905936, 3034972.15900000045076 ], [ 556620.748999999952503, 3034972.509 ], [ 556620.398999999975786, 3034972.559000000357628 ], [ 556620.348999999929219, 3034972.509 ], [ 556620.198999999905936, 3034972.509 ], [ 556620.148999999975786, 3034972.459000000264496 ], [ 556619.648999999975786, 3034972.459000000264496 ], [ 556619.598999999929219, 3034972.40900000045076 ], [ 556619.348999999929219, 3034972.359000000171363 ], [ 556619.123999999952503, 3034972.134 ], [ 556618.973999999929219, 3034971.834000000264496 ], [ 556618.973999999929219, 3034971.734000000171363 ], [ 556618.924, 3034971.684000000357628 ], [ 556618.924, 3034971.28400000045076 ], [ 556619.123999999952503, 3034970.934000000357628 ], [ 556619.348999999929219, 3034970.65900000045076 ], [ 556619.398999999975786, 3034970.65900000045076 ], [ 556619.498999999952503, 3034970.559000000357628 ], [ 556619.898999999975786, 3034970.459000000264496 ], [ 556620.049, 3034970.309000000357628 ], [ 556621.448999999905936, 3034970.259 ] ] ] } },
{ "type": "Feature", "properties": { "unit_id": "c00047", "method": "watershed", "label": 47, "area_m2": 3.5768749997910341, "height_max_m": 1.9734174013137817, "height_mean_m": 1.3150070451581752, "canopy_cover": 0.97879858657243812, "volume_m3": 4.6518374222594874, "n_pixels": 1415, "data_coverage": 1.0, "vari_mean": 0.27667909763019838, "exg_mean": 0.31563672160014916, "gli_mean": 0.21409375008316339, "height_max_m_pct": 84.567901234567898, "height_mean_m_pct": 82.098765432098759, "volume_m3_pct": 62.037037037037038, "canopy_cover_pct": 7.4074074074074066, "vari_mean_pct": 48.76543209876543, "exg_mean_pct": 39.197530864197532, "gli_mean_pct": 38.888888888888893 }, "geometry": { "type": "Polygon", "coordinates": [ [ [ 556667.299, 3034938.40900000045076 ], [ 556667.373999999952503, 3034938.584000000264496 ], [ 556667.523999999975786, 3034938.78400000045076 ], [ 556667.523999999975786, 3034938.884 ], [ 556667.574000000022352, 3034938.934000000357628 ], [ 556667.574000000022352, 3034939.184000000357628 ], [ 556667.623999999952503, 3034939.234000000171363 ], [ 556667.623999999952503, 3034939.53400000045076 ], [ 556667.324000000022352, 3034940.134 ], [ 556667.324000000022352, 3034940.28400000045076 ], [ 556667.373999999952503, 3034940.384 ], [ 556666.849000000045635, 3034940.40900000045076 ], [ 556666.799, 3034940.459000000264496 ], [ 556666.299, 3034940.459000000264496 ], [ 556666.273999999975786, 3034940.334000000264496 ], [ 556666.148999999975786, 3034940.209000000264496 ], [ 556666.099000000045635, 3034940.209000000264496 ], [ 556665.998999999952503, 3034940.109000000171363 ], [ 556665.849000000045635, 3034940.059000000357628 ], [ 556665.699000000022352, 3034939.90900000045076 ], [ 556665.648999999975786, 3034939.90900000045076 ], [ 556665.424, 3034939.634 ], [ 556665.424, 3034939.484000000171363 ], [ 556665.373999999952503, 3034939.434000000357628 ], [ 556665.424, 3034939.03400000045076 ], [ 556665.523999999975786, 3034938.834000000264496 ], [ 556665.648999999975786, 3034938.709000000264496 ], [ 556665.849000000045635, 3034938.65900000045076 ], [ 556665.898999999975786, 3034938.609000000171363 ], [ 556666.099000000045635, 3034938.609000000171363 ], [ 556666.148999999975786, 3034938.559000000357628 ], [ 556666.248999999952503, 3034938.559000000357628 ], [ 556666.398999999975786, 3034938.40900000045076 ], [ 556667.299, 3034938.40900000045076 ] ] ] } },
{ "type": "Feature", "properties": { "unit_id": "c00048", "method": "watershed", "label": 48, "area_m2": 6.4193750001088477, "height_max_m": 1.9631732702255249, "height_mean_m": 1.3244716172219244, "canopy_cover": 1.0, "volume_m3": 8.5660201844057084, "n_pixels": 2587, "data_coverage": 1.0, "vari_mean": 0.19887513689433603, "exg_mean": 0.27969484664180955, "gli_mean": 0.18942630651287387, "height_max_m_pct": 83.333333333333343, "height_mean_m_pct": 84.567901234567898, "volume_m3_pct": 82.407407407407405, "canopy_cover_pct": 83.487654320987659, "vari_mean_pct": 9.2592592592592595, "exg_mean_pct": 18.827160493827162, "gli_mean_pct": 16.666666666666664 }, "geometry": { "type": "Polygon", "coordinates": [ [ [ 556613.498999999952503, 3035046.109000000171363 ], [ 556613.523999999975786, 3035046.334000000264496 ], [ 556613.623999999952503, 3035046.53400000045076 ], [ 556613.823999999905936, 3035046.78400000045076 ], [ 556613.823999999905936, 3035047.184000000357628 ], [ 556613.723999999929219, 3035047.384000000543892 ], [ 556613.723999999929219, 3035047.484000000171363 ], [ 556613.623999999952503, 3035047.584000000264496 ], [ 556613.623999999952503, 3035047.634000000543892 ], [ 556613.498999999952503, 3035047.759000000543892 ], [ 556613.448999999905936, 3035047.759000000543892 ], [ 556612.948999999905936, 3035048.259000000543892 ], [ 556612.748999999952503, 3035048.359000000171363 ], [ 556612.648999999975786, 3035048.359000000171363 ], [ 556612.598999999929219, 3035048.40900000045076 ], [ 556611.998999999952503, 3035048.459000000264496 ], [ 556611.799, 3035048.559000000357628 ], [ 556611.698999999905936, 3035048.559000000357628 ], [ 556611.648999999975786, 3035048.609000000171363 ], [ 556611.398999999975786, 3035048.609000000171363 ], [ 556611.299, 3035048.559000000357628 ], [ 556610.948999999905936, 3035048.209000000264496 ], [ 556610.648999999975786, 3035048.059000000357628 ], [ 556610.473999999929219, 3035047.884000000543892 ], [ 556610.424, 3035047.78400000045076 ], [ 556610.424, 3035047.634000000543892 ], [ 556610.473999999929219, 3035047.584000000264496 ], [ 556610.523999999975786, 3035047.334000000264496 ], [ 556610.573999999905936, 3035047.28400000045076 ], [ 556610.573999999905936, 3035046.634000000543892 ], [ 556610.523999999975786, 3035046.584000000264496 ], [ 556610.549, 3035046.40900000045076 ], [ 556611.748999999952503, 3035046.40900000045076 ], [ 556612.348999999929219, 3035046.109000000171363 ], [ 556613.498999999952503, 3035046.109000000171363 ] ] ] } },
{ "type": "Feature", "properties": { "unit_id": "c00049", "method": "watershed", "label": 49, "area_m2": 11.930625000208385, "height_max_m": 1.9751425981521606, "height_mean_m": 1.2451637366977093, "canopy_cover": 1.0, "volume_m3": 14.94507774975423, "n_pixels": 4801, "data_coverage": 1.0, "vari_mean": 0.19254977226535555, "exg_mean": 0.26547216575213922, "gli_mean": 0.18086894736134992, "height_max_m_pct": 84.876543209876544, "height_mean_m_pct": 68.518518518518519, "volume_m3_pct": 93.518518518518519, "canopy_cover_pct": 83.487654320987659, "vari_mean_pct": 6.481481481481481, "exg_mean_pct": 13.271604938271606, "gli_mean_pct": 12.037037037037036 }, "geometry": { "type": "Polygon", "coordinates": [ [ [ 556611.848999999929219, 3035038.90900000045076 ], [ 556611.898999999975786, 3035038.959000000264496 ], [ 556612.248999999952503, 3035038.959000000264496 ], [ 556612.299, 3035039.009000000543892 ], [ 556612.698999999905936, 3035039.059000000357628 ], [ 556613.598999999929219, 3035039.509000000543892 ], [ 556613.773999999975786, 3035039.734000000171363 ], [ 556613.773999999975786, 3035040.884000000543892 ], [ 556613.723999999929219, 3035040.984000000171363 ], [ 556613.273999999975786, 3035041.434000000357628 ], [ 556613.223999999929219, 3035041.53400000045076 ], [ 556613.223999999929219, 3035041.684000000357628 ], [ 556613.323999999905936, 3035041.834000000264496 ], [ 556613.323999999905936, 3035041.934000000357628 ], [ 556613.424, 3035042.134000000543892 ], [ 556613.424, 3035042.334000000264496 ], [ 556613.473999999929219, 3035042.384000000543892 ], [ 556613.473999999929219, 3035042.584000000264496 ], [ 556613.523999999975786, 3035042.634000000543892 ], [ 556613.523999999975786, 3035042.734000000171363 ], [ 556613.473999999929219, 3035042.78400000045076 ], [ 556613.473999999929219, 3035042.884000000543892 ], [ 556613.023999999975786, 3035043.334000000264496 ], [ 556612.948999999905936, 3035043.509000000543892 ], [ 556611.299, 3035043.509000000543892 ], [ 556611.273999999975786, 3035043.434000000357628 ], [ 556611.323999999905936, 3035043.384000000543892 ], [ 556611.323999999905936, 3035043.084000000264496 ], [ 556611.273999999975786, 3035042.984000000171363 ], [ 556611.073999999905936, 3035042.78400000045076 ], [ 556610.924, 3035042.484000000171363 ], [ 556610.823999999905936, 3035042.384000000543892 ], [ 556610.674, 3035042.084000000264496 ], [ 556610.623999999952503, 3035041.78400000045076 ], [ 556610.573999999905936, 3035041.734000000171363 ], [ 556610.573999999905936, 3035041.484000000171363 ], [ 556610.523999999975786, 3035041.434000000357628 ], [ 556610.523999999975786, 3035041.234000000171363 ], [ 556610.473999999929219, 3035041.184000000357628 ], [ 556610.473999999929219, 3035041.084000000264496 ], [ 556610.373999999952503, 3035040.884000000543892 ], [ 556610.373999999952503, 3035040.684000000357628 ], [ 556610.523999999975786, 3035040.434000000357628 ], [ 556610.523999999975786, 3035040.334000000264496 ], [ 556610.623999999952503, 3035040.184000000357628 ], [ 556610.674, 3035039.934000000357628 ], [ 556610.773999999975786, 3035039.734000000171363 ], [ 556611.098999999929219, 3035039.40900000045076 ], [ 556611.198999999905936, 3035039.359000000171363 ], [ 556611.424, 3035039.134000000543892 ], [ 556611.448999999905936, 3035039.059000000357628 ], [ 556611.498999999952503, 3035039.059000000357628 ], [ 556611.598999999929219, 3035038.959000000264496 ], [ 556611.848999999929219, 3035038.90900000045076 ] ] ] } },
{ "type": "Feature", "properties": { "unit_id": "c00050", "method": "watershed", "label": 50, "area_m2": 4.9949999998713608, "height_max_m": 1.964104175567627, "height_mean_m": 1.3951372845056362, "canopy_cover": 1.0, "volume_m3": 6.9582472064904719, "n_pixels": 1995, "data_coverage": 1.0, "vari_mean": 0.31912845327528261, "exg_mean": 0.44160855372998153, "gli_mean": 0.29136546096319033, "height_max_m_pct": 83.950617283950606, "height_mean_m_pct": 93.827160493827151, "volume_m3_pct": 75.308641975308646, "canopy_cover_pct": 83.487654320987659, "vari_mean_pct": 77.46913580246914, "exg_mean_pct": 88.888888888888886, "gli_mean_pct": 87.037037037037038 }, "geometry": { "type": "Polygon", "coordinates": [ [ [ 556635.748999999952503, 3034914.15900000045076 ], [ 556635.799, 3034914.209000000264496 ], [ 556635.949000000022352, 3034914.209000000264496 ], [ 556636.148999999975786, 3034914.309000000357628 ], [ 556636.248999999952503, 3034914.309000000357628 ], [ 556636.299, 3034914.359000000171363 ], [ 556636.598999999929219, 3034914.40900000045076 ], [ 556636.873999999952503, 3034914.684000000357628 ], [ 556637.023999999975786, 3034914.984000000171363 ], [ 556637.023999999975786, 3034915.134 ], [ 556637.074000000022352, 3034915.184000000357628 ], [ 556637.023999999975786, 3034916.28400000045076 ], [ 556636.973999999929219, 3034916.334000000264496 ], [ 556636.973999999929219, 3034916.434000000357628 ], [ 556636.824000000022352, 3034916.684000000357628 ], [ 556636.799, 3034916.809000000357628 ], [ 556635.949000000022352, 3034916.809000000357628 ], [ 556635.898999999975786, 3034916.759 ], [ 556635.299, 3034916.759 ], [ 556635.273999999975786, 3034916.334000000264496 ], [ 556635.023999999975786, 3034915.984000000171363 ], [ 556634.824000000022352, 3034915.53400000045076 ], [ 556634.674, 3034915.334000000264496 ], [ 556634.674, 3034915.234000000171363 ], [ 556634.623999999952503, 3034915.184000000357628 ], [ 556634.674, 3034914.934000000357628 ], [ 556634.873999999952503, 3034914.734000000171363 ], [ 556634.873999999952503, 3034914.684000000357628 ], [ 556635.023999999975786, 3034914.53400000045076 ], [ 556635.023999999975786, 3034914.484000000171363 ], [ 556635.248999999952503, 3034914.259 ], [ 556635.449000000022352, 3034914.15900000045076 ], [ 556635.748999999952503, 3034914.15900000045076 ] ] ] } },
{ "type": "Feature", "properties": { "unit_id": "c00051", "method": "watershed", "label": 51, "area_m2": 11.902499999700522, "height_max_m": 1.9638259410858154, "height_mean_m": 1.3949632540001404, "canopy_cover": 0.99621610258566329, "volume_m3": 16.589600498241044, "n_pixels": 4757, "data_coverage": 1.0, "vari_mean": 0.2473719531504282, "exg_mean": 0.3186738301424013, "gli_mean": 0.21548480155907149, "height_max_m_pct": 83.641975308641975, "height_mean_m_pct": 93.518518518518519, "volume_m3_pct": 94.444444444444443, "canopy_cover_pct": 44.444444444444443, "vari_mean_pct": 28.086419753086421, "exg_mean_pct": 42.592592592592595, "gli_mean_pct": 40.432098765432102 }, "geometry": { "type": "Polygon", "coordinates": [ [ [ 556627.498999999952503, 3035038.759000000543892 ], [ 556627.549, 3035038.809000000357628 ], [ 556627.699000000022352, 3035038.809000000357628 ], [ 556628.598999999929219, 3035039.259000000543892 ], [ 556628.924, 3035039.634000000543892 ], [ 556628.924, 3035039.684000000357628 ], [ 556629.023999999975786, 3035039.78400000045076 ], [ 556629.223999999929219, 3035040.134000000543892 ], [ 556629.223999999929219, 3035040.434000000357628 ], [ 556629.174, 3035040.484000000171363 ], [ 556629.174, 3035040.634000000543892 ], [ 556629.123999999952503, 3035040.684000000357628 ], [ 556629.123999999952503, 3035040.984000000171363 ], [ 556629.074000000022352, 3035041.03400000045076 ], [ 556629.074000000022352, 3035041.134000000543892 ], [ 556628.748999999952503, 3035041.459000000264496 ], [ 556628.699000000022352, 3035041.459000000264496 ], [ 556628.623999999952503, 3035041.584000000264496 ], [ 556628.623999999952503, 3035041.834000000264496 ], [ 556628.873999999952503, 3035042.28400000045076 ], [ 556628.873999999952503, 3035042.434000000357628 ], [ 556628.924, 3035042.484000000171363 ], [ 556628.873999999952503, 3035042.584000000264496 ], [ 556628.873999999952503, 3035042.734000000171363 ], [ 556628.773999999975786, 3035042.834000000264496 ], [ 556628.723999999929219, 3035042.984000000171363 ], [ 556628.523999999975786, 3035043.184000000357628 ], [ 556628.523999999975786, 3035043.234000000171363 ], [ 556628.223999999929219, 3035043.53400000045076 ], [ 556628.199000000022352, 3035043.759000000543892 ], [ 556626.773999999975786, 3035043.734000000171363 ], [ 556626.723999999929219, 3035043.584000000264496 ], [ 556626.523999999975786, 3035043.334000000264496 ], [ 556626.424, 3035043.134000000543892 ], [ 556626.424, 3035042.984000000171363 ], [ 556626.373999999952503, 3035042.934000000357628 ], [ 556626.373999999952503, 3035042.234000000171363 ], [ 556626.424, 3035042.184000000357628 ], [ 556626.473999999929219, 3035041.584000000264496 ], [ 556626.424, 3035041.53400000045076 ], [ 556626.373999999952503, 3035041.234000000171363 ], [ 556626.223999999929219, 3035041.03400000045076 ], [ 556626.023999999975786, 3035040.634000000543892 ], [ 556626.023999999975786, 3035040.484000000171363 ], [ 556625.973999999929219, 3035040.434000000357628 ], [ 556625.973999999929219, 3035040.03400000045076 ], [ 556626.023999999975786, 3035039.984000000171363 ], [ 556626.023999999975786, 3035039.884000000543892 ], [ 556626.123999999952503, 3035039.684000000357628 ], [ 556626.549, 3035039.259000000543892 ], [ 556626.598999999929219, 3035039.259000000543892 ], [ 556626.748999999952503, 3035039.109000000171363 ], [ 556626.799, 3035039.109000000171363 ], [ 556626.998999999952503, 3035038.90900000045076 ], [ 556627.199000000022352, 3035038.809000000357628 ], [ 556627.498999999952503, 3035038.759000000543892 ] ] ] } },
{ "type": "Feature", "properties": { "unit_id": "c00052", "method": "watershed", "label": 52, "area_m2": 5.5081249999831199, "height_max_m": 1.9559848308563232, "height_mean_m": 1.323287596374066, "canopy_cover": 0.9778880866425993, "volume_m3": 7.3310132839319344, "n_pixels": 2216, "data_coverage": 1.0, "vari_mean": 0.2800880310411149, "exg_mean": 0.33115702814174847, "gli_mean": 0.22517198435892186, "height_max_m_pct": 82.098765432098759, "height_mean_m_pct": 84.259259259259252, "volume_m3_pct": 78.086419753086417, "canopy_cover_pct": 6.481481481481481, "vari_mean_pct": 52.469135802469133, "exg_mean_pct": 48.76543209876543, "gli_mean_pct": 49.382716049382715 }, "geometry": { "type": "Polygon", "coordinates": [ [ [ 556619.998999999952503, 3035034.059000000357628 ], [ 556620.049, 3035034.109000000171363 ], [ 556620.299, 3035034.15900000045076 ], [ 556620.598999999929219, 3035034.309000000357628 ], [ 556621.123999999952503, 3035034.834000000264496 ], [ 556621.123999999952503, 3035034.884000000543892 ], [ 556621.273999999975786, 3035035.03400000045076 ], [ 556621.373999999952503, 3035035.234000000171363 ], [ 556621.373999999952503, 3035035.334000000264496 ], [ 556621.424, 3035035.384000000543892 ], [ 556621.424, 3035035.684000000357628 ], [ 556621.373999999952503, 3035035.734000000171363 ], [ 556621.373999999952503, 3035035.934000000357628 ], [ 556621.323999999905936, 3035035.984000000171363 ], [ 556621.323999999905936, 3035036.184000000357628 ], [ 556621.198999999905936, 3035036.40900000045076 ], [ 556620.998999999952503, 3035036.509000000543892 ], [ 556620.848999999929219, 3035036.509000000543892 ], [ 556620.648999999975786, 3035036.40900000045076 ], [ 556620.549, 3035036.40900000045076 ], [ 556620.498999999952503, 3035036.359000000171363 ], [ 556620.049, 3035036.40900000045076 ], [ 556619.998999999952503, 3035036.459000000264496 ], [ 556619.398999999975786, 3035036.459000000264496 ], [ 556619.373999999952503, 3035036.334000000264496 ], [ 556619.148999999975786, 3035036.109000000171363 ], [ 556618.698999999905936, 3035035.90900000045076 ], [ 556618.573999999905936, 3035035.78400000045076 ], [ 556618.473999999929219, 3035035.584000000264496 ], [ 556618.473999999929219, 3035035.28400000045076 ], [ 556618.823999999905936, 3035034.53400000045076 ], [ 556618.848999999929219, 3035034.15900000045076 ], [ 556619.549, 3035034.15900000045076 ], [ 556619.598999999929219, 3035034.109000000171363 ], [ 556619.848999999929219, 3035034.109000000171363 ], [ 556619.898999999975786, 3035034.059000000357628 ], [ 556619.998999999952503, 3035034.059000000357628 ] ] ] } },
{ "type": "Feature", "properties": { "unit_id": "c00053", "method": "watershed", "label": 53, "area_m2": 3.6837499998780552, "height_max_m": 2.1182336807250977, "height_mean_m": 1.1573765337810911, "canopy_cover": 0.99932157394843957, "volume_m3": 4.2649325269947287, "n_pixels": 1474, "data_coverage": 1.0, "vari_mean": 0.30266564608111357, "exg_mean": 0.33803237762046012, "gli_mean": 0.23110036636389081, "height_max_m_pct": 93.518518518518519, "height_mean_m_pct": 46.913580246913575, "volume_m3_pct": 56.481481481481474, "canopy_cover_pct": 62.962962962962962, "vari_mean_pct": 66.666666666666657, "exg_mean_pct": 53.703703703703709, "gli_mean_pct": 55.864197530864203 }, "geometry": { "type": "Polygon", "coordinates": [ [ [ 556620.198999999905936, 3034985.559000000357628 ], [ 556620.698999999905936, 3034985.809000000357628 ], [ 556620.973999999929219, 3034986.084000000264496 ], [ 556621.023999999975786, 3034986.184000000357628 ], [ 556621.023999999975786, 3034986.384 ], [ 556621.073999999905936, 3034986.434000000357628 ], [ 556621.073999999905936, 3034986.53400000045076 ], [ 556621.023999999975786, 3034986.584000000264496 ], [ 556621.023999999975786, 3034987.084000000264496 ], [ 556620.924, 3034987.184000000357628 ], [ 556620.924, 3034987.234000000171363 ], [ 556620.748999999952503, 3034987.359000000171363 ], [ 556620.498999999952503, 3034987.40900000045076 ], [ 556620.299, 3034987.509 ], [ 556620.148999999975786, 3034987.709000000264496 ], [ 556619.848999999929219, 3034987.709000000264496 ], [ 556619.799, 3034987.759 ], [ 556619.398999999975786, 3034987.759 ], [ 556618.973999999929219, 3034987.384 ], [ 556618.873999999952503, 3034987.184000000357628 ], [ 556618.823999999905936, 3034986.884 ], [ 556618.773999999975786, 3034986.834000000264496 ], [ 556618.823999999905936, 3034986.484000000171363 ], [ 556618.873999999952503, 3034986.384 ], [ 556619.198999999905936, 3034986.059000000357628 ], [ 556619.348999999929219, 3034986.009 ], [ 556619.748999999952503, 3034985.709000000264496 ], [ 556619.948999999905936, 3034985.609000000171363 ], [ 556620.049, 3034985.609000000171363 ], [ 556620.098999999929219, 3034985.559000000357628 ], [ 556620.198999999905936, 3034985.559000000357628 ] ] ] } },
{ "type": "Feature", "properties": { "unit_id": "c00054", "method": "watershed", "label": 54, "area_m2": 3.3925000000631553, "height_max_m": 1.9755927324295044, "height_mean_m": 1.3970595751484425, "canopy_cover": 0.98748159057437412, "volume_m3": 4.7430172576416494, "n_pixels": 1358, "data_coverage": 1.0, "vari_mean": 0.4204135025960074, "exg_mean": 0.54914975052263459, "gli_mean": 0.34609446099733709, "height_max_m_pct": 85.18518518518519, "height_mean_m_pct": 94.135802469135797, "volume_m3_pct": 62.962962962962962, "canopy_cover_pct": 18.209876543209877, "vari_mean_pct": 100.0, "exg_mean_pct": 99.382716049382708, "gli_mean_pct": 98.148148148148152 }, "geometry": { "type": "Polygon", "coordinates": [ [ [ 556666.148999999975786, 3034963.859000000171363 ], [ 556666.199000000022352, 3034963.90900000045076 ], [ 556666.498999999952503, 3034963.959000000264496 ], [ 556666.599000000045635, 3034964.059000000357628 ], [ 556666.648999999975786, 3034964.059000000357628 ], [ 556666.924, 3034964.334000000264496 ], [ 556666.974000000045635, 3034964.484000000171363 ], [ 556667.074000000022352, 3034964.584000000264496 ], [ 556667.174, 3034964.78400000045076 ], [ 556667.174, 3034964.884 ], [ 556667.224000000045635, 3034964.934000000357628 ], [ 556667.224000000045635, 3034965.334000000264496 ], [ 556666.974000000045635, 3034965.834000000264496 ], [ 556666.898999999975786, 3034965.90900000045076 ], [ 556666.498999999952503, 3034965.90900000045076 ], [ 556666.449000000022352, 3034965.959000000264496 ], [ 556665.849000000045635, 3034965.959000000264496 ], [ 556665.773999999975786, 3034965.78400000045076 ], [ 556665.324000000022352, 3034965.384 ], [ 556665.123999999952503, 3034965.03400000045076 ], [ 556665.123999999952503, 3034964.934000000357628 ], [ 556665.074000000022352, 3034964.884 ], [ 556665.074000000022352, 3034964.53400000045076 ], [ 556665.174, 3034964.334000000264496 ], [ 556665.299, 3034964.209000000264496 ], [ 556665.498999999952503, 3034964.109000000171363 ], [ 556665.599000000045635, 3034964.109000000171363 ], [ 556665.949000000022352, 3034963.90900000045076 ], [ 556666.148999999975786, 3034963.859000000171363 ] ] ] } },
{ "type": "Feature", "properties": { "unit_id": "c00055", "method": "watershed", "label": 55, "area_m2": 7.4606250000576262, "height_max_m": 2.030045747756958, "height_mean_m": 1.179648749520368, "canopy_cover": 1.0, "volume_m3": 8.8355691339311893, "n_pixels": 2996, "data_coverage": 1.0, "vari_mean": 0.2214331343466012, "exg_mean": 0.28134459864745864, "gli_mean": 0.19161315108112997, "height_max_m_pct": 87.962962962962962, "height_mean_m_pct": 53.395061728395063, "volume_m3_pct": 83.950617283950606, "canopy_cover_pct": 83.487654320987659, "vari_mean_pct": 13.580246913580247, "exg_mean_pct": 19.444444444444446, "gli_mean_pct": 18.827160493827162 }, "geometry": { "type": "Polygon", "coordinates": [ [ [ 556612.748999999952503, 3034913.90900000045076 ], [ 556612.799, 3034913.959000000264496 ], [ 556612.998999999952503, 3034913.959000000264496 ], [ 556613.198999999905936, 3034914.059000000357628 ], [ 556613.299, 3034914.059000000357628 ], [ 556613.348999999929219, 3034914.109000000171363 ], [ 556613.448999999905936, 3034914.109000000171363 ], [ 556613.948999999905936, 3034914.359000000171363 ], [ 556614.273999999975786, 3034914.634 ], [ 556614.273999999975786, 3034914.734000000171363 ], [ 556614.223999999929219, 3034914.78400000045076 ], [ 556614.223999999929219, 3034915.134 ], [ 556614.174, 3034915.184000000357628 ], [ 556614.223999999929219, 3034915.234000000171363 ], [ 556614.223999999929219, 3034915.334000000264496 ], [ 556614.174, 3034915.384 ], [ 556614.174, 3034915.884 ], [ 556614.123999999952503, 3034915.934000000357628 ], [ 556614.123999999952503, 3034916.084000000264496 ], [ 556613.973999999929219, 3034916.334000000264496 ], [ 556613.973999999929219, 3034916.484000000171363 ], [ 556613.049, 3034916.509 ], [ 556612.998999999952503, 3034916.559000000357628 ], [ 556610.848999999929219, 3034916.559000000357628 ], [ 556610.823999999905936, 3034915.884 ], [ 556610.873999999952503, 3034915.834000000264496 ], [ 556610.924, 3034915.28400000045076 ], [ 556611.123999999952503, 3034914.884 ], [ 556611.398999999975786, 3034914.559000000357628 ], [ 556611.448999999905936, 3034914.559000000357628 ], [ 556611.598999999929219, 3034914.40900000045076 ], [ 556611.648999999975786, 3034914.40900000045076 ], [ 556612.148999999975786, 3034914.009 ], [ 556612.348999999929219, 3034913.959000000264496 ], [ 556612.398999999975786, 3034913.90900000045076 ], [ 556612.748999999952503, 3034913.90900000045076 ] ] ] } },
{ "type": "Feature", "properties": { "unit_id": "c00056", "method": "watershed", "label": 56, "area_m2": 4.7856249998524438, "height_max_m": 1.9719234704971313, "height_mean_m": 1.1374375069032232, "canopy_cover": 0.99426485922836283, "volume_m3": 5.4540128456155434, "n_pixels": 1918, "data_coverage": 1.0, "vari_mean": 0.251673790164748, "exg_mean": 0.30520895718166219, "gli_mean": 0.20772026135532679, "height_max_m_pct": 84.259259259259252, "height_mean_m_pct": 43.209876543209873, "volume_m3_pct": 68.827160493827151, "canopy_cover_pct": 33.950617283950621, "vari_mean_pct": 30.555555555555557, "exg_mean_pct": 29.938271604938272, "gli_mean_pct": 29.629629629629626 }, "geometry": { "type": "Polygon", "coordinates": [ [ [ 556666.199000000022352, 3035003.059000000357628 ], [ 556666.248999999952503, 3035003.109000000171363 ], [ 556666.599000000045635, 3035003.109000000171363 ], [ 556666.699000000022352, 3035003.15900000045076 ], [ 556666.873999999952503, 3035003.334000000264496 ], [ 556666.924, 3035003.53400000045076 ], [ 556666.974000000045635, 3035003.584000000264496 ], [ 556666.974000000045635, 3035003.834000000264496 ], [ 556666.924, 3035003.884 ], [ 556666.924, 3035003.984000000171363 ], [ 556666.623999999952503, 3035004.334000000264496 ], [ 556666.623999999952503, 3035004.634 ], [ 556666.873999999952503, 3035005.03400000045076 ], [ 556666.873999999952503, 3035005.434000000357628 ], [ 556666.824000000022352, 3035005.484000000171363 ], [ 556666.773999999975786, 3035005.734000000171363 ], [ 556666.623999999952503, 3035006.03400000045076 ], [ 556666.398999999975786, 3035006.259 ], [ 556666.199000000022352, 3035006.309000000357628 ], [ 556666.148999999975786, 3035006.359000000171363 ], [ 556665.799, 3035006.359000000171363 ], [ 556665.498999999952503, 3035006.209000000264496 ], [ 556665.273999999975786, 3035005.984000000171363 ], [ 556665.174, 3035005.78400000045076 ], [ 556665.074000000022352, 3035005.684000000357628 ], [ 556664.924, 3035005.384 ], [ 556664.924, 3035005.03400000045076 ], [ 556665.199000000022352, 3035004.759 ], [ 556665.398999999975786, 3035004.65900000045076 ], [ 556665.523999999975786, 3035004.484000000171363 ], [ 556665.523999999975786, 3035004.234000000171363 ], [ 556665.324000000022352, 3035003.834000000264496 ], [ 556665.324000000022352, 3035003.634 ], [ 556665.373999999952503, 3035003.584000000264496 ], [ 556665.424, 3035003.384 ], [ 556665.648999999975786, 3035003.15900000045076 ], [ 556665.748999999952503, 3035003.109000000171363 ], [ 556665.849000000045635, 3035003.109000000171363 ], [ 556665.898999999975786, 3035003.059000000357628 ], [ 556666.199000000022352, 3035003.059000000357628 ] ] ] } },
{ "type": "Feature", "properties": { "unit_id": "c00057", "method": "watershed", "label": 57, "area_m2": 4.7731249998480783, "height_max_m": 1.9585692882537842, "height_mean_m": 1.3247888377663226, "canopy_cover": 0.99842849659507593, "volume_m3": 6.3225547282566863, "n_pixels": 1909, "data_coverage": 1.0, "vari_mean": 0.26477023409951844, "exg_mean": 0.29740391374462549, "gli_mean": 0.20413344523738583, "height_max_m_pct": 82.716049382716051, "height_mean_m_pct": 85.18518518518519, "volume_m3_pct": 71.604938271604937, "canopy_cover_pct": 55.864197530864203, "vari_mean_pct": 39.506172839506171, "exg_mean_pct": 27.469135802469136, "gli_mean_pct": 28.086419753086421 }, "geometry": { "type": "Polygon", "coordinates": [ [ [ 556621.049, 3034933.709000000264496 ], [ 556621.123999999952503, 3034933.984000000171363 ], [ 556621.373999999952503, 3034934.234000000171363 ], [ 556621.573999999905936, 3034934.584000000264496 ], [ 556621.573999999905936, 3034934.734000000171363 ], [ 556621.623999999952503, 3034934.78400000045076 ], [ 556621.623999999952503, 3034935.03400000045076 ], [ 556621.573999999905936, 3034935.084000000264496 ], [ 556621.573999999905936, 3034935.334000000264496 ], [ 556621.523999999975786, 3034935.384 ], [ 556621.523999999975786, 3034935.53400000045076 ], [ 556621.323999999905936, 3034935.884 ], [ 556621.299, 3034936.109000000171363 ], [ 556620.248999999952503, 3034936.109000000171363 ], [ 556619.948999999905936, 3034935.759 ], [ 556619.799, 3034935.709000000264496 ], [ 556619.698999999905936, 3034935.609000000171363 ], [ 556619.498999999952503, 3034935.509 ], [ 556619.123999999952503, 3034935.134 ], [ 556619.073999999905936, 3034934.934000000357628 ], [ 556619.023999999975786, 3034934.884 ], [ 556619.023999999975786, 3034934.78400000045076 ], [ 556619.073999999905936, 3034934.734000000171363 ], [ 556619.123999999952503, 3034934.484000000171363 ], [ 556619.323999999905936, 3034934.134 ], [ 556619.799, 3034933.709000000264496 ], [ 556621.049, 3034933.709000000264496 ] ] ] } },
{ "type": "Feature", "properties": { "unit_id": "c00058", "method": "watershed", "label": 58, "area_m2": 7.4987500000136791, "height_max_m": 1.9589157104492188, "height_mean_m": 1.0996060614006293, "canopy_cover": 0.99568679495686796, "volume_m3": 8.285531672675905, "n_pixels": 3014, "data_coverage": 1.0, "vari_mean": 0.31514291587924104, "exg_mean": 0.3397804933878823, "gli_mean": 0.23055427966923456, "height_max_m_pct": 83.024691358024697, "height_mean_m_pct": 34.876543209876544, "volume_m3_pct": 81.481481481481481, "canopy_cover_pct": 41.358024691358025, "vari_mean_pct": 75.308641975308646, "exg_mean_pct": 54.938271604938272, "gli_mean_pct": 55.246913580246911 }, "geometry": { "type": "Polygon", "coordinates": [ [ [ 556620.549, 3034953.90900000045076 ], [ 556620.598999999929219, 3034953.959000000264496 ], [ 556620.799, 3034954.009 ], [ 556621.023999999975786, 3034954.28400000045076 ], [ 556621.023999999975786, 3034954.584000000264496 ], [ 556620.973999999929219, 3034954.634 ], [ 556620.973999999929219, 3034954.734000000171363 ], [ 556620.873999999952503, 3034954.934000000357628 ], [ 556620.799, 3034955.009 ], [ 556620.748999999952503, 3034954.959000000264496 ], [ 556620.648999999975786, 3034954.959000000264496 ], [ 556620.573999999905936, 3034955.03400000045076 ], [ 556620.573999999905936, 3034955.084000000264496 ], [ 556620.723999999929219, 3034955.184000000357628 ], [ 556620.823999999905936, 3034955.484000000171363 ], [ 556621.148999999975786, 3034955.809000000357628 ], [ 556621.198999999905936, 3034955.809000000357628 ], [ 556621.373999999952503, 3034956.03400000045076 ], [ 556621.424, 3034956.134 ], [ 556621.424, 3034956.434000000357628 ], [ 556621.473999999929219, 3034956.484000000171363 ], [ 556621.473999999929219, 3034956.684000000357628 ], [ 556621.573999999905936, 3034956.884 ], [ 556621.623999999952503, 3034957.134 ], [ 556621.573999999905936, 3034957.184000000357628 ], [ 556621.573999999905936, 3034957.28400000045076 ], [ 556621.448999999905936, 3034957.40900000045076 ], [ 556621.248999999952503, 3034957.459000000264496 ], [ 556621.098999999929219, 3034957.559000000357628 ], [ 556620.998999999952503, 3034957.559000000357628 ], [ 556620.748999999952503, 3034957.709000000264496 ], [ 556620.549, 3034957.709000000264496 ], [ 556620.398999999975786, 3034957.609000000171363 ], [ 556620.299, 3034957.609000000171363 ], [ 556620.098999999929219, 3034957.809000000357628 ], [ 556619.898999999975786, 3034957.90900000045076 ], [ 556619.799, 3034957.90900000045076 ], [ 556619.748999999952503, 3034957.959000000264496 ], [ 556619.398999999975786, 3034957.959000000264496 ], [ 556619.348999999929219, 3034957.90900000045076 ], [ 556619.148999999975786, 3034957.859000000171363 ], [ 556618.924, 3034957.684000000357628 ], [ 556618.924, 3034957.634 ], [ 556618.773999999975786, 3034957.484000000171363 ], [ 556618.623999999952503, 3034957.184000000357628 ], [ 556618.623999999952503, 3034957.03400000045076 ], [ 556618.573999999905936, 3034956.984000000171363 ], [ 556618.573999999905936, 3034956.584000000264496 ], [ 556618.623999999952503, 3034956.53400000045076 ], [ 556618.623999999952503, 3034956.384 ], [ 556618.748999999952503, 3034956.209000000264496 ], [ 556618.998999999952503, 3034956.109000000171363 ], [ 556619.174, 3034955.934000000357628 ], [ 556619.273999999975786, 3034955.734000000171363 ], [ 556619.674, 3034955.28400000045076 ], [ 556619.723999999929219, 3034955.184000000357628 ], [ 556619.723999999929219, 3034954.334000000264496 ], [ 556619.773999999975786, 3034954.234000000171363 ], [ 556619.998999999952503, 3034954.009 ], [ 556620.198999999905936, 3034953.90900000045076 ], [ 556620.549, 3034953.90900000045076 ] ] ] } },
{ "type": "Feature", "properties": { "unit_id": "c00059", "method": "watershed", "label": 59, "area_m2": 8.580624999943538, "height_max_m": 1.9488216638565063, "height_mean_m": 1.17844690182603, "canopy_cover": 1.0, "volume_m3": 10.037421486330059, "n_pixels": 3407, "data_coverage": 1.0, "vari_mean": 0.25596581767718846, "exg_mean": 0.34066485153122728, "gli_mean": 0.23012891043552069, "height_max_m_pct": 81.481481481481481, "height_mean_m_pct": 53.086419753086425, "volume_m3_pct": 87.345679012345684, "canopy_cover_pct": 83.487654320987659, "vari_mean_pct": 33.333333333333329, "exg_mean_pct": 55.555555555555557, "gli_mean_pct": 54.320987654320987 }, "geometry": { "type": "Polygon", "coordinates": [ [ [ 556627.648999999975786, 3035005.40900000045076 ], [ 556627.699000000022352, 3035005.459000000264496 ], [ 556627.898999999975786, 3035005.509 ], [ 556628.148999999975786, 3035005.759 ], [ 556628.199000000022352, 3035005.759 ], [ 556628.348999999929219, 3035005.90900000045076 ], [ 556628.398999999975786, 3035005.90900000045076 ], [ 556628.623999999952503, 3035006.184000000357628 ], [ 556628.574000000022352, 3035006.484000000171363 ], [ 556628.473999999929219, 3035006.584000000264496 ], [ 556628.324000000022352, 3035006.884 ], [ 556628.324000000022352, 3035007.03400000045076 ], [ 556628.373999999952503, 3035007.084000000264496 ], [ 556628.424, 3035007.28400000045076 ], [ 556628.873999999952503, 3035007.78400000045076 ], [ 556628.924, 3035007.884 ], [ 556628.924, 3035008.03400000045076 ], [ 556628.973999999929219, 3035008.084000000264496 ], [ 556628.973999999929219, 3035008.384 ], [ 556628.824000000022352, 3035008.684000000357628 ], [ 556628.273999999975786, 3035009.28400000045076 ], [ 556628.174, 3035009.484000000171363 ], [ 556628.148999999975786, 3035009.65900000045076 ], [ 556627.848999999929219, 3035009.65900000045076 ], [ 556627.799, 3035009.709000000264496 ], [ 556627.498999999952503, 3035009.709000000264496 ], [ 556627.449000000022352, 3035009.759 ], [ 556626.498999999952503, 3035009.759 ], [ 556626.473999999929219, 3035009.684000000357628 ], [ 556626.674, 3035009.434000000357628 ], [ 556626.674, 3035009.184000000357628 ], [ 556626.424, 3035008.834000000264496 ], [ 556626.273999999975786, 3035008.53400000045076 ], [ 556626.223999999929219, 3035008.234000000171363 ], [ 556626.174, 3035008.184000000357628 ], [ 556626.174, 3035007.984000000171363 ], [ 556626.123999999952503, 3035007.934000000357628 ], [ 556626.174, 3035007.884 ], [ 556626.174, 3035007.684000000357628 ], [ 556626.273999999975786, 3035007.484000000171363 ], [ 556626.473999999929219, 3035007.234000000171363 ], [ 556626.473999999929219, 3035007.184000000357628 ], [ 556626.674, 3035006.984000000171363 ], [ 556626.773999999975786, 3035006.78400000045076 ], [ 556626.773999999975786, 3035006.584000000264496 ], [ 556626.723999999929219, 3035006.53400000045076 ], [ 556626.723999999929219, 3035006.434000000357628 ], [ 556626.574000000022352, 3035006.234000000171363 ], [ 556626.574000000022352, 3035005.934000000357628 ], [ 556626.748999999952503, 3035005.759 ], [ 556627.348999999929219, 3035005.459000000264496 ], [ 556627.648999999975786, 3035005.40900000045076 ] ] ] } },
{ "type": "Feature", "properties": { "unit_id": "c00060", "method": "watershed", "label": 60, "area_m2": 6.2587499999813732, "height_max_m": 1.9219027757644653, "height_mean_m": 1.3169294136067786, "canopy_cover": 0.99720781810929393, "volume_m3": 8.2538550998025624, "n_pixels": 2507, "data_coverage": 1.0, "vari_mean": 0.25499124102847248, "exg_mean": 0.2685700069384821, "gli_mean": 0.18513045130861849, "height_max_m_pct": 79.320987654320987, "height_mean_m_pct": 83.333333333333343, "volume_m3_pct": 81.172839506172849, "canopy_cover_pct": 48.148148148148145, "vari_mean_pct": 31.481481481481481, "exg_mean_pct": 13.888888888888889, "gli_mean_pct": 14.19753086419753 }, "geometry": { "type": "Polygon", "coordinates": [ [ [ 556619.648999999975786, 3034941.109000000171363 ], [ 556619.848999999929219, 3034941.209000000264496 ], [ 556620.748999999952503, 3034941.209000000264496 ], [ 556620.799, 3034941.15900000045076 ], [ 556621.299, 3034941.15900000045076 ], [ 556621.498999999952503, 3034941.359000000171363 ], [ 556621.549, 3034941.359000000171363 ], [ 556621.773999999975786, 3034941.634 ], [ 556621.773999999975786, 3034941.734000000171363 ], [ 556621.823999999905936, 3034941.78400000045076 ], [ 556621.823999999905936, 3034942.084000000264496 ], [ 556621.873999999952503, 3034942.134 ], [ 556621.873999999952503, 3034942.384 ], [ 556621.924, 3034942.434000000357628 ], [ 556621.873999999952503, 3034942.734000000171363 ], [ 556621.723999999929219, 3034943.03400000045076 ], [ 556621.448999999905936, 3034943.259 ], [ 556621.248999999952503, 3034943.359000000171363 ], [ 556621.148999999975786, 3034943.359000000171363 ], [ 556621.098999999929219, 3034943.40900000045076 ], [ 556620.848999999929219, 3034943.40900000045076 ], [ 556620.799, 3034943.459000000264496 ], [ 556620.299, 3034943.459000000264496 ], [ 556620.248999999952503, 3034943.40900000045076 ], [ 556619.848999999929219, 3034943.359000000171363 ], [ 556619.648999999975786, 3034943.259 ], [ 556619.348999999929219, 3034943.009 ], [ 556618.998999999952503, 3034942.859000000171363 ], [ 556618.723999999929219, 3034942.584000000264496 ], [ 556618.573999999905936, 3034942.28400000045076 ], [ 556618.573999999905936, 3034941.884 ], [ 556619.023999999975786, 3034941.334000000264496 ], [ 556619.073999999905936, 3034941.184000000357628 ], [ 556619.148999999975786, 3034941.109000000171363 ], [ 556619.648999999975786, 3034941.109000000171363 ] ] ] } },
{ "type": "Feature", "properties": { "unit_id": "c00061", "method": "watershed", "label": 61, "area_m2": 6.3231250001260202, "height_max_m": 1.9510306119918823, "height_mean_m": 1.4725404012271215, "canopy_cover": 0.9964594807238395, "volume_m3": 9.3579942498233883, "n_pixels": 2542, "data_coverage": 1.0, "vari_mean": 0.25046753903019842, "exg_mean": 0.33883410890032839, "gli_mean": 0.22936641604923794, "height_max_m_pct": 81.790123456790127, "height_mean_m_pct": 97.222222222222214, "volume_m3_pct": 85.18518518518519, "canopy_cover_pct": 45.679012345679013, "vari_mean_pct": 29.629629629629626, "exg_mean_pct": 54.629629629629626, "gli_mean_pct": 52.777777777777779 }, "geometry": { "type": "Polygon", "coordinates": [ [ [ 556635.898999999975786, 3034916.759 ], [ 556635.949000000022352, 3034916.809000000357628 ], [ 556636.824000000022352, 3034916.834000000264496 ], [ 556636.873999999952503, 3034917.03400000045076 ], [ 556637.123999999952503, 3034917.28400000045076 ], [ 556637.223999999929219, 3034917.484000000171363 ], [ 556637.223999999929219, 3034918.084000000264496 ], [ 556637.273999999975786, 3034918.134 ], [ 556637.273999999975786, 3034918.334000000264496 ], [ 556636.924, 3034919.03400000045076 ], [ 556636.773999999975786, 3034919.234000000171363 ], [ 556636.748999999952503, 3034919.40900000045076 ], [ 556636.199000000022352, 3034919.40900000045076 ], [ 556636.148999999975786, 3034919.459000000264496 ], [ 556635.949000000022352, 3034919.459000000264496 ], [ 556635.898999999975786, 3034919.509 ], [ 556635.299, 3034919.509 ], [ 556635.123999999952503, 3034919.184000000357628 ], [ 556634.998999999952503, 3034919.059000000357628 ], [ 556634.799, 3034918.959000000264496 ], [ 556634.574000000022352, 3034918.734000000171363 ], [ 556634.473999999929219, 3034918.53400000045076 ], [ 556634.424, 3034918.28400000045076 ], [ 556634.373999999952503, 3034918.234000000171363 ], [ 556634.373999999952503, 3034917.734000000171363 ], [ 556634.574000000022352, 3034917.384 ], [ 556634.648999999975786, 3034917.359000000171363 ], [ 556634.799, 3034917.209000000264496 ], [ 556634.848999999929219, 3034917.209000000264496 ], [ 556635.223999999929219, 3034916.834000000264496 ], [ 556635.248999999952503, 3034916.759 ], [ 556635.898999999975786, 3034916.759 ] ] ] } },
{ "type": "Feature", "properties": { "unit_id": "c00062", "method": "watershed", "label": 62, "area_m2": 2.7775000000468575, "height_max_m": 1.9221682548522949, "height_mean_m": 1.4600405686904114, "canopy_cover": 0.97207207207207202, "volume_m3": 4.0516125781267291, "n_pixels": 1110, "data_coverage": 1.0, "vari_mean": 0.31769252826884792, "exg_mean": 0.40205392318372007, "gli_mean": 0.27152416802008278, "height_max_m_pct": 79.629629629629633, "height_mean_m_pct": 96.913580246913583, "volume_m3_pct": 54.629629629629626, "canopy_cover_pct": 3.0864197530864197, "vari_mean_pct": 77.160493827160494, "exg_mean_pct": 76.543209876543202, "gli_mean_pct": 78.395061728395063 }, "geometry": { "type": "Polygon", "coordinates": [ [ [ 556665.949000000022352, 3034983.059000000357628 ], [ 556665.998999999952503, 3034983.109000000171363 ], [ 556666.099000000045635, 3034983.109000000171363 ], [ 556666.299, 3034983.209000000264496 ], [ 556666.449000000022352, 3034983.359000000171363 ], [ 556666.498999999952503, 3034983.359000000171363 ], [ 556666.824000000022352, 3034983.734000000171363 ], [ 556666.924, 3034983.934000000357628 ], [ 556666.924, 3034984.384 ], [ 556666.873999999952503, 3034984.434000000357628 ], [ 556666.873999999952503, 3034984.53400000045076 ], [ 556666.549, 3034984.90900000045076 ], [ 556666.349000000045635, 3034984.959000000264496 ], [ 556666.299, 3034985.009 ], [ 556665.998999999952503, 3034985.009 ], [ 556665.949000000022352, 3034984.959000000264496 ], [ 556665.849000000045635, 3034984.959000000264496 ], [ 556665.799, 3034984.90900000045076 ], [ 556665.599000000045635, 3034984.859000000171363 ], [ 556665.224000000045635, 3034984.53400000045076 ], [ 556665.074000000022352, 3034984.234000000171363 ], [ 556665.074000000022352, 3034983.634 ], [ 556665.174, 3034983.434000000357628 ], [ 556665.549, 3034983.109000000171363 ], [ 556665.648999999975786, 3034983.109000000171363 ], [ 556665.699000000022352, 3034983.059000000357628 ], [ 556665.949000000022352, 3034983.059000000357628 ] ] ] } },
{ "type": "Feature", "properties": { "unit_id": "c00063", "method": "watershed", "label": 63, "area_m2": 6.7781249999578002, "height_max_m": 1.9416933059692383, "height_mean_m": 1.2859840531536297, "canopy_cover": 1.0, "volume_m3": 8.725401800670717, "n_pixels": 2714, "data_coverage": 1.0, "vari_mean": 0.23295117924374178, "exg_mean": 0.27727625600769013, "gli_mean": 0.19004170706681367, "height_max_m_pct": 80.246913580246911, "height_mean_m_pct": 77.160493827160494, "volume_m3_pct": 83.024691358024697, "canopy_cover_pct": 83.487654320987659, "vari_mean_pct": 18.827160493827162, "exg_mean_pct": 16.97530864197531, "gli_mean_pct": 16.97530864197531 }, "geometry": { "type": "Polygon", "coordinates": [ [ [ 556620.148999999975786, 3034938.459000000264496 ], [ 556620.448999999905936, 3034938.609000000171363 ], [ 556620.648999999975786, 3034938.809000000357628 ], [ 556621.098999999929219, 3034938.809000000357628 ], [ 556621.148999999975786, 3034938.859000000171363 ], [ 556621.623999999952503, 3034938.884 ], [ 556621.623999999952503, 3034939.234000000171363 ], [ 556621.674, 3034939.28400000045076 ], [ 556621.674, 3034939.78400000045076 ], [ 556621.723999999929219, 3034939.834000000264496 ], [ 556621.723999999929219, 3034939.984000000171363 ], [ 556621.773999999975786, 3034940.03400000045076 ], [ 556621.773999999975786, 3034940.184000000357628 ], [ 556621.823999999905936, 3034940.234000000171363 ], [ 556621.873999999952503, 3034940.484000000171363 ], [ 556621.598999999929219, 3034940.709000000264496 ], [ 556621.448999999905936, 3034940.759 ], [ 556621.323999999905936, 3034940.884 ], [ 556621.273999999975786, 3034940.984000000171363 ], [ 556621.273999999975786, 3034941.084000000264496 ], [ 556621.323999999905936, 3034941.134 ], [ 556621.299, 3034941.15900000045076 ], [ 556620.799, 3034941.15900000045076 ], [ 556620.748999999952503, 3034941.209000000264496 ], [ 556619.848999999929219, 3034941.209000000264496 ], [ 556619.648999999975786, 3034941.109000000171363 ], [ 556619.123999999952503, 3034941.084000000264496 ], [ 556619.223999999929219, 3034940.884 ], [ 556619.174, 3034940.634 ], [ 556618.973999999929219, 3034940.434000000357628 ], [ 556618.973999999929219, 3034940.384 ], [ 556618.723999999929219, 3034940.084000000264496 ], [ 556618.674, 3034939.884 ], [ 556618.623999999952503, 3034939.834000000264496 ], [ 556618.623999999952503, 3034939.634 ], [ 556618.823999999905936, 3034939.28400000045076 ], [ 556619.223999999929219, 3034938.78400000045076 ], [ 556619.273999999975786, 3034938.584000000264496 ], [ 556619.348999999929219, 3034938.459000000264496 ], [ 556620.148999999975786, 3034938.459000000264496 ] ] ] } },
{ "type": "Feature", "properties": { "unit_id": "c00064", "method": "watershed", "label": 64, "area_m2": 3.5506249998585551, "height_max_m": 1.9476697444915771, "height_mean_m": 1.240568553796038, "canopy_cover": 0.99162011173184361, "volume_m3": 4.4412354226016957, "n_pixels": 1432, "data_coverage": 1.0, "vari_mean": 0.2912465115564194, "exg_mean": 0.36208251109334932, "gli_mean": 0.24667985722813549, "height_max_m_pct": 81.172839506172849, "height_mean_m_pct": 67.283950617283949, "volume_m3_pct": 58.333333333333336, "canopy_cover_pct": 27.469135802469136, "vari_mean_pct": 59.567901234567898, "exg_mean_pct": 62.962962962962962, "gli_mean_pct": 64.506172839506178 }, "geometry": { "type": "Polygon", "coordinates": [ [ [ 556620.299, 3035014.65900000045076 ], [ 556620.348999999929219, 3035014.709000000264496 ], [ 556620.498999999952503, 3035014.709000000264496 ], [ 556620.698999999905936, 3035014.809000000357628 ], [ 556620.973999999929219, 3035015.084000000264496 ], [ 556621.073999999905936, 3035015.28400000045076 ], [ 556621.348999999929219, 3035015.559000000357628 ], [ 556621.398999999975786, 3035015.559000000357628 ], [ 556621.623999999952503, 3035015.834000000264496 ], [ 556621.623999999952503, 3035016.03400000045076 ], [ 556621.523999999975786, 3035016.134 ], [ 556621.398999999975786, 3035016.259 ], [ 556621.098999999929219, 3035016.40900000045076 ], [ 556620.848999999929219, 3035016.65900000045076 ], [ 556620.748999999952503, 3035016.709000000264496 ], [ 556620.448999999905936, 3035016.709000000264496 ], [ 556620.398999999975786, 3035016.65900000045076 ], [ 556620.248999999952503, 3035016.65900000045076 ], [ 556620.198999999905936, 3035016.609000000171363 ], [ 556619.948999999905936, 3035016.609000000171363 ], [ 556619.648999999975786, 3035016.459000000264496 ], [ 556619.373999999952503, 3035016.184000000357628 ], [ 556619.174, 3035015.78400000045076 ], [ 556619.174, 3035015.484000000171363 ], [ 556619.223999999929219, 3035015.434000000357628 ], [ 556619.323999999905936, 3035015.03400000045076 ], [ 556619.549, 3035014.809000000357628 ], [ 556619.748999999952503, 3035014.759 ], [ 556619.799, 3035014.709000000264496 ], [ 556619.998999999952503, 3035014.709000000264496 ], [ 556620.049, 3035014.65900000045076 ], [ 556620.299, 3035014.65900000045076 ] ] ] } },
{ "type": "Feature", "properties": { "unit_id": "c00065", "method": "watershed", "label": 65, "area_m2": 2.6062500002226443, "height_max_m": 1.9150207042694092, "height_mean_m": 1.3280551594352028, "canopy_cover": 0.98853868194842409, "volume_m3": 3.4761843798309413, "n_pixels": 1047, "data_coverage": 1.0, "vari_mean": 0.30522531555798055, "exg_mean": 0.41954876241123062, "gli_mean": 0.27705777632796097, "height_max_m_pct": 79.012345679012341, "height_mean_m_pct": 85.493827160493822, "volume_m3_pct": 47.222222222222221, "canopy_cover_pct": 19.444444444444446, "vari_mean_pct": 69.135802469135797, "exg_mean_pct": 83.950617283950606, "gli_mean_pct": 82.098765432098759 }, "geometry": { "type": "Polygon", "coordinates": [ [ [ 556658.349000000045635, 3035019.40900000045076 ], [ 556658.398999999975786, 3035019.459000000264496 ], [ 556658.498999999952503, 3035019.459000000264496 ], [ 556658.699000000022352, 3035019.559000000357628 ], [ 556658.873999999952503, 3035019.734000000171363 ], [ 556658.974000000045635, 3035019.934000000357628 ], [ 556658.974000000045635, 3035020.03400000045076 ], [ 556659.023999999975786, 3035020.084000000264496 ], [ 556659.023999999975786, 3035020.28400000045076 ], [ 556659.074000000022352, 3035020.334000000264496 ], [ 556659.074000000022352, 3035020.53400000045076 ], [ 556659.023999999975786, 3035020.584000000264496 ], [ 556659.023999999975786, 3035020.684000000357628 ], [ 556658.924, 3035020.78400000045076 ], [ 556658.699000000022352, 3035021.309000000357628 ], [ 556657.699000000022352, 3035021.259000000543892 ], [ 556657.574000000022352, 3035021.03400000045076 ], [ 556657.474000000045635, 3035020.934000000357628 ], [ 556657.474000000045635, 3035020.884000000543892 ], [ 556657.373999999952503, 3035020.78400000045076 ], [ 556657.373999999952503, 3035020.684000000357628 ], [ 556657.324000000022352, 3035020.634000000543892 ], [ 556657.324000000022352, 3035020.28400000045076 ], [ 556657.373999999952503, 3035020.234000000171363 ], [ 556657.373999999952503, 3035020.134000000543892 ], [ 556657.574000000022352, 3035019.734000000171363 ], [ 556657.748999999952503, 3035019.559000000357628 ], [ 556657.949000000022352, 3035019.459000000264496 ], [ 556658.349000000045635, 3035019.40900000045076 ] ] ] } },
{ "type": "Feature", "properties": { "unit_id": "c00066", "method": "watershed", "label": 66, "area_m2": 5.6549999998899887, "height_max_m": 1.9071941375732422, "height_mean_m": 1.3702026909279921, "canopy_cover": 0.98356286095068857, "volume_m3": 7.7108156432178996, "n_pixels": 2251, "data_coverage": 1.0, "vari_mean": 0.26030995802619145, "exg_mean": 0.34437977597216146, "gli_mean": 0.23510205709038412, "height_max_m_pct": 78.086419753086417, "height_mean_m_pct": 92.592592592592595, "volume_m3_pct": 79.629629629629633, "canopy_cover_pct": 13.580246913580247, "vari_mean_pct": 36.419753086419753, "exg_mean_pct": 58.333333333333336, "gli_mean_pct": 57.716049382716051 }, "geometry": { "type": "Polygon", "coordinates": [ [ [ 556620.348999999929219, 3035046.209000000264496 ], [ 556620.549, 3035046.309000000357628 ], [ 556621.123999999952503, 3035046.334000000264496 ], [ 556621.123999999952503, 3035046.53400000045076 ], [ 556621.323999999905936, 3035046.934000000357628 ], [ 556621.323999999905936, 3035047.03400000045076 ], [ 556621.424, 3035047.184000000357628 ], [ 556621.424, 3035047.334000000264496 ], [ 556621.473999999929219, 3035047.384000000543892 ], [ 556621.424, 3035047.78400000045076 ], [ 556621.273999999975786, 3035048.084000000264496 ], [ 556621.049, 3035048.309000000357628 ], [ 556620.848999999929219, 3035048.40900000045076 ], [ 556620.748999999952503, 3035048.40900000045076 ], [ 556620.698999999905936, 3035048.459000000264496 ], [ 556619.799, 3035048.459000000264496 ], [ 556619.598999999929219, 3035048.359000000171363 ], [ 556619.148999999975786, 3035048.359000000171363 ], [ 556618.848999999929219, 3035048.209000000264496 ], [ 556618.523999999975786, 3035047.834000000264496 ], [ 556618.473999999929219, 3035047.634000000543892 ], [ 556618.424, 3035047.584000000264496 ], [ 556618.424, 3035047.334000000264496 ], [ 556618.473999999929219, 3035047.28400000045076 ], [ 556618.473999999929219, 3035047.134000000543892 ], [ 556618.523999999975786, 3035047.084000000264496 ], [ 556618.523999999975786, 3035046.984000000171363 ], [ 556618.623999999952503, 3035046.78400000045076 ], [ 556619.123999999952503, 3035046.334000000264496 ], [ 556619.148999999975786, 3035046.209000000264496 ], [ 556620.348999999929219, 3035046.209000000264496 ] ] ] } },
{ "type": "Feature", "properties": { "unit_id": "c00067", "method": "watershed", "label": 67, "area_m2": 3.0787499998076235, "height_max_m": 1.9065227508544922, "height_mean_m": 1.4030330762050358, "canopy_cover": 0.96831844029244518, "volume_m3": 4.317834292032547, "n_pixels": 1231, "data_coverage": 1.0, "vari_mean": 0.20773284679471876, "exg_mean": 0.23442850132048537, "gli_mean": 0.1631169482060954, "height_max_m_pct": 77.777777777777786, "height_mean_m_pct": 94.753086419753089, "volume_m3_pct": 56.79012345679012, "canopy_cover_pct": 1.5432098765432098, "vari_mean_pct": 10.185185185185185, "exg_mean_pct": 6.7901234567901234, "gli_mean_pct": 7.4074074074074066 }, "geometry": { "type": "Polygon", "coordinates": [ [ [ 556667.349000000045635, 3034940.40900000045076 ], [ 556667.674, 3034940.78400000045076 ], [ 556667.773999999975786, 3034940.984000000171363 ], [ 556667.773999999975786, 3034941.434000000357628 ], [ 556667.623999999952503, 3034941.734000000171363 ], [ 556667.424, 3034941.934000000357628 ], [ 556667.424, 3034941.984000000171363 ], [ 556667.099000000045635, 3034942.209000000264496 ], [ 556666.498999999952503, 3034942.209000000264496 ], [ 556666.449000000022352, 3034942.15900000045076 ], [ 556666.049, 3034942.15900000045076 ], [ 556665.949000000022352, 3034942.109000000171363 ], [ 556665.773999999975786, 3034941.934000000357628 ], [ 556665.724000000045635, 3034941.734000000171363 ], [ 556665.674, 3034941.684000000357628 ], [ 556665.674, 3034941.334000000264496 ], [ 556665.724000000045635, 3034941.28400000045076 ], [ 556665.724000000045635, 3034941.134 ], [ 556665.824000000022352, 3034940.934000000357628 ], [ 556666.273999999975786, 3034940.53400000045076 ], [ 556666.299, 3034940.459000000264496 ], [ 556667.349000000045635, 3034940.40900000045076 ] ] ] } },
{ "type": "Feature", "properties": { "unit_id": "c00068", "method": "watershed", "label": 68, "area_m2": 5.0943749998207215, "height_max_m": 1.8938503265380859, "height_mean_m": 1.3329825744520782, "canopy_cover": 0.98767865943814692, "volume_m3": 6.7615541089262532, "n_pixels": 2029, "data_coverage": 1.0, "vari_mean": 0.26814159872670962, "exg_mean": 0.36434406870588781, "gli_mean": 0.24368951905467562, "height_max_m_pct": 77.160493827160494, "height_mean_m_pct": 86.111111111111114, "volume_m3_pct": 73.76543209876543, "canopy_cover_pct": 18.827160493827162, "vari_mean_pct": 41.975308641975303, "exg_mean_pct": 64.197530864197532, "gli_mean_pct": 62.037037037037038 }, "geometry": { "type": "Polygon", "coordinates": [ [ [ 556658.148999999975786, 3035021.259000000543892 ], [ 556658.199000000022352, 3035021.309000000357628 ], [ 556658.724000000045635, 3035021.334000000264496 ], [ 556658.724000000045635, 3035021.484000000171363 ], [ 556658.773999999975786, 3035021.584000000264496 ], [ 556658.924, 3035021.734000000171363 ], [ 556658.924, 3035021.78400000045076 ], [ 556659.123999999952503, 3035022.03400000045076 ], [ 556659.123999999952503, 3035022.134000000543892 ], [ 556659.174, 3035022.184000000357628 ], [ 556659.174, 3035022.684000000357628 ], [ 556659.074000000022352, 3035022.884000000543892 ], [ 556658.873999999952503, 3035023.084000000264496 ], [ 556658.648999999975786, 3035023.209000000264496 ], [ 556658.424, 3035023.434000000357628 ], [ 556658.373999999952503, 3035023.734000000171363 ], [ 556658.574000000022352, 3035024.084000000264496 ], [ 556658.574000000022352, 3035024.434000000357628 ], [ 556658.424, 3035024.734000000171363 ], [ 556658.148999999975786, 3035024.959000000264496 ], [ 556657.849000000045635, 3035025.009000000543892 ], [ 556657.799, 3035024.959000000264496 ], [ 556657.599000000045635, 3035024.90900000045076 ], [ 556657.424, 3035024.734000000171363 ], [ 556657.373999999952503, 3035024.53400000045076 ], [ 556657.324000000022352, 3035024.484000000171363 ], [ 556657.324000000022352, 3035024.134000000543892 ], [ 556657.424, 3035023.934000000357628 ], [ 556657.574000000022352, 3035023.78400000045076 ], [ 556657.674, 3035023.584000000264496 ], [ 556657.674, 3035023.434000000357628 ], [ 556657.498999999952503, 3035023.209000000264496 ], [ 556657.174, 3035022.934000000357628 ], [ 556657.074000000022352, 3035022.734000000171363 ], [ 556657.074000000022352, 3035022.184000000357628 ], [ 556657.273999999975786, 3035021.78400000045076 ], [ 556657.574000000022352, 3035021.484000000171363 ], [ 556657.699000000022352, 3035021.259000000543892 ], [ 556658.148999999975786, 3035021.259000000543892 ] ] ] } },
{ "type": "Feature", "properties": { "unit_id": "c00069", "method": "watershed", "label": 69, "area_m2": 2.6893749998434213, "height_max_m": 1.8861360549926758, "height_mean_m": 1.3724146971229643, "canopy_cover": 0.96854764107308045, "volume_m3": 3.7089507189847315, "n_pixels": 1081, "data_coverage": 1.0, "vari_mean": 0.33515417027920946, "exg_mean": 0.40792009826802306, "gli_mean": 0.26953263919492526, "height_max_m_pct": 75.617283950617292, "height_mean_m_pct": 92.901234567901241, "volume_m3_pct": 50.0, "canopy_cover_pct": 2.1604938271604937, "vari_mean_pct": 83.641975308641975, "exg_mean_pct": 79.012345679012341, "gli_mean_pct": 76.23456790123457 }, "geometry": { "type": "Polygon", "coordinates": [ [ [ 556643.799, 3034952.65900000045076 ], [ 556643.848999999929219, 3034952.709000000264496 ], [ 556643.949000000022352, 3034952.709000000264496 ], [ 556644.148999999975786, 3034952.809000000357628 ], [ 556644.324000000022352, 3034953.03400000045076 ], [ 556644.373999999952503, 3034953.234000000171363 ], [ 556644.424, 3034953.28400000045076 ], [ 556644.424, 3034953.484000000171363 ], [ 556644.473999999929219, 3034953.53400000045076 ], [ 556644.473999999929219, 3034953.634 ], [ 556644.424, 3034953.684000000357628 ], [ 556644.424, 3034953.884 ], [ 556644.373999999952503, 3034953.984000000171363 ], [ 556644.148999999975786, 3034954.209000000264496 ], [ 556644.049, 3034954.259 ], [ 556643.498999999952503, 3034954.259 ], [ 556643.449000000022352, 3034954.209000000264496 ], [ 556642.848999999929219, 3034954.15900000045076 ], [ 556642.648999999975786, 3034954.059000000357628 ], [ 556642.373999999952503, 3034953.78400000045076 ], [ 556642.324000000022352, 3034953.684000000357628 ], [ 556642.324000000022352, 3034953.384 ], [ 556642.373999999952503, 3034953.28400000045076 ], [ 556642.748999999952503, 3034952.90900000045076 ], [ 556642.949000000022352, 3034952.859000000171363 ], [ 556642.998999999952503, 3034952.809000000357628 ], [ 556643.299, 3034952.759 ], [ 556643.348999999929219, 3034952.709000000264496 ], [ 556643.498999999952503, 3034952.709000000264496 ], [ 556643.549, 3034952.65900000045076 ], [ 556643.799, 3034952.65900000045076 ] ] ] } },
{ "type": "Feature", "properties": { "unit_id": "c00070", "method": "watershed", "label": 70, "area_m2": 5.1818750001364968, "height_max_m": 1.9996511936187744, "height_mean_m": 1.1314872464614445, "canopy_cover": 0.99756809338521402, "volume_m3": 5.8158444468273816, "n_pixels": 2056, "data_coverage": 1.0, "vari_mean": 0.31492522199357936, "exg_mean": 0.33420315686362889, "gli_mean": 0.22364653880438248, "height_max_m_pct": 85.802469135802468, "height_mean_m_pct": 42.283950617283949, "volume_m3_pct": 69.444444444444443, "canopy_cover_pct": 49.691358024691354, "vari_mean_pct": 75.0, "exg_mean_pct": 50.925925925925931, "gli_mean_pct": 47.839506172839506 }, "geometry": { "type": "Polygon", "coordinates": [ [ [ 556612.148999999975786, 3034967.759 ], [ 556612.348999999929219, 3034967.859000000171363 ], [ 556612.898999999975786, 3034967.859000000171363 ], [ 556612.948999999905936, 3034967.809000000357628 ], [ 556613.348999999929219, 3034967.809000000357628 ], [ 556613.773999999975786, 3034968.234000000171363 ], [ 556613.873999999952503, 3034968.434000000357628 ], [ 556613.873999999952503, 3034968.684000000357628 ], [ 556613.823999999905936, 3034968.734000000171363 ], [ 556613.823999999905936, 3034968.834000000264496 ], [ 556613.573999999905936, 3034969.184000000357628 ], [ 556613.573999999905936, 3034969.234000000171363 ], [ 556613.198999999905936, 3034969.509 ], [ 556612.948999999905936, 3034969.509 ], [ 556612.898999999975786, 3034969.559000000357628 ], [ 556612.398999999975786, 3034969.559000000357628 ], [ 556612.248999999952503, 3034969.65900000045076 ], [ 556611.898999999975786, 3034969.65900000045076 ], [ 556611.648999999975786, 3034969.90900000045076 ], [ 556611.549, 3034969.959000000264496 ], [ 556611.248999999952503, 3034969.959000000264496 ], [ 556610.924, 3034969.53400000045076 ], [ 556610.873999999952503, 3034969.334000000264496 ], [ 556610.773999999975786, 3034969.184000000357628 ], [ 556610.773999999975786, 3034968.984000000171363 ], [ 556610.723999999929219, 3034968.934000000357628 ], [ 556610.723999999929219, 3034968.734000000171363 ], [ 556610.924, 3034968.334000000264496 ], [ 556610.924, 3034968.234000000171363 ], [ 556611.023999999975786, 3034968.084000000264496 ], [ 556611.073999999905936, 3034967.78400000045076 ], [ 556612.148999999975786, 3034967.759 ] ] ] } },
{ "type": "Feature", "properties": { "unit_id": "c00071", "method": "watershed", "label": 71, "area_m2": 5.244999999925203, "height_max_m": 1.8707196712493896, "height_mean_m": 1.344071339437132, "canopy_cover": 0.99239904988123517, "volume_m3": 7.0731754238068261, "n_pixels": 2105, "data_coverage": 1.0, "vari_mean": 0.30848853198068993, "exg_mean": 0.38102746305955659, "gli_mean": 0.2573501303170343, "height_max_m_pct": 73.76543209876543, "height_mean_m_pct": 88.271604938271608, "volume_m3_pct": 76.23456790123457, "canopy_cover_pct": 29.012345679012348, "vari_mean_pct": 70.987654320987659, "exg_mean_pct": 69.444444444444443, "gli_mean_pct": 70.370370370370367 }, "geometry": { "type": "Polygon", "coordinates": [ [ [ 556627.848999999929219, 3035014.40900000045076 ], [ 556627.898999999975786, 3035014.459000000264496 ], [ 556628.098999999929219, 3035014.459000000264496 ], [ 556628.148999999975786, 3035014.509 ], [ 556628.398999999975786, 3035014.559000000357628 ], [ 556628.449000000022352, 3035014.609000000171363 ], [ 556628.549, 3035014.609000000171363 ], [ 556628.648999999975786, 3035014.709000000264496 ], [ 556628.799, 3035014.759 ], [ 556629.023999999975786, 3035014.984000000171363 ], [ 556629.174, 3035015.28400000045076 ], [ 556629.174, 3035015.53400000045076 ], [ 556629.074000000022352, 3035015.734000000171363 ], [ 556628.973999999929219, 3035015.834000000264496 ], [ 556628.973999999929219, 3035015.884 ], [ 556628.523999999975786, 3035016.334000000264496 ], [ 556628.373999999952503, 3035016.634 ], [ 556628.199000000022352, 3035016.809000000357628 ], [ 556627.949000000022352, 3035016.809000000357628 ], [ 556627.799, 3035016.709000000264496 ], [ 556627.699000000022352, 3035016.709000000264496 ], [ 556627.348999999929219, 3035016.509 ], [ 556627.248999999952503, 3035016.509 ], [ 556626.949000000022352, 3035016.359000000171363 ], [ 556626.848999999929219, 3035016.259 ], [ 556626.648999999975786, 3035016.15900000045076 ], [ 556626.223999999929219, 3035015.734000000171363 ], [ 556626.223999999929219, 3035015.684000000357628 ], [ 556626.074000000022352, 3035015.484000000171363 ], [ 556626.074000000022352, 3035015.334000000264496 ], [ 556626.023999999975786, 3035015.28400000045076 ], [ 556626.074000000022352, 3035015.234000000171363 ], [ 556626.074000000022352, 3035015.084000000264496 ], [ 556626.123999999952503, 3035014.984000000171363 ], [ 556626.398999999975786, 3035014.709000000264496 ], [ 556626.699000000022352, 3035014.559000000357628 ], [ 556626.799, 3035014.559000000357628 ], [ 556626.848999999929219, 3035014.509 ], [ 556627.098999999929219, 3035014.509 ], [ 556627.148999999975786, 3035014.459000000264496 ], [ 556627.848999999929219, 3035014.40900000045076 ] ] ] } },
{ "type": "Feature", "properties": { "unit_id": "c00072", "method": "watershed", "label": 72, "area_m2": 18.368750000104779, "height_max_m": 1.8955340385437012, "height_mean_m": 1.2185734743837482, "canopy_cover": 0.99972803916236064, "volume_m3": 22.403473326605134, "n_pixels": 7354, "data_coverage": 1.0, "vari_mean": 0.18747973124554554, "exg_mean": 0.23291948804433499, "gli_mean": 0.16180220563935077, "height_max_m_pct": 77.46913580246914, "height_mean_m_pct": 62.037037037037038, "volume_m3_pct": 98.456790123456798, "canopy_cover_pct": 66.666666666666657, "vari_mean_pct": 5.5555555555555554, "exg_mean_pct": 6.481481481481481, "gli_mean_pct": 6.7901234567901234 }, "geometry": { "type": "Polygon", "coordinates": [ [ [ 556613.098999999929219, 3034931.359000000171363 ], [ 556613.348999999929219, 3034931.559000000357628 ], [ 556613.648999999975786, 3034931.559000000357628 ], [ 556613.748999999952503, 3034931.609000000171363 ], [ 556613.823999999905936, 3034931.684000000357628 ], [ 556613.823999999905936, 3034931.934000000357628 ], [ 556613.674, 3034932.184000000357628 ], [ 556613.623999999952503, 3034932.484000000171363 ], [ 556613.573999999905936, 3034932.53400000045076 ], [ 556613.523999999975786, 3034932.734000000171363 ], [ 556613.299, 3034932.90900000045076 ], [ 556613.148999999975786, 3034932.90900000045076 ], [ 556613.049, 3034932.959000000264496 ], [ 556612.973999999929219, 3034933.03400000045076 ], [ 556612.924, 3034933.184000000357628 ], [ 556613.148999999975786, 3034933.459000000264496 ], [ 556613.348999999929219, 3034933.509 ], [ 556613.398999999975786, 3034933.559000000357628 ], [ 556613.498999999952503, 3034933.559000000357628 ], [ 556614.049, 3034933.859000000171363 ], [ 556614.273999999975786, 3034934.084000000264496 ], [ 556614.323999999905936, 3034934.28400000045076 ], [ 556614.373999999952503, 3034934.334000000264496 ], [ 556614.323999999905936, 3034934.734000000171363 ], [ 556614.273999999975786, 3034934.78400000045076 ], [ 556614.223999999929219, 3034935.084000000264496 ], [ 556614.023999999975786, 3034935.334000000264496 ], [ 556614.023999999975786, 3034935.384 ], [ 556613.948999999905936, 3034935.40900000045076 ], [ 556613.773999999975786, 3034935.584000000264496 ], [ 556613.674, 3034935.78400000045076 ], [ 556613.723999999929219, 3034935.984000000171363 ], [ 556614.023999999975786, 3034936.334000000264496 ], [ 556614.174, 3034936.634 ], [ 556614.174, 3034936.734000000171363 ], [ 556614.223999999929219, 3034936.78400000045076 ], [ 556614.223999999929219, 3034936.984000000171363 ], [ 556614.273999999975786, 3034937.03400000045076 ], [ 556614.273999999975786, 3034937.184000000357628 ], [ 556614.174, 3034937.384 ], [ 556613.873999999952503, 3034937.734000000171363 ], [ 556613.873999999952503, 3034937.984000000171363 ], [ 556613.823999999905936, 3034938.03400000045076 ], [ 556613.823999999905936, 3034938.184000000357628 ], [ 556613.698999999905936, 3034938.359000000171363 ], [ 556613.098999999929219, 3034938.359000000171363 ], [ 556613.049, 3034938.40900000045076 ], [ 556612.898999999975786, 3034938.40900000045076 ], [ 556612.848999999929219, 3034938.459000000264496 ], [ 556611.148999999975786, 3034938.459000000264496 ], [ 556611.123999999952503, 3034938.334000000264496 ], [ 556611.073999999905936, 3034938.28400000045076 ], [ 556611.023999999975786, 3034937.484000000171363 ], [ 556610.973999999929219, 3034937.434000000357628 ], [ 556610.973999999929219, 3034936.984000000171363 ], [ 556611.023999999975786, 3034936.934000000357628 ], [ 556611.023999999975786, 3034935.984000000171363 ], [ 556611.073999999905936, 3034935.934000000357628 ], [ 556611.073999999905936, 3034935.334000000264496 ], [ 556611.123999999952503, 3034935.28400000045076 ], [ 556611.123999999952503, 3034935.03400000045076 ], [ 556611.174, 3034934.984000000171363 ], [ 556611.174, 3034934.834000000264496 ], [ 556611.424, 3034934.334000000264496 ], [ 556611.424, 3034934.184000000357628 ], [ 556611.473999999929219, 3034934.134 ], [ 556611.473999999929219, 3034933.984000000171363 ], [ 556611.523999999975786, 3034933.934000000357628 ], [ 556611.523999999975786, 3034933.434000000357628 ], [ 556611.473999999929219, 3034933.384 ], [ 556611.473999999929219, 3034933.234000000171363 ], [ 556611.424, 3034933.184000000357628 ], [ 556611.373999999952503, 3034932.934000000357628 ], [ 556611.273999999975786, 3034932.78400000045076 ], [ 556611.273999999975786, 3034932.384 ], [ 556611.373999999952503, 3034932.184000000357628 ], [ 556611.523999999975786, 3034932.03400000045076 ], [ 556611.523999999975786, 3034931.984000000171363 ], [ 556611.973999999929219, 3034931.53400000045076 ], [ 556612.049, 3034931.359000000171363 ], [ 556613.098999999929219, 3034931.359000000171363 ] ] ] } },
{ "type": "Feature", "properties": { "unit_id": "c00073", "method": "watershed", "label": 73, "area_m2": 10.969999999862628, "height_max_m": 1.8757573366165161, "height_mean_m": 1.2965733113657911, "canopy_cover": 0.99909317615053272, "volume_m3": 14.297962191124507, "n_pixels": 4411, "data_coverage": 1.0, "vari_mean": 0.24801582906800609, "exg_mean": 0.30960402739042076, "gli_mean": 0.21065230824343276, "height_max_m_pct": 74.691358024691354, "height_mean_m_pct": 79.629629629629633, "volume_m3_pct": 93.209876543209873, "canopy_cover_pct": 60.802469135802475, "vari_mean_pct": 28.703703703703702, "exg_mean_pct": 33.333333333333329, "gli_mean_pct": 33.024691358024697 }, "geometry": { "type": "Polygon", "coordinates": [ [ [ 556620.148999999975786, 3035041.359000000171363 ], [ 556620.198999999905936, 3035041.40900000045076 ], [ 556620.498999999952503, 3035041.40900000045076 ], [ 556620.549, 3035041.459000000264496 ], [ 556620.698999999905936, 3035041.459000000264496 ], [ 556620.799, 3035041.509000000543892 ], [ 556620.973999999929219, 3035041.684000000357628 ], [ 556621.073999999905936, 3035041.884000000543892 ], [ 556621.073999999905936, 3035042.184000000357628 ], [ 556621.123999999952503, 3035042.234000000171363 ], [ 556621.123999999952503, 3035042.334000000264496 ], [ 556621.073999999905936, 3035042.384000000543892 ], [ 556621.073999999905936, 3035042.634000000543892 ], [ 556621.023999999975786, 3035042.684000000357628 ], [ 556621.023999999975786, 3035042.834000000264496 ], [ 556620.823999999905936, 3035043.184000000357628 ], [ 556620.823999999905936, 3035043.28400000045076 ], [ 556620.723999999929219, 3035043.484000000171363 ], [ 556620.473999999929219, 3035043.78400000045076 ], [ 556620.473999999929219, 3035043.984000000171363 ], [ 556620.698999999905936, 3035044.209000000264496 ], [ 556621.398999999975786, 3035044.559000000357628 ], [ 556621.523999999975786, 3035044.734000000171363 ], [ 556621.523999999975786, 3035045.28400000045076 ], [ 556621.473999999929219, 3035045.334000000264496 ], [ 556621.473999999929219, 3035045.484000000171363 ], [ 556621.174, 3035045.984000000171363 ], [ 556621.098999999929219, 3035046.309000000357628 ], [ 556620.549, 3035046.309000000357628 ], [ 556620.348999999929219, 3035046.209000000264496 ], [ 556619.148999999975786, 3035046.209000000264496 ], [ 556619.073999999905936, 3035045.984000000171363 ], [ 556618.573999999905936, 3035045.484000000171363 ], [ 556618.424, 3035045.184000000357628 ], [ 556618.424, 3035044.934000000357628 ], [ 556618.473999999929219, 3035044.884000000543892 ], [ 556618.473999999929219, 3035044.78400000045076 ], [ 556618.573999999905936, 3035044.684000000357628 ], [ 556618.573999999905936, 3035044.634000000543892 ], [ 556618.973999999929219, 3035044.234000000171363 ], [ 556619.174, 3035043.834000000264496 ], [ 556619.174, 3035043.584000000264496 ], [ 556619.123999999952503, 3035043.484000000171363 ], [ 556619.023999999975786, 3035043.28400000045076 ], [ 556618.723999999929219, 3035042.934000000357628 ], [ 556618.573999999905936, 3035042.634000000543892 ], [ 556618.573999999905936, 3035042.434000000357628 ], [ 556618.523999999975786, 3035042.384000000543892 ], [ 556618.573999999905936, 3035041.984000000171363 ], [ 556618.698999999905936, 3035041.809000000357628 ], [ 556618.998999999952503, 3035041.559000000357628 ], [ 556619.398999999975786, 3035041.459000000264496 ], [ 556619.448999999905936, 3035041.40900000045076 ], [ 556619.648999999975786, 3035041.40900000045076 ], [ 556619.698999999905936, 3035041.359000000171363 ], [ 556620.148999999975786, 3035041.359000000171363 ] ] ] } },
{ "type": "Feature", "properties": { "unit_id": "c00074", "method": "watershed", "label": 74, "area_m2": 5.8662499999415036, "height_max_m": 1.8838832378387451, "height_mean_m": 1.2034720611637737, "canopy_cover": 1.0, "volume_m3": 7.12154592195568, "n_pixels": 2367, "data_coverage": 1.0, "vari_mean": 0.3035755189572088, "exg_mean": 0.32611648287654521, "gli_mean": 0.22286927728341871, "height_max_m_pct": 75.308641975308646, "height_mean_m_pct": 59.876543209876544, "volume_m3_pct": 77.160493827160494, "canopy_cover_pct": 83.487654320987659, "vari_mean_pct": 67.592592592592595, "exg_mean_pct": 45.987654320987652, "gli_mean_pct": 46.604938271604937 }, "geometry": { "type": "Polygon", "coordinates": [ [ [ 556620.299, 3034992.459000000264496 ], [ 556620.348999999929219, 3034992.509 ], [ 556620.448999999905936, 3034992.509 ], [ 556620.648999999975786, 3034992.709000000264496 ], [ 556621.049, 3034992.90900000045076 ], [ 556621.373999999952503, 3034993.234000000171363 ], [ 556621.373999999952503, 3034993.28400000045076 ], [ 556621.473999999929219, 3034993.384 ], [ 556621.523999999975786, 3034993.484000000171363 ], [ 556621.523999999975786, 3034993.634 ], [ 556621.573999999905936, 3034993.684000000357628 ], [ 556621.573999999905936, 3034993.934000000357628 ], [ 556621.523999999975786, 3034993.984000000171363 ], [ 556621.523999999975786, 3034994.334000000264496 ], [ 556621.473999999929219, 3034994.384 ], [ 556621.424, 3034994.584000000264496 ], [ 556621.348999999929219, 3034994.65900000045076 ], [ 556621.148999999975786, 3034994.759 ], [ 556621.049, 3034994.759 ], [ 556620.898999999975786, 3034994.859000000171363 ], [ 556620.398999999975786, 3034994.859000000171363 ], [ 556620.248999999952503, 3034994.959000000264496 ], [ 556618.848999999929219, 3034994.959000000264496 ], [ 556618.823999999905936, 3034994.78400000045076 ], [ 556618.773999999975786, 3034994.734000000171363 ], [ 556618.773999999975786, 3034994.234000000171363 ], [ 556618.723999999929219, 3034994.184000000357628 ], [ 556618.723999999929219, 3034994.084000000264496 ], [ 556618.573999999905936, 3034993.78400000045076 ], [ 556618.623999999952503, 3034993.484000000171363 ], [ 556618.773999999975786, 3034993.184000000357628 ], [ 556618.998999999952503, 3034992.90900000045076 ], [ 556619.198999999905936, 3034992.809000000357628 ], [ 556619.299, 3034992.809000000357628 ], [ 556619.448999999905936, 3034992.709000000264496 ], [ 556619.549, 3034992.709000000264496 ], [ 556619.698999999905936, 3034992.609000000171363 ], [ 556619.799, 3034992.609000000171363 ], [ 556619.998999999952503, 3034992.509 ], [ 556620.299, 3034992.459000000264496 ] ] ] } },
{ "type": "Feature", "properties": { "unit_id": "c00075", "method": "watershed", "label": 75, "area_m2": 5.9493750001239816, "height_max_m": 1.8692293167114258, "height_mean_m": 1.2764865124064027, "canopy_cover": 0.97799003322259137, "volume_m3": 7.6844488047070989, "n_pixels": 2408, "data_coverage": 1.0, "vari_mean": 0.34474204059401081, "exg_mean": 0.47522239156617097, "gli_mean": 0.30805594237666434, "height_max_m_pct": 73.148148148148152, "height_mean_m_pct": 75.308641975308646, "volume_m3_pct": 79.320987654320987, "canopy_cover_pct": 6.7901234567901234, "vari_mean_pct": 88.271604938271608, "exg_mean_pct": 94.753086419753089, "gli_mean_pct": 94.135802469135797 }, "geometry": { "type": "Polygon", "coordinates": [ [ [ 556650.549, 3035036.259000000543892 ], [ 556650.949000000022352, 3035036.459000000264496 ], [ 556651.223999999929219, 3035036.734000000171363 ], [ 556651.273999999975786, 3035036.834000000264496 ], [ 556651.273999999975786, 3035037.184000000357628 ], [ 556651.074000000022352, 3035037.53400000045076 ], [ 556650.873999999952503, 3035037.78400000045076 ], [ 556650.873999999952503, 3035037.984000000171363 ], [ 556651.424, 3035038.53400000045076 ], [ 556651.473999999929219, 3035038.734000000171363 ], [ 556651.523999999975786, 3035038.78400000045076 ], [ 556651.574000000022352, 3035039.134000000543892 ], [ 556651.674, 3035039.28400000045076 ], [ 556651.674, 3035039.584000000264496 ], [ 556651.623999999952503, 3035039.684000000357628 ], [ 556651.148999999975786, 3035040.059000000357628 ], [ 556650.648999999975786, 3035040.059000000357628 ], [ 556650.598999999929219, 3035040.009000000543892 ], [ 556650.199000000022352, 3035040.009000000543892 ], [ 556650.148999999975786, 3035039.959000000264496 ], [ 556649.949000000022352, 3035039.90900000045076 ], [ 556649.674, 3035039.634000000543892 ], [ 556649.574000000022352, 3035039.434000000357628 ], [ 556649.574000000022352, 3035039.334000000264496 ], [ 556649.373999999952503, 3035038.984000000171363 ], [ 556649.373999999952503, 3035038.684000000357628 ], [ 556649.424, 3035038.584000000264496 ], [ 556649.523999999975786, 3035038.484000000171363 ], [ 556649.523999999975786, 3035038.434000000357628 ], [ 556649.873999999952503, 3035038.134000000543892 ], [ 556649.973999999929219, 3035037.934000000357628 ], [ 556649.973999999929219, 3035037.684000000357628 ], [ 556649.723999999929219, 3035037.384000000543892 ], [ 556649.623999999952503, 3035037.184000000357628 ], [ 556649.623999999952503, 3035036.634000000543892 ], [ 556649.799, 3035036.40900000045076 ], [ 556649.998999999952503, 3035036.309000000357628 ], [ 556650.148999999975786, 3035036.309000000357628 ], [ 556650.199000000022352, 3035036.259000000543892 ], [ 556650.549, 3035036.259000000543892 ] ] ] } },
{ "type": "Feature", "properties": { "unit_id": "c00076", "method": "watershed", "label": 76, "area_m2": 5.3637499998699054, "height_max_m": 1.8894858360290527, "height_mean_m": 1.2795708126344876, "canopy_cover": 0.98602050326188262, "volume_m3": 6.8648974098023876, "n_pixels": 2146, "data_coverage": 1.0, "vari_mean": 0.31766790184902172, "exg_mean": 0.36519455603971407, "gli_mean": 0.24543964422944931, "height_max_m_pct": 75.925925925925924, "height_mean_m_pct": 75.925925925925924, "volume_m3_pct": 74.074074074074076, "canopy_cover_pct": 16.97530864197531, "vari_mean_pct": 76.851851851851848, "exg_mean_pct": 64.81481481481481, "gli_mean_pct": 63.888888888888886 }, "geometry": { "type": "Polygon", "coordinates": [ [ [ 556665.998999999952503, 3034993.709000000264496 ], [ 556666.049, 3034993.759 ], [ 556666.674, 3034993.78400000045076 ], [ 556666.674, 3034994.03400000045076 ], [ 556666.724000000045635, 3034994.084000000264496 ], [ 556666.773999999975786, 3034994.28400000045076 ], [ 556667.174, 3034994.78400000045076 ], [ 556667.174, 3034995.084000000264496 ], [ 556666.998999999952503, 3034995.259 ], [ 556666.799, 3034995.359000000171363 ], [ 556666.574000000022352, 3034995.584000000264496 ], [ 556666.424, 3034995.884 ], [ 556666.424, 3034996.28400000045076 ], [ 556666.474000000045635, 3034996.334000000264496 ], [ 556666.474000000045635, 3034996.484000000171363 ], [ 556666.523999999975786, 3034996.53400000045076 ], [ 556666.523999999975786, 3034996.78400000045076 ], [ 556666.574000000022352, 3034996.834000000264496 ], [ 556666.523999999975786, 3034996.884 ], [ 556666.523999999975786, 3034997.03400000045076 ], [ 556666.474000000045635, 3034997.134 ], [ 556666.199000000022352, 3034997.40900000045076 ], [ 556666.148999999975786, 3034997.40900000045076 ], [ 556665.949000000022352, 3034997.559000000357628 ], [ 556665.599000000045635, 3034997.559000000357628 ], [ 556665.498999999952503, 3034997.509 ], [ 556665.174, 3034997.184000000357628 ], [ 556665.174, 3034997.03400000045076 ], [ 556665.123999999952503, 3034996.984000000171363 ], [ 556665.123999999952503, 3034996.734000000171363 ], [ 556665.174, 3034996.684000000357628 ], [ 556665.224000000045635, 3034996.384 ], [ 556665.574000000022352, 3034995.984000000171363 ], [ 556665.574000000022352, 3034995.834000000264496 ], [ 556665.074000000022352, 3034995.334000000264496 ], [ 556665.074000000022352, 3034995.28400000045076 ], [ 556664.924, 3034995.084000000264496 ], [ 556664.924, 3034994.884 ], [ 556665.023999999975786, 3034994.684000000357628 ], [ 556665.224000000045635, 3034994.434000000357628 ], [ 556665.523999999975786, 3034993.78400000045076 ], [ 556665.599000000045635, 3034993.709000000264496 ], [ 556665.998999999952503, 3034993.709000000264496 ] ] ] } },
{ "type": "Feature", "properties": { "unit_id": "c00077", "method": "watershed", "label": 77, "area_m2": 11.309374999529973, "height_max_m": 1.9417610168457031, "height_mean_m": 1.1204173745250485, "canopy_cover": 0.99493168796826792, "volume_m3": 12.711135114020674, "n_pixels": 4538, "data_coverage": 1.0, "vari_mean": 0.22518114604390677, "exg_mean": 0.23985267607385194, "gli_mean": 0.16560328135171037, "height_max_m_pct": 80.555555555555557, "height_mean_m_pct": 38.888888888888893, "volume_m3_pct": 92.283950617283949, "canopy_cover_pct": 36.728395061728399, "vari_mean_pct": 14.814814814814813, "exg_mean_pct": 8.3333333333333321, "gli_mean_pct": 8.0246913580246915 }, "geometry": { "type": "Polygon", "coordinates": [ [ [ 556612.498999999952503, 3034972.40900000045076 ], [ 556612.549, 3034972.459000000264496 ], [ 556613.448999999905936, 3034972.459000000264496 ], [ 556613.523999999975786, 3034972.53400000045076 ], [ 556613.523999999975786, 3034972.584000000264496 ], [ 556613.823999999905936, 3034972.934000000357628 ], [ 556613.924, 3034973.334000000264496 ], [ 556613.973999999929219, 3034973.384 ], [ 556613.973999999929219, 3034973.53400000045076 ], [ 556614.323999999905936, 3034974.084000000264496 ], [ 556614.323999999905936, 3034974.434000000357628 ], [ 556614.223999999929219, 3034974.634 ], [ 556613.948999999905936, 3034974.859000000171363 ], [ 556613.498999999952503, 3034974.90900000045076 ], [ 556613.448999999905936, 3034974.959000000264496 ], [ 556613.299, 3034974.959000000264496 ], [ 556613.248999999952503, 3034975.009 ], [ 556613.049, 3034975.009 ], [ 556612.998999999952503, 3034975.059000000357628 ], [ 556612.348999999929219, 3034975.059000000357628 ], [ 556612.123999999952503, 3034975.28400000045076 ], [ 556612.123999999952503, 3034975.434000000357628 ], [ 556612.299, 3034975.609000000171363 ], [ 556612.448999999905936, 3034975.609000000171363 ], [ 556612.498999999952503, 3034975.65900000045076 ], [ 556612.848999999929219, 3034975.65900000045076 ], [ 556612.898999999975786, 3034975.709000000264496 ], [ 556612.998999999952503, 3034975.709000000264496 ], [ 556613.198999999905936, 3034975.809000000357628 ], [ 556613.373999999952503, 3034975.984000000171363 ], [ 556613.373999999952503, 3034976.334000000264496 ], [ 556613.323999999905936, 3034976.384 ], [ 556613.323999999905936, 3034976.53400000045076 ], [ 556613.174, 3034976.834000000264496 ], [ 556612.848999999929219, 3034977.15900000045076 ], [ 556612.748999999952503, 3034977.209000000264496 ], [ 556612.648999999975786, 3034977.209000000264496 ], [ 556612.598999999929219, 3034977.259 ], [ 556612.398999999975786, 3034977.259 ], [ 556612.348999999929219, 3034977.309000000357628 ], [ 556612.148999999975786, 3034977.309000000357628 ], [ 556612.023999999975786, 3034977.184000000357628 ], [ 556611.973999999929219, 3034976.934000000357628 ], [ 556611.723999999929219, 3034976.484000000171363 ], [ 556611.723999999929219, 3034976.334000000264496 ], [ 556611.674, 3034976.28400000045076 ], [ 556611.674, 3034976.03400000045076 ], [ 556611.723999999929219, 3034975.984000000171363 ], [ 556611.773999999975786, 3034975.734000000171363 ], [ 556611.873999999952503, 3034975.584000000264496 ], [ 556611.873999999952503, 3034975.334000000264496 ], [ 556611.748999999952503, 3034975.209000000264496 ], [ 556611.549, 3034975.109000000171363 ], [ 556610.848999999929219, 3034975.009 ], [ 556610.748999999952503, 3034974.959000000264496 ], [ 556610.523999999975786, 3034974.734000000171363 ], [ 556610.523999999975786, 3034974.634 ], [ 556610.473999999929219, 3034974.584000000264496 ], [ 556610.473999999929219, 3034973.434000000357628 ], [ 556610.523999999975786, 3034973.384 ], [ 556610.523999999975786, 3034973.234000000171363 ], [ 556610.573999999905936, 3034973.184000000357628 ], [ 556610.623999999952503, 3034972.984000000171363 ], [ 556610.924, 3034972.634 ], [ 556611.049, 3034972.40900000045076 ], [ 556612.498999999952503, 3034972.40900000045076 ] ] ] } },
{ "type": "Feature", "properties": { "unit_id": "c00078", "method": "watershed", "label": 78, "area_m2": 3.2493749997383565, "height_max_m": 1.9450726509094238, "height_mean_m": 1.300658684142687, "canopy_cover": 0.98765432098765427, "volume_m3": 4.2141341366335778, "n_pixels": 1296, "data_coverage": 1.0, "vari_mean": 0.36812508480005668, "exg_mean": 0.4326440695030892, "gli_mean": 0.28601015808990043, "height_max_m_pct": 80.864197530864203, "height_mean_m_pct": 80.864197530864203, "volume_m3_pct": 56.172839506172842, "canopy_cover_pct": 18.518518518518519, "vari_mean_pct": 95.679012345679013, "exg_mean_pct": 86.111111111111114, "gli_mean_pct": 85.493827160493822 }, "geometry": { "type": "Polygon", "coordinates": [ [ [ 556666.898999999975786, 3034965.90900000045076 ], [ 556666.974000000045635, 3034966.334000000264496 ], [ 556667.123999999952503, 3034966.53400000045076 ], [ 556667.273999999975786, 3034966.834000000264496 ], [ 556667.273999999975786, 3034967.234000000171363 ], [ 556667.174, 3034967.434000000357628 ], [ 556666.799, 3034967.759 ], [ 556666.599000000045635, 3034967.809000000357628 ], [ 556666.299, 3034967.959000000264496 ], [ 556665.949000000022352, 3034967.959000000264496 ], [ 556665.748999999952503, 3034967.859000000171363 ], [ 556665.324000000022352, 3034967.484000000171363 ], [ 556665.224000000045635, 3034967.28400000045076 ], [ 556665.224000000045635, 3034966.78400000045076 ], [ 556665.273999999975786, 3034966.734000000171363 ], [ 556665.324000000022352, 3034966.53400000045076 ], [ 556665.773999999975786, 3034966.084000000264496 ], [ 556665.773999999975786, 3034966.03400000045076 ], [ 556665.849000000045635, 3034965.959000000264496 ], [ 556666.449000000022352, 3034965.959000000264496 ], [ 556666.498999999952503, 3034965.90900000045076 ], [ 556666.898999999975786, 3034965.90900000045076 ] ] ] } },
{ "type": "Feature", "properties": { "unit_id": "c00079", "method": "watershed", "label": 79, "area_m2": 2.0962499998343982, "height_max_m": 1.8495805263519287, "height_mean_m": 1.3657431959273183, "canopy_cover": 0.98235294117647054, "volume_m3": 2.9022042913533146, "n_pixels": 850, "data_coverage": 1.0, "vari_mean": 0.23731277661822445, "exg_mean": 0.34428828185719529, "gli_mean": 0.23669001654971225, "height_max_m_pct": 70.987654320987659, "height_mean_m_pct": 91.975308641975303, "volume_m3_pct": 37.962962962962962, "canopy_cover_pct": 11.419753086419753, "vari_mean_pct": 21.296296296296298, "exg_mean_pct": 57.716049382716051, "gli_mean_pct": 59.259259259259252 }, "geometry": { "type": "Polygon", "coordinates": [ [ [ 556643.449000000022352, 3035032.40900000045076 ], [ 556643.648999999975786, 3035032.509000000543892 ], [ 556643.924, 3035032.834000000264496 ], [ 556643.973999999929219, 3035033.03400000045076 ], [ 556644.023999999975786, 3035033.084000000264496 ], [ 556644.023999999975786, 3035033.28400000045076 ], [ 556643.973999999929219, 3035033.334000000264496 ], [ 556643.973999999929219, 3035033.434000000357628 ], [ 556643.873999999952503, 3035033.634000000543892 ], [ 556643.748999999952503, 3035033.759000000543892 ], [ 556643.549, 3035033.859000000171363 ], [ 556643.449000000022352, 3035033.859000000171363 ], [ 556643.398999999975786, 3035033.90900000045076 ], [ 556643.098999999929219, 3035033.90900000045076 ], [ 556643.049, 3035033.859000000171363 ], [ 556642.949000000022352, 3035033.859000000171363 ], [ 556642.648999999975786, 3035033.709000000264496 ], [ 556642.324000000022352, 3035033.434000000357628 ], [ 556642.223999999929219, 3035033.234000000171363 ], [ 556642.223999999929219, 3035032.934000000357628 ], [ 556642.348999999929219, 3035032.709000000264496 ], [ 556642.449000000022352, 3035032.609000000171363 ], [ 556642.648999999975786, 3035032.509000000543892 ], [ 556642.799, 3035032.509000000543892 ], [ 556642.998999999952503, 3035032.40900000045076 ], [ 556643.449000000022352, 3035032.40900000045076 ] ] ] } },
{ "type": "Feature", "properties": { "unit_id": "c00080", "method": "watershed", "label": 80, "area_m2": 3.2056250006071063, "height_max_m": 1.862866997718811, "height_mean_m": 1.3562616916007471, "canopy_cover": 0.96365042536736267, "volume_m3": 4.3841159181111413, "n_pixels": 1293, "data_coverage": 1.0, "vari_mean": 0.30831838998010386, "exg_mean": 0.38540380843992345, "gli_mean": 0.25834692163388318, "height_max_m_pct": 72.53086419753086, "height_mean_m_pct": 89.81481481481481, "volume_m3_pct": 57.407407407407405, "canopy_cover_pct": 0.61728395061728392, "vari_mean_pct": 70.679012345679013, "exg_mean_pct": 71.913580246913583, "gli_mean_pct": 71.604938271604937 }, "geometry": { "type": "Polygon", "coordinates": [ [ [ 556658.599000000045635, 3035017.009 ], [ 556658.623999999952503, 3035017.184000000357628 ], [ 556658.773999999975786, 3035017.384 ], [ 556658.773999999975786, 3035017.434000000357628 ], [ 556658.849000000045635, 3035017.509 ], [ 556658.898999999975786, 3035017.509 ], [ 556659.273999999975786, 3035017.884 ], [ 556659.373999999952503, 3035018.084000000264496 ], [ 556659.373999999952503, 3035018.484000000171363 ], [ 556659.324000000022352, 3035018.53400000045076 ], [ 556659.273999999975786, 3035018.78400000045076 ], [ 556658.998999999952503, 3035019.009000000543892 ], [ 556657.849000000045635, 3035019.009000000543892 ], [ 556657.648999999975786, 3035018.90900000045076 ], [ 556657.474000000045635, 3035018.734000000171363 ], [ 556657.373999999952503, 3035018.53400000045076 ], [ 556657.373999999952503, 3035018.434000000357628 ], [ 556657.324000000022352, 3035018.384000000543892 ], [ 556657.324000000022352, 3035017.984000000171363 ], [ 556657.373999999952503, 3035017.934000000357628 ], [ 556657.373999999952503, 3035017.834000000264496 ], [ 556657.474000000045635, 3035017.684000000357628 ], [ 556657.474000000045635, 3035017.584000000264496 ], [ 556657.674, 3035017.334000000264496 ], [ 556657.674, 3035017.28400000045076 ], [ 556657.799, 3035017.15900000045076 ], [ 556657.873999999952503, 3035017.134 ], [ 556657.873999999952503, 3035017.084000000264496 ], [ 556657.949000000022352, 3035017.009 ], [ 556658.599000000045635, 3035017.009 ] ] ] } },
{ "type": "Feature", "properties": { "unit_id": "c00081", "method": "watershed", "label": 81, "area_m2": 3.4737499995931289, "height_max_m": 1.8702031373977661, "height_mean_m": 1.4265288659958162, "canopy_cover": 0.97022512708787223, "volume_m3": 4.9108256212037329, "n_pixels": 1377, "data_coverage": 1.0, "vari_mean": 0.30511385717407313, "exg_mean": 0.371583196753561, "gli_mean": 0.24912865400542755, "height_max_m_pct": 73.456790123456798, "height_mean_m_pct": 96.296296296296291, "volume_m3_pct": 64.506172839506178, "canopy_cover_pct": 2.4691358024691357, "vari_mean_pct": 68.827160493827151, "exg_mean_pct": 66.666666666666657, "gli_mean_pct": 66.358024691358025 }, "geometry": { "type": "Polygon", "coordinates": [ [ [ 556658.699000000022352, 3035014.809000000357628 ], [ 556658.773999999975786, 3035015.03400000045076 ], [ 556659.023999999975786, 3035015.334000000264496 ], [ 556659.074000000022352, 3035015.484000000171363 ], [ 556659.224000000045635, 3035015.684000000357628 ], [ 556659.224000000045635, 3035015.78400000045076 ], [ 556659.273999999975786, 3035015.834000000264496 ], [ 556659.273999999975786, 3035016.134 ], [ 556659.123999999952503, 3035016.334000000264496 ], [ 556659.123999999952503, 3035016.384 ], [ 556658.674, 3035016.834000000264496 ], [ 556658.674, 3035016.934000000357628 ], [ 556658.599000000045635, 3035017.009 ], [ 556657.949000000022352, 3035017.009 ], [ 556657.898999999975786, 3035016.859000000171363 ], [ 556657.498999999952503, 3035016.759 ], [ 556657.273999999975786, 3035016.584000000264496 ], [ 556657.074000000022352, 3035016.234000000171363 ], [ 556657.074000000022352, 3035015.934000000357628 ], [ 556657.324000000022352, 3035015.484000000171363 ], [ 556657.599000000045635, 3035015.209000000264496 ], [ 556657.748999999952503, 3035015.15900000045076 ], [ 556657.949000000022352, 3035015.009 ], [ 556657.998999999952503, 3035014.809000000357628 ], [ 556658.699000000022352, 3035014.809000000357628 ] ] ] } },
{ "type": "Feature", "properties": { "unit_id": "c00082", "method": "watershed", "label": 82, "area_m2": 8.9131250001583258, "height_max_m": 1.9097563028335571, "height_mean_m": 1.1897127054877701, "canopy_cover": 0.99916060436485732, "volume_m3": 10.630083023561658, "n_pixels": 3574, "data_coverage": 1.0, "vari_mean": 0.27638766668622716, "exg_mean": 0.33799033035533066, "gli_mean": 0.22948681902215726, "height_max_m_pct": 78.395061728395063, "height_mean_m_pct": 55.246913580246911, "volume_m3_pct": 87.962962962962962, "canopy_cover_pct": 61.419753086419746, "vari_mean_pct": 48.148148148148145, "exg_mean_pct": 53.395061728395063, "gli_mean_pct": 53.086419753086425 }, "geometry": { "type": "Polygon", "coordinates": [ [ [ 556636.098999999929219, 3034949.15900000045076 ], [ 556636.148999999975786, 3034949.209000000264496 ], [ 556636.248999999952503, 3034949.209000000264496 ], [ 556636.549, 3034949.359000000171363 ], [ 556636.773999999975786, 3034949.53400000045076 ], [ 556636.824000000022352, 3034949.634 ], [ 556636.824000000022352, 3034950.03400000045076 ], [ 556636.674, 3034950.334000000264496 ], [ 556636.324000000022352, 3034950.834000000264496 ], [ 556636.324000000022352, 3034951.184000000357628 ], [ 556636.473999999929219, 3034951.384 ], [ 556636.473999999929219, 3034951.434000000357628 ], [ 556636.873999999952503, 3034951.934000000357628 ], [ 556636.873999999952503, 3034952.03400000045076 ], [ 556636.973999999929219, 3034952.184000000357628 ], [ 556636.973999999929219, 3034952.28400000045076 ], [ 556637.074000000022352, 3034952.484000000171363 ], [ 556637.074000000022352, 3034952.78400000045076 ], [ 556636.824000000022352, 3034953.134 ], [ 556636.824000000022352, 3034953.184000000357628 ], [ 556636.398999999975786, 3034953.609000000171363 ], [ 556636.049, 3034953.809000000357628 ], [ 556635.699000000022352, 3034953.809000000357628 ], [ 556635.398999999975786, 3034953.65900000045076 ], [ 556635.248999999952503, 3034953.509 ], [ 556634.848999999929219, 3034953.309000000357628 ], [ 556634.598999999929219, 3034953.259 ], [ 556634.498999999952503, 3034953.15900000045076 ], [ 556634.449000000022352, 3034953.15900000045076 ], [ 556634.174, 3034952.834000000264496 ], [ 556634.174, 3034952.734000000171363 ], [ 556634.123999999952503, 3034952.684000000357628 ], [ 556634.123999999952503, 3034952.384 ], [ 556634.373999999952503, 3034951.834000000264496 ], [ 556634.773999999975786, 3034951.384 ], [ 556634.973999999929219, 3034950.984000000171363 ], [ 556634.973999999929219, 3034950.834000000264496 ], [ 556634.773999999975786, 3034950.434000000357628 ], [ 556634.773999999975786, 3034950.134 ], [ 556634.824000000022352, 3034950.084000000264496 ], [ 556634.824000000022352, 3034949.984000000171363 ], [ 556635.098999999929219, 3034949.65900000045076 ], [ 556635.148999999975786, 3034949.65900000045076 ], [ 556635.299, 3034949.509 ], [ 556635.449000000022352, 3034949.459000000264496 ], [ 556635.748999999952503, 3034949.15900000045076 ], [ 556636.098999999929219, 3034949.15900000045076 ] ] ] } },
{ "type": "Feature", "properties": { "unit_id": "c00083", "method": "watershed", "label": 83, "area_m2": 8.5531249997147807, "height_max_m": 1.8721356391906738, "height_mean_m": 1.1622906900462693, "canopy_cover": 0.99388290125254874, "volume_m3": 9.9753598473487877, "n_pixels": 3433, "data_coverage": 1.0, "vari_mean": 0.1937912728841637, "exg_mean": 0.22874640637637794, "gli_mean": 0.15706964364976228, "height_max_m_pct": 74.074074074074076, "height_mean_m_pct": 48.456790123456791, "volume_m3_pct": 87.037037037037038, "canopy_cover_pct": 32.716049382716051, "vari_mean_pct": 7.098765432098765, "exg_mean_pct": 5.8641975308641969, "gli_mean_pct": 5.5555555555555554 }, "geometry": { "type": "Polygon", "coordinates": [ [ [ 556628.699000000022352, 3034941.109000000171363 ], [ 556629.023999999975786, 3034941.484000000171363 ], [ 556629.074000000022352, 3034941.684000000357628 ], [ 556629.174, 3034941.834000000264496 ], [ 556629.174, 3034941.984000000171363 ], [ 556629.223999999929219, 3034942.03400000045076 ], [ 556629.223999999929219, 3034942.634 ], [ 556629.174, 3034942.684000000357628 ], [ 556629.123999999952503, 3034942.934000000357628 ], [ 556628.973999999929219, 3034943.084000000264496 ], [ 556628.973999999929219, 3034943.134 ], [ 556628.498999999952503, 3034943.509 ], [ 556628.049, 3034943.709000000264496 ], [ 556627.924, 3034943.834000000264496 ], [ 556627.924, 3034943.984000000171363 ], [ 556627.973999999929219, 3034944.084000000264496 ], [ 556628.199000000022352, 3034944.309000000357628 ], [ 556628.248999999952503, 3034944.309000000357628 ], [ 556628.598999999929219, 3034944.65900000045076 ], [ 556628.949000000022352, 3034944.809000000357628 ], [ 556629.123999999952503, 3034944.984000000171363 ], [ 556629.123999999952503, 3034945.28400000045076 ], [ 556629.074000000022352, 3034945.334000000264496 ], [ 556629.074000000022352, 3034945.53400000045076 ], [ 556629.023999999975786, 3034945.584000000264496 ], [ 556629.023999999975786, 3034945.684000000357628 ], [ 556628.949000000022352, 3034945.809000000357628 ], [ 556628.848999999929219, 3034945.859000000171363 ], [ 556628.098999999929219, 3034945.859000000171363 ], [ 556628.049, 3034945.809000000357628 ], [ 556627.799, 3034945.759 ], [ 556627.648999999975786, 3034945.65900000045076 ], [ 556627.398999999975786, 3034945.609000000171363 ], [ 556627.199000000022352, 3034945.509 ], [ 556626.924, 3034945.234000000171363 ], [ 556626.873999999952503, 3034945.134 ], [ 556626.873999999952503, 3034945.03400000045076 ], [ 556626.824000000022352, 3034944.984000000171363 ], [ 556626.873999999952503, 3034944.53400000045076 ], [ 556626.924, 3034944.484000000171363 ], [ 556626.973999999929219, 3034944.184000000357628 ], [ 556627.123999999952503, 3034943.934000000357628 ], [ 556627.174, 3034943.684000000357628 ], [ 556627.023999999975786, 3034943.384 ], [ 556626.924, 3034943.28400000045076 ], [ 556626.924, 3034943.184000000357628 ], [ 556626.824000000022352, 3034942.984000000171363 ], [ 556626.824000000022352, 3034942.28400000045076 ], [ 556626.873999999952503, 3034942.234000000171363 ], [ 556626.873999999952503, 3034941.984000000171363 ], [ 556627.223999999929219, 3034941.334000000264496 ], [ 556627.223999999929219, 3034941.234000000171363 ], [ 556627.299, 3034941.109000000171363 ], [ 556627.748999999952503, 3034941.109000000171363 ], [ 556627.949000000022352, 3034941.209000000264496 ], [ 556628.098999999929219, 3034941.209000000264496 ], [ 556628.299, 3034941.109000000171363 ], [ 556628.699000000022352, 3034941.109000000171363 ] ] ] } },
{ "type": "Feature", "properties": { "unit_id": "c00084", "method": "watershed", "label": 84, "area_m2": 2.398124999839347, "height_max_m": 1.8666516542434692, "height_mean_m": 1.3365882612533211, "canopy_cover": 0.98341968911917099, "volume_m3": 3.2245191802822619, "n_pixels": 965, "data_coverage": 1.0, "vari_mean": 0.3493054921437031, "exg_mean": 0.44564778129703364, "gli_mean": 0.29487209489449939, "height_max_m_pct": 72.839506172839506, "height_mean_m_pct": 87.037037037037038, "volume_m3_pct": 43.209876543209873, "canopy_cover_pct": 13.271604938271606, "vari_mean_pct": 90.123456790123456, "exg_mean_pct": 91.049382716049394, "gli_mean_pct": 90.432098765432102 }, "geometry": { "type": "Polygon", "coordinates": [ [ [ 556650.848999999929219, 3035004.059000000357628 ], [ 556650.898999999975786, 3035004.109000000171363 ], [ 556650.998999999952503, 3035004.109000000171363 ], [ 556651.248999999952503, 3035004.309000000357628 ], [ 556651.299, 3035004.309000000357628 ], [ 556651.674, 3035004.684000000357628 ], [ 556651.723999999929219, 3035004.78400000045076 ], [ 556651.723999999929219, 3035004.984000000171363 ], [ 556651.623999999952503, 3035005.184000000357628 ], [ 556651.248999999952503, 3035005.609000000171363 ], [ 556651.199000000022352, 3035005.609000000171363 ], [ 556651.098999999929219, 3035005.709000000264496 ], [ 556650.748999999952503, 3035005.759 ], [ 556650.699000000022352, 3035005.709000000264496 ], [ 556650.449000000022352, 3035005.709000000264496 ], [ 556650.248999999952503, 3035005.609000000171363 ], [ 556649.973999999929219, 3035005.334000000264496 ], [ 556649.824000000022352, 3035005.03400000045076 ], [ 556649.773999999975786, 3035004.78400000045076 ], [ 556649.824000000022352, 3035004.734000000171363 ], [ 556649.873999999952503, 3035004.53400000045076 ], [ 556650.199000000022352, 3035004.209000000264496 ], [ 556650.398999999975786, 3035004.109000000171363 ], [ 556650.498999999952503, 3035004.109000000171363 ], [ 556650.549, 3035004.059000000357628 ], [ 556650.848999999929219, 3035004.059000000357628 ] ] ] } },
{ "type": "Feature", "properties": { "unit_id": "c00085", "method": "watershed", "label": 85, "area_m2": 6.3474999996504637, "height_max_m": 1.8742095232009888, "height_mean_m": 1.2327612750653238, "canopy_cover": 0.99883086515978181, "volume_m3": 7.9081635795652048, "n_pixels": 2566, "data_coverage": 1.0, "vari_mean": 0.2772332141442983, "exg_mean": 0.28661157963097594, "gli_mean": 0.19686696759583952, "height_max_m_pct": 74.382716049382708, "height_mean_m_pct": 64.81481481481481, "volume_m3_pct": 80.246913580246911, "canopy_cover_pct": 58.641975308641982, "vari_mean_pct": 49.382716049382715, "exg_mean_pct": 22.839506172839506, "gli_mean_pct": 23.456790123456788 }, "geometry": { "type": "Polygon", "coordinates": [ [ [ 556612.498999999952503, 3034965.309000000357628 ], [ 556612.549, 3034965.359000000171363 ], [ 556613.098999999929219, 3034965.359000000171363 ], [ 556613.148999999975786, 3034965.40900000045076 ], [ 556613.248999999952503, 3034965.40900000045076 ], [ 556613.698999999905936, 3034965.65900000045076 ], [ 556614.023999999975786, 3034966.03400000045076 ], [ 556614.073999999905936, 3034966.234000000171363 ], [ 556614.123999999952503, 3034966.28400000045076 ], [ 556614.123999999952503, 3034966.434000000357628 ], [ 556614.073999999905936, 3034966.484000000171363 ], [ 556614.023999999975786, 3034966.684000000357628 ], [ 556613.924, 3034966.78400000045076 ], [ 556613.823999999905936, 3034966.984000000171363 ], [ 556613.823999999905936, 3034967.084000000264496 ], [ 556613.674, 3034967.384 ], [ 556613.373999999952503, 3034967.684000000357628 ], [ 556613.348999999929219, 3034967.809000000357628 ], [ 556612.948999999905936, 3034967.809000000357628 ], [ 556612.898999999975786, 3034967.859000000171363 ], [ 556612.348999999929219, 3034967.859000000171363 ], [ 556612.148999999975786, 3034967.759 ], [ 556611.148999999975786, 3034967.759 ], [ 556611.123999999952503, 3034967.234000000171363 ], [ 556611.073999999905936, 3034967.184000000357628 ], [ 556611.023999999975786, 3034966.934000000357628 ], [ 556610.973999999929219, 3034966.884 ], [ 556610.973999999929219, 3034966.434000000357628 ], [ 556611.123999999952503, 3034966.134 ], [ 556611.424, 3034965.78400000045076 ], [ 556611.424, 3034965.734000000171363 ], [ 556611.698999999905936, 3034965.509 ], [ 556611.898999999975786, 3034965.40900000045076 ], [ 556611.998999999952503, 3034965.40900000045076 ], [ 556612.049, 3034965.359000000171363 ], [ 556612.198999999905936, 3034965.359000000171363 ], [ 556612.248999999952503, 3034965.309000000357628 ], [ 556612.498999999952503, 3034965.309000000357628 ] ] ] } },
{ "type": "Feature", "properties": { "unit_id": "c00086", "method": "watershed", "label": 86, "area_m2": 8.8025000001734544, "height_max_m": 1.8588172197341919, "height_mean_m": 1.245511755993659, "canopy_cover": 0.99829883753898496, "volume_m3": 10.982299908503464, "n_pixels": 3527, "data_coverage": 1.0, "vari_mean": 0.24782411717038444, "exg_mean": 0.3176318010834317, "gli_mean": 0.21714263973828593, "height_max_m_pct": 71.296296296296291, "height_mean_m_pct": 68.827160493827151, "volume_m3_pct": 89.197530864197532, "canopy_cover_pct": 54.012345679012341, "vari_mean_pct": 28.39506172839506, "exg_mean_pct": 41.975308641975303, "gli_mean_pct": 42.592592592592595 }, "geometry": { "type": "Polygon", "coordinates": [ [ [ 556619.998999999952503, 3035036.459000000264496 ], [ 556620.299, 3035036.609000000171363 ], [ 556620.398999999975786, 3035036.709000000264496 ], [ 556620.748999999952503, 3035036.859000000171363 ], [ 556620.973999999929219, 3035037.084000000264496 ], [ 556620.973999999929219, 3035037.134000000543892 ], [ 556621.073999999905936, 3035037.234000000171363 ], [ 556621.123999999952503, 3035037.384000000543892 ], [ 556621.223999999929219, 3035037.484000000171363 ], [ 556621.323999999905936, 3035037.684000000357628 ], [ 556621.323999999905936, 3035037.984000000171363 ], [ 556621.273999999975786, 3035038.03400000045076 ], [ 556621.223999999929219, 3035038.234000000171363 ], [ 556621.123999999952503, 3035038.334000000264496 ], [ 556621.123999999952503, 3035038.384000000543892 ], [ 556620.674, 3035038.834000000264496 ], [ 556620.623999999952503, 3035038.934000000357628 ], [ 556620.623999999952503, 3035039.184000000357628 ], [ 556620.773999999975786, 3035039.384000000543892 ], [ 556620.823999999905936, 3035039.53400000045076 ], [ 556620.924, 3035039.634000000543892 ], [ 556620.973999999929219, 3035039.834000000264496 ], [ 556621.023999999975786, 3035039.884000000543892 ], [ 556621.023999999975786, 3035040.384000000543892 ], [ 556620.973999999929219, 3035040.434000000357628 ], [ 556620.973999999929219, 3035040.584000000264496 ], [ 556620.898999999975786, 3035040.709000000264496 ], [ 556620.698999999905936, 3035040.859000000171363 ], [ 556620.398999999975786, 3035040.859000000171363 ], [ 556620.348999999929219, 3035040.809000000357628 ], [ 556619.948999999905936, 3035040.759000000543892 ], [ 556619.799, 3035040.65900000045076 ], [ 556619.698999999905936, 3035040.65900000045076 ], [ 556619.549, 3035040.559000000357628 ], [ 556619.448999999905936, 3035040.559000000357628 ], [ 556619.248999999952503, 3035040.459000000264496 ], [ 556618.973999999929219, 3035040.184000000357628 ], [ 556618.924, 3035040.084000000264496 ], [ 556618.924, 3035039.684000000357628 ], [ 556618.973999999929219, 3035039.634000000543892 ], [ 556618.973999999929219, 3035039.484000000171363 ], [ 556619.073999999905936, 3035039.28400000045076 ], [ 556619.123999999952503, 3035039.03400000045076 ], [ 556619.174, 3035038.984000000171363 ], [ 556619.174, 3035038.834000000264496 ], [ 556619.049, 3035038.65900000045076 ], [ 556618.998999999952503, 3035038.65900000045076 ], [ 556618.848999999929219, 3035038.509000000543892 ], [ 556618.648999999975786, 3035038.40900000045076 ], [ 556618.373999999952503, 3035038.134000000543892 ], [ 556618.373999999952503, 3035038.084000000264496 ], [ 556618.223999999929219, 3035037.884000000543892 ], [ 556618.223999999929219, 3035037.634000000543892 ], [ 556618.273999999975786, 3035037.53400000045076 ], [ 556618.648999999975786, 3035037.15900000045076 ], [ 556618.998999999952503, 3035036.959000000264496 ], [ 556619.098999999929219, 3035036.859000000171363 ], [ 556619.148999999975786, 3035036.859000000171363 ], [ 556619.373999999952503, 3035036.634000000543892 ], [ 556619.373999999952503, 3035036.53400000045076 ], [ 556619.448999999905936, 3035036.459000000264496 ], [ 556619.998999999952503, 3035036.459000000264496 ] ] ] } },
{ "type": "Feature", "properties": { "unit_id": "c00087", "method": "watershed", "label": 87, "area_m2": 5.3743749999275314, "height_max_m": 1.8599121570587158, "height_mean_m": 1.2802077527760278, "canopy_cover": 0.96754751970329156, "volume_m3": 6.9035203068631956, "n_pixels": 2157, "data_coverage": 1.0, "vari_mean": 0.25579150337412815, "exg_mean": 0.36318045204957744, "gli_mean": 0.2438139539809093, "height_max_m_pct": 71.604938271604937, "height_mean_m_pct": 76.23456790123457, "volume_m3_pct": 74.691358024691354, "canopy_cover_pct": 1.2345679012345678, "vari_mean_pct": 32.716049382716051, "exg_mean_pct": 63.580246913580254, "gli_mean_pct": 62.345679012345677 }, "geometry": { "type": "Polygon", "coordinates": [ [ [ 556665.898999999975786, 3035028.309000000357628 ], [ 556666.248999999952503, 3035028.509000000543892 ], [ 556666.574000000022352, 3035028.834000000264496 ], [ 556666.574000000022352, 3035028.884000000543892 ], [ 556666.724000000045635, 3035029.084000000264496 ], [ 556666.724000000045635, 3035029.184000000357628 ], [ 556666.773999999975786, 3035029.234000000171363 ], [ 556666.773999999975786, 3035029.434000000357628 ], [ 556666.724000000045635, 3035029.484000000171363 ], [ 556666.724000000045635, 3035029.584000000264496 ], [ 556666.574000000022352, 3035029.78400000045076 ], [ 556666.498999999952503, 3035029.809000000357628 ], [ 556666.373999999952503, 3035029.934000000357628 ], [ 556666.324000000022352, 3035030.084000000264496 ], [ 556666.824000000022352, 3035030.634000000543892 ], [ 556666.824000000022352, 3035030.734000000171363 ], [ 556666.873999999952503, 3035030.78400000045076 ], [ 556666.873999999952503, 3035031.084000000264496 ], [ 556666.824000000022352, 3035031.134000000543892 ], [ 556666.824000000022352, 3035031.234000000171363 ], [ 556666.724000000045635, 3035031.434000000357628 ], [ 556666.449000000022352, 3035031.759000000543892 ], [ 556666.398999999975786, 3035031.759000000543892 ], [ 556666.148999999975786, 3035031.959000000264496 ], [ 556665.949000000022352, 3035032.059000000357628 ], [ 556665.648999999975786, 3035032.109000000171363 ], [ 556665.373999999952503, 3035031.934000000357628 ], [ 556665.373999999952503, 3035031.884000000543892 ], [ 556664.974000000045635, 3035031.484000000171363 ], [ 556664.974000000045635, 3035031.434000000357628 ], [ 556664.873999999952503, 3035031.334000000264496 ], [ 556664.824000000022352, 3035031.234000000171363 ], [ 556664.824000000022352, 3035031.084000000264496 ], [ 556664.773999999975786, 3035031.03400000045076 ], [ 556664.773999999975786, 3035030.78400000045076 ], [ 556664.824000000022352, 3035030.734000000171363 ], [ 556664.873999999952503, 3035030.53400000045076 ], [ 556664.998999999952503, 3035030.40900000045076 ], [ 556665.199000000022352, 3035030.309000000357628 ], [ 556665.299, 3035030.309000000357628 ], [ 556665.349000000045635, 3035030.259000000543892 ], [ 556665.699000000022352, 3035030.209000000264496 ], [ 556665.924, 3035030.03400000045076 ], [ 556665.849000000045635, 3035029.959000000264496 ], [ 556665.748999999952503, 3035029.959000000264496 ], [ 556665.349000000045635, 3035029.759000000543892 ], [ 556665.123999999952503, 3035029.53400000045076 ], [ 556665.023999999975786, 3035029.334000000264496 ], [ 556665.023999999975786, 3035029.03400000045076 ], [ 556665.074000000022352, 3035028.984000000171363 ], [ 556665.074000000022352, 3035028.78400000045076 ], [ 556665.123999999952503, 3035028.734000000171363 ], [ 556665.174, 3035028.53400000045076 ], [ 556665.299, 3035028.40900000045076 ], [ 556665.498999999952503, 3035028.309000000357628 ], [ 556665.898999999975786, 3035028.309000000357628 ] ] ] } },
{ "type": "Feature", "properties": { "unit_id": "c00088", "method": "watershed", "label": 88, "area_m2": 3.4237499999612919, "height_max_m": 1.8916394710540771, "height_mean_m": 1.3167010777058883, "canopy_cover": 0.98467153284671538, "volume_m3": 4.50970119115473, "n_pixels": 1370, "data_coverage": 1.0, "vari_mean": 0.25651969983888023, "exg_mean": 0.27956389930192943, "gli_mean": 0.19108524850889472, "height_max_m_pct": 76.23456790123457, "height_mean_m_pct": 83.024691358024697, "volume_m3_pct": 59.259259259259252, "canopy_cover_pct": 15.123456790123457, "vari_mean_pct": 33.950617283950621, "exg_mean_pct": 18.518518518518519, "gli_mean_pct": 18.209876543209877 }, "geometry": { "type": "Polygon", "coordinates": [ [ [ 556666.398999999975786, 3035017.059000000357628 ], [ 556666.474000000045635, 3035017.134 ], [ 556666.474000000045635, 3035017.234000000171363 ], [ 556666.773999999975786, 3035017.584000000264496 ], [ 556666.873999999952503, 3035017.78400000045076 ], [ 556666.873999999952503, 3035017.884 ], [ 556666.924, 3035017.934000000357628 ], [ 556666.924, 3035018.434000000357628 ], [ 556666.674, 3035018.884000000543892 ], [ 556666.449000000022352, 3035019.109000000171363 ], [ 556666.349000000045635, 3035019.109000000171363 ], [ 556666.299, 3035019.15900000045076 ], [ 556665.949000000022352, 3035019.15900000045076 ], [ 556665.898999999975786, 3035019.209000000264496 ], [ 556665.549, 3035019.209000000264496 ], [ 556665.349000000045635, 3035019.109000000171363 ], [ 556664.974000000045635, 3035018.734000000171363 ], [ 556664.924, 3035018.634000000543892 ], [ 556664.924, 3035018.28400000045076 ], [ 556665.074000000022352, 3035017.984000000171363 ], [ 556665.123999999952503, 3035017.684000000357628 ], [ 556665.449000000022352, 3035017.059000000357628 ], [ 556666.398999999975786, 3035017.059000000357628 ] ] ] } },
{ "type": "Feature", "properties": { "unit_id": "c00089", "method": "watershed", "label": 89, "area_m2": 3.3162499999385906, "height_max_m": 1.859912633895874, "height_mean_m": 1.3566657962872795, "canopy_cover": 0.98499624906226557, "volume_m3": 4.5210887661394521, "n_pixels": 1333, "data_coverage": 1.0, "vari_mean": 0.27736489949373461, "exg_mean": 0.34652421345251527, "gli_mean": 0.23577769126673637, "height_max_m_pct": 71.913580246913583, "height_mean_m_pct": 90.123456790123456, "volume_m3_pct": 59.876543209876544, "canopy_cover_pct": 16.049382716049383, "vari_mean_pct": 49.691358024691354, "exg_mean_pct": 59.259259259259252, "gli_mean_pct": 58.641975308641982 }, "geometry": { "type": "Polygon", "coordinates": [ [ [ 556658.599000000045635, 3035012.859000000171363 ], [ 556658.648999999975786, 3035012.90900000045076 ], [ 556658.799, 3035012.90900000045076 ], [ 556659.099000000045635, 3035013.059000000357628 ], [ 556659.324000000022352, 3035013.28400000045076 ], [ 556659.373999999952503, 3035013.384 ], [ 556659.373999999952503, 3035013.984000000171363 ], [ 556659.273999999975786, 3035014.184000000357628 ], [ 556658.773999999975786, 3035014.634 ], [ 556658.699000000022352, 3035014.809000000357628 ], [ 556657.998999999952503, 3035014.809000000357628 ], [ 556657.898999999975786, 3035014.65900000045076 ], [ 556657.849000000045635, 3035014.65900000045076 ], [ 556657.699000000022352, 3035014.509 ], [ 556657.648999999975786, 3035014.509 ], [ 556657.424, 3035014.28400000045076 ], [ 556657.224000000045635, 3035013.934000000357628 ], [ 556657.174, 3035013.634 ], [ 556657.224000000045635, 3035013.584000000264496 ], [ 556657.224000000045635, 3035013.484000000171363 ], [ 556657.324000000022352, 3035013.28400000045076 ], [ 556657.599000000045635, 3035013.009 ], [ 556657.799, 3035012.959000000264496 ], [ 556657.849000000045635, 3035012.90900000045076 ], [ 556657.998999999952503, 3035012.90900000045076 ], [ 556658.049, 3035012.859000000171363 ], [ 556658.599000000045635, 3035012.859000000171363 ] ] ] } },
{ "type": "Feature", "properties": { "unit_id": "c00090", "method": "watershed", "label": 90, "area_m2": 2.8243750001574517, "height_max_m": 1.8257858753204346, "height_mean_m": 1.2763434421061559, "canopy_cover": 0.98494242692648359, "volume_m3": 3.6024793653542608, "n_pixels": 1129, "data_coverage": 1.0, "vari_mean": 0.30989674586763716, "exg_mean": 0.43966128074041, "gli_mean": 0.29073322562493276, "height_max_m_pct": 69.444444444444443, "height_mean_m_pct": 75.0, "volume_m3_pct": 49.382716049382715, "canopy_cover_pct": 15.74074074074074, "vari_mean_pct": 72.222222222222214, "exg_mean_pct": 87.345679012345684, "gli_mean_pct": 86.728395061728392 }, "geometry": { "type": "Polygon", "coordinates": [ [ [ 556665.849000000045635, 3035042.859000000171363 ], [ 556666.049, 3035042.959000000264496 ], [ 556666.224000000045635, 3035043.134000000543892 ], [ 556666.224000000045635, 3035043.184000000357628 ], [ 556666.424, 3035043.384000000543892 ], [ 556666.424, 3035043.434000000357628 ], [ 556666.623999999952503, 3035043.684000000357628 ], [ 556666.773999999975786, 3035043.984000000171363 ], [ 556666.773999999975786, 3035044.28400000045076 ], [ 556666.549, 3035044.559000000357628 ], [ 556666.349000000045635, 3035044.609000000171363 ], [ 556666.299, 3035044.65900000045076 ], [ 556665.699000000022352, 3035044.65900000045076 ], [ 556665.648999999975786, 3035044.709000000264496 ], [ 556665.248999999952503, 3035044.65900000045076 ], [ 556664.949000000022352, 3035044.509000000543892 ], [ 556664.724000000045635, 3035044.28400000045076 ], [ 556664.724000000045635, 3035043.684000000357628 ], [ 556664.873999999952503, 3035043.484000000171363 ], [ 556664.873999999952503, 3035043.434000000357628 ], [ 556665.148999999975786, 3035043.15900000045076 ], [ 556665.699000000022352, 3035042.859000000171363 ], [ 556665.849000000045635, 3035042.859000000171363 ] ] ] } },
{ "type": "Feature", "properties": { "unit_id": "c00091", "method": "watershed", "label": 91, "area_m2": 2.8237499998215938, "height_max_m": 1.8228511810302734, "height_mean_m": 1.2988996360642238, "canopy_cover": 0.98125, "volume_m3": 3.6369189809895541, "n_pixels": 1120, "data_coverage": 1.0, "vari_mean": 0.36064339579940141, "exg_mean": 0.46601853262408138, "gli_mean": 0.29990581260425031, "height_max_m_pct": 68.827160493827151, "height_mean_m_pct": 80.555555555555557, "volume_m3_pct": 49.691358024691354, "canopy_cover_pct": 9.2592592592592595, "vari_mean_pct": 93.209876543209873, "exg_mean_pct": 93.518518518518519, "gli_mean_pct": 92.592592592592595 }, "geometry": { "type": "Polygon", "coordinates": [ [ [ 556666.498999999952503, 3034951.15900000045076 ], [ 556666.549, 3034951.209000000264496 ], [ 556667.023999999975786, 3034951.234000000171363 ], [ 556667.023999999975786, 3034951.384 ], [ 556667.123999999952503, 3034951.53400000045076 ], [ 556667.123999999952503, 3034951.634 ], [ 556667.224000000045635, 3034951.78400000045076 ], [ 556667.224000000045635, 3034951.934000000357628 ], [ 556667.273999999975786, 3034951.984000000171363 ], [ 556667.273999999975786, 3034952.184000000357628 ], [ 556667.174, 3034952.384 ], [ 556667.074000000022352, 3034952.484000000171363 ], [ 556667.074000000022352, 3034952.53400000045076 ], [ 556666.998999999952503, 3034952.559000000357628 ], [ 556666.849000000045635, 3034952.709000000264496 ], [ 556666.648999999975786, 3034952.759 ], [ 556666.599000000045635, 3034952.809000000357628 ], [ 556666.248999999952503, 3034952.809000000357628 ], [ 556666.199000000022352, 3034952.859000000171363 ], [ 556665.949000000022352, 3034952.859000000171363 ], [ 556665.898999999975786, 3034952.809000000357628 ], [ 556665.799, 3034952.809000000357628 ], [ 556665.599000000045635, 3034952.709000000264496 ], [ 556665.324000000022352, 3034952.484000000171363 ], [ 556665.324000000022352, 3034952.434000000357628 ], [ 556665.174, 3034952.234000000171363 ], [ 556665.174, 3034951.984000000171363 ], [ 556665.224000000045635, 3034951.934000000357628 ], [ 556665.273999999975786, 3034951.734000000171363 ], [ 556665.373999999952503, 3034951.634 ], [ 556665.474000000045635, 3034951.434000000357628 ], [ 556665.799, 3034951.15900000045076 ], [ 556666.498999999952503, 3034951.15900000045076 ] ] ] } },
{ "type": "Feature", "properties": { "unit_id": "c00092", "method": "watershed", "label": 92, "area_m2": 3.3837500001705485, "height_max_m": 1.8128890991210938, "height_mean_m": 1.3536228185976695, "canopy_cover": 0.98312545854732203, "volume_m3": 4.6124697543838966, "n_pixels": 1363, "data_coverage": 1.0, "vari_mean": 0.29312427622182108, "exg_mean": 0.32949508881585216, "gli_mean": 0.22357364501023763, "height_max_m_pct": 66.666666666666657, "height_mean_m_pct": 89.197530864197532, "volume_m3_pct": 60.493827160493829, "canopy_cover_pct": 12.345679012345679, "vari_mean_pct": 60.802469135802475, "exg_mean_pct": 48.148148148148145, "gli_mean_pct": 47.530864197530867 }, "geometry": { "type": "Polygon", "coordinates": [ [ [ 556666.349000000045635, 3034957.459000000264496 ], [ 556666.398999999975786, 3034957.509 ], [ 556666.549, 3034957.509 ], [ 556666.898999999975786, 3034957.709000000264496 ], [ 556667.324000000022352, 3034958.134 ], [ 556667.474000000045635, 3034958.434000000357628 ], [ 556667.474000000045635, 3034958.734000000171363 ], [ 556667.373999999952503, 3034958.934000000357628 ], [ 556667.199000000022352, 3034959.109000000171363 ], [ 556666.648999999975786, 3034959.40900000045076 ], [ 556665.949000000022352, 3034959.40900000045076 ], [ 556665.898999999975786, 3034959.359000000171363 ], [ 556665.799, 3034959.359000000171363 ], [ 556665.599000000045635, 3034959.259 ], [ 556665.324000000022352, 3034958.984000000171363 ], [ 556665.324000000022352, 3034958.934000000357628 ], [ 556665.174, 3034958.734000000171363 ], [ 556665.174, 3034958.28400000045076 ], [ 556665.324000000022352, 3034958.084000000264496 ], [ 556665.324000000022352, 3034958.03400000045076 ], [ 556665.648999999975786, 3034957.709000000264496 ], [ 556665.949000000022352, 3034957.559000000357628 ], [ 556666.049, 3034957.559000000357628 ], [ 556666.099000000045635, 3034957.509 ], [ 556666.299, 3034957.509 ], [ 556666.349000000045635, 3034957.459000000264496 ] ] ] } },
{ "type": "Feature", "properties": { "unit_id": "c00093", "method": "watershed", "label": 93, "area_m2": 2.5918750000605359, "height_max_m": 1.8936953544616699, "height_mean_m": 1.1451147126746506, "canopy_cover": 0.99242424242424243, "volume_m3": 3.0231028414691634, "n_pixels": 1056, "data_coverage": 1.0, "vari_mean": 0.25056854501347114, "exg_mean": 0.35611559585767633, "gli_mean": 0.23888470578282914, "height_max_m_pct": 76.543209876543202, "height_mean_m_pct": 45.061728395061728, "volume_m3_pct": 40.123456790123456, "canopy_cover_pct": 29.320987654320991, "vari_mean_pct": 29.938271604938272, "exg_mean_pct": 60.802469135802475, "gli_mean_pct": 60.493827160493829 }, "geometry": { "type": "Polygon", "coordinates": [ [ [ 556651.199000000022352, 3035042.609000000171363 ], [ 556651.473999999929219, 3035042.884000000543892 ], [ 556651.523999999975786, 3035042.984000000171363 ], [ 556651.523999999975786, 3035043.234000000171363 ], [ 556651.174, 3035043.934000000357628 ], [ 556650.949000000022352, 3035044.15900000045076 ], [ 556650.748999999952503, 3035044.209000000264496 ], [ 556650.699000000022352, 3035044.259000000543892 ], [ 556650.199000000022352, 3035044.259000000543892 ], [ 556650.098999999929219, 3035044.209000000264496 ], [ 556649.674, 3035043.734000000171363 ], [ 556649.523999999975786, 3035043.434000000357628 ], [ 556649.523999999975786, 3035043.334000000264496 ], [ 556649.473999999929219, 3035043.28400000045076 ], [ 556649.473999999929219, 3035043.084000000264496 ], [ 556649.523999999975786, 3035043.03400000045076 ], [ 556649.523999999975786, 3035042.934000000357628 ], [ 556649.648999999975786, 3035042.809000000357628 ], [ 556649.748999999952503, 3035042.809000000357628 ], [ 556649.799, 3035042.759000000543892 ], [ 556650.148999999975786, 3035042.759000000543892 ], [ 556650.348999999929219, 3035042.65900000045076 ], [ 556650.449000000022352, 3035042.65900000045076 ], [ 556650.498999999952503, 3035042.609000000171363 ], [ 556651.199000000022352, 3035042.609000000171363 ] ] ] } },
{ "type": "Feature", "properties": { "unit_id": "c00094", "method": "watershed", "label": 94, "area_m2": 3.2518749998186824, "height_max_m": 1.8937115669250488, "height_mean_m": 1.0465936304100838, "canopy_cover": 1.0, "volume_m3": 3.4040457829179025, "n_pixels": 1301, "data_coverage": 1.0, "vari_mean": 0.29698171714551397, "exg_mean": 0.30138299459455081, "gli_mean": 0.20769216035715415, "height_max_m_pct": 76.851851851851848, "height_mean_m_pct": 26.234567901234566, "volume_m3_pct": 46.604938271604937, "canopy_cover_pct": 83.487654320987659, "vari_mean_pct": 62.654320987654323, "exg_mean_pct": 29.012345679012348, "gli_mean_pct": 29.320987654320991 }, "geometry": { "type": "Polygon", "coordinates": [ [ [ 556620.098999999929219, 3034968.359000000171363 ], [ 556620.148999999975786, 3034968.40900000045076 ], [ 556620.549, 3034968.40900000045076 ], [ 556620.598999999929219, 3034968.459000000264496 ], [ 556620.698999999905936, 3034968.459000000264496 ], [ 556620.898999999975786, 3034968.559000000357628 ], [ 556621.023999999975786, 3034968.684000000357628 ], [ 556621.174, 3034968.984000000171363 ], [ 556621.174, 3034969.084000000264496 ], [ 556621.323999999905936, 3034969.334000000264496 ], [ 556621.323999999905936, 3034969.434000000357628 ], [ 556621.373999999952503, 3034969.484000000171363 ], [ 556621.373999999952503, 3034969.884 ], [ 556621.424, 3034969.934000000357628 ], [ 556621.424, 3034970.184000000357628 ], [ 556621.473999999929219, 3034970.234000000171363 ], [ 556621.448999999905936, 3034970.259 ], [ 556620.049, 3034970.309000000357628 ], [ 556620.023999999975786, 3034970.184000000357628 ], [ 556619.674, 3034969.884 ], [ 556619.674, 3034969.834000000264496 ], [ 556619.523999999975786, 3034969.684000000357628 ], [ 556619.523999999975786, 3034969.634 ], [ 556619.373999999952503, 3034969.484000000171363 ], [ 556619.373999999952503, 3034969.434000000357628 ], [ 556619.273999999975786, 3034969.334000000264496 ], [ 556619.273999999975786, 3034968.934000000357628 ], [ 556619.323999999905936, 3034968.884 ], [ 556619.323999999905936, 3034968.734000000171363 ], [ 556619.373999999952503, 3034968.634 ], [ 556619.648999999975786, 3034968.40900000045076 ], [ 556619.748999999952503, 3034968.40900000045076 ], [ 556619.799, 3034968.359000000171363 ], [ 556620.098999999929219, 3034968.359000000171363 ] ] ] } },
{ "type": "Feature", "properties": { "unit_id": "c00095", "method": "watershed", "label": 95, "area_m2": 2.2237500001068113, "height_max_m": 1.843238353729248, "height_mean_m": 1.2770026918982953, "canopy_cover": 0.9955357142857143, "volume_m3": 2.8604860298598327, "n_pixels": 896, "data_coverage": 1.0, "vari_mean": 0.24711214557846189, "exg_mean": 0.29062409653988752, "gli_mean": 0.19931599258071639, "height_max_m_pct": 70.370370370370367, "height_mean_m_pct": 75.617283950617292, "volume_m3_pct": 37.345679012345677, "canopy_cover_pct": 40.74074074074074, "vari_mean_pct": 27.469135802469136, "exg_mean_pct": 24.382716049382715, "gli_mean_pct": 25.308641975308642 }, "geometry": { "type": "Polygon", "coordinates": [ [ [ 556659.099000000045635, 3034946.759 ], [ 556659.199000000022352, 3034946.809000000357628 ], [ 556659.474000000045635, 3034947.084000000264496 ], [ 556659.574000000022352, 3034947.28400000045076 ], [ 556659.574000000022352, 3034947.384 ], [ 556659.623999999952503, 3034947.434000000357628 ], [ 556659.623999999952503, 3034947.584000000264496 ], [ 556659.674, 3034947.634 ], [ 556659.674, 3034947.884 ], [ 556659.574000000022352, 3034948.084000000264496 ], [ 556659.299, 3034948.359000000171363 ], [ 556659.199000000022352, 3034948.40900000045076 ], [ 556659.099000000045635, 3034948.40900000045076 ], [ 556659.049, 3034948.459000000264496 ], [ 556658.599000000045635, 3034948.459000000264496 ], [ 556658.549, 3034948.40900000045076 ], [ 556658.449000000022352, 3034948.40900000045076 ], [ 556658.123999999952503, 3034948.134 ], [ 556658.023999999975786, 3034947.934000000357628 ], [ 556658.023999999975786, 3034947.78400000045076 ], [ 556657.974000000045635, 3034947.734000000171363 ], [ 556657.974000000045635, 3034947.53400000045076 ], [ 556658.023999999975786, 3034947.484000000171363 ], [ 556658.023999999975786, 3034947.384 ], [ 556658.074000000022352, 3034947.28400000045076 ], [ 556658.373999999952503, 3034946.984000000171363 ], [ 556658.549, 3034946.859000000171363 ], [ 556658.748999999952503, 3034946.809000000357628 ], [ 556658.799, 3034946.759 ], [ 556659.099000000045635, 3034946.759 ] ] ] } },
{ "type": "Feature", "properties": { "unit_id": "c00096", "method": "watershed", "label": 96, "area_m2": 2.5293749999324788, "height_max_m": 1.9116955995559692, "height_mean_m": 1.18511919782389, "canopy_cover": 0.99405351833498512, "volume_m3": 2.9894631765187585, "n_pixels": 1009, "data_coverage": 1.0, "vari_mean": 0.30008609727525454, "exg_mean": 0.4048947015948044, "gli_mean": 0.27035501028050307, "height_max_m_pct": 78.703703703703709, "height_mean_m_pct": 54.629629629629626, "volume_m3_pct": 39.197530864197532, "canopy_cover_pct": 33.024691358024697, "vari_mean_pct": 65.123456790123456, "exg_mean_pct": 77.160493827160494, "gli_mean_pct": 77.46913580246914 }, "geometry": { "type": "Polygon", "coordinates": [ [ [ 556658.648999999975786, 3034987.259 ], [ 556658.824000000022352, 3034987.434000000357628 ], [ 556658.873999999952503, 3034987.584000000264496 ], [ 556659.023999999975786, 3034987.734000000171363 ], [ 556659.023999999975786, 3034987.78400000045076 ], [ 556659.373999999952503, 3034988.134 ], [ 556659.424, 3034988.234000000171363 ], [ 556659.424, 3034988.434000000357628 ], [ 556659.324000000022352, 3034988.53400000045076 ], [ 556659.324000000022352, 3034988.584000000264496 ], [ 556659.248999999952503, 3034988.609000000171363 ], [ 556658.924, 3034988.934000000357628 ], [ 556658.799, 3034989.259 ], [ 556658.299, 3034989.259 ], [ 556658.224000000045635, 3034989.184000000357628 ], [ 556658.174, 3034989.03400000045076 ], [ 556657.898999999975786, 3034988.809000000357628 ], [ 556657.849000000045635, 3034988.809000000357628 ], [ 556657.574000000022352, 3034988.484000000171363 ], [ 556657.574000000022352, 3034988.384 ], [ 556657.523999999975786, 3034988.334000000264496 ], [ 556657.523999999975786, 3034988.084000000264496 ], [ 556657.574000000022352, 3034988.03400000045076 ], [ 556657.574000000022352, 3034987.884 ], [ 556657.623999999952503, 3034987.78400000045076 ], [ 556657.898999999975786, 3034987.509 ], [ 556658.099000000045635, 3034987.40900000045076 ], [ 556658.199000000022352, 3034987.40900000045076 ], [ 556658.299, 3034987.309000000357628 ], [ 556658.398999999975786, 3034987.309000000357628 ], [ 556658.449000000022352, 3034987.259 ], [ 556658.648999999975786, 3034987.259 ] ] ] } },
{ "type": "Feature", "properties": { "unit_id": "c00097", "method": "watershed", "label": 97, "area_m2": 3.7837500000541331, "height_max_m": 1.8605654239654541, "height_mean_m": 1.2010028128140673, "canopy_cover": 0.98862115127175365, "volume_m3": 4.4857455058725391, "n_pixels": 1494, "data_coverage": 1.0, "vari_mean": 0.19781439950166713, "exg_mean": 0.25097939340487196, "gli_mean": 0.17367171058881878, "height_max_m_pct": 72.222222222222214, "height_mean_m_pct": 58.333333333333336, "volume_m3_pct": 58.950617283950614, "canopy_cover_pct": 19.753086419753085, "vari_mean_pct": 8.6419753086419746, "exg_mean_pct": 10.185185185185185, "gli_mean_pct": 10.185185185185185 }, "geometry": { "type": "Polygon", "coordinates": [ [ [ 556635.199000000022352, 3035036.309000000357628 ], [ 556635.598999999929219, 3035036.759000000543892 ], [ 556635.723999999929219, 3035036.78400000045076 ], [ 556635.674, 3035036.934000000357628 ], [ 556635.973999999929219, 3035037.434000000357628 ], [ 556635.973999999929219, 3035037.884000000543892 ], [ 556635.873999999952503, 3035038.084000000264496 ], [ 556635.549, 3035038.40900000045076 ], [ 556635.498999999952503, 3035038.40900000045076 ], [ 556635.398999999975786, 3035038.509000000543892 ], [ 556635.199000000022352, 3035038.559000000357628 ], [ 556635.049, 3035038.65900000045076 ], [ 556634.699000000022352, 3035038.65900000045076 ], [ 556634.549, 3035038.559000000357628 ], [ 556634.398999999975786, 3035038.559000000357628 ], [ 556634.199000000022352, 3035038.40900000045076 ], [ 556634.148999999975786, 3035038.40900000045076 ], [ 556634.023999999975786, 3035038.184000000357628 ], [ 556634.023999999975786, 3035037.934000000357628 ], [ 556633.973999999929219, 3035037.884000000543892 ], [ 556633.973999999929219, 3035037.78400000045076 ], [ 556634.023999999975786, 3035037.734000000171363 ], [ 556634.023999999975786, 3035036.884000000543892 ], [ 556634.074000000022352, 3035036.834000000264496 ], [ 556634.074000000022352, 3035036.334000000264496 ], [ 556635.199000000022352, 3035036.309000000357628 ] ] ] } },
{ "type": "Feature", "properties": { "unit_id": "c00098", "method": "watershed", "label": 98, "area_m2": 5.7181250001137975, "height_max_m": 1.8145295381546021, "height_mean_m": 1.280329282723722, "canopy_cover": 1.0, "volume_m3": 7.3939016077492719, "n_pixels": 2310, "data_coverage": 1.0, "vari_mean": 0.2637526954730815, "exg_mean": 0.30590642020202397, "gli_mean": 0.2093048251275644, "height_max_m_pct": 67.283950617283949, "height_mean_m_pct": 76.543209876543202, "volume_m3_pct": 78.703703703703709, "canopy_cover_pct": 83.487654320987659, "vari_mean_pct": 38.580246913580247, "exg_mean_pct": 30.864197530864196, "gli_mean_pct": 31.790123456790127 }, "geometry": { "type": "Polygon", "coordinates": [ [ [ 556621.299, 3034936.109000000171363 ], [ 556621.323999999905936, 3034936.234000000171363 ], [ 556621.373999999952503, 3034936.28400000045076 ], [ 556621.373999999952503, 3034936.384 ], [ 556621.573999999905936, 3034936.78400000045076 ], [ 556621.773999999975786, 3034936.984000000171363 ], [ 556621.773999999975786, 3034937.03400000045076 ], [ 556621.924, 3034937.234000000171363 ], [ 556621.924, 3034938.03400000045076 ], [ 556621.873999999952503, 3034938.084000000264496 ], [ 556621.873999999952503, 3034938.234000000171363 ], [ 556621.674, 3034938.584000000264496 ], [ 556621.623999999952503, 3034938.834000000264496 ], [ 556621.148999999975786, 3034938.859000000171363 ], [ 556621.098999999929219, 3034938.809000000357628 ], [ 556620.648999999975786, 3034938.809000000357628 ], [ 556620.448999999905936, 3034938.609000000171363 ], [ 556620.148999999975786, 3034938.459000000264496 ], [ 556619.348999999929219, 3034938.459000000264496 ], [ 556619.323999999905936, 3034938.434000000357628 ], [ 556619.373999999952503, 3034938.384 ], [ 556619.373999999952503, 3034937.934000000357628 ], [ 556619.323999999905936, 3034937.884 ], [ 556619.323999999905936, 3034937.734000000171363 ], [ 556619.273999999975786, 3034937.684000000357628 ], [ 556619.273999999975786, 3034937.584000000264496 ], [ 556619.174, 3034937.384 ], [ 556619.174, 3034937.084000000264496 ], [ 556619.273999999975786, 3034936.984000000171363 ], [ 556619.273999999975786, 3034936.934000000357628 ], [ 556619.498999999952503, 3034936.759 ], [ 556619.698999999905936, 3034936.65900000045076 ], [ 556619.799, 3034936.65900000045076 ], [ 556619.898999999975786, 3034936.559000000357628 ], [ 556619.948999999905936, 3034936.559000000357628 ], [ 556620.123999999952503, 3034936.384 ], [ 556620.248999999952503, 3034936.109000000171363 ], [ 556621.299, 3034936.109000000171363 ] ] ] } },
{ "type": "Feature", "properties": { "unit_id": "c00099", "method": "watershed", "label": 99, "area_m2": 8.1881249998469148, "height_max_m": 1.8088564872741699, "height_mean_m": 1.1478482202549825, "canopy_cover": 1.0, "volume_m3": 9.3090490662928076, "n_pixels": 3244, "data_coverage": 1.0, "vari_mean": 0.24678675561078833, "exg_mean": 0.29147053915078797, "gli_mean": 0.19786585529955564, "height_max_m_pct": 65.740740740740748, "height_mean_m_pct": 45.987654320987652, "volume_m3_pct": 84.567901234567898, "canopy_cover_pct": 83.487654320987659, "vari_mean_pct": 27.160493827160494, "exg_mean_pct": 24.691358024691358, "gli_mean_pct": 24.074074074074073 }, "geometry": { "type": "Polygon", "coordinates": [ [ [ 556628.148999999975786, 3034987.609000000171363 ], [ 556628.223999999929219, 3034987.78400000045076 ], [ 556628.299, 3034987.859000000171363 ], [ 556628.648999999975786, 3034988.059000000357628 ], [ 556628.773999999975786, 3034988.184000000357628 ], [ 556628.924, 3034988.484000000171363 ], [ 556628.924, 3034988.734000000171363 ], [ 556628.873999999952503, 3034988.78400000045076 ], [ 556628.824000000022352, 3034989.03400000045076 ], [ 556628.723999999929219, 3034989.234000000171363 ], [ 556628.523999999975786, 3034989.434000000357628 ], [ 556628.523999999975786, 3034989.484000000171363 ], [ 556628.324000000022352, 3034989.734000000171363 ], [ 556628.324000000022352, 3034989.984000000171363 ], [ 556628.373999999952503, 3034990.03400000045076 ], [ 556628.373999999952503, 3034990.184000000357628 ], [ 556628.424, 3034990.234000000171363 ], [ 556628.424, 3034990.434000000357628 ], [ 556628.473999999929219, 3034990.484000000171363 ], [ 556628.473999999929219, 3034990.684000000357628 ], [ 556628.523999999975786, 3034990.734000000171363 ], [ 556628.523999999975786, 3034990.834000000264496 ], [ 556628.574000000022352, 3034990.884 ], [ 556628.623999999952503, 3034991.234000000171363 ], [ 556628.473999999929219, 3034991.434000000357628 ], [ 556628.473999999929219, 3034991.484000000171363 ], [ 556628.223999999929219, 3034991.734000000171363 ], [ 556628.123999999952503, 3034991.934000000357628 ], [ 556628.049, 3034992.259 ], [ 556626.998999999952503, 3034992.259 ], [ 556626.973999999929219, 3034991.434000000357628 ], [ 556626.924, 3034991.384 ], [ 556626.924, 3034991.184000000357628 ], [ 556626.873999999952503, 3034991.134 ], [ 556626.873999999952503, 3034990.53400000045076 ], [ 556626.824000000022352, 3034990.484000000171363 ], [ 556626.824000000022352, 3034990.234000000171363 ], [ 556626.773999999975786, 3034990.184000000357628 ], [ 556626.773999999975786, 3034990.03400000045076 ], [ 556626.574000000022352, 3034989.634 ], [ 556626.473999999929219, 3034989.53400000045076 ], [ 556626.424, 3034989.234000000171363 ], [ 556626.373999999952503, 3034989.184000000357628 ], [ 556626.424, 3034988.684000000357628 ], [ 556626.473999999929219, 3034988.634 ], [ 556626.473999999929219, 3034988.53400000045076 ], [ 556626.574000000022352, 3034988.334000000264496 ], [ 556626.924, 3034987.934000000357628 ], [ 556626.924, 3034987.834000000264496 ], [ 556626.973999999929219, 3034987.78400000045076 ], [ 556626.924, 3034987.684000000357628 ], [ 556626.998999999952503, 3034987.609000000171363 ], [ 556628.148999999975786, 3034987.609000000171363 ] ] ] } },
{ "type": "Feature", "properties": { "unit_id": "c00100", "method": "watershed", "label": 100, "area_m2": 6.0006249997508707, "height_max_m": 1.8096532821655273, "height_mean_m": 1.2474828208073803, "canopy_cover": 0.98960931005818786, "volume_m3": 7.503609167176462, "n_pixels": 2406, "data_coverage": 1.0, "vari_mean": 0.2389164864542653, "exg_mean": 0.31382329968530792, "gli_mean": 0.21253805305172471, "height_max_m_pct": 66.049382716049394, "height_mean_m_pct": 69.135802469135797, "volume_m3_pct": 79.012345679012341, "canopy_cover_pct": 23.148148148148149, "vari_mean_pct": 22.530864197530864, "exg_mean_pct": 38.271604938271601, "gli_mean_pct": 36.728395061728399 }, "geometry": { "type": "Polygon", "coordinates": [ [ [ 556628.248999999952503, 3035043.759000000543892 ], [ 556628.348999999929219, 3035043.859000000171363 ], [ 556628.598999999929219, 3035043.959000000264496 ], [ 556628.873999999952503, 3035044.234000000171363 ], [ 556628.924, 3035044.334000000264496 ], [ 556628.973999999929219, 3035044.634000000543892 ], [ 556629.023999999975786, 3035044.684000000357628 ], [ 556629.074000000022352, 3035044.934000000357628 ], [ 556629.123999999952503, 3035044.984000000171363 ], [ 556629.123999999952503, 3035045.134000000543892 ], [ 556629.174, 3035045.184000000357628 ], [ 556629.174, 3035045.434000000357628 ], [ 556629.123999999952503, 3035045.484000000171363 ], [ 556629.123999999952503, 3035045.684000000357628 ], [ 556629.074000000022352, 3035045.78400000045076 ], [ 556628.848999999929219, 3035045.959000000264496 ], [ 556628.549, 3035046.109000000171363 ], [ 556628.299, 3035046.109000000171363 ], [ 556628.248999999952503, 3035046.15900000045076 ], [ 556627.748999999952503, 3035046.15900000045076 ], [ 556627.699000000022352, 3035046.209000000264496 ], [ 556627.398999999975786, 3035046.209000000264496 ], [ 556627.348999999929219, 3035046.259000000543892 ], [ 556626.949000000022352, 3035046.259000000543892 ], [ 556626.898999999975786, 3035046.209000000264496 ], [ 556626.748999999952503, 3035046.209000000264496 ], [ 556626.299, 3035045.959000000264496 ], [ 556626.123999999952503, 3035045.734000000171363 ], [ 556626.123999999952503, 3035045.584000000264496 ], [ 556626.223999999929219, 3035045.384000000543892 ], [ 556626.273999999975786, 3035045.134000000543892 ], [ 556626.373999999952503, 3035044.984000000171363 ], [ 556626.373999999952503, 3035044.884000000543892 ], [ 556626.723999999929219, 3035044.28400000045076 ], [ 556626.723999999929219, 3035044.184000000357628 ], [ 556626.773999999975786, 3035044.134000000543892 ], [ 556626.773999999975786, 3035043.78400000045076 ], [ 556628.248999999952503, 3035043.759000000543892 ] ] ] } },
{ "type": "Feature", "properties": { "unit_id": "c00101", "method": "watershed", "label": 101, "area_m2": 3.8162499999647848, "height_max_m": 1.8132247924804688, "height_mean_m": 1.3188806742927457, "canopy_cover": 0.98163934426229504, "volume_m3": 5.0282325707545423, "n_pixels": 1525, "data_coverage": 1.0, "vari_mean": 0.35188465795571161, "exg_mean": 0.49802869067541777, "gli_mean": 0.32212667733683797, "height_max_m_pct": 66.975308641975303, "height_mean_m_pct": 83.641975308641975, "volume_m3_pct": 66.358024691358025, "canopy_cover_pct": 11.111111111111111, "vari_mean_pct": 91.358024691358025, "exg_mean_pct": 96.913580246913583, "gli_mean_pct": 96.296296296296291 }, "geometry": { "type": "Polygon", "coordinates": [ [ [ 556659.299, 3034967.959000000264496 ], [ 556659.474000000045635, 3034968.384 ], [ 556659.674, 3034968.634 ], [ 556659.773999999975786, 3034968.884 ], [ 556659.474000000045635, 3034969.53400000045076 ], [ 556659.373999999952503, 3034969.634 ], [ 556659.273999999975786, 3034969.834000000264496 ], [ 556659.273999999975786, 3034970.03400000045076 ], [ 556658.699000000022352, 3034970.059000000357628 ], [ 556658.648999999975786, 3034970.009 ], [ 556658.148999999975786, 3034970.009 ], [ 556658.074000000022352, 3034969.934000000357628 ], [ 556658.074000000022352, 3034969.884 ], [ 556657.824000000022352, 3034969.634 ], [ 556657.424, 3034969.28400000045076 ], [ 556657.373999999952503, 3034969.184000000357628 ], [ 556657.373999999952503, 3034968.78400000045076 ], [ 556657.424, 3034968.734000000171363 ], [ 556657.474000000045635, 3034968.53400000045076 ], [ 556657.699000000022352, 3034968.309000000357628 ], [ 556657.748999999952503, 3034968.309000000357628 ], [ 556658.148999999975786, 3034967.959000000264496 ], [ 556659.299, 3034967.959000000264496 ] ] ] } },
{ "type": "Feature", "properties": { "unit_id": "c00102", "method": "watershed", "label": 102, "area_m2": 6.2943750000142602, "height_max_m": 1.8086702823638916, "height_mean_m": 1.2581241450597795, "canopy_cover": 1.0, "volume_m3": 7.8884383895459171, "n_pixels": 2508, "data_coverage": 1.0, "vari_mean": 0.24137453829180666, "exg_mean": 0.29980427201201815, "gli_mean": 0.203718784714982, "height_max_m_pct": 65.432098765432102, "height_mean_m_pct": 70.987654320987659, "volume_m3_pct": 79.938271604938265, "canopy_cover_pct": 83.487654320987659, "vari_mean_pct": 24.382716049382715, "exg_mean_pct": 28.703703703703702, "gli_mean_pct": 27.777777777777779 }, "geometry": { "type": "Polygon", "coordinates": [ [ [ 556628.699000000022352, 3034968.15900000045076 ], [ 556628.973999999929219, 3034968.484000000171363 ], [ 556629.074000000022352, 3034968.684000000357628 ], [ 556629.723999999929219, 3034969.334000000264496 ], [ 556629.723999999929219, 3034969.434000000357628 ], [ 556629.773999999975786, 3034969.484000000171363 ], [ 556629.723999999929219, 3034969.684000000357628 ], [ 556629.398999999975786, 3034970.009 ], [ 556629.049, 3034970.15900000045076 ], [ 556628.824000000022352, 3034970.384 ], [ 556628.773999999975786, 3034970.53400000045076 ], [ 556628.699000000022352, 3034970.609000000171363 ], [ 556628.148999999975786, 3034970.609000000171363 ], [ 556628.098999999929219, 3034970.65900000045076 ], [ 556626.949000000022352, 3034970.65900000045076 ], [ 556626.924, 3034970.584000000264496 ], [ 556626.973999999929219, 3034970.53400000045076 ], [ 556626.973999999929219, 3034970.28400000045076 ], [ 556626.924, 3034970.184000000357628 ], [ 556626.623999999952503, 3034969.884 ], [ 556626.623999999952503, 3034969.834000000264496 ], [ 556626.473999999929219, 3034969.634 ], [ 556626.473999999929219, 3034969.184000000357628 ], [ 556626.523999999975786, 3034969.134 ], [ 556626.523999999975786, 3034968.884 ], [ 556626.574000000022352, 3034968.834000000264496 ], [ 556626.574000000022352, 3034968.484000000171363 ], [ 556626.623999999952503, 3034968.434000000357628 ], [ 556626.623999999952503, 3034968.28400000045076 ], [ 556627.898999999975786, 3034968.259 ], [ 556627.949000000022352, 3034968.209000000264496 ], [ 556628.098999999929219, 3034968.209000000264496 ], [ 556628.148999999975786, 3034968.15900000045076 ], [ 556628.699000000022352, 3034968.15900000045076 ] ] ] } },
{ "type": "Feature", "properties": { "unit_id": "c00103", "method": "watershed", "label": 103, "area_m2": 3.0006250001044825, "height_max_m": 1.9379781484603882, "height_mean_m": 1.2916612765789282, "canopy_cover": 0.99412751677852351, "volume_m3": 3.8491506042155019, "n_pixels": 1192, "data_coverage": 1.0, "vari_mean": 0.30029453034105685, "exg_mean": 0.38828106707341498, "gli_mean": 0.25752321541190193, "height_max_m_pct": 79.938271604938265, "height_mean_m_pct": 78.086419753086417, "volume_m3_pct": 52.160493827160494, "canopy_cover_pct": 33.333333333333329, "vari_mean_pct": 66.049382716049394, "exg_mean_pct": 73.148148148148152, "gli_mean_pct": 70.679012345679013 }, "geometry": { "type": "Polygon", "coordinates": [ [ [ 556666.599000000045635, 3034991.609000000171363 ], [ 556666.623999999952503, 3034991.934000000357628 ], [ 556666.724000000045635, 3034992.134 ], [ 556666.824000000022352, 3034992.234000000171363 ], [ 556666.924, 3034992.434000000357628 ], [ 556666.924, 3034992.584000000264496 ], [ 556666.974000000045635, 3034992.634 ], [ 556666.924, 3034993.03400000045076 ], [ 556666.724000000045635, 3034993.384 ], [ 556666.724000000045635, 3034993.484000000171363 ], [ 556666.674, 3034993.53400000045076 ], [ 556666.674, 3034993.734000000171363 ], [ 556666.049, 3034993.759 ], [ 556665.998999999952503, 3034993.709000000264496 ], [ 556665.599000000045635, 3034993.709000000264496 ], [ 556665.574000000022352, 3034993.334000000264496 ], [ 556665.523999999975786, 3034993.28400000045076 ], [ 556665.523999999975786, 3034993.184000000357628 ], [ 556665.424, 3034992.984000000171363 ], [ 556665.123999999952503, 3034992.684000000357628 ], [ 556665.074000000022352, 3034992.584000000264496 ], [ 556665.074000000022352, 3034992.334000000264496 ], [ 556665.174, 3034992.134 ], [ 556665.498999999952503, 3034991.859000000171363 ], [ 556665.549, 3034991.859000000171363 ], [ 556665.724000000045635, 3034991.684000000357628 ], [ 556665.748999999952503, 3034991.609000000171363 ], [ 556666.599000000045635, 3034991.609000000171363 ] ] ] } },
{ "type": "Feature", "properties": { "unit_id": "c00104", "method": "watershed", "label": 104, "area_m2": 3.7756250001044829, "height_max_m": 1.8256622552871704, "height_mean_m": 1.3164106356096683, "canopy_cover": 0.99143045484508896, "volume_m3": 4.9924873355630215, "n_pixels": 1517, "data_coverage": 1.0, "vari_mean": 0.28109469694761874, "exg_mean": 0.36741879298464314, "gli_mean": 0.24696586643102136, "height_max_m_pct": 69.135802469135797, "height_mean_m_pct": 82.716049382716051, "volume_m3_pct": 66.049382716049394, "canopy_cover_pct": 27.160493827160494, "vari_mean_pct": 53.395061728395063, "exg_mean_pct": 65.432098765432102, "gli_mean_pct": 64.81481481481481 }, "geometry": { "type": "Polygon", "coordinates": [ [ [ 556666.648999999975786, 3034936.15900000045076 ], [ 556666.998999999952503, 3034936.40900000045076 ], [ 556667.349000000045635, 3034936.559000000357628 ], [ 556667.523999999975786, 3034936.734000000171363 ], [ 556667.674, 3034937.03400000045076 ], [ 556667.674, 3034937.384 ], [ 556667.474000000045635, 3034937.734000000171363 ], [ 556667.273999999975786, 3034937.984000000171363 ], [ 556667.273999999975786, 3034938.134 ], [ 556667.224000000045635, 3034938.184000000357628 ], [ 556667.273999999975786, 3034938.234000000171363 ], [ 556667.248999999952503, 3034938.40900000045076 ], [ 556666.398999999975786, 3034938.40900000045076 ], [ 556666.373999999952503, 3034938.28400000045076 ], [ 556666.199000000022352, 3034938.109000000171363 ], [ 556665.699000000022352, 3034937.90900000045076 ], [ 556665.373999999952503, 3034937.584000000264496 ], [ 556665.373999999952503, 3034937.484000000171363 ], [ 556665.324000000022352, 3034937.434000000357628 ], [ 556665.324000000022352, 3034937.28400000045076 ], [ 556665.273999999975786, 3034937.184000000357628 ], [ 556665.324000000022352, 3034937.134 ], [ 556665.373999999952503, 3034936.934000000357628 ], [ 556665.799, 3034936.509 ], [ 556665.849000000045635, 3034936.509 ], [ 556666.148999999975786, 3034936.259 ], [ 556666.349000000045635, 3034936.15900000045076 ], [ 556666.648999999975786, 3034936.15900000045076 ] ] ] } },
{ "type": "Feature", "properties": { "unit_id": "c00105", "method": "watershed", "label": 105, "area_m2": 4.4849999998061687, "height_max_m": 1.8193861246109009, "height_mean_m": 1.245124982805778, "canopy_cover": 0.98679141441937257, "volume_m3": 5.6559802344103751, "n_pixels": 1817, "data_coverage": 1.0, "vari_mean": 0.21983261450626659, "exg_mean": 0.27236967908279713, "gli_mean": 0.18734761285491933, "height_max_m_pct": 68.518518518518519, "height_mean_m_pct": 68.209876543209873, "volume_m3_pct": 69.135802469135797, "canopy_cover_pct": 17.592592592592592, "vari_mean_pct": 12.962962962962962, "exg_mean_pct": 14.814814814814813, "gli_mean_pct": 15.123456790123457 }, "geometry": { "type": "Polygon", "coordinates": [ [ [ 556627.998999999952503, 3034931.809000000357628 ], [ 556628.049, 3034931.859000000171363 ], [ 556628.348999999929219, 3034931.90900000045076 ], [ 556628.549, 3034932.059000000357628 ], [ 556628.598999999929219, 3034932.059000000357628 ], [ 556628.873999999952503, 3034932.334000000264496 ], [ 556629.074000000022352, 3034932.684000000357628 ], [ 556629.273999999975786, 3034932.934000000357628 ], [ 556629.273999999975786, 3034933.234000000171363 ], [ 556629.123999999952503, 3034933.53400000045076 ], [ 556628.949000000022352, 3034933.759 ], [ 556628.748999999952503, 3034933.859000000171363 ], [ 556628.299, 3034933.859000000171363 ], [ 556628.098999999929219, 3034933.959000000264496 ], [ 556627.799, 3034933.959000000264496 ], [ 556627.748999999952503, 3034933.90900000045076 ], [ 556627.498999999952503, 3034933.90900000045076 ], [ 556627.449000000022352, 3034933.859000000171363 ], [ 556627.348999999929219, 3034933.859000000171363 ], [ 556627.148999999975786, 3034933.709000000264496 ], [ 556627.098999999929219, 3034933.709000000264496 ], [ 556626.523999999975786, 3034933.084000000264496 ], [ 556626.473999999929219, 3034932.984000000171363 ], [ 556626.473999999929219, 3034932.734000000171363 ], [ 556626.574000000022352, 3034932.53400000045076 ], [ 556626.674, 3034932.434000000357628 ], [ 556626.674, 3034932.384 ], [ 556626.998999999952503, 3034932.059000000357628 ], [ 556627.498999999952503, 3034931.809000000357628 ], [ 556627.998999999952503, 3034931.809000000357628 ] ] ] } },
{ "type": "Feature", "properties": { "unit_id": "c00106", "method": "watershed", "label": 106, "area_m2": 1.6700000000649013, "height_max_m": 1.8329612016677856, "height_mean_m": 1.3559897156544196, "canopy_cover": 0.94658753709198817, "volume_m3": 2.2848426708838083, "n_pixels": 674, "data_coverage": 1.0, "vari_mean": 0.11579777836886838, "exg_mean": 0.17854118133779404, "gli_mean": 0.1265601586384007, "height_max_m_pct": 69.753086419753089, "height_mean_m_pct": 89.506172839506178, "volume_m3_pct": 27.777777777777779, "canopy_cover_pct": 0.30864197530864196, "vari_mean_pct": 3.0864197530864197, "exg_mean_pct": 3.3950617283950617, "gli_mean_pct": 3.7037037037037033 }, "geometry": { "type": "Polygon", "coordinates": [ [ [ 556642.799, 3035036.90900000045076 ], [ 556642.848999999929219, 3035036.959000000264496 ], [ 556642.998999999952503, 3035036.959000000264496 ], [ 556643.098999999929219, 3035037.009000000543892 ], [ 556643.324000000022352, 3035037.234000000171363 ], [ 556643.373999999952503, 3035037.334000000264496 ], [ 556643.373999999952503, 3035037.634000000543892 ], [ 556643.324000000022352, 3035037.684000000357628 ], [ 556643.324000000022352, 3035037.78400000045076 ], [ 556643.273999999975786, 3035037.834000000264496 ], [ 556643.223999999929219, 3035038.03400000045076 ], [ 556642.998999999952503, 3035038.259000000543892 ], [ 556642.799, 3035038.309000000357628 ], [ 556642.748999999952503, 3035038.359000000171363 ], [ 556642.648999999975786, 3035038.359000000171363 ], [ 556642.598999999929219, 3035038.309000000357628 ], [ 556642.449000000022352, 3035038.309000000357628 ], [ 556642.148999999975786, 3035038.15900000045076 ], [ 556641.873999999952503, 3035037.884000000543892 ], [ 556641.873999999952503, 3035037.53400000045076 ], [ 556642.023999999975786, 3035037.234000000171363 ], [ 556642.248999999952503, 3035037.009000000543892 ], [ 556642.449000000022352, 3035036.959000000264496 ], [ 556642.498999999952503, 3035036.90900000045076 ], [ 556642.799, 3035036.90900000045076 ] ] ] } },
{ "type": "Feature", "properties": { "unit_id": "c00107", "method": "watershed", "label": 107, "area_m2": 3.0206250001635637, "height_max_m": 1.807543158531189, "height_mean_m": 1.2961266672114429, "canopy_cover": 0.97528830313014825, "volume_m3": 3.933744434997251, "n_pixels": 1214, "data_coverage": 1.0, "vari_mean": 0.30852326436722932, "exg_mean": 0.41910908952959991, "gli_mean": 0.27900067914362459, "height_max_m_pct": 65.123456790123456, "height_mean_m_pct": 79.320987654320987, "volume_m3_pct": 54.012345679012341, "canopy_cover_pct": 4.3209876543209873, "vari_mean_pct": 71.296296296296291, "exg_mean_pct": 83.024691358024697, "gli_mean_pct": 83.641975308641975 }, "geometry": { "type": "Polygon", "coordinates": [ [ [ 556659.349000000045635, 3034923.009 ], [ 556659.373999999952503, 3034923.134 ], [ 556659.873999999952503, 3034923.584000000264496 ], [ 556659.974000000045635, 3034923.78400000045076 ], [ 556659.974000000045635, 3034923.884 ], [ 556660.023999999975786, 3034923.934000000357628 ], [ 556659.974000000045635, 3034924.28400000045076 ], [ 556659.824000000022352, 3034924.584000000264496 ], [ 556659.599000000045635, 3034924.809000000357628 ], [ 556659.498999999952503, 3034924.859000000171363 ], [ 556658.599000000045635, 3034924.859000000171363 ], [ 556658.148999999975786, 3034924.609000000171363 ], [ 556657.924, 3034924.384 ], [ 556657.873999999952503, 3034924.28400000045076 ], [ 556657.873999999952503, 3034923.934000000357628 ], [ 556657.974000000045635, 3034923.734000000171363 ], [ 556658.748999999952503, 3034923.009 ], [ 556659.349000000045635, 3034923.009 ] ] ] } },
{ "type": "Feature", "properties": { "unit_id": "c00108", "method": "watershed", "label": 108, "area_m2": 5.7456250002334128, "height_max_m": 1.8075152635574341, "height_mean_m": 1.2346826917439837, "canopy_cover": 0.98299912816041846, "volume_m3": 7.0809052371706862, "n_pixels": 2294, "data_coverage": 1.0, "vari_mean": 0.35833532260911527, "exg_mean": 0.44546162823539015, "gli_mean": 0.29402187611400543, "height_max_m_pct": 64.81481481481481, "height_mean_m_pct": 66.049382716049394, "volume_m3_pct": 76.543209876543202, "canopy_cover_pct": 12.037037037037036, "vari_mean_pct": 92.283950617283949, "exg_mean_pct": 90.740740740740748, "gli_mean_pct": 89.506172839506178 }, "geometry": { "type": "Polygon", "coordinates": [ [ [ 556658.998999999952503, 3034959.309000000357628 ], [ 556659.023999999975786, 3034959.384 ], [ 556659.148999999975786, 3034959.509 ], [ 556659.199000000022352, 3034959.509 ], [ 556659.449000000022352, 3034959.759 ], [ 556659.498999999952503, 3034959.759 ], [ 556659.773999999975786, 3034960.084000000264496 ], [ 556659.773999999975786, 3034960.134 ], [ 556659.873999999952503, 3034960.234000000171363 ], [ 556659.924, 3034960.484000000171363 ], [ 556659.873999999952503, 3034960.53400000045076 ], [ 556659.873999999952503, 3034960.634 ], [ 556659.599000000045635, 3034960.959000000264496 ], [ 556659.549, 3034960.959000000264496 ], [ 556659.349000000045635, 3034961.109000000171363 ], [ 556659.148999999975786, 3034961.15900000045076 ], [ 556658.974000000045635, 3034961.334000000264496 ], [ 556658.974000000045635, 3034961.53400000045076 ], [ 556659.273999999975786, 3034961.884 ], [ 556659.273999999975786, 3034961.934000000357628 ], [ 556659.424, 3034962.134 ], [ 556659.424, 3034962.434000000357628 ], [ 556659.373999999952503, 3034962.484000000171363 ], [ 556659.373999999952503, 3034962.584000000264496 ], [ 556659.049, 3034962.90900000045076 ], [ 556658.748999999952503, 3034963.059000000357628 ], [ 556658.299, 3034963.059000000357628 ], [ 556657.799, 3034962.809000000357628 ], [ 556657.623999999952503, 3034962.634 ], [ 556657.574000000022352, 3034962.434000000357628 ], [ 556657.523999999975786, 3034962.384 ], [ 556657.574000000022352, 3034962.084000000264496 ], [ 556657.674, 3034961.884 ], [ 556657.924, 3034961.584000000264496 ], [ 556657.924, 3034961.384 ], [ 556657.724000000045635, 3034961.03400000045076 ], [ 556657.724000000045635, 3034960.584000000264496 ], [ 556657.773999999975786, 3034960.53400000045076 ], [ 556657.773999999975786, 3034960.334000000264496 ], [ 556657.824000000022352, 3034960.28400000045076 ], [ 556657.824000000022352, 3034960.134 ], [ 556657.873999999952503, 3034960.03400000045076 ], [ 556658.474000000045635, 3034959.484000000171363 ], [ 556658.474000000045635, 3034959.384 ], [ 556658.699000000022352, 3034959.359000000171363 ], [ 556658.748999999952503, 3034959.309000000357628 ], [ 556658.998999999952503, 3034959.309000000357628 ] ] ] } },
{ "type": "Feature", "properties": { "unit_id": "c00109", "method": "watershed", "label": 109, "area_m2": 3.8487499999147259, "height_max_m": 1.8120865821838379, "height_mean_m": 1.2549114469236717, "canopy_cover": 0.99553286534779839, "volume_m3": 4.9161155933366336, "n_pixels": 1567, "data_coverage": 1.0, "vari_mean": 0.24402873586065499, "exg_mean": 0.31044447153914101, "gli_mean": 0.2099761475829417, "height_max_m_pct": 66.358024691358025, "height_mean_m_pct": 70.679012345679013, "volume_m3_pct": 64.81481481481481, "canopy_cover_pct": 40.432098765432102, "vari_mean_pct": 25.617283950617285, "exg_mean_pct": 34.876543209876544, "gli_mean_pct": 32.407407407407405 }, "geometry": { "type": "Polygon", "coordinates": [ [ [ 556666.449000000022352, 3034989.359000000171363 ], [ 556666.498999999952503, 3034989.40900000045076 ], [ 556666.924, 3034989.434000000357628 ], [ 556666.924, 3034989.984000000171363 ], [ 556666.974000000045635, 3034990.03400000045076 ], [ 556666.974000000045635, 3034990.584000000264496 ], [ 556667.023999999975786, 3034990.634 ], [ 556667.023999999975786, 3034990.884 ], [ 556666.974000000045635, 3034990.934000000357628 ], [ 556666.974000000045635, 3034991.084000000264496 ], [ 556666.599000000045635, 3034991.609000000171363 ], [ 556665.748999999952503, 3034991.609000000171363 ], [ 556665.724000000045635, 3034991.53400000045076 ], [ 556665.549, 3034991.359000000171363 ], [ 556665.148999999975786, 3034991.15900000045076 ], [ 556664.924, 3034990.934000000357628 ], [ 556664.924, 3034990.834000000264496 ], [ 556664.873999999952503, 3034990.78400000045076 ], [ 556664.873999999952503, 3034990.334000000264496 ], [ 556665.023999999975786, 3034990.03400000045076 ], [ 556665.224000000045635, 3034989.834000000264496 ], [ 556665.299, 3034989.559000000357628 ], [ 556665.599000000045635, 3034989.559000000357628 ], [ 556665.648999999975786, 3034989.509 ], [ 556665.849000000045635, 3034989.509 ], [ 556666.049, 3034989.40900000045076 ], [ 556666.299, 3034989.40900000045076 ], [ 556666.349000000045635, 3034989.359000000171363 ], [ 556666.449000000022352, 3034989.359000000171363 ] ] ] } },
{ "type": "Feature", "properties": { "unit_id": "c00110", "method": "watershed", "label": 110, "area_m2": 4.2668750002598976, "height_max_m": 1.7987189292907715, "height_mean_m": 1.1885746971036482, "canopy_cover": 0.99705014749262533, "volume_m3": 5.0365852789901808, "n_pixels": 1695, "data_coverage": 1.0, "vari_mean": 0.28323156438955838, "exg_mean": 0.31348072839469276, "gli_mean": 0.21297001815924038, "height_max_m_pct": 63.271604938271608, "height_mean_m_pct": 54.938271604938272, "volume_m3_pct": 66.666666666666657, "canopy_cover_pct": 47.222222222222221, "vari_mean_pct": 54.938271604938272, "exg_mean_pct": 37.962962962962962, "gli_mean_pct": 37.037037037037038 }, "geometry": { "type": "Polygon", "coordinates": [ [ [ 556620.398999999975786, 3034994.859000000171363 ], [ 556620.873999999952503, 3034994.884 ], [ 556620.823999999905936, 3034994.934000000357628 ], [ 556620.823999999905936, 3034995.184000000357628 ], [ 556621.174, 3034995.78400000045076 ], [ 556621.174, 3034996.334000000264496 ], [ 556621.123999999952503, 3034996.434000000357628 ], [ 556620.648999999975786, 3034996.90900000045076 ], [ 556620.598999999929219, 3034996.90900000045076 ], [ 556620.448999999905936, 3034997.059000000357628 ], [ 556620.248999999952503, 3034997.15900000045076 ], [ 556619.948999999905936, 3034997.15900000045076 ], [ 556619.898999999975786, 3034997.109000000171363 ], [ 556619.748999999952503, 3034997.109000000171363 ], [ 556619.698999999905936, 3034997.059000000357628 ], [ 556619.448999999905936, 3034997.009 ], [ 556619.348999999929219, 3034996.90900000045076 ], [ 556619.299, 3034996.90900000045076 ], [ 556619.023999999975786, 3034996.634 ], [ 556619.023999999975786, 3034996.53400000045076 ], [ 556618.973999999929219, 3034996.484000000171363 ], [ 556618.924, 3034995.984000000171363 ], [ 556618.873999999952503, 3034995.934000000357628 ], [ 556618.873999999952503, 3034995.03400000045076 ], [ 556618.823999999905936, 3034994.984000000171363 ], [ 556620.248999999952503, 3034994.959000000264496 ], [ 556620.398999999975786, 3034994.859000000171363 ] ] ] } },
{ "type": "Feature", "properties": { "unit_id": "c00111", "method": "watershed", "label": 111, "area_m2": 5.0768750002537857, "height_max_m": 1.799689769744873, "height_mean_m": 1.1961797628773401, "canopy_cover": 0.99419448476052252, "volume_m3": 6.1812589246851886, "n_pixels": 2067, "data_coverage": 1.0, "vari_mean": 0.29072818973563958, "exg_mean": 0.30561923071431912, "gli_mean": 0.20924212597391922, "height_max_m_pct": 63.580246913580254, "height_mean_m_pct": 57.407407407407405, "volume_m3_pct": 70.679012345679013, "canopy_cover_pct": 33.641975308641975, "vari_mean_pct": 58.641975308641982, "exg_mean_pct": 30.246913580246915, "gli_mean_pct": 31.481481481481481 }, "geometry": { "type": "Polygon", "coordinates": [ [ [ 556613.498999999952503, 3034948.609000000171363 ], [ 556613.523999999975786, 3034948.684000000357628 ], [ 556613.873999999952503, 3034949.03400000045076 ], [ 556613.924, 3034949.134 ], [ 556613.924, 3034949.384 ], [ 556613.873999999952503, 3034949.434000000357628 ], [ 556613.873999999952503, 3034950.03400000045076 ], [ 556613.823999999905936, 3034950.134 ], [ 556613.598999999929219, 3034950.359000000171363 ], [ 556613.299, 3034950.509 ], [ 556613.198999999905936, 3034950.509 ], [ 556613.148999999975786, 3034950.559000000357628 ], [ 556612.948999999905936, 3034950.609000000171363 ], [ 556612.823999999905936, 3034950.734000000171363 ], [ 556612.799, 3034950.809000000357628 ], [ 556612.248999999952503, 3034950.809000000357628 ], [ 556611.998999999952503, 3034950.65900000045076 ], [ 556611.549, 3034950.65900000045076 ], [ 556611.323999999905936, 3034950.434000000357628 ], [ 556611.323999999905936, 3034950.384 ], [ 556611.174, 3034950.234000000171363 ], [ 556611.174, 3034949.884 ], [ 556611.323999999905936, 3034949.634 ], [ 556611.323999999905936, 3034949.53400000045076 ], [ 556611.424, 3034949.334000000264496 ], [ 556611.424, 3034949.184000000357628 ], [ 556611.373999999952503, 3034949.134 ], [ 556611.373999999952503, 3034948.984000000171363 ], [ 556611.273999999975786, 3034948.78400000045076 ], [ 556611.174, 3034948.684000000357628 ], [ 556611.198999999905936, 3034948.609000000171363 ], [ 556613.498999999952503, 3034948.609000000171363 ] ] ] } },
{ "type": "Feature", "properties": { "unit_id": "c00112", "method": "watershed", "label": 112, "area_m2": 4.0812500000247383, "height_max_m": 1.8465971946716309, "height_mean_m": 1.0831090296365991, "canopy_cover": 1.0, "volume_m3": 4.4217926135032437, "n_pixels": 1633, "data_coverage": 1.0, "vari_mean": 0.22372444386317, "exg_mean": 0.2480701015713784, "gli_mean": 0.17036747337142621, "height_max_m_pct": 70.679012345679013, "height_mean_m_pct": 31.172839506172838, "volume_m3_pct": 58.024691358024697, "canopy_cover_pct": 83.487654320987659, "vari_mean_pct": 14.506172839506174, "exg_mean_pct": 9.8765432098765427, "gli_mean_pct": 9.8765432098765427 }, "geometry": { "type": "Polygon", "coordinates": [ [ [ 556612.799, 3034921.559000000357628 ], [ 556613.299, 3034921.809000000357628 ], [ 556613.598999999929219, 3034922.059000000357628 ], [ 556613.648999999975786, 3034922.059000000357628 ], [ 556613.674, 3034922.134 ], [ 556613.823999999905936, 3034922.28400000045076 ], [ 556614.023999999975786, 3034922.684000000357628 ], [ 556614.023999999975786, 3034923.03400000045076 ], [ 556613.973999999929219, 3034923.134 ], [ 556613.523999999975786, 3034923.53400000045076 ], [ 556613.498999999952503, 3034923.609000000171363 ], [ 556613.198999999905936, 3034923.609000000171363 ], [ 556613.148999999975786, 3034923.559000000357628 ], [ 556612.698999999905936, 3034923.509 ], [ 556612.498999999952503, 3034923.40900000045076 ], [ 556611.748999999952503, 3034923.40900000045076 ], [ 556611.674, 3034923.28400000045076 ], [ 556611.674, 3034923.134 ], [ 556611.573999999905936, 3034922.934000000357628 ], [ 556611.573999999905936, 3034922.734000000171363 ], [ 556611.523999999975786, 3034922.684000000357628 ], [ 556611.523999999975786, 3034922.334000000264496 ], [ 556611.473999999929219, 3034922.28400000045076 ], [ 556611.473999999929219, 3034922.084000000264496 ], [ 556611.373999999952503, 3034921.934000000357628 ], [ 556611.323999999905936, 3034921.734000000171363 ], [ 556612.098999999929219, 3034921.709000000264496 ], [ 556612.148999999975786, 3034921.65900000045076 ], [ 556612.448999999905936, 3034921.609000000171363 ], [ 556612.498999999952503, 3034921.559000000357628 ], [ 556612.799, 3034921.559000000357628 ] ] ] } },
{ "type": "Feature", "properties": { "unit_id": "c00113", "method": "watershed", "label": 113, "area_m2": 2.6743749998853312, "height_max_m": 1.7809603214263916, "height_mean_m": 1.289728581115257, "canopy_cover": 0.99813953488372098, "volume_m3": 3.466145561756524, "n_pixels": 1075, "data_coverage": 1.0, "vari_mean": 0.29759313686496519, "exg_mean": 0.37537708900905292, "gli_mean": 0.250715797499032, "height_max_m_pct": 60.802469135802475, "height_mean_m_pct": 77.777777777777786, "volume_m3_pct": 46.913580246913575, "canopy_cover_pct": 52.777777777777779, "vari_mean_pct": 63.271604938271608, "exg_mean_pct": 68.518518518518519, "gli_mean_pct": 67.283950617283949 }, "geometry": { "type": "Polygon", "coordinates": [ [ [ 556658.748999999952503, 3034966.109000000171363 ], [ 556658.799, 3034966.15900000045076 ], [ 556658.949000000022352, 3034966.15900000045076 ], [ 556659.248999999952503, 3034966.309000000357628 ], [ 556659.474000000045635, 3034966.53400000045076 ], [ 556659.623999999952503, 3034966.834000000264496 ], [ 556659.623999999952503, 3034967.134 ], [ 556659.324000000022352, 3034967.734000000171363 ], [ 556659.299, 3034967.959000000264496 ], [ 556658.199000000022352, 3034967.959000000264496 ], [ 556658.174, 3034967.884 ], [ 556658.224000000045635, 3034967.834000000264496 ], [ 556658.224000000045635, 3034967.584000000264496 ], [ 556658.123999999952503, 3034967.384 ], [ 556658.023999999975786, 3034967.28400000045076 ], [ 556657.924, 3034967.03400000045076 ], [ 556657.824000000022352, 3034966.934000000357628 ], [ 556657.824000000022352, 3034966.834000000264496 ], [ 556657.773999999975786, 3034966.78400000045076 ], [ 556657.773999999975786, 3034966.484000000171363 ], [ 556657.873999999952503, 3034966.28400000045076 ], [ 556657.998999999952503, 3034966.15900000045076 ], [ 556658.099000000045635, 3034966.109000000171363 ], [ 556658.748999999952503, 3034966.109000000171363 ] ] ] } },
{ "type": "Feature", "properties": { "unit_id": "c00114", "method": "watershed", "label": 114, "area_m2": 4.5862499999772997, "height_max_m": 1.8174713850021362, "height_mean_m": 1.1481426266276487, "canopy_cover": 0.99234972677595623, "volume_m3": 5.2527525168355425, "n_pixels": 1830, "data_coverage": 1.0, "vari_mean": 0.24452216923794229, "exg_mean": 0.31001505950890612, "gli_mean": 0.21036716349521722, "height_max_m_pct": 67.901234567901241, "height_mean_m_pct": 46.296296296296298, "volume_m3_pct": 68.209876543209873, "canopy_cover_pct": 28.703703703703702, "vari_mean_pct": 25.925925925925924, "exg_mean_pct": 33.641975308641975, "gli_mean_pct": 32.716049382716051 }, "geometry": { "type": "Polygon", "coordinates": [ [ [ 556628.348999999929219, 3034999.559000000357628 ], [ 556628.449000000022352, 3034999.65900000045076 ], [ 556628.598999999929219, 3034999.709000000264496 ], [ 556629.373999999952503, 3035000.484000000171363 ], [ 556629.424, 3035000.584000000264496 ], [ 556629.424, 3035000.78400000045076 ], [ 556629.324000000022352, 3035000.984000000171363 ], [ 556629.174, 3035001.134 ], [ 556629.023999999975786, 3035001.434000000357628 ], [ 556628.848999999929219, 3035001.609000000171363 ], [ 556628.748999999952503, 3035001.609000000171363 ], [ 556628.699000000022352, 3035001.65900000045076 ], [ 556628.148999999975786, 3035001.65900000045076 ], [ 556627.949000000022352, 3035001.759 ], [ 556627.748999999952503, 3035001.759 ], [ 556627.699000000022352, 3035001.809000000357628 ], [ 556627.398999999975786, 3035001.809000000357628 ], [ 556627.348999999929219, 3035001.759 ], [ 556627.199000000022352, 3035001.759 ], [ 556626.998999999952503, 3035001.65900000045076 ], [ 556626.723999999929219, 3035001.384 ], [ 556626.623999999952503, 3035001.184000000357628 ], [ 556626.623999999952503, 3035000.884 ], [ 556626.674, 3035000.834000000264496 ], [ 556626.674, 3035000.734000000171363 ], [ 556626.824000000022352, 3035000.434000000357628 ], [ 556627.074000000022352, 3035000.084000000264496 ], [ 556627.174, 3034999.78400000045076 ], [ 556627.248999999952503, 3034999.709000000264496 ], [ 556628.049, 3034999.709000000264496 ], [ 556628.348999999929219, 3034999.559000000357628 ] ] ] } },
{ "type": "Feature", "properties": { "unit_id": "c00115", "method": "watershed", "label": 115, "area_m2": 5.3250000001949962, "height_max_m": 1.7869205474853516, "height_mean_m": 1.1947881110151795, "canopy_cover": 0.99859813084112148, "volume_m3": 6.3921163939483074, "n_pixels": 2140, "data_coverage": 1.0, "vari_mean": 0.24109601073289874, "exg_mean": 0.28783450563768398, "gli_mean": 0.19650992704032977, "height_max_m_pct": 62.345679012345677, "height_mean_m_pct": 56.481481481481474, "volume_m3_pct": 71.913580246913583, "canopy_cover_pct": 57.098765432098766, "vari_mean_pct": 24.074074074074073, "exg_mean_pct": 23.148148148148149, "gli_mean_pct": 22.839506172839506 }, "geometry": { "type": "Polygon", "coordinates": [ [ [ 556628.199000000022352, 3035009.65900000045076 ], [ 556628.348999999929219, 3035009.809000000357628 ], [ 556628.648999999975786, 3035009.959000000264496 ], [ 556628.848999999929219, 3035010.009 ], [ 556629.023999999975786, 3035010.184000000357628 ], [ 556629.123999999952503, 3035010.384 ], [ 556629.123999999952503, 3035010.834000000264496 ], [ 556629.074000000022352, 3035010.884 ], [ 556629.074000000022352, 3035010.984000000171363 ], [ 556628.848999999929219, 3035011.209000000264496 ], [ 556628.699000000022352, 3035011.259 ], [ 556628.473999999929219, 3035011.484000000171363 ], [ 556628.424, 3035011.634 ], [ 556628.248999999952503, 3035011.809000000357628 ], [ 556627.748999999952503, 3035012.059000000357628 ], [ 556627.648999999975786, 3035012.059000000357628 ], [ 556627.348999999929219, 3035011.90900000045076 ], [ 556626.799, 3035011.90900000045076 ], [ 556626.723999999929219, 3035011.634 ], [ 556626.373999999952503, 3035011.234000000171363 ], [ 556626.273999999975786, 3035011.03400000045076 ], [ 556626.273999999975786, 3035010.934000000357628 ], [ 556626.174, 3035010.78400000045076 ], [ 556626.174, 3035010.28400000045076 ], [ 556626.273999999975786, 3035010.134 ], [ 556626.273999999975786, 3035010.03400000045076 ], [ 556626.373999999952503, 3035009.834000000264496 ], [ 556626.449000000022352, 3035009.759 ], [ 556627.449000000022352, 3035009.759 ], [ 556627.498999999952503, 3035009.709000000264496 ], [ 556627.799, 3035009.709000000264496 ], [ 556627.848999999929219, 3035009.65900000045076 ], [ 556628.199000000022352, 3035009.65900000045076 ] ] ] } },
{ "type": "Feature", "properties": { "unit_id": "c00116", "method": "watershed", "label": 116, "area_m2": 2.0481250000081488, "height_max_m": 1.8814316987991333, "height_mean_m": 1.1950273300411509, "canopy_cover": 0.98039215686274506, "volume_m3": 2.4378557532904686, "n_pixels": 816, "data_coverage": 1.0, "vari_mean": 0.24720314227127038, "exg_mean": 0.31193082512735737, "gli_mean": 0.21214100537415348, "height_max_m_pct": 75.0, "height_mean_m_pct": 56.79012345679012, "volume_m3_pct": 30.555555555555557, "canopy_cover_pct": 8.6419753086419746, "vari_mean_pct": 27.777777777777779, "exg_mean_pct": 36.419753086419753, "gli_mean_pct": 35.493827160493829 }, "geometry": { "type": "Polygon", "coordinates": [ [ [ 556666.148999999975786, 3035008.809000000357628 ], [ 556666.349000000045635, 3035009.009 ], [ 556666.549, 3035009.109000000171363 ], [ 556666.773999999975786, 3035009.334000000264496 ], [ 556666.773999999975786, 3035009.53400000045076 ], [ 556666.674, 3035009.684000000357628 ], [ 556666.674, 3035009.78400000045076 ], [ 556666.574000000022352, 3035009.934000000357628 ], [ 556666.574000000022352, 3035010.03400000045076 ], [ 556666.373999999952503, 3035010.384 ], [ 556666.148999999975786, 3035010.609000000171363 ], [ 556665.998999999952503, 3035010.65900000045076 ], [ 556665.724000000045635, 3035010.434000000357628 ], [ 556665.724000000045635, 3035010.384 ], [ 556665.324000000022352, 3035009.934000000357628 ], [ 556665.174, 3035009.634 ], [ 556665.174, 3035009.53400000045076 ], [ 556665.123999999952503, 3035009.484000000171363 ], [ 556665.123999999952503, 3035009.184000000357628 ], [ 556665.299, 3035009.009 ], [ 556665.498999999952503, 3035008.959000000264496 ], [ 556665.549, 3035008.90900000045076 ], [ 556665.648999999975786, 3035008.90900000045076 ], [ 556665.748999999952503, 3035008.809000000357628 ], [ 556666.148999999975786, 3035008.809000000357628 ] ] ] } },
{ "type": "Feature", "properties": { "unit_id": "c00117", "method": "watershed", "label": 117, "area_m2": 5.3500000001120505, "height_max_m": 1.76024329662323, "height_mean_m": 1.2383637115324491, "canopy_cover": 0.99439252336448603, "volume_m3": 6.6252458567163233, "n_pixels": 2140, "data_coverage": 1.0, "vari_mean": 0.24954135617273257, "exg_mean": 0.3101569989168621, "gli_mean": 0.21076758440985091, "height_max_m_pct": 59.259259259259252, "height_mean_m_pct": 66.666666666666657, "volume_m3_pct": 72.53086419753086, "canopy_cover_pct": 35.185185185185183, "vari_mean_pct": 29.320987654320991, "exg_mean_pct": 34.567901234567898, "gli_mean_pct": 33.333333333333329 }, "geometry": { "type": "Polygon", "coordinates": [ [ [ 556628.549, 3034972.809000000357628 ], [ 556628.623999999952503, 3034972.984000000171363 ], [ 556628.898999999975786, 3034973.259 ], [ 556628.973999999929219, 3034973.28400000045076 ], [ 556628.973999999929219, 3034973.334000000264496 ], [ 556629.074000000022352, 3034973.434000000357628 ], [ 556629.074000000022352, 3034973.584000000264496 ], [ 556629.123999999952503, 3034973.634 ], [ 556629.074000000022352, 3034973.684000000357628 ], [ 556629.074000000022352, 3034973.984000000171363 ], [ 556629.023999999975786, 3034974.03400000045076 ], [ 556629.023999999975786, 3034974.434000000357628 ], [ 556628.973999999929219, 3034974.53400000045076 ], [ 556628.348999999929219, 3034975.15900000045076 ], [ 556628.299, 3034975.15900000045076 ], [ 556627.998999999952503, 3034975.40900000045076 ], [ 556627.898999999975786, 3034975.40900000045076 ], [ 556627.848999999929219, 3034975.459000000264496 ], [ 556627.449000000022352, 3034975.459000000264496 ], [ 556627.398999999975786, 3034975.40900000045076 ], [ 556627.199000000022352, 3034975.359000000171363 ], [ 556627.098999999929219, 3034975.259 ], [ 556626.949000000022352, 3034975.209000000264496 ], [ 556626.623999999952503, 3034974.884 ], [ 556626.523999999975786, 3034974.684000000357628 ], [ 556626.523999999975786, 3034974.484000000171363 ], [ 556626.473999999929219, 3034974.434000000357628 ], [ 556626.574000000022352, 3034973.834000000264496 ], [ 556626.773999999975786, 3034973.484000000171363 ], [ 556626.924, 3034973.334000000264496 ], [ 556627.023999999975786, 3034973.134 ], [ 556627.023999999975786, 3034973.03400000045076 ], [ 556627.074000000022352, 3034972.984000000171363 ], [ 556627.074000000022352, 3034972.834000000264496 ], [ 556628.549, 3034972.809000000357628 ] ] ] } },
{ "type": "Feature", "properties": { "unit_id": "c00118", "method": "watershed", "label": 118, "area_m2": 9.4868749999639093, "height_max_m": 1.7951942682266235, "height_mean_m": 1.2018301496221637, "canopy_cover": 0.99137029288702927, "volume_m3": 11.489496230418618, "n_pixels": 3824, "data_coverage": 1.0, "vari_mean": 0.2515312022881897, "exg_mean": 0.31113468392111282, "gli_mean": 0.2118419991745685, "height_max_m_pct": 62.654320987654323, "height_mean_m_pct": 58.950617283950614, "volume_m3_pct": 91.049382716049394, "canopy_cover_pct": 26.543209876543212, "vari_mean_pct": 30.246913580246915, "exg_mean_pct": 36.111111111111107, "gli_mean_pct": 35.185185185185183 }, "geometry": { "type": "Polygon", "coordinates": [ [ [ 556627.598999999929219, 3035019.809000000357628 ], [ 556627.648999999975786, 3035019.859000000171363 ], [ 556627.898999999975786, 3035019.90900000045076 ], [ 556628.098999999929219, 3035020.009000000543892 ], [ 556628.473999999929219, 3035020.384000000543892 ], [ 556628.473999999929219, 3035020.434000000357628 ], [ 556628.574000000022352, 3035020.53400000045076 ], [ 556628.574000000022352, 3035020.634000000543892 ], [ 556628.674, 3035020.834000000264496 ], [ 556628.674, 3035021.134000000543892 ], [ 556628.373999999952503, 3035021.53400000045076 ], [ 556628.373999999952503, 3035021.834000000264496 ], [ 556628.598999999929219, 3035022.109000000171363 ], [ 556628.848999999929219, 3035022.209000000264496 ], [ 556629.049, 3035022.40900000045076 ], [ 556629.098999999929219, 3035022.40900000045076 ], [ 556629.273999999975786, 3035022.684000000357628 ], [ 556629.273999999975786, 3035023.03400000045076 ], [ 556629.223999999929219, 3035023.084000000264496 ], [ 556629.223999999929219, 3035023.28400000045076 ], [ 556629.174, 3035023.334000000264496 ], [ 556629.123999999952503, 3035023.53400000045076 ], [ 556628.799, 3035023.90900000045076 ], [ 556628.398999999975786, 3035024.109000000171363 ], [ 556627.848999999929219, 3035024.109000000171363 ], [ 556627.799, 3035024.059000000357628 ], [ 556627.449000000022352, 3035024.009000000543892 ], [ 556627.398999999975786, 3035023.959000000264496 ], [ 556626.898999999975786, 3035023.959000000264496 ], [ 556626.848999999929219, 3035023.90900000045076 ], [ 556626.699000000022352, 3035023.90900000045076 ], [ 556626.348999999929219, 3035023.609000000171363 ], [ 556626.299, 3035023.609000000171363 ], [ 556626.023999999975786, 3035023.334000000264496 ], [ 556625.924, 3035023.134000000543892 ], [ 556625.973999999929219, 3035022.834000000264496 ], [ 556626.174, 3035022.434000000357628 ], [ 556626.723999999929219, 3035021.834000000264496 ], [ 556626.873999999952503, 3035021.53400000045076 ], [ 556626.824000000022352, 3035021.134000000543892 ], [ 556626.623999999952503, 3035020.884000000543892 ], [ 556626.623999999952503, 3035020.834000000264496 ], [ 556626.473999999929219, 3035020.684000000357628 ], [ 556626.473999999929219, 3035020.384000000543892 ], [ 556626.848999999929219, 3035019.959000000264496 ], [ 556627.049, 3035019.859000000171363 ], [ 556627.148999999975786, 3035019.859000000171363 ], [ 556627.199000000022352, 3035019.809000000357628 ], [ 556627.598999999929219, 3035019.809000000357628 ] ] ] } },
{ "type": "Feature", "properties": { "unit_id": "c00119", "method": "watershed", "label": 119, "area_m2": 2.9868750000250293, "height_max_m": 1.8171989917755127, "height_mean_m": 1.2693042615071857, "canopy_cover": 0.97418817651956702, "volume_m3": 3.8110860451855189, "n_pixels": 1201, "data_coverage": 1.0, "vari_mean": 0.26201825405294721, "exg_mean": 0.31004381536554321, "gli_mean": 0.21092210990906377, "height_max_m_pct": 67.592592592592595, "height_mean_m_pct": 73.456790123456798, "volume_m3_pct": 51.543209876543209, "canopy_cover_pct": 4.0123456790123457, "vari_mean_pct": 37.654320987654323, "exg_mean_pct": 33.950617283950621, "gli_mean_pct": 34.25925925925926 }, "geometry": { "type": "Polygon", "coordinates": [ [ [ 556634.949000000022352, 3035044.309000000357628 ], [ 556634.998999999952503, 3035044.359000000171363 ], [ 556635.348999999929219, 3035044.40900000045076 ], [ 556635.398999999975786, 3035044.459000000264496 ], [ 556635.498999999952503, 3035044.459000000264496 ], [ 556635.549, 3035044.509000000543892 ], [ 556635.748999999952503, 3035044.559000000357628 ], [ 556635.973999999929219, 3035044.834000000264496 ], [ 556635.973999999929219, 3035045.28400000045076 ], [ 556636.023999999975786, 3035045.334000000264496 ], [ 556636.023999999975786, 3035045.684000000357628 ], [ 556635.924, 3035045.884000000543892 ], [ 556635.648999999975786, 3035046.15900000045076 ], [ 556635.498999999952503, 3035046.15900000045076 ], [ 556635.449000000022352, 3035046.209000000264496 ], [ 556634.799, 3035046.209000000264496 ], [ 556634.748999999952503, 3035046.15900000045076 ], [ 556634.648999999975786, 3035046.15900000045076 ], [ 556634.449000000022352, 3035046.059000000357628 ], [ 556634.123999999952503, 3035045.734000000171363 ], [ 556634.074000000022352, 3035045.634000000543892 ], [ 556634.074000000022352, 3035045.28400000045076 ], [ 556634.174, 3035045.084000000264496 ], [ 556634.174, 3035044.984000000171363 ], [ 556634.373999999952503, 3035044.584000000264496 ], [ 556634.598999999929219, 3035044.359000000171363 ], [ 556634.699000000022352, 3035044.309000000357628 ], [ 556634.949000000022352, 3035044.309000000357628 ] ] ] } },
{ "type": "Feature", "properties": { "unit_id": "c00120", "method": "watershed", "label": 120, "area_m2": 5.5774999998707804, "height_max_m": 1.7648338079452515, "height_mean_m": 1.2346401697666216, "canopy_cover": 0.99730579254602603, "volume_m3": 6.8738591451940518, "n_pixels": 2227, "data_coverage": 1.0, "vari_mean": 0.29419337401188944, "exg_mean": 0.3724201964144313, "gli_mean": 0.24969989785129254, "height_max_m_pct": 59.876543209876544, "height_mean_m_pct": 65.740740740740748, "volume_m3_pct": 74.382716049382708, "canopy_cover_pct": 48.76543209876543, "vari_mean_pct": 61.419753086419746, "exg_mean_pct": 67.592592592592595, "gli_mean_pct": 66.666666666666657 }, "geometry": { "type": "Polygon", "coordinates": [ [ [ 556666.199000000022352, 3034931.759 ], [ 556667.023999999975786, 3034931.78400000045076 ], [ 556666.974000000045635, 3034931.834000000264496 ], [ 556666.974000000045635, 3034932.03400000045076 ], [ 556667.373999999952503, 3034932.484000000171363 ], [ 556667.373999999952503, 3034932.53400000045076 ], [ 556667.523999999975786, 3034932.684000000357628 ], [ 556667.623999999952503, 3034932.884 ], [ 556667.623999999952503, 3034933.184000000357628 ], [ 556667.574000000022352, 3034933.234000000171363 ], [ 556667.574000000022352, 3034933.334000000264496 ], [ 556667.424, 3034933.634 ], [ 556667.023999999975786, 3034934.134 ], [ 556667.023999999975786, 3034934.234000000171363 ], [ 556667.324000000022352, 3034934.734000000171363 ], [ 556667.324000000022352, 3034934.834000000264496 ], [ 556667.373999999952503, 3034934.884 ], [ 556667.373999999952503, 3034935.134 ], [ 556667.324000000022352, 3034935.234000000171363 ], [ 556667.099000000045635, 3034935.459000000264496 ], [ 556666.949000000022352, 3034935.509 ], [ 556666.849000000045635, 3034935.609000000171363 ], [ 556666.599000000045635, 3034935.65900000045076 ], [ 556666.549, 3034935.709000000264496 ], [ 556666.299, 3034935.709000000264496 ], [ 556665.898999999975786, 3034935.509 ], [ 556665.773999999975786, 3034935.28400000045076 ], [ 556665.773999999975786, 3034934.834000000264496 ], [ 556665.873999999952503, 3034934.634 ], [ 556666.174, 3034934.28400000045076 ], [ 556666.224000000045635, 3034934.184000000357628 ], [ 556666.224000000045635, 3034933.984000000171363 ], [ 556666.174, 3034933.884 ], [ 556665.724000000045635, 3034933.434000000357628 ], [ 556665.724000000045635, 3034933.384 ], [ 556665.623999999952503, 3034933.28400000045076 ], [ 556665.523999999975786, 3034933.084000000264496 ], [ 556665.523999999975786, 3034932.984000000171363 ], [ 556665.474000000045635, 3034932.934000000357628 ], [ 556665.474000000045635, 3034932.78400000045076 ], [ 556665.523999999975786, 3034932.734000000171363 ], [ 556665.523999999975786, 3034932.634 ], [ 556665.724000000045635, 3034932.384 ], [ 556665.724000000045635, 3034932.334000000264496 ], [ 556666.074000000022352, 3034931.984000000171363 ], [ 556666.123999999952503, 3034931.834000000264496 ], [ 556666.199000000022352, 3034931.759 ] ] ] } },
{ "type": "Feature", "properties": { "unit_id": "c00121", "method": "watershed", "label": 121, "area_m2": 3.0768750001373695, "height_max_m": 1.8058881759643555, "height_mean_m": 1.2031493912272504, "canopy_cover": 0.99838969404186795, "volume_m3": 3.7357788597706048, "n_pixels": 1242, "data_coverage": 1.0, "vari_mean": 0.34589432346869309, "exg_mean": 0.38634391542630164, "gli_mean": 0.25790390133989938, "height_max_m_pct": 64.197530864197532, "height_mean_m_pct": 59.567901234567898, "volume_m3_pct": 50.617283950617285, "canopy_cover_pct": 54.938271604938272, "vari_mean_pct": 89.197530864197532, "exg_mean_pct": 72.53086419753086, "gli_mean_pct": 70.987654320987659 }, "geometry": { "type": "Polygon", "coordinates": [ [ [ 556666.398999999975786, 3034976.759 ], [ 556666.599000000045635, 3034976.859000000171363 ], [ 556666.748999999952503, 3034977.009 ], [ 556666.799, 3034977.009 ], [ 556667.074000000022352, 3034977.28400000045076 ], [ 556667.174, 3034977.484000000171363 ], [ 556667.174, 3034977.584000000264496 ], [ 556667.224000000045635, 3034977.634 ], [ 556667.224000000045635, 3034977.884 ], [ 556667.174, 3034977.934000000357628 ], [ 556667.174, 3034978.03400000045076 ], [ 556666.898999999975786, 3034978.359000000171363 ], [ 556666.699000000022352, 3034978.459000000264496 ], [ 556666.599000000045635, 3034978.459000000264496 ], [ 556666.549, 3034978.509 ], [ 556666.449000000022352, 3034978.509 ], [ 556666.148999999975786, 3034978.65900000045076 ], [ 556665.949000000022352, 3034978.65900000045076 ], [ 556665.898999999975786, 3034978.609000000171363 ], [ 556665.599000000045635, 3034978.559000000357628 ], [ 556665.349000000045635, 3034978.359000000171363 ], [ 556665.299, 3034978.359000000171363 ], [ 556665.074000000022352, 3034978.134 ], [ 556665.023999999975786, 3034977.934000000357628 ], [ 556664.974000000045635, 3034977.884 ], [ 556665.023999999975786, 3034977.634 ], [ 556665.123999999952503, 3034977.434000000357628 ], [ 556665.449000000022352, 3034977.109000000171363 ], [ 556665.498999999952503, 3034977.109000000171363 ], [ 556665.599000000045635, 3034977.009 ], [ 556665.849000000045635, 3034976.90900000045076 ], [ 556666.049, 3034976.759 ], [ 556666.398999999975786, 3034976.759 ] ] ] } },
{ "type": "Feature", "properties": { "unit_id": "c00122", "method": "watershed", "label": 122, "area_m2": 3.8974999997596025, "height_max_m": 1.8355064392089844, "height_mean_m": 1.1581525712468888, "canopy_cover": 0.99614890885750962, "volume_m3": 4.5110042650186974, "n_pixels": 1558, "data_coverage": 1.0, "vari_mean": 0.2280448166258959, "exg_mean": 0.29204723662330923, "gli_mean": 0.1968589911575549, "height_max_m_pct": 70.061728395061735, "height_mean_m_pct": 47.222222222222221, "volume_m3_pct": 59.567901234567898, "canopy_cover_pct": 43.209876543209873, "vari_mean_pct": 16.049382716049383, "exg_mean_pct": 25.0, "gli_mean_pct": 23.148148148148149 }, "geometry": { "type": "Polygon", "coordinates": [ [ [ 556635.748999999952503, 3034929.059000000357628 ], [ 556635.949000000022352, 3034929.15900000045076 ], [ 556636.223999999929219, 3034929.434000000357628 ], [ 556636.373999999952503, 3034929.734000000171363 ], [ 556636.549, 3034929.90900000045076 ], [ 556636.648999999975786, 3034929.90900000045076 ], [ 556636.848999999929219, 3034930.009 ], [ 556637.074000000022352, 3034930.28400000045076 ], [ 556637.023999999975786, 3034930.584000000264496 ], [ 556636.773999999975786, 3034930.884 ], [ 556636.773999999975786, 3034930.934000000357628 ], [ 556636.574000000022352, 3034931.134 ], [ 556636.574000000022352, 3034931.184000000357628 ], [ 556636.373999999952503, 3034931.384 ], [ 556636.348999999929219, 3034931.559000000357628 ], [ 556635.998999999952503, 3034931.559000000357628 ], [ 556635.949000000022352, 3034931.509 ], [ 556635.748999999952503, 3034931.509 ], [ 556635.449000000022352, 3034931.309000000357628 ], [ 556635.348999999929219, 3034931.309000000357628 ], [ 556635.299, 3034931.259 ], [ 556634.924, 3034931.234000000171363 ], [ 556634.924, 3034930.78400000045076 ], [ 556634.873999999952503, 3034930.734000000171363 ], [ 556634.873999999952503, 3034930.484000000171363 ], [ 556634.824000000022352, 3034930.434000000357628 ], [ 556634.824000000022352, 3034929.78400000045076 ], [ 556634.873999999952503, 3034929.734000000171363 ], [ 556634.873999999952503, 3034929.634 ], [ 556635.098999999929219, 3034929.359000000171363 ], [ 556635.148999999975786, 3034929.359000000171363 ], [ 556635.348999999929219, 3034929.15900000045076 ], [ 556635.549, 3034929.059000000357628 ], [ 556635.748999999952503, 3034929.059000000357628 ] ] ] } },
{ "type": "Feature", "properties": { "unit_id": "c00123", "method": "watershed", "label": 123, "area_m2": 2.0268749997095439, "height_max_m": 1.8175151348114014, "height_mean_m": 1.3119570891765779, "canopy_cover": 0.98031980319803202, "volume_m3": 2.6665527837585272, "n_pixels": 813, "data_coverage": 1.0, "vari_mean": 0.32425177237813851, "exg_mean": 0.44606597460757769, "gli_mean": 0.29614711249889414, "height_max_m_pct": 68.209876543209873, "height_mean_m_pct": 81.790123456790127, "volume_m3_pct": 34.567901234567898, "canopy_cover_pct": 8.3333333333333321, "vari_mean_pct": 79.320987654320987, "exg_mean_pct": 91.358024691358025, "gli_mean_pct": 91.358024691358025 }, "geometry": { "type": "Polygon", "coordinates": [ [ [ 556651.348999999929219, 3034918.65900000045076 ], [ 556651.699000000022352, 3034918.959000000264496 ], [ 556651.748999999952503, 3034918.959000000264496 ], [ 556652.074000000022352, 3034919.28400000045076 ], [ 556652.174, 3034919.484000000171363 ], [ 556652.174, 3034919.584000000264496 ], [ 556652.223999999929219, 3034919.634 ], [ 556652.223999999929219, 3034919.78400000045076 ], [ 556652.174, 3034919.834000000264496 ], [ 556652.123999999952503, 3034920.03400000045076 ], [ 556651.898999999975786, 3034920.259 ], [ 556651.699000000022352, 3034920.359000000171363 ], [ 556651.199000000022352, 3034920.359000000171363 ], [ 556651.049, 3034920.259 ], [ 556650.949000000022352, 3034920.259 ], [ 556650.623999999952503, 3034919.984000000171363 ], [ 556650.574000000022352, 3034919.78400000045076 ], [ 556650.523999999975786, 3034919.734000000171363 ], [ 556650.523999999975786, 3034919.484000000171363 ], [ 556650.623999999952503, 3034919.28400000045076 ], [ 556651.199000000022352, 3034918.709000000264496 ], [ 556651.348999999929219, 3034918.65900000045076 ] ] ] } },
{ "type": "Feature", "properties": { "unit_id": "c00124", "method": "watershed", "label": 124, "area_m2": 3.1075000000736326, "height_max_m": 1.7770878076553345, "height_mean_m": 1.2534515909254309, "canopy_cover": 0.99919159256265155, "volume_m3": 3.8762990449472636, "n_pixels": 1237, "data_coverage": 1.0, "vari_mean": 0.28073590387149772, "exg_mean": 0.34431296555330465, "gli_mean": 0.23239508577600679, "height_max_m_pct": 60.185185185185183, "height_mean_m_pct": 69.753086419753089, "volume_m3_pct": 53.086419753086425, "canopy_cover_pct": 61.728395061728392, "vari_mean_pct": 52.777777777777779, "exg_mean_pct": 58.024691358024697, "gli_mean_pct": 56.79012345679012 }, "geometry": { "type": "Polygon", "coordinates": [ [ [ 556665.949000000022352, 3035010.959000000264496 ], [ 556666.248999999952503, 3035011.109000000171363 ], [ 556666.498999999952503, 3035011.15900000045076 ], [ 556666.674, 3035011.28400000045076 ], [ 556666.974000000045635, 3035011.884 ], [ 556666.974000000045635, 3035012.134 ], [ 556666.748999999952503, 3035012.40900000045076 ], [ 556666.599000000045635, 3035012.459000000264496 ], [ 556666.373999999952503, 3035012.634 ], [ 556666.273999999975786, 3035012.834000000264496 ], [ 556666.273999999975786, 3035013.03400000045076 ], [ 556666.324000000022352, 3035013.084000000264496 ], [ 556666.299, 3035013.15900000045076 ], [ 556665.549, 3035013.15900000045076 ], [ 556665.424, 3035012.884 ], [ 556665.224000000045635, 3035012.684000000357628 ], [ 556665.123999999952503, 3035012.484000000171363 ], [ 556664.974000000045635, 3035011.684000000357628 ], [ 556665.023999999975786, 3035011.634 ], [ 556665.023999999975786, 3035011.53400000045076 ], [ 556665.174, 3035011.384 ], [ 556665.174, 3035011.334000000264496 ], [ 556665.498999999952503, 3035011.059000000357628 ], [ 556665.699000000022352, 3035010.959000000264496 ], [ 556665.949000000022352, 3035010.959000000264496 ] ] ] } },
{ "type": "Feature", "properties": { "unit_id": "c00125", "method": "watershed", "label": 125, "area_m2": 6.9956249998958082, "height_max_m": 1.7863596677780151, "height_mean_m": 1.2416095970083649, "canopy_cover": 0.99963937973314099, "volume_m3": 8.6074585312835143, "n_pixels": 2773, "data_coverage": 1.0, "vari_mean": 0.23274193628779941, "exg_mean": 0.31830272017599792, "gli_mean": 0.21544130341766299, "height_max_m_pct": 62.037037037037038, "height_mean_m_pct": 67.592592592592595, "volume_m3_pct": 82.716049382716051, "canopy_cover_pct": 65.123456790123456, "vari_mean_pct": 18.518518518518519, "exg_mean_pct": 42.283950617283949, "gli_mean_pct": 40.123456790123456 }, "geometry": { "type": "Polygon", "coordinates": [ [ [ 556636.549, 3034924.15900000045076 ], [ 556636.799, 3034924.359000000171363 ], [ 556636.848999999929219, 3034924.359000000171363 ], [ 556637.273999999975786, 3034924.78400000045076 ], [ 556637.373999999952503, 3034924.984000000171363 ], [ 556637.373999999952503, 3034925.334000000264496 ], [ 556637.223999999929219, 3034925.634 ], [ 556637.074000000022352, 3034925.78400000045076 ], [ 556636.924, 3034926.134 ], [ 556636.473999999929219, 3034926.684000000357628 ], [ 556636.424, 3034926.884 ], [ 556636.223999999929219, 3034927.28400000045076 ], [ 556636.223999999929219, 3034927.434000000357628 ], [ 556636.174, 3034927.484000000171363 ], [ 556636.123999999952503, 3034927.78400000045076 ], [ 556636.023999999975786, 3034927.884 ], [ 556636.023999999975786, 3034927.934000000357628 ], [ 556635.799, 3034928.15900000045076 ], [ 556635.598999999929219, 3034928.259 ], [ 556635.199000000022352, 3034928.259 ], [ 556635.148999999975786, 3034928.209000000264496 ], [ 556635.049, 3034928.209000000264496 ], [ 556634.824000000022352, 3034927.934000000357628 ], [ 556634.824000000022352, 3034927.484000000171363 ], [ 556634.924, 3034927.334000000264496 ], [ 556634.924, 3034927.234000000171363 ], [ 556635.023999999975786, 3034927.03400000045076 ], [ 556635.023999999975786, 3034926.384 ], [ 556634.973999999929219, 3034926.334000000264496 ], [ 556634.973999999929219, 3034926.184000000357628 ], [ 556634.924, 3034926.134 ], [ 556634.924, 3034925.984000000171363 ], [ 556634.873999999952503, 3034925.934000000357628 ], [ 556634.873999999952503, 3034925.734000000171363 ], [ 556634.824000000022352, 3034925.684000000357628 ], [ 556634.824000000022352, 3034925.484000000171363 ], [ 556634.773999999975786, 3034925.434000000357628 ], [ 556634.773999999975786, 3034925.234000000171363 ], [ 556634.824000000022352, 3034925.184000000357628 ], [ 556634.824000000022352, 3034925.084000000264496 ], [ 556634.973999999929219, 3034924.884 ], [ 556634.973999999929219, 3034924.834000000264496 ], [ 556635.123999999952503, 3034924.684000000357628 ], [ 556635.248999999952503, 3034924.359000000171363 ], [ 556635.898999999975786, 3034924.359000000171363 ], [ 556636.148999999975786, 3034924.209000000264496 ], [ 556636.498999999952503, 3034924.209000000264496 ], [ 556636.549, 3034924.15900000045076 ] ] ] } },
{ "type": "Feature", "properties": { "unit_id": "c00126", "method": "watershed", "label": 126, "area_m2": 7.8018749999176356, "height_max_m": 1.8070122003555298, "height_mean_m": 1.1913831120861011, "canopy_cover": 1.0, "volume_m3": 9.3106590209777842, "n_pixels": 3126, "data_coverage": 1.0, "vari_mean": 0.2666868514997548, "exg_mean": 0.31320921356958886, "gli_mean": 0.2139412709059976, "height_max_m_pct": 64.506172839506178, "height_mean_m_pct": 55.864197530864203, "volume_m3_pct": 84.876543209876544, "canopy_cover_pct": 83.487654320987659, "vari_mean_pct": 41.358024691358025, "exg_mean_pct": 37.654320987654323, "gli_mean_pct": 38.580246913580247 }, "geometry": { "type": "Polygon", "coordinates": [ [ [ 556635.998999999952503, 3035002.259 ], [ 556636.049, 3035002.309000000357628 ], [ 556636.273999999975786, 3035002.334000000264496 ], [ 556636.123999999952503, 3035002.734000000171363 ], [ 556636.174, 3035002.78400000045076 ], [ 556636.174, 3035002.934000000357628 ], [ 556636.324000000022352, 3035003.184000000357628 ], [ 556636.324000000022352, 3035003.28400000045076 ], [ 556636.473999999929219, 3035003.584000000264496 ], [ 556636.473999999929219, 3035004.03400000045076 ], [ 556636.324000000022352, 3035004.334000000264496 ], [ 556636.273999999975786, 3035004.584000000264496 ], [ 556636.174, 3035004.734000000171363 ], [ 556636.174, 3035004.884 ], [ 556636.123999999952503, 3035004.934000000357628 ], [ 556636.123999999952503, 3035005.28400000045076 ], [ 556636.574000000022352, 3035005.684000000357628 ], [ 556636.574000000022352, 3035005.834000000264496 ], [ 556636.623999999952503, 3035005.934000000357628 ], [ 556636.574000000022352, 3035005.984000000171363 ], [ 556636.574000000022352, 3035006.134 ], [ 556636.148999999975786, 3035006.65900000045076 ], [ 556636.098999999929219, 3035006.65900000045076 ], [ 556635.898999999975786, 3035006.809000000357628 ], [ 556635.498999999952503, 3035006.809000000357628 ], [ 556635.398999999975786, 3035006.709000000264496 ], [ 556635.348999999929219, 3035006.709000000264496 ], [ 556635.324000000022352, 3035006.634 ], [ 556635.148999999975786, 3035006.459000000264496 ], [ 556635.098999999929219, 3035006.459000000264496 ], [ 556634.998999999952503, 3035006.359000000171363 ], [ 556634.699000000022352, 3035006.359000000171363 ], [ 556634.648999999975786, 3035006.40900000045076 ], [ 556634.398999999975786, 3035006.459000000264496 ], [ 556634.273999999975786, 3035006.334000000264496 ], [ 556634.223999999929219, 3035006.234000000171363 ], [ 556634.223999999929219, 3035005.984000000171363 ], [ 556634.273999999975786, 3035005.934000000357628 ], [ 556634.273999999975786, 3035005.78400000045076 ], [ 556634.324000000022352, 3035005.734000000171363 ], [ 556634.324000000022352, 3035005.53400000045076 ], [ 556634.373999999952503, 3035005.484000000171363 ], [ 556634.424, 3035004.934000000357628 ], [ 556634.273999999975786, 3035004.634 ], [ 556634.223999999929219, 3035004.434000000357628 ], [ 556634.273999999975786, 3035004.384 ], [ 556634.273999999975786, 3035004.28400000045076 ], [ 556634.373999999952503, 3035004.084000000264496 ], [ 556634.373999999952503, 3035003.584000000264496 ], [ 556634.424, 3035003.53400000045076 ], [ 556634.424, 3035003.434000000357628 ], [ 556634.523999999975786, 3035003.234000000171363 ], [ 556634.848999999929219, 3035002.90900000045076 ], [ 556634.898999999975786, 3035002.90900000045076 ], [ 556634.998999999952503, 3035002.809000000357628 ], [ 556635.549, 3035002.559000000357628 ], [ 556635.674, 3035002.434000000357628 ], [ 556635.748999999952503, 3035002.259 ], [ 556635.998999999952503, 3035002.259 ] ] ] } },
{ "type": "Feature", "properties": { "unit_id": "c00127", "method": "watershed", "label": 127, "area_m2": 4.5281249994863177, "height_max_m": 1.7638260126113892, "height_mean_m": 1.1287188746312253, "canopy_cover": 1.0, "volume_m3": 5.1582452570784971, "n_pixels": 1828, "data_coverage": 1.0, "vari_mean": 0.23097513788275426, "exg_mean": 0.26324719823513482, "gli_mean": 0.17979735560017207, "height_max_m_pct": 59.567901234567898, "height_mean_m_pct": 40.74074074074074, "volume_m3_pct": 67.283950617283949, "canopy_cover_pct": 83.487654320987659, "vari_mean_pct": 17.283950617283949, "exg_mean_pct": 11.728395061728394, "gli_mean_pct": 11.419753086419753 }, "geometry": { "type": "Polygon", "coordinates": [ [ [ 556613.598999999929219, 3034956.40900000045076 ], [ 556613.623999999952503, 3034956.484000000171363 ], [ 556613.573999999905936, 3034956.53400000045076 ], [ 556613.573999999905936, 3034956.684000000357628 ], [ 556613.523999999975786, 3034956.734000000171363 ], [ 556613.573999999905936, 3034957.28400000045076 ], [ 556613.523999999975786, 3034957.334000000264496 ], [ 556613.473999999929219, 3034957.584000000264496 ], [ 556613.323999999905936, 3034957.834000000264496 ], [ 556613.323999999905936, 3034958.084000000264496 ], [ 556613.373999999952503, 3034958.184000000357628 ], [ 556613.198999999905936, 3034958.359000000171363 ], [ 556612.848999999929219, 3034958.359000000171363 ], [ 556612.799, 3034958.309000000357628 ], [ 556612.648999999975786, 3034958.309000000357628 ], [ 556612.598999999929219, 3034958.259 ], [ 556611.148999999975786, 3034958.259 ], [ 556611.073999999905936, 3034958.184000000357628 ], [ 556611.073999999905936, 3034957.984000000171363 ], [ 556611.023999999975786, 3034957.934000000357628 ], [ 556611.023999999975786, 3034957.78400000045076 ], [ 556610.973999999929219, 3034957.734000000171363 ], [ 556610.973999999929219, 3034957.584000000264496 ], [ 556610.924, 3034957.53400000045076 ], [ 556610.924, 3034957.184000000357628 ], [ 556611.023999999975786, 3034956.984000000171363 ], [ 556611.023999999975786, 3034956.834000000264496 ], [ 556611.073999999905936, 3034956.78400000045076 ], [ 556611.098999999929219, 3034956.459000000264496 ], [ 556612.648999999975786, 3034956.459000000264496 ], [ 556612.698999999905936, 3034956.40900000045076 ], [ 556613.598999999929219, 3034956.40900000045076 ] ] ] } },
{ "type": "Feature", "properties": { "unit_id": "c00128", "method": "watershed", "label": 128, "area_m2": 2.5975000000186266, "height_max_m": 1.781067967414856, "height_mean_m": 1.2647224782372606, "canopy_cover": 0.97696737044145876, "volume_m3": 3.2946020558168758, "n_pixels": 1042, "data_coverage": 1.0, "vari_mean": 0.30385150572503428, "exg_mean": 0.40671041391888363, "gli_mean": 0.27125092095777509, "height_max_m_pct": 61.111111111111114, "height_mean_m_pct": 71.913580246913583, "volume_m3_pct": 44.135802469135804, "canopy_cover_pct": 5.8641975308641969, "vari_mean_pct": 67.901234567901241, "exg_mean_pct": 78.395061728395063, "gli_mean_pct": 78.086419753086417 }, "geometry": { "type": "Polygon", "coordinates": [ [ [ 556658.199000000022352, 3035032.15900000045076 ], [ 556658.248999999952503, 3035032.209000000264496 ], [ 556658.398999999975786, 3035032.209000000264496 ], [ 556658.599000000045635, 3035032.309000000357628 ], [ 556658.974000000045635, 3035032.684000000357628 ], [ 556659.074000000022352, 3035032.884000000543892 ], [ 556659.074000000022352, 3035033.03400000045076 ], [ 556659.123999999952503, 3035033.084000000264496 ], [ 556659.074000000022352, 3035033.434000000357628 ], [ 556658.849000000045635, 3035033.709000000264496 ], [ 556658.748999999952503, 3035033.709000000264496 ], [ 556658.549, 3035033.809000000357628 ], [ 556658.398999999975786, 3035033.809000000357628 ], [ 556658.349000000045635, 3035033.859000000171363 ], [ 556657.998999999952503, 3035033.859000000171363 ], [ 556657.949000000022352, 3035033.90900000045076 ], [ 556657.748999999952503, 3035033.90900000045076 ], [ 556657.648999999975786, 3035033.859000000171363 ], [ 556657.424, 3035033.634000000543892 ], [ 556657.324000000022352, 3035033.234000000171363 ], [ 556657.123999999952503, 3035032.884000000543892 ], [ 556657.123999999952503, 3035032.78400000045076 ], [ 556657.174, 3035032.734000000171363 ], [ 556657.174, 3035032.634000000543892 ], [ 556657.498999999952503, 3035032.359000000171363 ], [ 556657.799, 3035032.209000000264496 ], [ 556658.199000000022352, 3035032.15900000045076 ] ] ] } },
{ "type": "Feature", "properties": { "unit_id": "c00129", "method": "watershed", "label": 129, "area_m2": 5.9593750000916765, "height_max_m": 1.7382750511169434, "height_mean_m": 1.2199714376233788, "canopy_cover": 1.0, "volume_m3": 7.2649299110666528, "n_pixels": 2382, "data_coverage": 1.0, "vari_mean": 0.30953568238745427, "exg_mean": 0.38395697625260472, "gli_mean": 0.25863159973749578, "height_max_m_pct": 57.716049382716051, "height_mean_m_pct": 62.345679012345677, "volume_m3_pct": 77.777777777777786, "canopy_cover_pct": 83.487654320987659, "vari_mean_pct": 71.913580246913583, "exg_mean_pct": 71.604938271604937, "gli_mean_pct": 72.222222222222214 }, "geometry": { "type": "Polygon", "coordinates": [ [ [ 556619.799, 3035021.859000000171363 ], [ 556619.848999999929219, 3035021.90900000045076 ], [ 556620.148999999975786, 3035021.90900000045076 ], [ 556620.198999999905936, 3035021.959000000264496 ], [ 556620.924, 3035021.984000000171363 ], [ 556620.873999999952503, 3035022.084000000264496 ], [ 556620.924, 3035022.134000000543892 ], [ 556620.924, 3035022.28400000045076 ], [ 556621.273999999975786, 3035022.984000000171363 ], [ 556621.273999999975786, 3035023.384000000543892 ], [ 556621.023999999975786, 3035023.834000000264496 ], [ 556620.973999999929219, 3035024.234000000171363 ], [ 556620.148999999975786, 3035024.259000000543892 ], [ 556620.098999999929219, 3035024.209000000264496 ], [ 556619.698999999905936, 3035024.209000000264496 ], [ 556619.648999999975786, 3035024.259000000543892 ], [ 556619.248999999952503, 3035024.259000000543892 ], [ 556619.198999999905936, 3035024.209000000264496 ], [ 556618.498999999952503, 3035024.209000000264496 ], [ 556618.473999999929219, 3035023.984000000171363 ], [ 556618.323999999905936, 3035023.734000000171363 ], [ 556618.273999999975786, 3035023.484000000171363 ], [ 556618.323999999905936, 3035023.434000000357628 ], [ 556618.373999999952503, 3035023.03400000045076 ], [ 556618.523999999975786, 3035022.734000000171363 ], [ 556618.674, 3035022.584000000264496 ], [ 556618.773999999975786, 3035022.384000000543892 ], [ 556618.773999999975786, 3035022.134000000543892 ], [ 556618.723999999929219, 3035022.03400000045076 ], [ 556618.898999999975786, 3035021.90900000045076 ], [ 556619.498999999952503, 3035021.90900000045076 ], [ 556619.549, 3035021.859000000171363 ], [ 556619.799, 3035021.859000000171363 ] ] ] } },
{ "type": "Feature", "properties": { "unit_id": "c00130", "method": "watershed", "label": 130, "area_m2": 9.4212499999071628, "height_max_m": 1.7346298694610596, "height_mean_m": 1.1423450466324632, "canopy_cover": 0.99920255183413076, "volume_m3": 10.743755163607053, "n_pixels": 3762, "data_coverage": 1.0, "vari_mean": 0.22623118736393155, "exg_mean": 0.27549310982330333, "gli_mean": 0.1853407180138644, "height_max_m_pct": 57.407407407407405, "height_mean_m_pct": 44.444444444444443, "volume_m3_pct": 88.580246913580254, "canopy_cover_pct": 62.345679012345677, "vari_mean_pct": 15.123456790123457, "exg_mean_pct": 16.358024691358025, "gli_mean_pct": 14.506172839506174 }, "geometry": { "type": "Polygon", "coordinates": [ [ [ 556612.049, 3035004.259 ], [ 556612.698999999905936, 3035004.609000000171363 ], [ 556612.948999999905936, 3035004.609000000171363 ], [ 556612.998999999952503, 3035004.65900000045076 ], [ 556613.498999999952503, 3035004.65900000045076 ], [ 556613.523999999975786, 3035004.684000000357628 ], [ 556613.473999999929219, 3035004.734000000171363 ], [ 556613.473999999929219, 3035004.884 ], [ 556613.773999999975786, 3035005.334000000264496 ], [ 556613.773999999975786, 3035005.734000000171363 ], [ 556613.723999999929219, 3035005.78400000045076 ], [ 556613.723999999929219, 3035005.984000000171363 ], [ 556613.773999999975786, 3035006.03400000045076 ], [ 556613.773999999975786, 3035006.434000000357628 ], [ 556613.723999999929219, 3035006.53400000045076 ], [ 556613.198999999905936, 3035007.109000000171363 ], [ 556612.998999999952503, 3035007.15900000045076 ], [ 556612.948999999905936, 3035007.209000000264496 ], [ 556612.848999999929219, 3035007.209000000264496 ], [ 556612.623999999952503, 3035007.384 ], [ 556612.674, 3035007.584000000264496 ], [ 556612.948999999905936, 3035007.809000000357628 ], [ 556612.998999999952503, 3035007.809000000357628 ], [ 556613.123999999952503, 3035007.984000000171363 ], [ 556613.273999999975786, 3035008.28400000045076 ], [ 556613.273999999975786, 3035008.634 ], [ 556613.148999999975786, 3035008.809000000357628 ], [ 556612.948999999905936, 3035008.959000000264496 ], [ 556612.748999999952503, 3035009.009 ], [ 556612.698999999905936, 3035009.059000000357628 ], [ 556612.598999999929219, 3035009.059000000357628 ], [ 556612.549, 3035009.109000000171363 ], [ 556612.299, 3035009.109000000171363 ], [ 556612.248999999952503, 3035009.059000000357628 ], [ 556612.148999999975786, 3035009.059000000357628 ], [ 556612.049, 3035008.959000000264496 ], [ 556611.998999999952503, 3035008.959000000264496 ], [ 556611.623999999952503, 3035008.584000000264496 ], [ 556611.523999999975786, 3035008.384 ], [ 556611.523999999975786, 3035007.984000000171363 ], [ 556611.773999999975786, 3035007.53400000045076 ], [ 556611.773999999975786, 3035007.184000000357628 ], [ 556611.498999999952503, 3035006.859000000171363 ], [ 556611.448999999905936, 3035006.859000000171363 ], [ 556611.174, 3035006.584000000264496 ], [ 556611.174, 3035006.53400000045076 ], [ 556611.023999999975786, 3035006.384 ], [ 556611.023999999975786, 3035006.334000000264496 ], [ 556610.873999999952503, 3035006.134 ], [ 556610.873999999952503, 3035005.684000000357628 ], [ 556611.023999999975786, 3035005.384 ], [ 556611.023999999975786, 3035004.28400000045076 ], [ 556612.049, 3035004.259 ] ] ] } },
{ "type": "Feature", "properties": { "unit_id": "c00131", "method": "watershed", "label": 131, "area_m2": 1.6249999999490683, "height_max_m": 1.7468870878219604, "height_mean_m": 1.2244133905648733, "canopy_cover": 0.99090909090909096, "volume_m3": 2.0202820944374449, "n_pixels": 660, "data_coverage": 1.0, "vari_mean": 0.37045668769856305, "exg_mean": 0.41056411079750771, "gli_mean": 0.27609632667436124, "height_max_m_pct": 58.641975308641982, "height_mean_m_pct": 62.654320987654323, "volume_m3_pct": 23.765432098765434, "canopy_cover_pct": 25.925925925925924, "vari_mean_pct": 96.296296296296291, "exg_mean_pct": 80.246913580246911, "gli_mean_pct": 80.555555555555557 }, "geometry": { "type": "Polygon", "coordinates": [ [ [ 556651.098999999929219, 3034961.559000000357628 ], [ 556651.148999999975786, 3034961.609000000171363 ], [ 556651.398999999975786, 3034961.609000000171363 ], [ 556651.598999999929219, 3034961.709000000264496 ], [ 556651.723999999929219, 3034961.834000000264496 ], [ 556651.873999999952503, 3034962.134 ], [ 556651.873999999952503, 3034962.484000000171363 ], [ 556651.773999999975786, 3034962.684000000357628 ], [ 556651.498999999952503, 3034962.959000000264496 ], [ 556651.398999999975786, 3034963.009 ], [ 556651.049, 3034963.009 ], [ 556650.949000000022352, 3034962.959000000264496 ], [ 556650.574000000022352, 3034962.53400000045076 ], [ 556650.523999999975786, 3034962.434000000357628 ], [ 556650.523999999975786, 3034962.28400000045076 ], [ 556650.473999999929219, 3034962.234000000171363 ], [ 556650.473999999929219, 3034961.734000000171363 ], [ 556650.699000000022352, 3034961.559000000357628 ], [ 556651.098999999929219, 3034961.559000000357628 ] ] ] } },
{ "type": "Feature", "properties": { "unit_id": "c00132", "method": "watershed", "label": 132, "area_m2": 4.2999999998428402, "height_max_m": 1.7421976327896118, "height_mean_m": 1.2675217138959634, "canopy_cover": 0.99941141848145965, "volume_m3": 5.3837984797875045, "n_pixels": 1699, "data_coverage": 1.0, "vari_mean": 0.23566340643046774, "exg_mean": 0.32762539843066518, "gli_mean": 0.22195350204517644, "height_max_m_pct": 58.333333333333336, "height_mean_m_pct": 72.53086419753086, "volume_m3_pct": 68.518518518518519, "canopy_cover_pct": 63.888888888888886, "vari_mean_pct": 20.37037037037037, "exg_mean_pct": 46.913580246913575, "gli_mean_pct": 45.679012345679013 }, "geometry": { "type": "Polygon", "coordinates": [ [ [ 556627.998999999952503, 3034919.459000000264496 ], [ 556628.098999999929219, 3034919.509 ], [ 556628.348999999929219, 3034919.759 ], [ 556628.648999999975786, 3034919.90900000045076 ], [ 556628.799, 3034920.059000000357628 ], [ 556628.848999999929219, 3034920.059000000357628 ], [ 556629.174, 3034920.384 ], [ 556629.223999999929219, 3034920.634 ], [ 556629.174, 3034920.684000000357628 ], [ 556629.123999999952503, 3034921.084000000264496 ], [ 556628.973999999929219, 3034921.384 ], [ 556628.873999999952503, 3034921.484000000171363 ], [ 556628.799, 3034921.859000000171363 ], [ 556627.049, 3034921.859000000171363 ], [ 556627.023999999975786, 3034921.684000000357628 ], [ 556626.973999999929219, 3034921.634 ], [ 556626.973999999929219, 3034921.484000000171363 ], [ 556626.924, 3034921.434000000357628 ], [ 556626.924, 3034921.28400000045076 ], [ 556626.873999999952503, 3034921.234000000171363 ], [ 556626.873999999952503, 3034920.834000000264496 ], [ 556626.924, 3034920.78400000045076 ], [ 556626.973999999929219, 3034920.384 ], [ 556627.074000000022352, 3034920.184000000357628 ], [ 556627.699000000022352, 3034919.509 ], [ 556627.799, 3034919.459000000264496 ], [ 556627.998999999952503, 3034919.459000000264496 ] ] ] } },
{ "type": "Feature", "properties": { "unit_id": "c00133", "method": "watershed", "label": 133, "area_m2": 2.7043749997898701, "height_max_m": 1.7185579538345337, "height_mean_m": 1.2313611333255041, "canopy_cover": 0.97621225983531568, "volume_m3": 3.3646942968209399, "n_pixels": 1093, "data_coverage": 1.0, "vari_mean": 0.3587325987393381, "exg_mean": 0.43761067724797431, "gli_mean": 0.28970897408498009, "height_max_m_pct": 56.172839506172842, "height_mean_m_pct": 64.506172839506178, "volume_m3_pct": 45.370370370370374, "canopy_cover_pct": 5.5555555555555554, "vari_mean_pct": 92.592592592592595, "exg_mean_pct": 86.728395061728392, "gli_mean_pct": 86.419753086419746 }, "geometry": { "type": "Polygon", "coordinates": [ [ [ 556651.449000000022352, 3034948.559000000357628 ], [ 556651.648999999975786, 3034948.65900000045076 ], [ 556651.924, 3034948.934000000357628 ], [ 556651.973999999929219, 3034949.134 ], [ 556652.023999999975786, 3034949.184000000357628 ], [ 556652.023999999975786, 3034949.334000000264496 ], [ 556652.074000000022352, 3034949.384 ], [ 556652.123999999952503, 3034949.834000000264496 ], [ 556651.949000000022352, 3034950.109000000171363 ], [ 556651.898999999975786, 3034950.109000000171363 ], [ 556651.699000000022352, 3034950.259 ], [ 556651.549, 3034950.259 ], [ 556651.498999999952503, 3034950.309000000357628 ], [ 556651.299, 3034950.309000000357628 ], [ 556651.248999999952503, 3034950.259 ], [ 556651.049, 3034950.259 ], [ 556650.998999999952503, 3034950.209000000264496 ], [ 556650.699000000022352, 3034950.15900000045076 ], [ 556650.373999999952503, 3034949.884 ], [ 556650.174, 3034949.484000000171363 ], [ 556650.174, 3034949.384 ], [ 556650.123999999952503, 3034949.334000000264496 ], [ 556650.123999999952503, 3034949.134 ], [ 556650.174, 3034949.084000000264496 ], [ 556650.174, 3034948.984000000171363 ], [ 556650.398999999975786, 3034948.759 ], [ 556650.598999999929219, 3034948.65900000045076 ], [ 556650.748999999952503, 3034948.65900000045076 ], [ 556650.949000000022352, 3034948.559000000357628 ], [ 556651.449000000022352, 3034948.559000000357628 ] ] ] } },
{ "type": "Feature", "properties": { "unit_id": "c00134", "method": "watershed", "label": 134, "area_m2": 9.5412499997232221, "height_max_m": 1.7177311182022095, "height_mean_m": 1.1608054355395927, "canopy_cover": 0.9963215974776668, "volume_m3": 11.045063719188768, "n_pixels": 3806, "data_coverage": 1.0, "vari_mean": 0.27740220665521886, "exg_mean": 0.32435465555871207, "gli_mean": 0.22025595703812492, "height_max_m_pct": 55.864197530864203, "height_mean_m_pct": 48.148148148148145, "volume_m3_pct": 89.506172839506178, "canopy_cover_pct": 45.061728395061728, "vari_mean_pct": 50.308641975308646, "exg_mean_pct": 45.061728395061728, "gli_mean_pct": 44.444444444444443 }, "geometry": { "type": "Polygon", "coordinates": [ [ [ 556635.199000000022352, 3034971.809000000357628 ], [ 556635.248999999952503, 3034971.859000000171363 ], [ 556635.398999999975786, 3034971.859000000171363 ], [ 556635.574000000022352, 3034971.984000000171363 ], [ 556635.574000000022352, 3034972.28400000045076 ], [ 556635.523999999975786, 3034972.334000000264496 ], [ 556635.523999999975786, 3034972.53400000045076 ], [ 556635.473999999929219, 3034972.584000000264496 ], [ 556635.523999999975786, 3034972.78400000045076 ], [ 556635.648999999975786, 3034972.90900000045076 ], [ 556636.148999999975786, 3034973.15900000045076 ], [ 556636.473999999929219, 3034973.53400000045076 ], [ 556636.523999999975786, 3034973.734000000171363 ], [ 556636.674, 3034974.03400000045076 ], [ 556636.674, 3034974.134 ], [ 556636.723999999929219, 3034974.184000000357628 ], [ 556636.723999999929219, 3034974.484000000171363 ], [ 556636.773999999975786, 3034974.53400000045076 ], [ 556636.723999999929219, 3034974.584000000264496 ], [ 556636.723999999929219, 3034974.834000000264496 ], [ 556636.623999999952503, 3034975.03400000045076 ], [ 556635.824000000022352, 3034975.884 ], [ 556635.773999999975786, 3034975.984000000171363 ], [ 556635.773999999975786, 3034976.134 ], [ 556635.973999999929219, 3034976.484000000171363 ], [ 556635.973999999929219, 3034976.634 ], [ 556636.023999999975786, 3034976.684000000357628 ], [ 556636.023999999975786, 3034977.03400000045076 ], [ 556635.848999999929219, 3034977.259 ], [ 556635.748999999952503, 3034977.309000000357628 ], [ 556635.398999999975786, 3034977.309000000357628 ], [ 556635.223999999929219, 3034977.184000000357628 ], [ 556635.123999999952503, 3034976.984000000171363 ], [ 556635.123999999952503, 3034976.884 ], [ 556635.023999999975786, 3034976.734000000171363 ], [ 556635.023999999975786, 3034976.634 ], [ 556634.824000000022352, 3034976.28400000045076 ], [ 556634.824000000022352, 3034975.734000000171363 ], [ 556634.773999999975786, 3034975.634 ], [ 556634.598999999929219, 3034975.509 ], [ 556634.348999999929219, 3034975.509 ], [ 556634.299, 3034975.459000000264496 ], [ 556634.199000000022352, 3034975.459000000264496 ], [ 556633.998999999952503, 3034975.359000000171363 ], [ 556633.674, 3034975.03400000045076 ], [ 556633.574000000022352, 3034974.834000000264496 ], [ 556633.574000000022352, 3034974.734000000171363 ], [ 556633.523999999975786, 3034974.684000000357628 ], [ 556633.523999999975786, 3034974.28400000045076 ], [ 556633.773999999975786, 3034973.78400000045076 ], [ 556634.074000000022352, 3034973.434000000357628 ], [ 556634.074000000022352, 3034973.384 ], [ 556634.773999999975786, 3034972.734000000171363 ], [ 556634.773999999975786, 3034972.484000000171363 ], [ 556634.674, 3034972.28400000045076 ], [ 556634.674, 3034972.134 ], [ 556634.623999999952503, 3034972.084000000264496 ], [ 556634.623999999952503, 3034971.834000000264496 ], [ 556635.199000000022352, 3034971.809000000357628 ] ] ] } },
{ "type": "Feature", "properties": { "unit_id": "c00135", "method": "watershed", "label": 135, "area_m2": 4.0187499998617566, "height_max_m": 1.7582160234451294, "height_mean_m": 1.2958100030306825, "canopy_cover": 0.99188514357053681, "volume_m3": 5.1897190621517648, "n_pixels": 1602, "data_coverage": 1.0, "vari_mean": 0.26452405298927922, "exg_mean": 0.40020725591763268, "gli_mean": 0.26620935332632051, "height_max_m_pct": 58.950617283950614, "height_mean_m_pct": 79.012345679012341, "volume_m3_pct": 67.592592592592595, "canopy_cover_pct": 28.086419753086421, "vari_mean_pct": 39.197530864197532, "exg_mean_pct": 75.617283950617292, "gli_mean_pct": 74.691358024691354 }, "geometry": { "type": "Polygon", "coordinates": [ [ [ 556665.998999999952503, 3035036.559000000357628 ], [ 556666.049, 3035036.609000000171363 ], [ 556666.523999999975786, 3035036.634000000543892 ], [ 556666.523999999975786, 3035036.734000000171363 ], [ 556666.623999999952503, 3035036.884000000543892 ], [ 556666.724000000045635, 3035037.28400000045076 ], [ 556666.824000000022352, 3035037.484000000171363 ], [ 556666.824000000022352, 3035037.834000000264496 ], [ 556666.773999999975786, 3035037.884000000543892 ], [ 556666.773999999975786, 3035037.984000000171363 ], [ 556666.623999999952503, 3035038.28400000045076 ], [ 556666.349000000045635, 3035038.559000000357628 ], [ 556665.699000000022352, 3035038.859000000171363 ], [ 556665.299, 3035038.859000000171363 ], [ 556665.248999999952503, 3035038.809000000357628 ], [ 556665.148999999975786, 3035038.809000000357628 ], [ 556664.974000000045635, 3035038.684000000357628 ], [ 556664.773999999975786, 3035038.434000000357628 ], [ 556664.724000000045635, 3035038.134000000543892 ], [ 556664.523999999975786, 3035037.78400000045076 ], [ 556664.523999999975786, 3035037.484000000171363 ], [ 556664.574000000022352, 3035037.384000000543892 ], [ 556665.099000000045635, 3035036.859000000171363 ], [ 556665.299, 3035036.759000000543892 ], [ 556665.498999999952503, 3035036.559000000357628 ], [ 556665.998999999952503, 3035036.559000000357628 ] ] ] } },
{ "type": "Feature", "properties": { "unit_id": "c00136", "method": "watershed", "label": 136, "area_m2": 3.9374999999956346, "height_max_m": 1.7263035774230957, "height_mean_m": 1.1722630462316901, "canopy_cover": 0.99365884590995557, "volume_m3": 4.6216470597808001, "n_pixels": 1577, "data_coverage": 1.0, "vari_mean": 0.23969128400233977, "exg_mean": 0.27357748823517314, "gli_mean": 0.18835220271204192, "height_max_m_pct": 56.79012345679012, "height_mean_m_pct": 51.23456790123457, "volume_m3_pct": 61.111111111111114, "canopy_cover_pct": 31.790123456790127, "vari_mean_pct": 23.765432098765434, "exg_mean_pct": 15.432098765432098, "gli_mean_pct": 16.049382716049383 }, "geometry": { "type": "Polygon", "coordinates": [ [ [ 556635.199000000022352, 3035007.109000000171363 ], [ 556635.248999999952503, 3035007.15900000045076 ], [ 556635.348999999929219, 3035007.15900000045076 ], [ 556635.799, 3035007.709000000264496 ], [ 556635.848999999929219, 3035007.709000000264496 ], [ 556636.174, 3035007.984000000171363 ], [ 556636.273999999975786, 3035008.184000000357628 ], [ 556636.273999999975786, 3035008.53400000045076 ], [ 556636.324000000022352, 3035008.584000000264496 ], [ 556636.324000000022352, 3035008.734000000171363 ], [ 556636.273999999975786, 3035008.78400000045076 ], [ 556636.273999999975786, 3035008.884 ], [ 556636.148999999975786, 3035009.009 ], [ 556635.949000000022352, 3035009.059000000357628 ], [ 556635.898999999975786, 3035009.109000000171363 ], [ 556635.748999999952503, 3035009.109000000171363 ], [ 556635.348999999929219, 3035009.359000000171363 ], [ 556635.248999999952503, 3035009.359000000171363 ], [ 556634.949000000022352, 3035009.509 ], [ 556634.799, 3035009.65900000045076 ], [ 556634.348999999929219, 3035009.65900000045076 ], [ 556634.324000000022352, 3035009.484000000171363 ], [ 556634.223999999929219, 3035009.28400000045076 ], [ 556634.223999999929219, 3035009.184000000357628 ], [ 556634.023999999975786, 3035008.78400000045076 ], [ 556634.023999999975786, 3035008.334000000264496 ], [ 556634.273999999975786, 3035007.834000000264496 ], [ 556634.848999999929219, 3035007.259 ], [ 556635.049, 3035007.15900000045076 ], [ 556635.148999999975786, 3035007.15900000045076 ], [ 556635.199000000022352, 3035007.109000000171363 ] ] ] } },
{ "type": "Feature", "properties": { "unit_id": "c00137", "method": "watershed", "label": 137, "area_m2": 5.8912500001525059, "height_max_m": 1.7409193515777588, "height_mean_m": 1.1942011039834934, "canopy_cover": 0.99873042742276763, "volume_m3": 7.0547430218013574, "n_pixels": 2363, "data_coverage": 1.0, "vari_mean": 0.31163810374676326, "exg_mean": 0.40876872070699544, "gli_mean": 0.27336366580715554, "height_max_m_pct": 58.024691358024697, "height_mean_m_pct": 56.172839506172842, "volume_m3_pct": 75.925925925925924, "canopy_cover_pct": 57.407407407407405, "vari_mean_pct": 72.839506172839506, "exg_mean_pct": 79.629629629629633, "gli_mean_pct": 79.629629629629633 }, "geometry": { "type": "Polygon", "coordinates": [ [ [ 556658.949000000022352, 3034935.959000000264496 ], [ 556659.148999999975786, 3034936.059000000357628 ], [ 556659.549, 3034936.109000000171363 ], [ 556659.824000000022352, 3034936.334000000264496 ], [ 556659.873999999952503, 3034936.434000000357628 ], [ 556659.873999999952503, 3034936.584000000264496 ], [ 556659.924, 3034936.634 ], [ 556659.924, 3034937.334000000264496 ], [ 556659.873999999952503, 3034937.384 ], [ 556659.873999999952503, 3034937.53400000045076 ], [ 556659.824000000022352, 3034937.584000000264496 ], [ 556659.773999999975786, 3034937.78400000045076 ], [ 556659.424, 3034938.184000000357628 ], [ 556659.424, 3034938.484000000171363 ], [ 556659.523999999975786, 3034938.684000000357628 ], [ 556659.523999999975786, 3034939.084000000264496 ], [ 556659.474000000045635, 3034939.184000000357628 ], [ 556659.248999999952503, 3034939.40900000045076 ], [ 556658.748999999952503, 3034939.65900000045076 ], [ 556658.599000000045635, 3034939.65900000045076 ], [ 556658.498999999952503, 3034939.709000000264496 ], [ 556658.449000000022352, 3034939.65900000045076 ], [ 556658.299, 3034939.65900000045076 ], [ 556658.099000000045635, 3034939.509 ], [ 556658.049, 3034939.509 ], [ 556657.924, 3034939.28400000045076 ], [ 556657.924, 3034938.984000000171363 ], [ 556658.023999999975786, 3034938.78400000045076 ], [ 556658.373999999952503, 3034938.434000000357628 ], [ 556658.424, 3034938.334000000264496 ], [ 556658.424, 3034938.184000000357628 ], [ 556658.199000000022352, 3034937.959000000264496 ], [ 556657.998999999952503, 3034937.859000000171363 ], [ 556657.724000000045635, 3034937.584000000264496 ], [ 556657.724000000045635, 3034937.484000000171363 ], [ 556657.674, 3034937.434000000357628 ], [ 556657.674, 3034936.934000000357628 ], [ 556657.773999999975786, 3034936.734000000171363 ], [ 556658.224000000045635, 3034936.28400000045076 ], [ 556658.224000000045635, 3034936.234000000171363 ], [ 556658.299, 3034936.209000000264496 ], [ 556658.498999999952503, 3034936.009 ], [ 556658.599000000045635, 3034935.959000000264496 ], [ 556658.949000000022352, 3034935.959000000264496 ] ] ] } },
{ "type": "Feature", "properties": { "unit_id": "c00138", "method": "watershed", "label": 138, "area_m2": 8.9781250000261945, "height_max_m": 1.7843940258026123, "height_mean_m": 1.0660299841841991, "canopy_cover": 0.9994425863991081, "volume_m3": 9.5622889581578434, "n_pixels": 3588, "data_coverage": 1.0, "vari_mean": 0.23918541386537026, "exg_mean": 0.29546747807383389, "gli_mean": 0.20254793349837547, "height_max_m_pct": 61.419753086419746, "height_mean_m_pct": 28.39506172839506, "volume_m3_pct": 86.111111111111114, "canopy_cover_pct": 64.506172839506178, "vari_mean_pct": 23.148148148148149, "exg_mean_pct": 25.925925925925924, "gli_mean_pct": 25.925925925925924 }, "geometry": { "type": "Polygon", "coordinates": [ [ [ 556634.848999999929219, 3035032.209000000264496 ], [ 556634.898999999975786, 3035032.259000000543892 ], [ 556634.998999999952503, 3035032.259000000543892 ], [ 556635.098999999929219, 3035032.359000000171363 ], [ 556635.299, 3035032.459000000264496 ], [ 556635.398999999975786, 3035032.459000000264496 ], [ 556635.449000000022352, 3035032.509000000543892 ], [ 556635.648999999975786, 3035032.559000000357628 ], [ 556635.773999999975786, 3035032.684000000357628 ], [ 556635.824000000022352, 3035032.834000000264496 ], [ 556636.123999999952503, 3035033.084000000264496 ], [ 556636.123999999952503, 3035033.53400000045076 ], [ 556636.174, 3035033.584000000264496 ], [ 556636.174, 3035033.78400000045076 ], [ 556636.123999999952503, 3035033.834000000264496 ], [ 556636.123999999952503, 3035033.934000000357628 ], [ 556636.023999999975786, 3035034.134000000543892 ], [ 556635.873999999952503, 3035034.334000000264496 ], [ 556635.873999999952503, 3035034.734000000171363 ], [ 556635.973999999929219, 3035034.934000000357628 ], [ 556636.324000000022352, 3035035.28400000045076 ], [ 556636.523999999975786, 3035035.684000000357628 ], [ 556636.523999999975786, 3035035.984000000171363 ], [ 556636.473999999929219, 3035036.03400000045076 ], [ 556636.473999999929219, 3035036.334000000264496 ], [ 556636.424, 3035036.434000000357628 ], [ 556636.348999999929219, 3035036.509000000543892 ], [ 556636.148999999975786, 3035036.609000000171363 ], [ 556636.049, 3035036.609000000171363 ], [ 556635.799, 3035036.759000000543892 ], [ 556635.598999999929219, 3035036.759000000543892 ], [ 556635.199000000022352, 3035036.309000000357628 ], [ 556634.098999999929219, 3035036.309000000357628 ], [ 556634.074000000022352, 3035036.184000000357628 ], [ 556634.023999999975786, 3035036.134000000543892 ], [ 556634.023999999975786, 3035035.934000000357628 ], [ 556633.973999999929219, 3035035.884000000543892 ], [ 556633.973999999929219, 3035035.78400000045076 ], [ 556633.873999999952503, 3035035.634000000543892 ], [ 556633.873999999952503, 3035035.53400000045076 ], [ 556633.773999999975786, 3035035.334000000264496 ], [ 556633.773999999975786, 3035035.084000000264496 ], [ 556633.824000000022352, 3035035.03400000045076 ], [ 556633.824000000022352, 3035034.884000000543892 ], [ 556634.023999999975786, 3035034.484000000171363 ], [ 556634.023999999975786, 3035034.334000000264496 ], [ 556634.074000000022352, 3035034.28400000045076 ], [ 556634.074000000022352, 3035033.984000000171363 ], [ 556634.023999999975786, 3035033.934000000357628 ], [ 556633.973999999929219, 3035033.584000000264496 ], [ 556633.924, 3035033.53400000045076 ], [ 556633.873999999952503, 3035033.234000000171363 ], [ 556633.824000000022352, 3035033.184000000357628 ], [ 556633.824000000022352, 3035032.884000000543892 ], [ 556633.924, 3035032.684000000357628 ], [ 556634.074000000022352, 3035032.53400000045076 ], [ 556634.074000000022352, 3035032.484000000171363 ], [ 556634.299, 3035032.309000000357628 ], [ 556634.498999999952503, 3035032.259000000543892 ], [ 556634.549, 3035032.209000000264496 ], [ 556634.848999999929219, 3035032.209000000264496 ] ] ] } },
{ "type": "Feature", "properties": { "unit_id": "c00139", "method": "watershed", "label": 139, "area_m2": 2.9406250001629815, "height_max_m": 1.7005181312561035, "height_mean_m": 1.2981952763245075, "canopy_cover": 0.98565400843881856, "volume_m3": 3.8459035061216404, "n_pixels": 1185, "data_coverage": 1.0, "vari_mean": 0.34459055116168158, "exg_mean": 0.40708554521223128, "gli_mean": 0.27153359400764016, "height_max_m_pct": 53.703703703703709, "height_mean_m_pct": 80.246913580246911, "volume_m3_pct": 51.851851851851848, "canopy_cover_pct": 16.666666666666664, "vari_mean_pct": 87.962962962962962, "exg_mean_pct": 78.703703703703709, "gli_mean_pct": 78.703703703703709 }, "geometry": { "type": "Polygon", "coordinates": [ [ [ 556651.498999999952503, 3034955.109000000171363 ], [ 556651.549, 3034955.15900000045076 ], [ 556651.748999999952503, 3034955.209000000264496 ], [ 556651.898999999975786, 3034955.359000000171363 ], [ 556651.949000000022352, 3034955.359000000171363 ], [ 556652.324000000022352, 3034955.734000000171363 ], [ 556652.373999999952503, 3034955.834000000264496 ], [ 556652.373999999952503, 3034956.03400000045076 ], [ 556652.324000000022352, 3034956.084000000264496 ], [ 556652.324000000022352, 3034956.184000000357628 ], [ 556652.123999999952503, 3034956.584000000264496 ], [ 556651.998999999952503, 3034956.709000000264496 ], [ 556651.699000000022352, 3034956.859000000171363 ], [ 556651.049, 3034956.859000000171363 ], [ 556650.998999999952503, 3034956.809000000357628 ], [ 556650.848999999929219, 3034956.809000000357628 ], [ 556650.498999999952503, 3034956.609000000171363 ], [ 556650.273999999975786, 3034956.334000000264496 ], [ 556650.273999999975786, 3034956.234000000171363 ], [ 556650.174, 3034956.03400000045076 ], [ 556650.174, 3034955.834000000264496 ], [ 556650.398999999975786, 3034955.509 ], [ 556650.449000000022352, 3034955.509 ], [ 556650.748999999952503, 3034955.259 ], [ 556651.049, 3034955.109000000171363 ], [ 556651.498999999952503, 3034955.109000000171363 ] ] ] } },
{ "type": "Feature", "properties": { "unit_id": "c00140", "method": "watershed", "label": 140, "area_m2": 2.3700000002075097, "height_max_m": 1.7847969532012939, "height_mean_m": 1.091419187850768, "canopy_cover": 1.0, "volume_m3": 2.6139489549095809, "n_pixels": 958, "data_coverage": 1.0, "vari_mean": 0.25618528069966118, "exg_mean": 0.32383490282239186, "gli_mean": 0.22045539773426812, "height_max_m_pct": 61.728395061728392, "height_mean_m_pct": 33.333333333333329, "volume_m3_pct": 33.333333333333329, "canopy_cover_pct": 83.487654320987659, "vari_mean_pct": 33.641975308641975, "exg_mean_pct": 44.135802469135804, "gli_mean_pct": 44.753086419753089 }, "geometry": { "type": "Polygon", "coordinates": [ [ [ 556650.199000000022352, 3035027.609000000171363 ], [ 556650.248999999952503, 3035027.65900000045076 ], [ 556650.549, 3035027.65900000045076 ], [ 556650.699000000022352, 3035027.759000000543892 ], [ 556650.799, 3035027.759000000543892 ], [ 556651.098999999929219, 3035027.90900000045076 ], [ 556651.223999999929219, 3035028.134000000543892 ], [ 556651.223999999929219, 3035028.584000000264496 ], [ 556651.174, 3035028.634000000543892 ], [ 556651.174, 3035028.78400000045076 ], [ 556651.123999999952503, 3035028.884000000543892 ], [ 556650.623999999952503, 3035029.384000000543892 ], [ 556650.598999999929219, 3035029.509000000543892 ], [ 556650.098999999929219, 3035029.509000000543892 ], [ 556649.924, 3035029.28400000045076 ], [ 556649.873999999952503, 3035029.134000000543892 ], [ 556649.773999999975786, 3035029.03400000045076 ], [ 556649.723999999929219, 3035028.884000000543892 ], [ 556649.623999999952503, 3035028.78400000045076 ], [ 556649.574000000022352, 3035028.584000000264496 ], [ 556649.523999999975786, 3035028.53400000045076 ], [ 556649.574000000022352, 3035028.484000000171363 ], [ 556649.574000000022352, 3035028.384000000543892 ], [ 556649.623999999952503, 3035028.334000000264496 ], [ 556649.623999999952503, 3035028.234000000171363 ], [ 556649.723999999929219, 3035028.03400000045076 ], [ 556649.723999999929219, 3035027.834000000264496 ], [ 556649.998999999952503, 3035027.609000000171363 ], [ 556650.199000000022352, 3035027.609000000171363 ] ] ] } },
{ "type": "Feature", "properties": { "unit_id": "c00141", "method": "watershed", "label": 141, "area_m2": 7.6925000003163602, "height_max_m": 1.6834450960159302, "height_mean_m": 1.1755047337388729, "canopy_cover": 0.99709396189861155, "volume_m3": 9.1013454009975678, "n_pixels": 3097, "data_coverage": 1.0, "vari_mean": 0.26419223314729534, "exg_mean": 0.28909746853019425, "gli_mean": 0.19581466566405581, "height_max_m_pct": 51.23456790123457, "height_mean_m_pct": 52.160493827160494, "volume_m3_pct": 84.259259259259252, "canopy_cover_pct": 47.839506172839506, "vari_mean_pct": 38.888888888888893, "exg_mean_pct": 23.765432098765434, "gli_mean_pct": 22.530864197530864 }, "geometry": { "type": "Polygon", "coordinates": [ [ [ 556613.898999999975786, 3034969.15900000045076 ], [ 556613.948999999905936, 3034969.209000000264496 ], [ 556614.049, 3034969.209000000264496 ], [ 556614.174, 3034969.334000000264496 ], [ 556614.223999999929219, 3034969.53400000045076 ], [ 556614.273999999975786, 3034969.584000000264496 ], [ 556614.273999999975786, 3034969.684000000357628 ], [ 556614.223999999929219, 3034969.734000000171363 ], [ 556614.174, 3034969.934000000357628 ], [ 556613.998999999952503, 3034970.059000000357628 ], [ 556613.848999999929219, 3034970.109000000171363 ], [ 556613.723999999929219, 3034970.28400000045076 ], [ 556613.723999999929219, 3034970.634 ], [ 556613.773999999975786, 3034970.734000000171363 ], [ 556614.123999999952503, 3034971.084000000264496 ], [ 556614.123999999952503, 3034971.384 ], [ 556614.073999999905936, 3034971.434000000357628 ], [ 556614.073999999905936, 3034971.53400000045076 ], [ 556614.023999999975786, 3034971.584000000264496 ], [ 556614.023999999975786, 3034971.684000000357628 ], [ 556613.924, 3034971.884 ], [ 556613.473999999929219, 3034972.28400000045076 ], [ 556613.424, 3034972.384 ], [ 556613.473999999929219, 3034972.434000000357628 ], [ 556612.549, 3034972.459000000264496 ], [ 556612.498999999952503, 3034972.40900000045076 ], [ 556611.098999999929219, 3034972.40900000045076 ], [ 556611.073999999905936, 3034972.28400000045076 ], [ 556611.123999999952503, 3034972.234000000171363 ], [ 556611.123999999952503, 3034972.134 ], [ 556611.174, 3034972.084000000264496 ], [ 556611.174, 3034971.884 ], [ 556611.223999999929219, 3034971.834000000264496 ], [ 556611.223999999929219, 3034971.03400000045076 ], [ 556611.323999999905936, 3034970.834000000264496 ], [ 556611.323999999905936, 3034970.634 ], [ 556611.373999999952503, 3034970.584000000264496 ], [ 556611.373999999952503, 3034970.334000000264496 ], [ 556611.323999999905936, 3034970.28400000045076 ], [ 556611.323999999905936, 3034970.134 ], [ 556611.223999999929219, 3034969.984000000171363 ], [ 556611.549, 3034969.959000000264496 ], [ 556611.648999999975786, 3034969.90900000045076 ], [ 556611.898999999975786, 3034969.65900000045076 ], [ 556612.248999999952503, 3034969.65900000045076 ], [ 556612.398999999975786, 3034969.559000000357628 ], [ 556612.898999999975786, 3034969.559000000357628 ], [ 556612.948999999905936, 3034969.509 ], [ 556613.198999999905936, 3034969.509 ], [ 556613.598999999929219, 3034969.209000000264496 ], [ 556613.648999999975786, 3034969.259 ], [ 556613.698999999905936, 3034969.209000000264496 ], [ 556613.848999999929219, 3034969.209000000264496 ], [ 556613.898999999975786, 3034969.15900000045076 ] ] ] } },
{ "type": "Feature", "properties": { "unit_id": "c00142", "method": "watershed", "label": 142, "area_m2": 4.0712499998780549, "height_max_m": 1.695338249206543, "height_mean_m": 1.2296817915533815, "canopy_cover": 1.0, "volume_m3": 4.9402465975789243, "n_pixels": 1607, "data_coverage": 1.0, "vari_mean": 0.19692288355674856, "exg_mean": 0.26437400376231374, "gli_mean": 0.18219335688455945, "height_max_m_pct": 53.086419753086425, "height_mean_m_pct": 63.888888888888886, "volume_m3_pct": 65.432098765432102, "canopy_cover_pct": 83.487654320987659, "vari_mean_pct": 8.3333333333333321, "exg_mean_pct": 12.345679012345679, "gli_mean_pct": 13.271604938271606 }, "geometry": { "type": "Polygon", "coordinates": [ [ [ 556636.748999999952503, 3034919.40900000045076 ], [ 556636.773999999975786, 3034919.53400000045076 ], [ 556636.873999999952503, 3034919.684000000357628 ], [ 556636.873999999952503, 3034919.834000000264496 ], [ 556636.924, 3034919.884 ], [ 556636.924, 3034920.134 ], [ 556636.973999999929219, 3034920.184000000357628 ], [ 556636.973999999929219, 3034920.834000000264496 ], [ 556636.873999999952503, 3034920.984000000171363 ], [ 556636.873999999952503, 3034921.084000000264496 ], [ 556636.824000000022352, 3034921.134 ], [ 556636.824000000022352, 3034921.234000000171363 ], [ 556636.773999999975786, 3034921.28400000045076 ], [ 556636.723999999929219, 3034921.484000000171363 ], [ 556636.498999999952503, 3034921.65900000045076 ], [ 556636.449000000022352, 3034921.65900000045076 ], [ 556636.348999999929219, 3034921.809000000357628 ], [ 556635.949000000022352, 3034921.809000000357628 ], [ 556635.898999999975786, 3034921.859000000171363 ], [ 556635.248999999952503, 3034921.859000000171363 ], [ 556635.223999999929219, 3034921.684000000357628 ], [ 556635.023999999975786, 3034921.334000000264496 ], [ 556635.023999999975786, 3034921.184000000357628 ], [ 556634.973999999929219, 3034921.134 ], [ 556634.973999999929219, 3034920.834000000264496 ], [ 556635.023999999975786, 3034920.78400000045076 ], [ 556635.023999999975786, 3034920.53400000045076 ], [ 556635.074000000022352, 3034920.484000000171363 ], [ 556635.074000000022352, 3034920.334000000264496 ], [ 556635.174, 3034920.134 ], [ 556635.174, 3034920.03400000045076 ], [ 556635.223999999929219, 3034919.984000000171363 ], [ 556635.223999999929219, 3034919.884 ], [ 556635.273999999975786, 3034919.834000000264496 ], [ 556635.273999999975786, 3034919.53400000045076 ], [ 556635.898999999975786, 3034919.509 ], [ 556635.949000000022352, 3034919.459000000264496 ], [ 556636.148999999975786, 3034919.459000000264496 ], [ 556636.199000000022352, 3034919.40900000045076 ], [ 556636.748999999952503, 3034919.40900000045076 ] ] ] } },
{ "type": "Feature", "properties": { "unit_id": "c00143", "method": "watershed", "label": 143, "area_m2": 6.0874999999388821, "height_max_m": 1.8001091480255127, "height_mean_m": 1.087741141591634, "canopy_cover": 1.0, "volume_m3": 6.5998693766248921, "n_pixels": 2427, "data_coverage": 1.0, "vari_mean": 0.33053665749450889, "exg_mean": 0.40976067308580172, "gli_mean": 0.27659486035790232, "height_max_m_pct": 63.888888888888886, "height_mean_m_pct": 33.024691358024697, "volume_m3_pct": 72.222222222222214, "canopy_cover_pct": 83.487654320987659, "vari_mean_pct": 81.481481481481481, "exg_mean_pct": 79.938271604938265, "gli_mean_pct": 81.790123456790127 }, "geometry": { "type": "Polygon", "coordinates": [ [ [ 556627.998999999952503, 3034881.359000000171363 ], [ 556628.049, 3034881.409 ], [ 556628.248999999952503, 3034881.459000000264496 ], [ 556628.723999999929219, 3034881.884 ], [ 556628.773999999975786, 3034882.084000000264496 ], [ 556628.824000000022352, 3034882.134 ], [ 556628.824000000022352, 3034882.234000000171363 ], [ 556628.973999999929219, 3034882.484000000171363 ], [ 556628.973999999929219, 3034883.084000000264496 ], [ 556628.723999999929219, 3034883.584000000264496 ], [ 556628.723999999929219, 3034884.134 ], [ 556628.674, 3034884.184000000357628 ], [ 556628.674, 3034884.284 ], [ 556628.449000000022352, 3034884.509 ], [ 556628.248999999952503, 3034884.609000000171363 ], [ 556627.898999999975786, 3034884.959000000264496 ], [ 556627.799, 3034884.959000000264496 ], [ 556627.674, 3034884.784 ], [ 556627.674, 3034884.684000000357628 ], [ 556627.574000000022352, 3034884.484000000171363 ], [ 556627.223999999929219, 3034884.134 ], [ 556627.023999999975786, 3034883.784 ], [ 556626.973999999929219, 3034883.584000000264496 ], [ 556626.623999999952503, 3034883.134 ], [ 556626.574000000022352, 3034882.934000000357628 ], [ 556626.523999999975786, 3034882.884 ], [ 556626.523999999975786, 3034882.484000000171363 ], [ 556626.574000000022352, 3034882.434000000357628 ], [ 556626.674, 3034882.034 ], [ 556626.824000000022352, 3034881.734000000171363 ], [ 556626.949000000022352, 3034881.609000000171363 ], [ 556626.998999999952503, 3034881.609000000171363 ], [ 556627.098999999929219, 3034881.509 ], [ 556627.348999999929219, 3034881.459000000264496 ], [ 556627.398999999975786, 3034881.409 ], [ 556627.549, 3034881.409 ], [ 556627.598999999929219, 3034881.359000000171363 ], [ 556627.998999999952503, 3034881.359000000171363 ] ] ] } },
{ "type": "Feature", "properties": { "unit_id": "c00144", "method": "watershed", "label": 144, "area_m2": 2.3637499999295688, "height_max_m": 1.7129004001617432, "height_mean_m": 1.2624611076163619, "canopy_cover": 0.98736842105263156, "volume_m3": 2.9983451305968791, "n_pixels": 950, "data_coverage": 1.0, "vari_mean": 0.27266566077908011, "exg_mean": 0.28325339513514153, "gli_mean": 0.19575691106399062, "height_max_m_pct": 55.246913580246911, "height_mean_m_pct": 71.296296296296291, "volume_m3_pct": 39.814814814814817, "canopy_cover_pct": 17.901234567901234, "vari_mean_pct": 44.753086419753089, "exg_mean_pct": 20.37037037037037, "gli_mean_pct": 22.222222222222221 }, "geometry": { "type": "Polygon", "coordinates": [ [ [ 556650.848999999929219, 3034963.459000000264496 ], [ 556651.049, 3034963.559000000357628 ], [ 556651.148999999975786, 3034963.65900000045076 ], [ 556651.498999999952503, 3034963.809000000357628 ], [ 556651.773999999975786, 3034964.084000000264496 ], [ 556651.824000000022352, 3034964.28400000045076 ], [ 556651.873999999952503, 3034964.334000000264496 ], [ 556651.873999999952503, 3034964.684000000357628 ], [ 556651.824000000022352, 3034964.734000000171363 ], [ 556651.773999999975786, 3034964.934000000357628 ], [ 556651.549, 3034965.15900000045076 ], [ 556651.348999999929219, 3034965.259 ], [ 556650.949000000022352, 3034965.259 ], [ 556650.898999999975786, 3034965.209000000264496 ], [ 556650.799, 3034965.209000000264496 ], [ 556650.498999999952503, 3034965.059000000357628 ], [ 556650.123999999952503, 3034964.684000000357628 ], [ 556650.123999999952503, 3034964.584000000264496 ], [ 556650.074000000022352, 3034964.53400000045076 ], [ 556650.123999999952503, 3034964.234000000171363 ], [ 556650.324000000022352, 3034963.834000000264496 ], [ 556650.424, 3034963.734000000171363 ], [ 556650.473999999929219, 3034963.584000000264496 ], [ 556650.598999999929219, 3034963.459000000264496 ], [ 556650.848999999929219, 3034963.459000000264496 ] ] ] } },
{ "type": "Feature", "properties": { "unit_id": "c00145", "method": "watershed", "label": 145, "area_m2": 2.339375000026775, "height_max_m": 1.694542407989502, "height_mean_m": 1.3332358155549806, "canopy_cover": 0.98397435897435892, "volume_m3": 3.1197718084069996, "n_pixels": 936, "data_coverage": 1.0, "vari_mean": 0.29655568033114682, "exg_mean": 0.36409612663878438, "gli_mean": 0.24453167995974695, "height_max_m_pct": 52.777777777777779, "height_mean_m_pct": 86.419753086419746, "volume_m3_pct": 42.592592592592595, "canopy_cover_pct": 14.19753086419753, "vari_mean_pct": 62.037037037037038, "exg_mean_pct": 63.888888888888886, "gli_mean_pct": 62.962962962962962 }, "geometry": { "type": "Polygon", "coordinates": [ [ [ 556658.949000000022352, 3034948.90900000045076 ], [ 556658.998999999952503, 3034948.959000000264496 ], [ 556659.248999999952503, 3034949.009 ], [ 556659.574000000022352, 3034949.28400000045076 ], [ 556659.674, 3034949.484000000171363 ], [ 556659.724000000045635, 3034949.884 ], [ 556659.674, 3034949.934000000357628 ], [ 556659.623999999952503, 3034950.134 ], [ 556659.299, 3034950.459000000264496 ], [ 556658.998999999952503, 3034950.609000000171363 ], [ 556658.898999999975786, 3034950.609000000171363 ], [ 556658.849000000045635, 3034950.65900000045076 ], [ 556658.498999999952503, 3034950.65900000045076 ], [ 556658.449000000022352, 3034950.609000000171363 ], [ 556658.248999999952503, 3034950.559000000357628 ], [ 556657.974000000045635, 3034950.28400000045076 ], [ 556657.924, 3034950.184000000357628 ], [ 556657.924, 3034949.884 ], [ 556657.974000000045635, 3034949.834000000264496 ], [ 556657.974000000045635, 3034949.684000000357628 ], [ 556658.074000000022352, 3034949.484000000171363 ], [ 556658.498999999952503, 3034949.059000000357628 ], [ 556658.549, 3034949.059000000357628 ], [ 556658.648999999975786, 3034948.959000000264496 ], [ 556658.949000000022352, 3034948.90900000045076 ] ] ] } },
{ "type": "Feature", "properties": { "unit_id": "c00146", "method": "watershed", "label": 146, "area_m2": 5.1418749999164701, "height_max_m": 1.7799371480941772, "height_mean_m": 1.2137659734798034, "canopy_cover": 0.99615014436958615, "volume_m3": 6.3055142322444446, "n_pixels": 2078, "data_coverage": 1.0, "vari_mean": 0.27740282479741074, "exg_mean": 0.33665853545463853, "gli_mean": 0.22953315277502054, "height_max_m_pct": 60.493827160493829, "height_mean_m_pct": 60.493827160493829, "volume_m3_pct": 71.296296296296291, "canopy_cover_pct": 43.518518518518519, "vari_mean_pct": 50.617283950617285, "exg_mean_pct": 52.777777777777779, "gli_mean_pct": 53.703703703703709 }, "geometry": { "type": "Polygon", "coordinates": [ [ [ 556620.148999999975786, 3034926.309000000357628 ], [ 556620.198999999905936, 3034926.359000000171363 ], [ 556620.448999999905936, 3034926.40900000045076 ], [ 556620.498999999952503, 3034926.459000000264496 ], [ 556620.698999999905936, 3034926.459000000264496 ], [ 556620.748999999952503, 3034926.509 ], [ 556621.348999999929219, 3034926.509 ], [ 556621.398999999975786, 3034926.559000000357628 ], [ 556621.498999999952503, 3034926.559000000357628 ], [ 556621.773999999975786, 3034926.834000000264496 ], [ 556621.873999999952503, 3034927.03400000045076 ], [ 556621.873999999952503, 3034927.884 ], [ 556621.723999999929219, 3034928.084000000264496 ], [ 556621.723999999929219, 3034928.134 ], [ 556621.424, 3034928.484000000171363 ], [ 556621.373999999952503, 3034928.684000000357628 ], [ 556621.248999999952503, 3034928.859000000171363 ], [ 556620.348999999929219, 3034928.809000000357628 ], [ 556620.299, 3034928.759 ], [ 556619.948999999905936, 3034928.709000000264496 ], [ 556619.924, 3034928.684000000357628 ], [ 556619.973999999929219, 3034928.634 ], [ 556619.973999999929219, 3034928.334000000264496 ], [ 556619.873999999952503, 3034928.134 ], [ 556619.223999999929219, 3034927.484000000171363 ], [ 556619.223999999929219, 3034927.434000000357628 ], [ 556619.123999999952503, 3034927.334000000264496 ], [ 556619.123999999952503, 3034927.234000000171363 ], [ 556619.073999999905936, 3034927.184000000357628 ], [ 556619.123999999952503, 3034926.984000000171363 ], [ 556619.174, 3034926.884 ], [ 556619.498999999952503, 3034926.559000000357628 ], [ 556619.748999999952503, 3034926.359000000171363 ], [ 556619.848999999929219, 3034926.359000000171363 ], [ 556619.898999999975786, 3034926.309000000357628 ], [ 556620.148999999975786, 3034926.309000000357628 ] ] ] } },
{ "type": "Feature", "properties": { "unit_id": "c00147", "method": "watershed", "label": 147, "area_m2": 4.1243750000148429, "height_max_m": 1.7146842479705811, "height_mean_m": 1.1314564654850456, "canopy_cover": 0.9963855421686747, "volume_m3": 4.6955443317754995, "n_pixels": 1660, "data_coverage": 1.0, "vari_mean": 0.29891640028105115, "exg_mean": 0.3294128489937454, "gli_mean": 0.22466544274839065, "height_max_m_pct": 55.555555555555557, "height_mean_m_pct": 41.975308641975303, "volume_m3_pct": 62.654320987654323, "canopy_cover_pct": 45.370370370370374, "vari_mean_pct": 63.888888888888886, "exg_mean_pct": 47.839506172839506, "gli_mean_pct": 49.074074074074076 }, "geometry": { "type": "Polygon", "coordinates": [ [ [ 556635.199000000022352, 3034982.809000000357628 ], [ 556635.598999999929219, 3034983.059000000357628 ], [ 556635.848999999929219, 3034983.059000000357628 ], [ 556635.898999999975786, 3034983.009 ], [ 556636.299, 3034983.009 ], [ 556636.398999999975786, 3034983.059000000357628 ], [ 556636.623999999952503, 3034983.28400000045076 ], [ 556636.674, 3034983.484000000171363 ], [ 556636.723999999929219, 3034983.53400000045076 ], [ 556636.723999999929219, 3034983.984000000171363 ], [ 556636.674, 3034984.03400000045076 ], [ 556636.674, 3034984.184000000357628 ], [ 556636.623999999952503, 3034984.234000000171363 ], [ 556636.623999999952503, 3034984.334000000264496 ], [ 556636.574000000022352, 3034984.384 ], [ 556636.574000000022352, 3034984.484000000171363 ], [ 556636.473999999929219, 3034984.684000000357628 ], [ 556636.473999999929219, 3034984.834000000264496 ], [ 556636.373999999952503, 3034985.03400000045076 ], [ 556636.049, 3034985.309000000357628 ], [ 556635.748999999952503, 3034985.459000000264496 ], [ 556635.648999999975786, 3034985.459000000264496 ], [ 556635.449000000022352, 3034985.359000000171363 ], [ 556635.123999999952503, 3034985.03400000045076 ], [ 556635.074000000022352, 3034984.934000000357628 ], [ 556635.023999999975786, 3034984.684000000357628 ], [ 556635.174, 3034984.384 ], [ 556635.174, 3034984.234000000171363 ], [ 556635.074000000022352, 3034984.03400000045076 ], [ 556634.799, 3034983.809000000357628 ], [ 556634.449000000022352, 3034983.809000000357628 ], [ 556634.348999999929219, 3034983.759 ], [ 556634.223999999929219, 3034983.53400000045076 ], [ 556634.223999999929219, 3034983.334000000264496 ], [ 556634.449000000022352, 3034983.059000000357628 ], [ 556634.898999999975786, 3034982.809000000357628 ], [ 556635.199000000022352, 3034982.809000000357628 ] ] ] } },
{ "type": "Feature", "properties": { "unit_id": "c00148", "method": "watershed", "label": 148, "area_m2": 7.2668749992689117, "height_max_m": 1.6875638961791992, "height_mean_m": 1.2266756414116733, "canopy_cover": 0.99791521890201529, "volume_m3": 8.8259312399805978, "n_pixels": 2878, "data_coverage": 1.0, "vari_mean": 0.23449343651312476, "exg_mean": 0.28631853724805972, "gli_mean": 0.19394441600268891, "height_max_m_pct": 52.160493827160494, "height_mean_m_pct": 63.271604938271608, "volume_m3_pct": 83.641975308641975, "canopy_cover_pct": 51.543209876543209, "vari_mean_pct": 19.1358024691358, "exg_mean_pct": 22.222222222222221, "gli_mean_pct": 20.37037037037037 }, "geometry": { "type": "Polygon", "coordinates": [ [ [ 556614.098999999929219, 3034928.65900000045076 ], [ 556614.373999999952503, 3034928.934000000357628 ], [ 556614.573999999905936, 3034929.28400000045076 ], [ 556614.523999999975786, 3034929.584000000264496 ], [ 556614.373999999952503, 3034929.78400000045076 ], [ 556614.174, 3034930.184000000357628 ], [ 556613.723999999929219, 3034930.584000000264496 ], [ 556613.523999999975786, 3034930.78400000045076 ], [ 556613.498999999952503, 3034930.859000000171363 ], [ 556613.448999999905936, 3034930.859000000171363 ], [ 556613.123999999952503, 3034931.134 ], [ 556613.073999999905936, 3034931.234000000171363 ], [ 556613.123999999952503, 3034931.28400000045076 ], [ 556613.098999999929219, 3034931.359000000171363 ], [ 556612.049, 3034931.359000000171363 ], [ 556612.023999999975786, 3034931.28400000045076 ], [ 556611.848999999929219, 3034931.109000000171363 ], [ 556611.598999999929219, 3034931.009 ], [ 556611.323999999905936, 3034930.78400000045076 ], [ 556611.323999999905936, 3034930.734000000171363 ], [ 556611.174, 3034930.53400000045076 ], [ 556611.174, 3034930.334000000264496 ], [ 556611.123999999952503, 3034930.28400000045076 ], [ 556611.123999999952503, 3034929.53400000045076 ], [ 556611.424, 3034928.934000000357628 ], [ 556611.424, 3034928.734000000171363 ], [ 556611.373999999952503, 3034928.684000000357628 ], [ 556611.398999999975786, 3034928.65900000045076 ], [ 556614.098999999929219, 3034928.65900000045076 ] ] ] } },
{ "type": "Feature", "properties": { "unit_id": "c00149", "method": "watershed", "label": 149, "area_m2": 1.5824999999644933, "height_max_m": 1.7027508020401001, "height_mean_m": 1.14024190987809, "canopy_cover": 0.96840442338072674, "volume_m3": 1.8044328223869039, "n_pixels": 633, "data_coverage": 1.0, "vari_mean": 0.26203239230385905, "exg_mean": 0.3405072238726109, "gli_mean": 0.23240965221620746, "height_max_m_pct": 54.012345679012341, "height_mean_m_pct": 43.827160493827158, "volume_m3_pct": 20.37037037037037, "canopy_cover_pct": 1.8518518518518516, "vari_mean_pct": 37.962962962962962, "exg_mean_pct": 55.246913580246911, "gli_mean_pct": 57.098765432098766 }, "geometry": { "type": "Polygon", "coordinates": [ [ [ 556651.598999999929219, 3034925.309000000357628 ], [ 556651.648999999975786, 3034925.359000000171363 ], [ 556651.848999999929219, 3034925.359000000171363 ], [ 556652.123999999952503, 3034925.53400000045076 ], [ 556652.223999999929219, 3034925.734000000171363 ], [ 556652.223999999929219, 3034926.03400000045076 ], [ 556652.174, 3034926.084000000264496 ], [ 556652.123999999952503, 3034926.334000000264496 ], [ 556651.848999999929219, 3034926.65900000045076 ], [ 556651.748999999952503, 3034926.709000000264496 ], [ 556651.248999999952503, 3034926.709000000264496 ], [ 556651.148999999975786, 3034926.65900000045076 ], [ 556650.873999999952503, 3034926.384 ], [ 556650.773999999975786, 3034926.184000000357628 ], [ 556650.773999999975786, 3034926.03400000045076 ], [ 556650.824000000022352, 3034925.984000000171363 ], [ 556650.824000000022352, 3034925.884 ], [ 556650.924, 3034925.684000000357628 ], [ 556651.098999999929219, 3034925.459000000264496 ], [ 556651.398999999975786, 3034925.309000000357628 ], [ 556651.598999999929219, 3034925.309000000357628 ] ] ] } },
{ "type": "Feature", "properties": { "unit_id": "c00150", "method": "watershed", "label": 150, "area_m2": 3.6056250002374868, "height_max_m": 1.7252240180969238, "height_mean_m": 1.2700670851385536, "canopy_cover": 0.99585921325051763, "volume_m3": 4.6008180159267162, "n_pixels": 1449, "data_coverage": 1.0, "vari_mean": 0.34946919232784091, "exg_mean": 0.46554553627693784, "gli_mean": 0.30207025356104145, "height_max_m_pct": 56.481481481481474, "height_mean_m_pct": 73.76543209876543, "volume_m3_pct": 60.185185185185183, "canopy_cover_pct": 41.975308641975303, "vari_mean_pct": 90.432098765432102, "exg_mean_pct": 93.209876543209873, "gli_mean_pct": 93.209876543209873 }, "geometry": { "type": "Polygon", "coordinates": [ [ [ 556666.699000000022352, 3034949.059000000357628 ], [ 556667.099000000045635, 3034949.259 ], [ 556667.373999999952503, 3034949.634 ], [ 556667.424, 3034949.834000000264496 ], [ 556667.474000000045635, 3034949.884 ], [ 556667.474000000045635, 3034949.984000000171363 ], [ 556667.523999999975786, 3034950.03400000045076 ], [ 556667.523999999975786, 3034950.28400000045076 ], [ 556667.474000000045635, 3034950.334000000264496 ], [ 556667.474000000045635, 3034950.434000000357628 ], [ 556667.324000000022352, 3034950.634 ], [ 556667.324000000022352, 3034950.684000000357628 ], [ 556667.074000000022352, 3034950.934000000357628 ], [ 556666.998999999952503, 3034951.209000000264496 ], [ 556666.549, 3034951.209000000264496 ], [ 556666.498999999952503, 3034951.15900000045076 ], [ 556665.849000000045635, 3034951.15900000045076 ], [ 556665.773999999975786, 3034950.934000000357628 ], [ 556665.474000000045635, 3034950.634 ], [ 556665.474000000045635, 3034950.53400000045076 ], [ 556665.424, 3034950.484000000171363 ], [ 556665.424, 3034949.78400000045076 ], [ 556665.474000000045635, 3034949.734000000171363 ], [ 556665.474000000045635, 3034949.634 ], [ 556665.748999999952503, 3034949.259 ], [ 556666.099000000045635, 3034949.059000000357628 ], [ 556666.699000000022352, 3034949.059000000357628 ] ] ] } },
{ "type": "Feature", "properties": { "unit_id": "c00151", "method": "watershed", "label": 151, "area_m2": 3.7974999998934797, "height_max_m": 1.6970816850662231, "height_mean_m": 1.2710317808452223, "canopy_cover": 0.98018494055482164, "volume_m3": 4.810855290512035, "n_pixels": 1514, "data_coverage": 1.0, "vari_mean": 0.36065626302446818, "exg_mean": 0.48798816334312622, "gli_mean": 0.3171146231820145, "height_max_m_pct": 53.395061728395063, "height_mean_m_pct": 74.074074074074076, "volume_m3_pct": 63.580246913580254, "canopy_cover_pct": 8.0246913580246915, "vari_mean_pct": 93.518518518518519, "exg_mean_pct": 95.987654320987659, "gli_mean_pct": 95.679012345679013 }, "geometry": { "type": "Polygon", "coordinates": [ [ [ 556659.049, 3034978.559000000357628 ], [ 556659.199000000022352, 3034978.759 ], [ 556659.674, 3034979.184000000357628 ], [ 556659.674, 3034979.28400000045076 ], [ 556659.724000000045635, 3034979.334000000264496 ], [ 556659.724000000045635, 3034979.734000000171363 ], [ 556659.674, 3034979.78400000045076 ], [ 556659.674, 3034979.934000000357628 ], [ 556659.424, 3034980.484000000171363 ], [ 556659.248999999952503, 3034980.65900000045076 ], [ 556659.049, 3034980.709000000264496 ], [ 556658.998999999952503, 3034980.759 ], [ 556658.799, 3034980.759 ], [ 556658.748999999952503, 3034980.809000000357628 ], [ 556658.299, 3034980.809000000357628 ], [ 556658.199000000022352, 3034980.759 ], [ 556657.974000000045635, 3034980.53400000045076 ], [ 556657.974000000045635, 3034980.484000000171363 ], [ 556657.873999999952503, 3034980.384 ], [ 556657.873999999952503, 3034980.334000000264496 ], [ 556657.674, 3034980.084000000264496 ], [ 556657.574000000022352, 3034979.884 ], [ 556657.574000000022352, 3034979.28400000045076 ], [ 556657.674, 3034979.084000000264496 ], [ 556657.849000000045635, 3034978.90900000045076 ], [ 556658.049, 3034978.809000000357628 ], [ 556658.224000000045635, 3034978.634 ], [ 556658.248999999952503, 3034978.559000000357628 ], [ 556659.049, 3034978.559000000357628 ] ] ] } },
{ "type": "Feature", "properties": { "unit_id": "c00152", "method": "watershed", "label": 152, "area_m2": 2.7274999999668217, "height_max_m": 1.7116588354110718, "height_mean_m": 1.2645927792999847, "canopy_cover": 0.98457350272232302, "volume_m3": 3.4839531069807763, "n_pixels": 1102, "data_coverage": 1.0, "vari_mean": 0.34368090919018079, "exg_mean": 0.44224651077552951, "gli_mean": 0.29369082967115223, "height_max_m_pct": 54.938271604938272, "height_mean_m_pct": 71.604938271604937, "volume_m3_pct": 47.530864197530867, "canopy_cover_pct": 14.814814814814813, "vari_mean_pct": 87.654320987654316, "exg_mean_pct": 89.197530864197532, "gli_mean_pct": 89.197530864197532 }, "geometry": { "type": "Polygon", "coordinates": [ [ [ 556659.049, 3034929.609000000171363 ], [ 556659.324000000022352, 3034929.834000000264496 ], [ 556659.474000000045635, 3034930.134 ], [ 556659.523999999975786, 3034930.434000000357628 ], [ 556659.574000000022352, 3034930.484000000171363 ], [ 556659.574000000022352, 3034930.884 ], [ 556659.523999999975786, 3034930.984000000171363 ], [ 556659.248999999952503, 3034931.259 ], [ 556658.998999999952503, 3034931.309000000357628 ], [ 556658.949000000022352, 3034931.359000000171363 ], [ 556658.349000000045635, 3034931.359000000171363 ], [ 556658.299, 3034931.309000000357628 ], [ 556658.049, 3034931.309000000357628 ], [ 556657.824000000022352, 3034931.084000000264496 ], [ 556657.724000000045635, 3034930.884 ], [ 556657.724000000045635, 3034930.78400000045076 ], [ 556657.674, 3034930.734000000171363 ], [ 556657.674, 3034930.334000000264496 ], [ 556657.724000000045635, 3034930.28400000045076 ], [ 556657.724000000045635, 3034930.184000000357628 ], [ 556657.898999999975786, 3034929.959000000264496 ], [ 556657.949000000022352, 3034929.959000000264496 ], [ 556658.148999999975786, 3034929.759 ], [ 556658.349000000045635, 3034929.65900000045076 ], [ 556658.449000000022352, 3034929.65900000045076 ], [ 556658.498999999952503, 3034929.609000000171363 ], [ 556659.049, 3034929.609000000171363 ] ] ] } },
{ "type": "Feature", "properties": { "unit_id": "c00153", "method": "watershed", "label": 153, "area_m2": 2.5312499999010467, "height_max_m": 1.67049241065979, "height_mean_m": 1.3154343421592103, "canopy_cover": 0.98914116485686077, "volume_m3": 3.3313374715271107, "n_pixels": 1013, "data_coverage": 1.0, "vari_mean": 0.27009100615549814, "exg_mean": 0.33234748317794965, "gli_mean": 0.22631027823644104, "height_max_m_pct": 49.691358024691354, "height_mean_m_pct": 82.407407407407405, "volume_m3_pct": 45.061728395061728, "canopy_cover_pct": 21.604938271604937, "vari_mean_pct": 43.209876543209873, "exg_mean_pct": 50.308641975308646, "gli_mean_pct": 50.308641975308646 }, "geometry": { "type": "Polygon", "coordinates": [ [ [ 556658.148999999975786, 3035036.209000000264496 ], [ 556658.349000000045635, 3035036.359000000171363 ], [ 556658.398999999975786, 3035036.359000000171363 ], [ 556658.574000000022352, 3035036.53400000045076 ], [ 556658.574000000022352, 3035036.584000000264496 ], [ 556658.724000000045635, 3035036.734000000171363 ], [ 556658.824000000022352, 3035036.934000000357628 ], [ 556658.824000000022352, 3035037.384000000543892 ], [ 556658.773999999975786, 3035037.434000000357628 ], [ 556658.773999999975786, 3035037.634000000543892 ], [ 556658.648999999975786, 3035037.809000000357628 ], [ 556658.549, 3035037.859000000171363 ], [ 556657.699000000022352, 3035037.859000000171363 ], [ 556657.648999999975786, 3035037.809000000357628 ], [ 556657.498999999952503, 3035037.809000000357628 ], [ 556657.449000000022352, 3035037.759000000543892 ], [ 556657.248999999952503, 3035037.709000000264496 ], [ 556657.074000000022352, 3035037.53400000045076 ], [ 556657.023999999975786, 3035037.434000000357628 ], [ 556657.023999999975786, 3035037.28400000045076 ], [ 556656.974000000045635, 3035037.234000000171363 ], [ 556656.974000000045635, 3035036.934000000357628 ], [ 556657.023999999975786, 3035036.884000000543892 ], [ 556657.023999999975786, 3035036.734000000171363 ], [ 556657.074000000022352, 3035036.634000000543892 ], [ 556657.248999999952503, 3035036.40900000045076 ], [ 556657.299, 3035036.40900000045076 ], [ 556657.498999999952503, 3035036.259000000543892 ], [ 556657.648999999975786, 3035036.259000000543892 ], [ 556657.699000000022352, 3035036.209000000264496 ], [ 556658.148999999975786, 3035036.209000000264496 ] ] ] } },
{ "type": "Feature", "properties": { "unit_id": "c00154", "method": "watershed", "label": 154, "area_m2": 2.2318749999007563, "height_max_m": 1.6836189031600952, "height_mean_m": 1.211892620960388, "canopy_cover": 0.99440715883668906, "volume_m3": 2.7085800078537119, "n_pixels": 894, "data_coverage": 1.0, "vari_mean": 0.26497515789780113, "exg_mean": 0.30702378990489787, "gli_mean": 0.21113375079799104, "height_max_m_pct": 51.543209876543209, "height_mean_m_pct": 60.185185185185183, "volume_m3_pct": 35.493827160493829, "canopy_cover_pct": 35.493827160493829, "vari_mean_pct": 40.123456790123456, "exg_mean_pct": 31.481481481481481, "gli_mean_pct": 34.876543209876544 }, "geometry": { "type": "Polygon", "coordinates": [ [ [ 556658.648999999975786, 3034953.359000000171363 ], [ 556658.699000000022352, 3034953.40900000045076 ], [ 556658.898999999975786, 3034953.40900000045076 ], [ 556658.949000000022352, 3034953.459000000264496 ], [ 556659.099000000045635, 3034953.459000000264496 ], [ 556659.199000000022352, 3034953.509 ], [ 556659.424, 3034953.734000000171363 ], [ 556659.523999999975786, 3034953.934000000357628 ], [ 556659.523999999975786, 3034954.184000000357628 ], [ 556659.424, 3034954.384 ], [ 556659.099000000045635, 3034954.709000000264496 ], [ 556658.898999999975786, 3034954.809000000357628 ], [ 556658.799, 3034954.809000000357628 ], [ 556658.748999999952503, 3034954.859000000171363 ], [ 556658.549, 3034954.859000000171363 ], [ 556658.498999999952503, 3034954.809000000357628 ], [ 556658.248999999952503, 3034954.759 ], [ 556657.748999999952503, 3034954.509 ], [ 556657.523999999975786, 3034954.234000000171363 ], [ 556657.523999999975786, 3034953.934000000357628 ], [ 556657.574000000022352, 3034953.834000000264496 ], [ 556657.799, 3034953.609000000171363 ], [ 556657.998999999952503, 3034953.509 ], [ 556658.248999999952503, 3034953.459000000264496 ], [ 556658.299, 3034953.40900000045076 ], [ 556658.648999999975786, 3034953.359000000171363 ] ] ] } },
{ "type": "Feature", "properties": { "unit_id": "c00155", "method": "watershed", "label": 155, "area_m2": 5.5575000000096049, "height_max_m": 1.672499418258667, "height_mean_m": 1.1060070096911632, "canopy_cover": 1.0, "volume_m3": 6.1632240615204914, "n_pixels": 2229, "data_coverage": 1.0, "vari_mean": 0.19133492994391094, "exg_mean": 0.23918892930300673, "gli_mean": 0.16472896495318931, "height_max_m_pct": 50.0, "height_mean_m_pct": 36.728395061728399, "volume_m3_pct": 70.370370370370367, "canopy_cover_pct": 83.487654320987659, "vari_mean_pct": 6.1728395061728394, "exg_mean_pct": 7.716049382716049, "gli_mean_pct": 7.716049382716049 }, "geometry": { "type": "Polygon", "coordinates": [ [ [ 556611.898999999975786, 3035014.40900000045076 ], [ 556611.924, 3035014.53400000045076 ], [ 556612.198999999905936, 3035014.759 ], [ 556612.299, 3035014.759 ], [ 556612.448999999905936, 3035014.859000000171363 ], [ 556612.598999999929219, 3035014.859000000171363 ], [ 556612.648999999975786, 3035014.90900000045076 ], [ 556613.098999999929219, 3035014.959000000264496 ], [ 556613.323999999905936, 3035015.134 ], [ 556613.473999999929219, 3035015.434000000357628 ], [ 556613.523999999975786, 3035015.734000000171363 ], [ 556613.623999999952503, 3035015.884 ], [ 556613.623999999952503, 3035016.28400000045076 ], [ 556613.373999999952503, 3035016.53400000045076 ], [ 556613.323999999905936, 3035016.684000000357628 ], [ 556613.248999999952503, 3035016.759 ], [ 556612.098999999929219, 3035016.759 ], [ 556612.049, 3035016.809000000357628 ], [ 556611.948999999905936, 3035016.809000000357628 ], [ 556611.748999999952503, 3035016.90900000045076 ], [ 556610.549, 3035016.90900000045076 ], [ 556610.523999999975786, 3035016.884 ], [ 556610.573999999905936, 3035016.834000000264496 ], [ 556610.573999999905936, 3035016.684000000357628 ], [ 556610.623999999952503, 3035016.634 ], [ 556610.674, 3035016.334000000264496 ], [ 556610.723999999929219, 3035016.28400000045076 ], [ 556610.723999999929219, 3035015.934000000357628 ], [ 556610.773999999975786, 3035015.884 ], [ 556610.773999999975786, 3035015.634 ], [ 556610.873999999952503, 3035015.484000000171363 ], [ 556610.873999999952503, 3035015.384 ], [ 556611.174, 3035014.78400000045076 ], [ 556611.273999999975786, 3035014.684000000357628 ], [ 556611.323999999905936, 3035014.53400000045076 ], [ 556611.448999999905936, 3035014.40900000045076 ], [ 556611.898999999975786, 3035014.40900000045076 ] ] ] } },
{ "type": "Feature", "properties": { "unit_id": "c00156", "method": "watershed", "label": 156, "area_m2": 2.691875000117288, "height_max_m": 1.680671215057373, "height_mean_m": 1.2260026619881117, "canopy_cover": 1.0, "volume_m3": 3.3285972273066267, "n_pixels": 1086, "data_coverage": 1.0, "vari_mean": 0.29018318396801235, "exg_mean": 0.42242395711969094, "gli_mean": 0.28011526271760301, "height_max_m_pct": 50.617283950617285, "height_mean_m_pct": 62.962962962962962, "volume_m3_pct": 44.753086419753089, "canopy_cover_pct": 83.487654320987659, "vari_mean_pct": 58.333333333333336, "exg_mean_pct": 84.259259259259252, "gli_mean_pct": 83.950617283950606 }, "geometry": { "type": "Polygon", "coordinates": [ [ [ 556658.799, 3034920.90900000045076 ], [ 556658.849000000045635, 3034920.959000000264496 ], [ 556658.998999999952503, 3034920.959000000264496 ], [ 556659.099000000045635, 3034921.009 ], [ 556659.299, 3034921.209000000264496 ], [ 556659.349000000045635, 3034921.209000000264496 ], [ 556659.724000000045635, 3034921.634 ], [ 556659.773999999975786, 3034921.834000000264496 ], [ 556659.824000000022352, 3034921.884 ], [ 556659.824000000022352, 3034922.28400000045076 ], [ 556659.724000000045635, 3034922.484000000171363 ], [ 556659.373999999952503, 3034922.884 ], [ 556659.349000000045635, 3034923.009 ], [ 556658.748999999952503, 3034923.009 ], [ 556658.674, 3034922.78400000045076 ], [ 556658.123999999952503, 3034922.28400000045076 ], [ 556658.074000000022352, 3034922.084000000264496 ], [ 556658.023999999975786, 3034922.03400000045076 ], [ 556658.023999999975786, 3034921.634 ], [ 556658.123999999952503, 3034921.434000000357628 ], [ 556658.398999999975786, 3034921.109000000171363 ], [ 556658.449000000022352, 3034921.109000000171363 ], [ 556658.599000000045635, 3034920.959000000264496 ], [ 556658.748999999952503, 3034920.959000000264496 ], [ 556658.799, 3034920.90900000045076 ] ] ] } },
{ "type": "Feature", "properties": { "unit_id": "c00157", "method": "watershed", "label": 157, "area_m2": 3.9381249999982524, "height_max_m": 1.7039058208465576, "height_mean_m": 1.2385524044127698, "canopy_cover": 0.99181360201511337, "volume_m3": 4.9170530455318486, "n_pixels": 1588, "data_coverage": 1.0, "vari_mean": 0.22650088897480589, "exg_mean": 0.27326052724085165, "gli_mean": 0.18759052019283179, "height_max_m_pct": 54.320987654320987, "height_mean_m_pct": 66.975308641975303, "volume_m3_pct": 65.123456790123456, "canopy_cover_pct": 27.777777777777779, "vari_mean_pct": 15.432098765432098, "exg_mean_pct": 15.123456790123457, "gli_mean_pct": 15.432098765432098 }, "geometry": { "type": "Polygon", "coordinates": [ [ [ 556635.699000000022352, 3035039.259000000543892 ], [ 556635.924, 3035039.434000000357628 ], [ 556636.273999999975786, 3035040.184000000357628 ], [ 556636.273999999975786, 3035040.484000000171363 ], [ 556636.174, 3035040.684000000357628 ], [ 556635.824000000022352, 3035041.084000000264496 ], [ 556635.723999999929219, 3035041.28400000045076 ], [ 556635.723999999929219, 3035041.484000000171363 ], [ 556634.348999999929219, 3035041.509000000543892 ], [ 556634.324000000022352, 3035041.484000000171363 ], [ 556634.373999999952503, 3035041.434000000357628 ], [ 556634.373999999952503, 3035041.084000000264496 ], [ 556634.324000000022352, 3035041.03400000045076 ], [ 556634.223999999929219, 3035040.634000000543892 ], [ 556634.174, 3035040.584000000264496 ], [ 556634.174, 3035040.484000000171363 ], [ 556634.123999999952503, 3035040.434000000357628 ], [ 556634.123999999952503, 3035040.184000000357628 ], [ 556634.074000000022352, 3035040.134000000543892 ], [ 556634.123999999952503, 3035040.084000000264496 ], [ 556634.123999999952503, 3035039.78400000045076 ], [ 556634.223999999929219, 3035039.584000000264496 ], [ 556634.498999999952503, 3035039.359000000171363 ], [ 556634.748999999952503, 3035039.359000000171363 ], [ 556634.799, 3035039.309000000357628 ], [ 556635.049, 3035039.309000000357628 ], [ 556635.098999999929219, 3035039.259000000543892 ], [ 556635.699000000022352, 3035039.259000000543892 ] ] ] } },
{ "type": "Feature", "properties": { "unit_id": "c00158", "method": "watershed", "label": 158, "area_m2": 3.3362500001461015, "height_max_m": 1.6399372816085815, "height_mean_m": 1.2183807627141208, "canopy_cover": 0.9992520568436799, "volume_m3": 4.0724376993828422, "n_pixels": 1337, "data_coverage": 1.0, "vari_mean": 0.34349527205924785, "exg_mean": 0.40838013111908422, "gli_mean": 0.27021729815891493, "height_max_m_pct": 46.604938271604937, "height_mean_m_pct": 61.728395061728392, "volume_m3_pct": 54.938271604938272, "canopy_cover_pct": 62.654320987654323, "vari_mean_pct": 87.345679012345684, "exg_mean_pct": 79.320987654320987, "gli_mean_pct": 77.160493827160494 }, "geometry": { "type": "Polygon", "coordinates": [ [ [ 556658.799, 3034989.259 ], [ 556658.824000000022352, 3034989.334000000264496 ], [ 556659.148999999975786, 3034989.65900000045076 ], [ 556659.199000000022352, 3034989.65900000045076 ], [ 556659.273999999975786, 3034989.734000000171363 ], [ 556659.273999999975786, 3034989.78400000045076 ], [ 556659.574000000022352, 3034990.134 ], [ 556659.623999999952503, 3034990.234000000171363 ], [ 556659.623999999952503, 3034990.634 ], [ 556659.474000000045635, 3034990.834000000264496 ], [ 556659.474000000045635, 3034990.884 ], [ 556659.299, 3034991.059000000357628 ], [ 556658.949000000022352, 3034991.259 ], [ 556658.748999999952503, 3034991.459000000264496 ], [ 556657.849000000045635, 3034991.40900000045076 ], [ 556657.773999999975786, 3034991.084000000264496 ], [ 556657.623999999952503, 3034990.78400000045076 ], [ 556657.623999999952503, 3034990.28400000045076 ], [ 556657.674, 3034990.234000000171363 ], [ 556657.674, 3034989.984000000171363 ], [ 556657.724000000045635, 3034989.934000000357628 ], [ 556657.724000000045635, 3034989.78400000045076 ], [ 556657.998999999952503, 3034989.509 ], [ 556658.148999999975786, 3034989.459000000264496 ], [ 556658.299, 3034989.259 ], [ 556658.799, 3034989.259 ] ] ] } },
{ "type": "Feature", "properties": { "unit_id": "c00159", "method": "watershed", "label": 159, "area_m2": 3.6600000002208981, "height_max_m": 1.6581845283508301, "height_mean_m": 1.2014041231707639, "canopy_cover": 0.98926174496644292, "volume_m3": 4.4752303588230653, "n_pixels": 1490, "data_coverage": 1.0, "vari_mean": 0.19532122242918495, "exg_mean": 0.24308203323976257, "gli_mean": 0.16808115826592179, "height_max_m_pct": 48.148148148148145, "height_mean_m_pct": 58.641975308641982, "volume_m3_pct": 58.641975308641982, "canopy_cover_pct": 21.913580246913579, "vari_mean_pct": 7.4074074074074066, "exg_mean_pct": 9.2592592592592595, "gli_mean_pct": 8.9506172839506171 }, "geometry": { "type": "Polygon", "coordinates": [ [ [ 556628.799, 3034921.859000000171363 ], [ 556628.924, 3034922.134 ], [ 556629.223999999929219, 3034922.484000000171363 ], [ 556629.324000000022352, 3034922.684000000357628 ], [ 556629.324000000022352, 3034922.984000000171363 ], [ 556629.223999999929219, 3034923.184000000357628 ], [ 556628.848999999929219, 3034923.609000000171363 ], [ 556628.799, 3034923.609000000171363 ], [ 556628.598999999929219, 3034923.759 ], [ 556628.098999999929219, 3034923.759 ], [ 556627.949000000022352, 3034923.65900000045076 ], [ 556627.848999999929219, 3034923.65900000045076 ], [ 556627.699000000022352, 3034923.559000000357628 ], [ 556627.598999999929219, 3034923.559000000357628 ], [ 556627.299, 3034923.40900000045076 ], [ 556627.074000000022352, 3034923.184000000357628 ], [ 556626.973999999929219, 3034922.984000000171363 ], [ 556626.924, 3034922.684000000357628 ], [ 556626.973999999929219, 3034922.634 ], [ 556626.973999999929219, 3034922.434000000357628 ], [ 556627.023999999975786, 3034922.384 ], [ 556627.023999999975786, 3034922.234000000171363 ], [ 556627.074000000022352, 3034922.184000000357628 ], [ 556627.098999999929219, 3034921.859000000171363 ], [ 556628.799, 3034921.859000000171363 ] ] ] } },
{ "type": "Feature", "properties": { "unit_id": "c00160", "method": "watershed", "label": 160, "area_m2": 4.3543749998378916, "height_max_m": 1.6930725574493408, "height_mean_m": 1.1075304761106755, "canopy_cover": 0.9942759015455066, "volume_m3": 4.8371393544263137, "n_pixels": 1747, "data_coverage": 1.0, "vari_mean": 0.24399020528852594, "exg_mean": 0.30914880618376128, "gli_mean": 0.2109487820998224, "height_max_m_pct": 52.469135802469133, "height_mean_m_pct": 37.345679012345677, "volume_m3_pct": 63.888888888888886, "canopy_cover_pct": 34.25925925925926, "vari_mean_pct": 25.308641975308642, "exg_mean_pct": 33.024691358024697, "gli_mean_pct": 34.567901234567898 }, "geometry": { "type": "Polygon", "coordinates": [ [ [ 556620.098999999929219, 3035024.209000000264496 ], [ 556620.148999999975786, 3035024.259000000543892 ], [ 556620.948999999905936, 3035024.259000000543892 ], [ 556621.023999999975786, 3035024.334000000264496 ], [ 556621.073999999905936, 3035024.684000000357628 ], [ 556621.123999999952503, 3035024.734000000171363 ], [ 556621.123999999952503, 3035025.134000000543892 ], [ 556621.073999999905936, 3035025.184000000357628 ], [ 556621.073999999905936, 3035025.334000000264496 ], [ 556620.973999999929219, 3035025.53400000045076 ], [ 556620.924, 3035025.984000000171363 ], [ 556620.698999999905936, 3035026.15900000045076 ], [ 556620.598999999929219, 3035026.15900000045076 ], [ 556620.549, 3035026.209000000264496 ], [ 556620.348999999929219, 3035026.209000000264496 ], [ 556620.299, 3035026.259000000543892 ], [ 556619.998999999952503, 3035026.259000000543892 ], [ 556619.948999999905936, 3035026.209000000264496 ], [ 556619.799, 3035026.209000000264496 ], [ 556619.598999999929219, 3035026.109000000171363 ], [ 556619.498999999952503, 3035026.009000000543892 ], [ 556619.299, 3035025.959000000264496 ], [ 556619.098999999929219, 3035025.809000000357628 ], [ 556619.049, 3035025.809000000357628 ], [ 556618.773999999975786, 3035025.484000000171363 ], [ 556618.773999999975786, 3035025.384000000543892 ], [ 556618.674, 3035025.234000000171363 ], [ 556618.674, 3035025.134000000543892 ], [ 556618.573999999905936, 3035024.984000000171363 ], [ 556618.573999999905936, 3035024.884000000543892 ], [ 556618.473999999929219, 3035024.684000000357628 ], [ 556618.498999999952503, 3035024.209000000264496 ], [ 556619.198999999905936, 3035024.209000000264496 ], [ 556619.248999999952503, 3035024.259000000543892 ], [ 556620.098999999929219, 3035024.209000000264496 ] ] ] } },
{ "type": "Feature", "properties": { "unit_id": "c00161", "method": "watershed", "label": 161, "area_m2": 2.4543749998553537, "height_max_m": 1.7979557514190674, "height_mean_m": 1.2508197116205548, "canopy_cover": 0.97565922920892489, "volume_m3": 3.0832705891529146, "n_pixels": 986, "data_coverage": 1.0, "vari_mean": 0.36897902778966579, "exg_mean": 0.44508528968868072, "gli_mean": 0.2954218564165858, "height_max_m_pct": 62.962962962962962, "height_mean_m_pct": 69.444444444444443, "volume_m3_pct": 41.666666666666671, "canopy_cover_pct": 4.9382716049382713, "vari_mean_pct": 95.987654320987659, "exg_mean_pct": 90.432098765432102, "gli_mean_pct": 90.740740740740748 }, "geometry": { "type": "Polygon", "coordinates": [ [ [ 556651.098999999929219, 3034987.059000000357628 ], [ 556651.148999999975786, 3034987.109000000171363 ], [ 556651.248999999952503, 3034987.109000000171363 ], [ 556651.398999999975786, 3034987.259 ], [ 556651.449000000022352, 3034987.259 ], [ 556651.873999999952503, 3034987.684000000357628 ], [ 556651.973999999929219, 3034987.884 ], [ 556651.973999999929219, 3034988.184000000357628 ], [ 556651.924, 3034988.234000000171363 ], [ 556651.924, 3034988.334000000264496 ], [ 556651.648999999975786, 3034988.609000000171363 ], [ 556651.549, 3034988.609000000171363 ], [ 556651.498999999952503, 3034988.65900000045076 ], [ 556651.199000000022352, 3034988.609000000171363 ], [ 556651.049, 3034988.509 ], [ 556650.898999999975786, 3034988.509 ], [ 556650.848999999929219, 3034988.459000000264496 ], [ 556650.699000000022352, 3034988.459000000264496 ], [ 556650.648999999975786, 3034988.40900000045076 ], [ 556650.498999999952503, 3034988.40900000045076 ], [ 556650.449000000022352, 3034988.359000000171363 ], [ 556650.299, 3034988.359000000171363 ], [ 556650.199000000022352, 3034988.309000000357628 ], [ 556649.924, 3034988.03400000045076 ], [ 556649.873999999952503, 3034987.834000000264496 ], [ 556649.824000000022352, 3034987.78400000045076 ], [ 556649.824000000022352, 3034987.584000000264496 ], [ 556649.949000000022352, 3034987.40900000045076 ], [ 556650.699000000022352, 3034987.059000000357628 ], [ 556651.098999999929219, 3034987.059000000357628 ] ] ] } },
{ "type": "Feature", "properties": { "unit_id": "c00162", "method": "watershed", "label": 162, "area_m2": 6.4781249997729891, "height_max_m": 1.6844969987869263, "height_mean_m": 1.0802906190256307, "canopy_cover": 0.99271192942079023, "volume_m3": 7.0407941095183801, "n_pixels": 2607, "data_coverage": 1.0, "vari_mean": 0.27976402353347352, "exg_mean": 0.32776288376580376, "gli_mean": 0.22287733251896893, "height_max_m_pct": 51.851851851851848, "height_mean_m_pct": 30.864197530864196, "volume_m3_pct": 75.617283950617292, "canopy_cover_pct": 30.555555555555557, "vari_mean_pct": 51.851851851851848, "exg_mean_pct": 47.222222222222221, "gli_mean_pct": 46.913580246913575 }, "geometry": { "type": "Polygon", "coordinates": [ [ [ 556635.498999999952503, 3035012.259 ], [ 556635.549, 3035012.309000000357628 ], [ 556635.648999999975786, 3035012.309000000357628 ], [ 556635.824000000022352, 3035012.484000000171363 ], [ 556635.824000000022352, 3035012.884 ], [ 556635.873999999952503, 3035012.934000000357628 ], [ 556635.873999999952503, 3035013.234000000171363 ], [ 556635.924, 3035013.28400000045076 ], [ 556635.924, 3035013.684000000357628 ], [ 556635.748999999952503, 3035013.859000000171363 ], [ 556635.398999999975786, 3035014.009 ], [ 556635.273999999975786, 3035014.134 ], [ 556635.273999999975786, 3035014.234000000171363 ], [ 556635.348999999929219, 3035014.309000000357628 ], [ 556635.549, 3035014.359000000171363 ], [ 556635.648999999975786, 3035014.459000000264496 ], [ 556635.699000000022352, 3035014.459000000264496 ], [ 556636.074000000022352, 3035014.934000000357628 ], [ 556636.223999999929219, 3035015.234000000171363 ], [ 556636.273999999975786, 3035015.484000000171363 ], [ 556636.324000000022352, 3035015.53400000045076 ], [ 556636.324000000022352, 3035016.334000000264496 ], [ 556636.273999999975786, 3035016.384 ], [ 556636.273999999975786, 3035016.53400000045076 ], [ 556636.098999999929219, 3035016.709000000264496 ], [ 556635.549, 3035016.709000000264496 ], [ 556635.498999999952503, 3035016.759 ], [ 556635.248999999952503, 3035016.759 ], [ 556635.199000000022352, 3035016.709000000264496 ], [ 556635.098999999929219, 3035016.709000000264496 ], [ 556634.898999999975786, 3035016.609000000171363 ], [ 556634.449000000022352, 3035016.209000000264496 ], [ 556634.049, 3035016.009 ], [ 556633.973999999929219, 3035015.884 ], [ 556633.973999999929219, 3035015.584000000264496 ], [ 556634.023999999975786, 3035015.53400000045076 ], [ 556634.023999999975786, 3035015.234000000171363 ], [ 556634.074000000022352, 3035015.184000000357628 ], [ 556634.074000000022352, 3035015.084000000264496 ], [ 556634.174, 3035014.884 ], [ 556634.498999999952503, 3035014.559000000357628 ], [ 556634.799, 3035014.40900000045076 ], [ 556634.973999999929219, 3035014.184000000357628 ], [ 556634.973999999929219, 3035014.084000000264496 ], [ 556634.924, 3035014.03400000045076 ], [ 556634.873999999952503, 3035013.834000000264496 ], [ 556634.574000000022352, 3035013.384 ], [ 556634.574000000022352, 3035012.634 ], [ 556634.648999999975786, 3035012.509 ], [ 556634.848999999929219, 3035012.40900000045076 ], [ 556635.098999999929219, 3035012.359000000171363 ], [ 556635.148999999975786, 3035012.309000000357628 ], [ 556635.299, 3035012.309000000357628 ], [ 556635.348999999929219, 3035012.259 ], [ 556635.498999999952503, 3035012.259 ] ] ] } },
{ "type": "Feature", "properties": { "unit_id": "c00163", "method": "watershed", "label": 163, "area_m2": 4.4012500000081491, "height_max_m": 1.6702620983123779, "height_mean_m": 1.1847900695072771, "canopy_cover": 0.9988700564971752, "volume_m3": 5.242696057583724, "n_pixels": 1770, "data_coverage": 1.0, "vari_mean": 0.22149005036751476, "exg_mean": 0.27499627014266043, "gli_mean": 0.18935746273544987, "height_max_m_pct": 49.074074074074076, "height_mean_m_pct": 54.012345679012341, "volume_m3_pct": 67.901234567901241, "canopy_cover_pct": 59.259259259259252, "vari_mean_pct": 13.888888888888889, "exg_mean_pct": 15.74074074074074, "gli_mean_pct": 16.358024691358025 }, "geometry": { "type": "Polygon", "coordinates": [ [ [ 556635.699000000022352, 3035041.509000000543892 ], [ 556635.848999999929219, 3035041.65900000045076 ], [ 556636.098999999929219, 3035041.759000000543892 ], [ 556636.174, 3035041.834000000264496 ], [ 556636.223999999929219, 3035042.03400000045076 ], [ 556636.273999999975786, 3035042.084000000264496 ], [ 556636.273999999975786, 3035042.884000000543892 ], [ 556636.174, 3035043.084000000264496 ], [ 556635.648999999975786, 3035043.65900000045076 ], [ 556635.449000000022352, 3035043.759000000543892 ], [ 556635.199000000022352, 3035043.759000000543892 ], [ 556635.098999999929219, 3035043.809000000357628 ], [ 556635.049, 3035043.759000000543892 ], [ 556634.498999999952503, 3035043.759000000543892 ], [ 556634.398999999975786, 3035043.709000000264496 ], [ 556634.223999999929219, 3035043.53400000045076 ], [ 556634.123999999952503, 3035043.334000000264496 ], [ 556634.074000000022352, 3035042.884000000543892 ], [ 556634.023999999975786, 3035042.834000000264496 ], [ 556634.023999999975786, 3035042.684000000357628 ], [ 556633.973999999929219, 3035042.634000000543892 ], [ 556633.973999999929219, 3035042.234000000171363 ], [ 556634.123999999952503, 3035041.934000000357628 ], [ 556634.223999999929219, 3035041.834000000264496 ], [ 556634.324000000022352, 3035041.634000000543892 ], [ 556634.324000000022352, 3035041.53400000045076 ], [ 556635.699000000022352, 3035041.509000000543892 ] ] ] } },
{ "type": "Feature", "properties": { "unit_id": "c00164", "method": "watershed", "label": 164, "area_m2": 2.0562499999883586, "height_max_m": 1.6387345790863037, "height_mean_m": 1.2547160028114879, "canopy_cover": 0.99034981905910735, "volume_m3": 2.6003989158337641, "n_pixels": 829, "data_coverage": 1.0, "vari_mean": 0.27987263748135804, "exg_mean": 0.2978254539274412, "gli_mean": 0.20504960862340277, "height_max_m_pct": 45.987654320987652, "height_mean_m_pct": 70.370370370370367, "volume_m3_pct": 32.407407407407405, "canopy_cover_pct": 25.0, "vari_mean_pct": 52.160493827160494, "exg_mean_pct": 27.777777777777779, "gli_mean_pct": 28.703703703703702 }, "geometry": { "type": "Polygon", "coordinates": [ [ [ 556651.348999999929219, 3034970.109000000171363 ], [ 556651.598999999929219, 3034970.309000000357628 ], [ 556651.648999999975786, 3034970.309000000357628 ], [ 556651.824000000022352, 3034970.53400000045076 ], [ 556651.873999999952503, 3034970.734000000171363 ], [ 556651.924, 3034970.78400000045076 ], [ 556651.924, 3034970.984000000171363 ], [ 556651.723999999929219, 3034971.384 ], [ 556651.449000000022352, 3034971.65900000045076 ], [ 556651.348999999929219, 3034971.709000000264496 ], [ 556651.049, 3034971.709000000264496 ], [ 556650.998999999952503, 3034971.65900000045076 ], [ 556650.898999999975786, 3034971.65900000045076 ], [ 556650.598999999929219, 3034971.509 ], [ 556650.449000000022352, 3034971.359000000171363 ], [ 556650.373999999952503, 3034971.334000000264496 ], [ 556650.273999999975786, 3034971.134 ], [ 556650.273999999975786, 3034970.684000000357628 ], [ 556650.324000000022352, 3034970.634 ], [ 556650.373999999952503, 3034970.434000000357628 ], [ 556650.598999999929219, 3034970.209000000264496 ], [ 556650.699000000022352, 3034970.209000000264496 ], [ 556650.898999999975786, 3034970.109000000171363 ], [ 556651.348999999929219, 3034970.109000000171363 ] ] ] } },
{ "type": "Feature", "properties": { "unit_id": "c00165", "method": "watershed", "label": 165, "area_m2": 4.2049999999350973, "height_max_m": 1.6243268251419067, "height_mean_m": 1.0844051877884937, "canopy_cover": 1.0, "volume_m3": 4.6195660999913395, "n_pixels": 1704, "data_coverage": 1.0, "vari_mean": 0.20863050001217379, "exg_mean": 0.2652218553517654, "gli_mean": 0.18339561083849876, "height_max_m_pct": 44.135802469135804, "height_mean_m_pct": 31.481481481481481, "volume_m3_pct": 60.802469135802475, "canopy_cover_pct": 83.487654320987659, "vari_mean_pct": 10.493827160493826, "exg_mean_pct": 12.962962962962962, "gli_mean_pct": 13.580246913580247 }, "geometry": { "type": "Polygon", "coordinates": [ [ [ 556627.949000000022352, 3035026.709000000264496 ], [ 556627.998999999952503, 3035026.759000000543892 ], [ 556628.199000000022352, 3035026.759000000543892 ], [ 556628.248999999952503, 3035026.809000000357628 ], [ 556628.348999999929219, 3035026.809000000357628 ], [ 556628.549, 3035026.90900000045076 ], [ 556628.648999999975786, 3035027.009000000543892 ], [ 556628.799, 3035027.059000000357628 ], [ 556629.023999999975786, 3035027.234000000171363 ], [ 556629.023999999975786, 3035027.484000000171363 ], [ 556628.723999999929219, 3035027.78400000045076 ], [ 556628.674, 3035027.884000000543892 ], [ 556628.674, 3035028.084000000264496 ], [ 556628.623999999952503, 3035028.134000000543892 ], [ 556628.623999999952503, 3035028.634000000543892 ], [ 556628.523999999975786, 3035028.834000000264496 ], [ 556628.398999999975786, 3035028.90900000045076 ], [ 556628.098999999929219, 3035028.90900000045076 ], [ 556627.898999999975786, 3035028.809000000357628 ], [ 556627.648999999975786, 3035028.759000000543892 ], [ 556627.598999999929219, 3035028.709000000264496 ], [ 556627.049, 3035028.709000000264496 ], [ 556626.848999999929219, 3035028.609000000171363 ], [ 556626.523999999975786, 3035028.28400000045076 ], [ 556626.523999999975786, 3035028.234000000171363 ], [ 556626.424, 3035028.134000000543892 ], [ 556626.424, 3035027.634000000543892 ], [ 556626.574000000022352, 3035027.334000000264496 ], [ 556626.848999999929219, 3035027.059000000357628 ], [ 556626.898999999975786, 3035027.059000000357628 ], [ 556627.148999999975786, 3035026.859000000171363 ], [ 556627.348999999929219, 3035026.759000000543892 ], [ 556627.449000000022352, 3035026.759000000543892 ], [ 556627.498999999952503, 3035026.709000000264496 ], [ 556627.949000000022352, 3035026.709000000264496 ] ] ] } },
{ "type": "Feature", "properties": { "unit_id": "c00166", "method": "watershed", "label": 166, "area_m2": 4.5125000000305588, "height_max_m": 1.6545722484588623, "height_mean_m": 1.1003883183993679, "canopy_cover": 1.0, "volume_m3": 4.9627513159944243, "n_pixels": 1804, "data_coverage": 1.0, "vari_mean": 0.21853780577306672, "exg_mean": 0.33880426812153919, "gli_mean": 0.22892904079955173, "height_max_m_pct": 47.530864197530867, "height_mean_m_pct": 35.185185185185183, "volume_m3_pct": 65.740740740740748, "canopy_cover_pct": 83.487654320987659, "vari_mean_pct": 12.345679012345679, "exg_mean_pct": 54.320987654320987, "gli_mean_pct": 52.469135802469133 }, "geometry": { "type": "Polygon", "coordinates": [ [ [ 556665.998999999952503, 3035032.809000000357628 ], [ 556666.224000000045635, 3035033.03400000045076 ], [ 556666.273999999975786, 3035033.134000000543892 ], [ 556666.273999999975786, 3035033.484000000171363 ], [ 556666.174, 3035033.634000000543892 ], [ 556666.174, 3035033.734000000171363 ], [ 556666.123999999952503, 3035033.78400000045076 ], [ 556666.123999999952503, 3035033.984000000171363 ], [ 556666.074000000022352, 3035034.03400000045076 ], [ 556666.123999999952503, 3035034.234000000171363 ], [ 556666.574000000022352, 3035034.634000000543892 ], [ 556666.773999999975786, 3035034.984000000171363 ], [ 556666.773999999975786, 3035035.434000000357628 ], [ 556666.724000000045635, 3035035.484000000171363 ], [ 556666.724000000045635, 3035035.584000000264496 ], [ 556666.574000000022352, 3035035.884000000543892 ], [ 556666.574000000022352, 3035036.084000000264496 ], [ 556666.523999999975786, 3035036.134000000543892 ], [ 556666.523999999975786, 3035036.334000000264496 ], [ 556666.474000000045635, 3035036.384000000543892 ], [ 556666.449000000022352, 3035036.609000000171363 ], [ 556666.049, 3035036.609000000171363 ], [ 556665.998999999952503, 3035036.559000000357628 ], [ 556665.498999999952503, 3035036.559000000357628 ], [ 556665.474000000045635, 3035036.434000000357628 ], [ 556665.373999999952503, 3035036.334000000264496 ], [ 556665.373999999952503, 3035036.28400000045076 ], [ 556665.299, 3035036.259000000543892 ], [ 556665.023999999975786, 3035035.984000000171363 ], [ 556665.023999999975786, 3035035.934000000357628 ], [ 556664.924, 3035035.834000000264496 ], [ 556664.873999999952503, 3035035.634000000543892 ], [ 556664.824000000022352, 3035035.584000000264496 ], [ 556664.824000000022352, 3035035.484000000171363 ], [ 556664.773999999975786, 3035035.434000000357628 ], [ 556664.773999999975786, 3035034.934000000357628 ], [ 556664.824000000022352, 3035034.834000000264496 ], [ 556665.049, 3035034.559000000357628 ], [ 556665.398999999975786, 3035034.359000000171363 ], [ 556665.523999999975786, 3035034.234000000171363 ], [ 556665.623999999952503, 3035034.03400000045076 ], [ 556665.623999999952503, 3035033.684000000357628 ], [ 556665.474000000045635, 3035033.384000000543892 ], [ 556665.474000000045635, 3035033.134000000543892 ], [ 556665.748999999952503, 3035032.859000000171363 ], [ 556665.849000000045635, 3035032.809000000357628 ], [ 556665.998999999952503, 3035032.809000000357628 ] ] ] } },
{ "type": "Feature", "properties": { "unit_id": "c00167", "method": "watershed", "label": 167, "area_m2": 2.4443749998541904, "height_max_m": 1.6589051485061646, "height_mean_m": 1.1958161010251218, "canopy_cover": 0.99493414387031409, "volume_m3": 2.9506762292873807, "n_pixels": 987, "data_coverage": 1.0, "vari_mean": 0.30625416329635485, "exg_mean": 0.40248209035318855, "gli_mean": 0.26998295703154568, "height_max_m_pct": 48.456790123456791, "height_mean_m_pct": 57.098765432098766, "volume_m3_pct": 38.580246913580247, "canopy_cover_pct": 37.037037037037038, "vari_mean_pct": 70.061728395061735, "exg_mean_pct": 76.851851851851848, "gli_mean_pct": 76.543209876543202 }, "geometry": { "type": "Polygon", "coordinates": [ [ [ 556666.949000000022352, 3034930.009 ], [ 556667.324000000022352, 3034930.334000000264496 ], [ 556667.324000000022352, 3034930.384 ], [ 556667.474000000045635, 3034930.584000000264496 ], [ 556667.474000000045635, 3034930.684000000357628 ], [ 556667.523999999975786, 3034930.734000000171363 ], [ 556667.523999999975786, 3034931.134 ], [ 556667.474000000045635, 3034931.184000000357628 ], [ 556667.474000000045635, 3034931.28400000045076 ], [ 556667.424, 3034931.384 ], [ 556667.049, 3034931.759 ], [ 556666.199000000022352, 3034931.759 ], [ 556666.123999999952503, 3034931.684000000357628 ], [ 556666.074000000022352, 3034931.484000000171363 ], [ 556665.924, 3034931.334000000264496 ], [ 556665.873999999952503, 3034931.134 ], [ 556665.824000000022352, 3034931.084000000264496 ], [ 556665.824000000022352, 3034930.834000000264496 ], [ 556665.773999999975786, 3034930.78400000045076 ], [ 556665.824000000022352, 3034930.484000000171363 ], [ 556666.148999999975786, 3034930.15900000045076 ], [ 556666.349000000045635, 3034930.059000000357628 ], [ 556666.449000000022352, 3034930.059000000357628 ], [ 556666.498999999952503, 3034930.009 ], [ 556666.949000000022352, 3034930.009 ] ] ] } },
{ "type": "Feature", "properties": { "unit_id": "c00168", "method": "watershed", "label": 168, "area_m2": 2.6306250001036093, "height_max_m": 1.6690559387207031, "height_mean_m": 1.2727492429298473, "canopy_cover": 0.97547169811320755, "volume_m3": 3.3727854937731165, "n_pixels": 1060, "data_coverage": 1.0, "vari_mean": 0.29017301583627991, "exg_mean": 0.37248005579631338, "gli_mean": 0.2523722769749121, "height_max_m_pct": 48.76543209876543, "height_mean_m_pct": 74.382716049382708, "volume_m3_pct": 45.679012345679013, "canopy_cover_pct": 4.6296296296296298, "vari_mean_pct": 58.024691358024697, "exg_mean_pct": 67.901234567901241, "gli_mean_pct": 68.518518518518519 }, "geometry": { "type": "Polygon", "coordinates": [ [ [ 556659.199000000022352, 3034931.809000000357628 ], [ 556659.248999999952503, 3034931.859000000171363 ], [ 556659.349000000045635, 3034931.859000000171363 ], [ 556659.873999999952503, 3034932.434000000357628 ], [ 556659.974000000045635, 3034932.634 ], [ 556659.974000000045635, 3034932.984000000171363 ], [ 556659.824000000022352, 3034933.184000000357628 ], [ 556659.824000000022352, 3034933.234000000171363 ], [ 556659.599000000045635, 3034933.459000000264496 ], [ 556659.248999999952503, 3034933.65900000045076 ], [ 556659.148999999975786, 3034933.65900000045076 ], [ 556659.099000000045635, 3034933.709000000264496 ], [ 556658.898999999975786, 3034933.709000000264496 ], [ 556658.849000000045635, 3034933.65900000045076 ], [ 556658.599000000045635, 3034933.609000000171363 ], [ 556658.299, 3034933.359000000171363 ], [ 556658.248999999952503, 3034933.359000000171363 ], [ 556658.074000000022352, 3034933.084000000264496 ], [ 556658.023999999975786, 3034932.834000000264496 ], [ 556658.074000000022352, 3034932.78400000045076 ], [ 556658.074000000022352, 3034932.634 ], [ 556658.174, 3034932.434000000357628 ], [ 556658.498999999952503, 3034932.109000000171363 ], [ 556658.549, 3034932.109000000171363 ], [ 556658.898999999975786, 3034931.859000000171363 ], [ 556659.199000000022352, 3034931.809000000357628 ] ] ] } },
{ "type": "Feature", "properties": { "unit_id": "c00169", "method": "watershed", "label": 169, "area_m2": 1.838749999878637, "height_max_m": 1.6315251588821411, "height_mean_m": 1.268100342332825, "canopy_cover": 0.9944979367262724, "volume_m3": 2.3047723721960742, "n_pixels": 727, "data_coverage": 1.0, "vari_mean": 0.32381668906192623, "exg_mean": 0.47085067203379727, "gli_mean": 0.30850407192915397, "height_max_m_pct": 44.753086419753089, "height_mean_m_pct": 72.839506172839506, "volume_m3_pct": 28.086419753086421, "canopy_cover_pct": 36.111111111111107, "vari_mean_pct": 78.703703703703709, "exg_mean_pct": 93.827160493827151, "gli_mean_pct": 94.444444444444443 }, "geometry": { "type": "Polygon", "coordinates": [ [ [ 556658.349000000045635, 3035045.059000000357628 ], [ 556658.549, 3035045.15900000045076 ], [ 556658.824000000022352, 3035045.484000000171363 ], [ 556658.873999999952503, 3035045.584000000264496 ], [ 556658.873999999952503, 3035046.084000000264496 ], [ 556658.748999999952503, 3035046.259000000543892 ], [ 556658.099000000045635, 3035046.609000000171363 ], [ 556657.998999999952503, 3035046.609000000171363 ], [ 556657.949000000022352, 3035046.65900000045076 ], [ 556657.648999999975786, 3035046.609000000171363 ], [ 556657.373999999952503, 3035046.334000000264496 ], [ 556657.324000000022352, 3035046.234000000171363 ], [ 556657.324000000022352, 3035045.834000000264496 ], [ 556657.474000000045635, 3035045.634000000543892 ], [ 556657.474000000045635, 3035045.584000000264496 ], [ 556657.898999999975786, 3035045.15900000045076 ], [ 556658.099000000045635, 3035045.059000000357628 ], [ 556658.349000000045635, 3035045.059000000357628 ] ] ] } },
{ "type": "Feature", "properties": { "unit_id": "c00170", "method": "watershed", "label": 170, "area_m2": 5.5018749999947607, "height_max_m": 1.6453747749328613, "height_mean_m": 1.2142535590386929, "canopy_cover": 0.97734481196193923, "volume_m3": 6.6996440120139082, "n_pixels": 2207, "data_coverage": 1.0, "vari_mean": 0.28739214580011285, "exg_mean": 0.3835044388307205, "gli_mean": 0.25388341960963762, "height_max_m_pct": 46.913580246913575, "height_mean_m_pct": 61.111111111111114, "volume_m3_pct": 73.148148148148152, "canopy_cover_pct": 6.1728395061728394, "vari_mean_pct": 55.864197530864203, "exg_mean_pct": 70.987654320987659, "gli_mean_pct": 68.827160493827151 }, "geometry": { "type": "Polygon", "coordinates": [ [ [ 556650.848999999929219, 3035021.15900000045076 ], [ 556650.873999999952503, 3035021.28400000045076 ], [ 556651.174, 3035021.884000000543892 ], [ 556651.174, 3035022.28400000045076 ], [ 556650.924, 3035022.734000000171363 ], [ 556650.924, 3035023.134000000543892 ], [ 556651.174, 3035023.634000000543892 ], [ 556651.623999999952503, 3035024.184000000357628 ], [ 556651.674, 3035024.28400000045076 ], [ 556651.674, 3035024.584000000264496 ], [ 556651.623999999952503, 3035024.684000000357628 ], [ 556651.398999999975786, 3035024.90900000045076 ], [ 556651.199000000022352, 3035025.009000000543892 ], [ 556650.598999999929219, 3035025.059000000357628 ], [ 556650.549, 3035025.009000000543892 ], [ 556650.199000000022352, 3035025.009000000543892 ], [ 556650.098999999929219, 3035024.959000000264496 ], [ 556649.998999999952503, 3035024.859000000171363 ], [ 556649.949000000022352, 3035024.859000000171363 ], [ 556649.523999999975786, 3035024.434000000357628 ], [ 556649.523999999975786, 3035024.134000000543892 ], [ 556649.674, 3035023.934000000357628 ], [ 556649.674, 3035023.834000000264496 ], [ 556649.723999999929219, 3035023.78400000045076 ], [ 556649.723999999929219, 3035023.584000000264496 ], [ 556649.873999999952503, 3035023.384000000543892 ], [ 556649.924, 3035023.184000000357628 ], [ 556649.973999999929219, 3035023.134000000543892 ], [ 556649.924, 3035023.084000000264496 ], [ 556649.873999999952503, 3035022.884000000543892 ], [ 556649.674, 3035022.684000000357628 ], [ 556649.674, 3035022.634000000543892 ], [ 556649.523999999975786, 3035022.434000000357628 ], [ 556649.473999999929219, 3035022.03400000045076 ], [ 556649.648999999975786, 3035021.809000000357628 ], [ 556649.748999999952503, 3035021.809000000357628 ], [ 556649.799, 3035021.759000000543892 ], [ 556649.998999999952503, 3035021.709000000264496 ], [ 556650.223999999929219, 3035021.484000000171363 ], [ 556650.273999999975786, 3035021.28400000045076 ], [ 556650.324000000022352, 3035021.234000000171363 ], [ 556650.273999999975786, 3035021.184000000357628 ], [ 556650.299, 3035021.15900000045076 ], [ 556650.848999999929219, 3035021.15900000045076 ] ] ] } },
{ "type": "Feature", "properties": { "unit_id": "c00171", "method": "watershed", "label": 171, "area_m2": 8.6931250001996521, "height_max_m": 1.6160236597061157, "height_mean_m": 1.1143914495747784, "canopy_cover": 0.99971181556195965, "volume_m3": 9.667345825087061, "n_pixels": 3470, "data_coverage": 1.0, "vari_mean": 0.21580296295731194, "exg_mean": 0.23967835017994935, "gli_mean": 0.16593475564604457, "height_max_m_pct": 42.901234567901234, "height_mean_m_pct": 38.580246913580247, "volume_m3_pct": 86.419753086419746, "canopy_cover_pct": 66.049382716049394, "vari_mean_pct": 11.728395061728394, "exg_mean_pct": 8.0246913580246915, "gli_mean_pct": 8.3333333333333321 }, "geometry": { "type": "Polygon", "coordinates": [ [ [ 556612.748999999952503, 3034982.509 ], [ 556613.049, 3034982.709000000264496 ], [ 556613.299, 3034982.759 ], [ 556613.698999999905936, 3034982.959000000264496 ], [ 556613.873999999952503, 3034983.134 ], [ 556613.873999999952503, 3034983.184000000357628 ], [ 556614.023999999975786, 3034983.384 ], [ 556614.023999999975786, 3034983.584000000264496 ], [ 556614.073999999905936, 3034983.634 ], [ 556614.023999999975786, 3034983.684000000357628 ], [ 556614.023999999975786, 3034983.884 ], [ 556613.823999999905936, 3034984.234000000171363 ], [ 556613.823999999905936, 3034984.934000000357628 ], [ 556613.873999999952503, 3034984.984000000171363 ], [ 556613.873999999952503, 3034985.184000000357628 ], [ 556613.823999999905936, 3034985.234000000171363 ], [ 556613.823999999905936, 3034985.384 ], [ 556613.623999999952503, 3034985.734000000171363 ], [ 556613.623999999952503, 3034986.384 ], [ 556613.424, 3034986.634 ], [ 556613.424, 3034986.684000000357628 ], [ 556613.348999999929219, 3034986.709000000264496 ], [ 556613.148999999975786, 3034986.90900000045076 ], [ 556613.098999999929219, 3034986.90900000045076 ], [ 556612.898999999975786, 3034987.109000000171363 ], [ 556612.848999999929219, 3034987.109000000171363 ], [ 556612.773999999975786, 3034987.184000000357628 ], [ 556612.698999999905936, 3034987.359000000171363 ], [ 556611.948999999905936, 3034987.40900000045076 ], [ 556611.924, 3034987.184000000357628 ], [ 556611.873999999952503, 3034987.084000000264496 ], [ 556611.373999999952503, 3034986.434000000357628 ], [ 556611.273999999975786, 3034986.234000000171363 ], [ 556611.273999999975786, 3034986.134 ], [ 556611.223999999929219, 3034986.084000000264496 ], [ 556611.223999999929219, 3034984.984000000171363 ], [ 556611.174, 3034984.934000000357628 ], [ 556611.174, 3034984.684000000357628 ], [ 556611.123999999952503, 3034984.634 ], [ 556611.123999999952503, 3034984.434000000357628 ], [ 556611.073999999905936, 3034984.384 ], [ 556611.698999999905936, 3034984.359000000171363 ], [ 556611.998999999952503, 3034984.209000000264496 ], [ 556612.098999999929219, 3034984.209000000264496 ], [ 556612.248999999952503, 3034984.109000000171363 ], [ 556612.498999999952503, 3034984.059000000357628 ], [ 556612.773999999975786, 3034983.834000000264496 ], [ 556612.723999999929219, 3034983.78400000045076 ], [ 556612.748999999952503, 3034982.509 ] ] ] } },
{ "type": "Feature", "properties": { "unit_id": "c00172", "method": "watershed", "label": 172, "area_m2": 5.7175000001402809, "height_max_m": 1.6805920600891113, "height_mean_m": 1.1714373731534387, "canopy_cover": 1.0, "volume_m3": 6.6479070926635462, "n_pixels": 2270, "data_coverage": 1.0, "vari_mean": 0.26858863722103254, "exg_mean": 0.33489971962434795, "gli_mean": 0.2270164165333485, "height_max_m_pct": 50.308641975308646, "height_mean_m_pct": 50.308641975308646, "volume_m3_pct": 72.839506172839506, "canopy_cover_pct": 83.487654320987659, "vari_mean_pct": 42.901234567901234, "exg_mean_pct": 51.23456790123457, "gli_mean_pct": 51.543209876543209 }, "geometry": { "type": "Polygon", "coordinates": [ [ [ 556620.549, 3035004.959000000264496 ], [ 556620.623999999952503, 3035005.03400000045076 ], [ 556620.623999999952503, 3035005.084000000264496 ], [ 556621.023999999975786, 3035005.484000000171363 ], [ 556621.023999999975786, 3035005.53400000045076 ], [ 556621.098999999929219, 3035005.559000000357628 ], [ 556621.373999999952503, 3035005.834000000264496 ], [ 556621.473999999929219, 3035005.984000000171363 ], [ 556621.473999999929219, 3035006.134 ], [ 556621.424, 3035006.234000000171363 ], [ 556621.023999999975786, 3035006.684000000357628 ], [ 556620.773999999975786, 3035007.234000000171363 ], [ 556620.698999999905936, 3035007.309000000357628 ], [ 556619.948999999905936, 3035007.309000000357628 ], [ 556619.799, 3035007.209000000264496 ], [ 556619.549, 3035007.209000000264496 ], [ 556619.498999999952503, 3035007.259 ], [ 556618.748999999952503, 3035007.259 ], [ 556618.723999999929219, 3035007.134 ], [ 556618.674, 3035007.084000000264496 ], [ 556618.674, 3035006.984000000171363 ], [ 556618.473999999929219, 3035006.634 ], [ 556618.473999999929219, 3035006.434000000357628 ], [ 556618.424, 3035006.384 ], [ 556618.424, 3035005.684000000357628 ], [ 556618.473999999929219, 3035005.634 ], [ 556618.523999999975786, 3035005.384 ], [ 556618.573999999905936, 3035005.334000000264496 ], [ 556618.573999999905936, 3035005.134 ], [ 556619.348999999929219, 3035005.109000000171363 ], [ 556619.549, 3035005.009 ], [ 556620.098999999929219, 3035005.009 ], [ 556620.148999999975786, 3035004.959000000264496 ], [ 556620.549, 3035004.959000000264496 ] ] ] } },
{ "type": "Feature", "properties": { "unit_id": "c00173", "method": "watershed", "label": 173, "area_m2": 5.0499999999679854, "height_max_m": 1.6147419214248657, "height_mean_m": 1.1979771932592567, "canopy_cover": 0.99207135777998012, "volume_m3": 6.0437949400091151, "n_pixels": 2018, "data_coverage": 1.0, "vari_mean": 0.27640683471477151, "exg_mean": 0.34189215636634723, "gli_mean": 0.23349422858122487, "height_max_m_pct": 41.666666666666671, "height_mean_m_pct": 57.716049382716051, "volume_m3_pct": 70.061728395061735, "canopy_cover_pct": 28.39506172839506, "vari_mean_pct": 48.456790123456791, "exg_mean_pct": 56.172839506172842, "gli_mean_pct": 57.407407407407405 }, "geometry": { "type": "Polygon", "coordinates": [ [ [ 556658.398999999975786, 3034993.709000000264496 ], [ 556658.898999999975786, 3034993.959000000264496 ], [ 556659.224000000045635, 3034994.28400000045076 ], [ 556659.373999999952503, 3034994.584000000264496 ], [ 556659.373999999952503, 3034994.684000000357628 ], [ 556659.324000000022352, 3034994.734000000171363 ], [ 556659.324000000022352, 3034994.834000000264496 ], [ 556659.224000000045635, 3034995.03400000045076 ], [ 556658.949000000022352, 3034995.309000000357628 ], [ 556658.799, 3034995.359000000171363 ], [ 556658.523999999975786, 3034995.634 ], [ 556658.523999999975786, 3034995.78400000045076 ], [ 556658.574000000022352, 3034995.884 ], [ 556658.799, 3034996.009 ], [ 556658.974000000045635, 3034996.184000000357628 ], [ 556658.974000000045635, 3034996.28400000045076 ], [ 556659.023999999975786, 3034996.334000000264496 ], [ 556658.974000000045635, 3034996.434000000357628 ], [ 556658.974000000045635, 3034996.634 ], [ 556658.924, 3034996.684000000357628 ], [ 556658.924, 3034996.884 ], [ 556658.873999999952503, 3034996.934000000357628 ], [ 556658.873999999952503, 3034997.03400000045076 ], [ 556658.699000000022352, 3034997.259 ], [ 556658.599000000045635, 3034997.309000000357628 ], [ 556658.349000000045635, 3034997.309000000357628 ], [ 556658.299, 3034997.259 ], [ 556658.199000000022352, 3034997.259 ], [ 556657.949000000022352, 3034997.059000000357628 ], [ 556657.898999999975786, 3034997.059000000357628 ], [ 556657.574000000022352, 3034996.734000000171363 ], [ 556657.523999999975786, 3034996.634 ], [ 556657.523999999975786, 3034996.334000000264496 ], [ 556657.724000000045635, 3034995.934000000357628 ], [ 556657.724000000045635, 3034995.584000000264496 ], [ 556657.674, 3034995.484000000171363 ], [ 556657.324000000022352, 3034995.134 ], [ 556657.224000000045635, 3034994.934000000357628 ], [ 556657.224000000045635, 3034994.734000000171363 ], [ 556657.174, 3034994.684000000357628 ], [ 556657.174, 3034994.384 ], [ 556657.224000000045635, 3034994.334000000264496 ], [ 556657.224000000045635, 3034994.234000000171363 ], [ 556657.398999999975786, 3034994.009 ], [ 556657.748999999952503, 3034993.809000000357628 ], [ 556657.998999999952503, 3034993.759 ], [ 556658.049, 3034993.709000000264496 ], [ 556658.398999999975786, 3034993.709000000264496 ] ] ] } },
{ "type": "Feature", "properties": { "unit_id": "c00174", "method": "watershed", "label": 174, "area_m2": 2.6893750001068111, "height_max_m": 1.6370925903320312, "height_mean_m": 1.0943833115040709, "canopy_cover": 0.99908256880733948, "volume_m3": 2.9821945238565699, "n_pixels": 1090, "data_coverage": 1.0, "vari_mean": 0.23766658917577957, "exg_mean": 0.26357806028653946, "gli_mean": 0.18186837373899967, "height_max_m_pct": 45.679012345679013, "height_mean_m_pct": 34.25925925925926, "volume_m3_pct": 38.888888888888893, "canopy_cover_pct": 60.493827160493829, "vari_mean_pct": 21.913580246913579, "exg_mean_pct": 12.037037037037036, "gli_mean_pct": 12.345679012345679 }, "geometry": { "type": "Polygon", "coordinates": [ [ [ 556635.648999999975786, 3034995.459000000264496 ], [ 556635.699000000022352, 3034995.509 ], [ 556635.848999999929219, 3034995.509 ], [ 556635.949000000022352, 3034995.559000000357628 ], [ 556636.174, 3034995.834000000264496 ], [ 556636.174, 3034995.934000000357628 ], [ 556636.324000000022352, 3034996.234000000171363 ], [ 556636.324000000022352, 3034996.584000000264496 ], [ 556636.223999999929219, 3034996.78400000045076 ], [ 556636.049, 3034996.959000000264496 ], [ 556635.699000000022352, 3034997.109000000171363 ], [ 556635.598999999929219, 3034997.209000000264496 ], [ 556634.799, 3034997.209000000264496 ], [ 556634.523999999975786, 3034996.934000000357628 ], [ 556634.523999999975786, 3034996.884 ], [ 556634.373999999952503, 3034996.684000000357628 ], [ 556634.373999999952503, 3034996.53400000045076 ], [ 556634.324000000022352, 3034996.484000000171363 ], [ 556634.373999999952503, 3034996.184000000357628 ], [ 556634.424, 3034996.084000000264496 ], [ 556634.748999999952503, 3034995.759 ], [ 556635.148999999975786, 3034995.559000000357628 ], [ 556635.648999999975786, 3034995.459000000264496 ] ] ] } },
{ "type": "Feature", "properties": { "unit_id": "c00175", "method": "watershed", "label": 175, "area_m2": 1.6393749999423743, "height_max_m": 1.6296142339706421, "height_mean_m": 1.101224502738815, "canopy_cover": 0.98932926829268297, "volume_m3": 1.8060081844964875, "n_pixels": 656, "data_coverage": 1.0, "vari_mean": 0.29493932296461955, "exg_mean": 0.36884397116679019, "gli_mean": 0.25008078537179823, "height_max_m_pct": 44.444444444444443, "height_mean_m_pct": 35.802469135802468, "volume_m3_pct": 20.679012345679013, "canopy_cover_pct": 22.222222222222221, "vari_mean_pct": 61.728395061728392, "exg_mean_pct": 66.049382716049394, "gli_mean_pct": 66.975308641975303 }, "geometry": { "type": "Polygon", "coordinates": [ [ [ 556643.799, 3034929.309000000357628 ], [ 556643.848999999929219, 3034929.359000000171363 ], [ 556644.049, 3034929.40900000045076 ], [ 556644.174, 3034929.53400000045076 ], [ 556644.373999999952503, 3034929.884 ], [ 556644.373999999952503, 3034930.084000000264496 ], [ 556644.324000000022352, 3034930.134 ], [ 556644.324000000022352, 3034930.28400000045076 ], [ 556644.273999999975786, 3034930.384 ], [ 556644.049, 3034930.65900000045076 ], [ 556643.848999999929219, 3034930.759 ], [ 556643.598999999929219, 3034930.759 ], [ 556643.248999999952503, 3034930.559000000357628 ], [ 556643.148999999975786, 3034930.459000000264496 ], [ 556643.098999999929219, 3034930.459000000264496 ], [ 556642.824000000022352, 3034930.184000000357628 ], [ 556642.824000000022352, 3034929.934000000357628 ], [ 556642.924, 3034929.734000000171363 ], [ 556643.148999999975786, 3034929.509 ], [ 556643.348999999929219, 3034929.40900000045076 ], [ 556643.449000000022352, 3034929.40900000045076 ], [ 556643.498999999952503, 3034929.359000000171363 ], [ 556643.699000000022352, 3034929.359000000171363 ], [ 556643.799, 3034929.309000000357628 ] ] ] } },
{ "type": "Feature", "properties": { "unit_id": "c00176", "method": "watershed", "label": 176, "area_m2": 1.745000000061991, "height_max_m": 1.654616117477417, "height_mean_m": 1.2172465579986402, "canopy_cover": 0.98153409090909094, "volume_m3": 2.1423539420833371, "n_pixels": 704, "data_coverage": 1.0, "vari_mean": 0.29084207824620834, "exg_mean": 0.35300048783286414, "gli_mean": 0.23869192068912296, "height_max_m_pct": 47.839506172839506, "height_mean_m_pct": 61.419753086419746, "volume_m3_pct": 25.617283950617285, "canopy_cover_pct": 10.493827160493826, "vari_mean_pct": 58.950617283950614, "exg_mean_pct": 59.876543209876544, "gli_mean_pct": 60.185185185185183 }, "geometry": { "type": "Polygon", "coordinates": [ [ [ 556666.648999999975786, 3034927.759 ], [ 556666.748999999952503, 3034927.809000000357628 ], [ 556667.148999999975786, 3034928.259 ], [ 556667.199000000022352, 3034928.259 ], [ 556667.324000000022352, 3034928.384 ], [ 556667.424, 3034928.584000000264496 ], [ 556667.424, 3034928.78400000045076 ], [ 556667.373999999952503, 3034928.834000000264496 ], [ 556667.373999999952503, 3034928.934000000357628 ], [ 556667.099000000045635, 3034929.209000000264496 ], [ 556666.898999999975786, 3034929.259 ], [ 556666.849000000045635, 3034929.309000000357628 ], [ 556666.599000000045635, 3034929.259 ], [ 556666.398999999975786, 3034929.109000000171363 ], [ 556666.349000000045635, 3034929.109000000171363 ], [ 556666.023999999975786, 3034928.78400000045076 ], [ 556665.773999999975786, 3034928.28400000045076 ], [ 556665.824000000022352, 3034928.03400000045076 ], [ 556665.949000000022352, 3034927.90900000045076 ], [ 556666.148999999975786, 3034927.809000000357628 ], [ 556666.248999999952503, 3034927.809000000357628 ], [ 556666.299, 3034927.759 ], [ 556666.648999999975786, 3034927.759 ] ] ] } },
{ "type": "Feature", "properties": { "unit_id": "c00177", "method": "watershed", "label": 177, "area_m2": 2.6381249998134448, "height_max_m": 1.6152681112289429, "height_mean_m": 1.2138106801619566, "canopy_cover": 0.99810246679316883, "volume_m3": 3.1983911422353106, "n_pixels": 1054, "data_coverage": 1.0, "vari_mean": 0.34874403521882152, "exg_mean": 0.4415835818857809, "gli_mean": 0.29293156634542283, "height_max_m_pct": 42.592592592592595, "height_mean_m_pct": 60.802469135802475, "volume_m3_pct": 42.901234567901234, "canopy_cover_pct": 52.160493827160494, "vari_mean_pct": 89.81481481481481, "exg_mean_pct": 88.580246913580254, "gli_mean_pct": 88.580246913580254 }, "geometry": { "type": "Polygon", "coordinates": [ [ [ 556658.799, 3034957.559000000357628 ], [ 556659.099000000045635, 3034957.709000000264496 ], [ 556659.199000000022352, 3034957.709000000264496 ], [ 556659.299, 3034957.809000000357628 ], [ 556659.349000000045635, 3034957.809000000357628 ], [ 556659.623999999952503, 3034958.084000000264496 ], [ 556659.674, 3034958.384 ], [ 556659.623999999952503, 3034958.434000000357628 ], [ 556659.623999999952503, 3034958.584000000264496 ], [ 556659.523999999975786, 3034958.78400000045076 ], [ 556659.398999999975786, 3034958.90900000045076 ], [ 556659.199000000022352, 3034959.009 ], [ 556658.949000000022352, 3034959.309000000357628 ], [ 556658.449000000022352, 3034959.359000000171363 ], [ 556658.349000000045635, 3034959.259 ], [ 556657.898999999975786, 3034959.059000000357628 ], [ 556657.824000000022352, 3034958.984000000171363 ], [ 556657.724000000045635, 3034958.78400000045076 ], [ 556657.724000000045635, 3034958.28400000045076 ], [ 556657.773999999975786, 3034958.234000000171363 ], [ 556657.824000000022352, 3034958.03400000045076 ], [ 556658.099000000045635, 3034957.709000000264496 ], [ 556658.398999999975786, 3034957.559000000357628 ], [ 556658.799, 3034957.559000000357628 ] ] ] } },
{ "type": "Feature", "properties": { "unit_id": "c00178", "method": "watershed", "label": 178, "area_m2": 2.5618750000381261, "height_max_m": 1.6232631206512451, "height_mean_m": 1.0865039421330367, "canopy_cover": 1.0, "volume_m3": 2.800463910855393, "n_pixels": 1031, "data_coverage": 1.0, "vari_mean": 0.27875053376061271, "exg_mean": 0.33528087101442261, "gli_mean": 0.22679828019557932, "height_max_m_pct": 43.827160493827158, "height_mean_m_pct": 32.098765432098766, "volume_m3_pct": 36.728395061728399, "canopy_cover_pct": 83.487654320987659, "vari_mean_pct": 51.543209876543209, "exg_mean_pct": 51.851851851851848, "gli_mean_pct": 51.23456790123457 }, "geometry": { "type": "Polygon", "coordinates": [ [ [ 556666.148999999975786, 3035006.859000000171363 ], [ 556666.349000000045635, 3035006.959000000264496 ], [ 556666.623999999952503, 3035007.28400000045076 ], [ 556666.674, 3035007.484000000171363 ], [ 556666.724000000045635, 3035007.53400000045076 ], [ 556666.724000000045635, 3035007.634 ], [ 556666.773999999975786, 3035007.684000000357628 ], [ 556666.773999999975786, 3035007.834000000264496 ], [ 556666.674, 3035008.03400000045076 ], [ 556666.324000000022352, 3035008.384 ], [ 556666.324000000022352, 3035008.434000000357628 ], [ 556666.224000000045635, 3035008.53400000045076 ], [ 556666.224000000045635, 3035008.634 ], [ 556666.174, 3035008.684000000357628 ], [ 556666.148999999975786, 3035008.809000000357628 ], [ 556665.748999999952503, 3035008.809000000357628 ], [ 556665.724000000045635, 3035008.684000000357628 ], [ 556665.498999999952503, 3035008.459000000264496 ], [ 556665.199000000022352, 3035008.309000000357628 ], [ 556664.924, 3035008.03400000045076 ], [ 556664.924, 3035007.984000000171363 ], [ 556664.824000000022352, 3035007.884 ], [ 556664.824000000022352, 3035007.684000000357628 ], [ 556664.974000000045635, 3035007.484000000171363 ], [ 556665.023999999975786, 3035007.334000000264496 ], [ 556665.299, 3035007.059000000357628 ], [ 556665.599000000045635, 3035006.90900000045076 ], [ 556665.748999999952503, 3035006.90900000045076 ], [ 556665.799, 3035006.859000000171363 ], [ 556666.148999999975786, 3035006.859000000171363 ] ] ] } },
{ "type": "Feature", "properties": { "unit_id": "c00179", "method": "watershed", "label": 179, "area_m2": 3.9306249998984275, "height_max_m": 1.5929667949676514, "height_mean_m": 1.1756906081424747, "canopy_cover": 0.9886721208307111, "volume_m3": 4.6704309408584734, "n_pixels": 1589, "data_coverage": 1.0, "vari_mean": 0.31576801224538809, "exg_mean": 0.38588206175918016, "gli_mean": 0.2595100435290229, "height_max_m_pct": 39.506172839506171, "height_mean_m_pct": 52.469135802469133, "volume_m3_pct": 62.345679012345677, "canopy_cover_pct": 20.37037037037037, "vari_mean_pct": 76.23456790123457, "exg_mean_pct": 72.222222222222214, "gli_mean_pct": 72.839506172839506 }, "geometry": { "type": "Polygon", "coordinates": [ [ [ 556628.248999999952503, 3034953.559000000357628 ], [ 556628.449000000022352, 3034953.65900000045076 ], [ 556628.549, 3034953.65900000045076 ], [ 556628.748999999952503, 3034953.809000000357628 ], [ 556628.799, 3034953.809000000357628 ], [ 556629.223999999929219, 3034954.234000000171363 ], [ 556629.373999999952503, 3034954.53400000045076 ], [ 556629.373999999952503, 3034954.884 ], [ 556629.273999999975786, 3034955.084000000264496 ], [ 556628.898999999975786, 3034955.40900000045076 ], [ 556628.799, 3034955.40900000045076 ], [ 556628.748999999952503, 3034955.459000000264496 ], [ 556628.549, 3034955.459000000264496 ], [ 556628.498999999952503, 3034955.509 ], [ 556627.949000000022352, 3034955.509 ], [ 556627.898999999975786, 3034955.459000000264496 ], [ 556627.648999999975786, 3034955.459000000264496 ], [ 556627.598999999929219, 3034955.40900000045076 ], [ 556627.299, 3034955.40900000045076 ], [ 556627.098999999929219, 3034955.309000000357628 ], [ 556626.973999999929219, 3034955.184000000357628 ], [ 556626.873999999952503, 3034954.984000000171363 ], [ 556626.873999999952503, 3034954.384 ], [ 556626.924, 3034954.334000000264496 ], [ 556626.973999999929219, 3034954.134 ], [ 556627.074000000022352, 3034954.03400000045076 ], [ 556627.074000000022352, 3034953.984000000171363 ], [ 556627.398999999975786, 3034953.65900000045076 ], [ 556627.498999999952503, 3034953.609000000171363 ], [ 556627.648999999975786, 3034953.609000000171363 ], [ 556627.699000000022352, 3034953.559000000357628 ], [ 556628.248999999952503, 3034953.559000000357628 ] ] ] } },
{ "type": "Feature", "properties": { "unit_id": "c00180", "method": "watershed", "label": 180, "area_m2": 2.0993749998038398, "height_max_m": 1.670448899269104, "height_mean_m": 1.1740237442453108, "canopy_cover": 0.98083832335329346, "volume_m3": 2.4507745661186413, "n_pixels": 835, "data_coverage": 1.0, "vari_mean": 0.33313411081828476, "exg_mean": 0.41694072423171674, "gli_mean": 0.27850751672909246, "height_max_m_pct": 49.382716049382715, "height_mean_m_pct": 51.851851851851848, "volume_m3_pct": 31.172839506172838, "canopy_cover_pct": 8.9506172839506171, "vari_mean_pct": 82.098765432098759, "exg_mean_pct": 82.716049382716051, "gli_mean_pct": 83.333333333333343 }, "geometry": { "type": "Polygon", "coordinates": [ [ [ 556650.598999999929219, 3035029.509000000543892 ], [ 556650.674, 3035029.584000000264496 ], [ 556650.674, 3035029.634000000543892 ], [ 556651.023999999975786, 3035029.934000000357628 ], [ 556651.174, 3035030.234000000171363 ], [ 556651.174, 3035030.384000000543892 ], [ 556651.223999999929219, 3035030.434000000357628 ], [ 556651.223999999929219, 3035030.884000000543892 ], [ 556651.174, 3035030.984000000171363 ], [ 556650.998999999952503, 3035031.15900000045076 ], [ 556650.898999999975786, 3035031.209000000264496 ], [ 556650.699000000022352, 3035031.209000000264496 ], [ 556650.648999999975786, 3035031.259000000543892 ], [ 556650.398999999975786, 3035031.209000000264496 ], [ 556650.098999999929219, 3035031.059000000357628 ], [ 556649.998999999952503, 3035030.959000000264496 ], [ 556649.748999999952503, 3035030.859000000171363 ], [ 556649.523999999975786, 3035030.584000000264496 ], [ 556649.523999999975786, 3035030.434000000357628 ], [ 556649.574000000022352, 3035030.384000000543892 ], [ 556649.623999999952503, 3035030.184000000357628 ], [ 556650.123999999952503, 3035029.684000000357628 ], [ 556650.123999999952503, 3035029.584000000264496 ], [ 556650.074000000022352, 3035029.53400000045076 ], [ 556650.598999999929219, 3035029.509000000543892 ] ] ] } },
{ "type": "Feature", "properties": { "unit_id": "c00181", "method": "watershed", "label": 181, "area_m2": 4.5437500000669395, "height_max_m": 1.6024496555328369, "height_mean_m": 1.1241705086695295, "canopy_cover": 1.0, "volume_m3": 5.1402696509051724, "n_pixels": 1829, "data_coverage": 1.0, "vari_mean": 0.259271913757192, "exg_mean": 0.3100924369478083, "gli_mean": 0.2107779647089566, "height_max_m_pct": 40.432098765432102, "height_mean_m_pct": 39.814814814814817, "volume_m3_pct": 66.975308641975303, "canopy_cover_pct": 83.487654320987659, "vari_mean_pct": 35.185185185185183, "exg_mean_pct": 34.25925925925926, "gli_mean_pct": 33.641975308641975 }, "geometry": { "type": "Polygon", "coordinates": [ [ [ 556628.699000000022352, 3034970.609000000171363 ], [ 556628.824000000022352, 3034970.934000000357628 ], [ 556628.973999999929219, 3034971.134 ], [ 556629.023999999975786, 3034971.434000000357628 ], [ 556629.074000000022352, 3034971.484000000171363 ], [ 556629.074000000022352, 3034971.78400000045076 ], [ 556629.123999999952503, 3034971.834000000264496 ], [ 556629.123999999952503, 3034971.984000000171363 ], [ 556629.074000000022352, 3034972.03400000045076 ], [ 556629.074000000022352, 3034972.184000000357628 ], [ 556629.023999999975786, 3034972.28400000045076 ], [ 556628.623999999952503, 3034972.734000000171363 ], [ 556628.598999999929219, 3034972.809000000357628 ], [ 556627.098999999929219, 3034972.809000000357628 ], [ 556627.074000000022352, 3034972.53400000045076 ], [ 556627.023999999975786, 3034972.484000000171363 ], [ 556626.973999999929219, 3034972.234000000171363 ], [ 556626.674, 3034971.684000000357628 ], [ 556626.674, 3034971.53400000045076 ], [ 556626.623999999952503, 3034971.484000000171363 ], [ 556626.723999999929219, 3034971.084000000264496 ], [ 556626.873999999952503, 3034970.834000000264496 ], [ 556626.873999999952503, 3034970.734000000171363 ], [ 556626.949000000022352, 3034970.65900000045076 ], [ 556628.098999999929219, 3034970.65900000045076 ], [ 556628.148999999975786, 3034970.609000000171363 ], [ 556628.699000000022352, 3034970.609000000171363 ] ] ] } },
{ "type": "Feature", "properties": { "unit_id": "c00182", "method": "watershed", "label": 182, "area_m2": 3.4018750001810254, "height_max_m": 1.6338092088699341, "height_mean_m": 1.2296697911563124, "canopy_cover": 0.99632082413539369, "volume_m3": 4.1778031154647461, "n_pixels": 1359, "data_coverage": 1.0, "vari_mean": 0.34035593243663709, "exg_mean": 0.45362558975241069, "gli_mean": 0.29739671830927283, "height_max_m_pct": 45.370370370370374, "height_mean_m_pct": 63.580246913580254, "volume_m3_pct": 55.555555555555557, "canopy_cover_pct": 44.753086419753089, "vari_mean_pct": 86.111111111111114, "exg_mean_pct": 92.901234567901241, "gli_mean_pct": 91.666666666666657 }, "geometry": { "type": "Polygon", "coordinates": [ [ [ 556651.049, 3035018.859000000171363 ], [ 556651.273999999975786, 3035019.03400000045076 ], [ 556651.373999999952503, 3035019.234000000171363 ], [ 556651.373999999952503, 3035019.384000000543892 ], [ 556651.473999999929219, 3035019.584000000264496 ], [ 556651.473999999929219, 3035019.78400000045076 ], [ 556651.523999999975786, 3035019.834000000264496 ], [ 556651.473999999929219, 3035019.934000000357628 ], [ 556651.473999999929219, 3035020.084000000264496 ], [ 556651.424, 3035020.134000000543892 ], [ 556651.424, 3035020.234000000171363 ], [ 556651.273999999975786, 3035020.53400000045076 ], [ 556650.973999999929219, 3035020.884000000543892 ], [ 556650.973999999929219, 3035020.934000000357628 ], [ 556650.873999999952503, 3035021.03400000045076 ], [ 556650.848999999929219, 3035021.15900000045076 ], [ 556650.299, 3035021.15900000045076 ], [ 556650.098999999929219, 3035020.959000000264496 ], [ 556649.748999999952503, 3035020.809000000357628 ], [ 556649.373999999952503, 3035020.434000000357628 ], [ 556649.273999999975786, 3035020.234000000171363 ], [ 556649.273999999975786, 3035019.984000000171363 ], [ 556649.324000000022352, 3035019.884000000543892 ], [ 556649.598999999929219, 3035019.609000000171363 ], [ 556649.648999999975786, 3035019.609000000171363 ], [ 556649.898999999975786, 3035019.40900000045076 ], [ 556650.648999999975786, 3035019.109000000171363 ], [ 556650.898999999975786, 3035018.859000000171363 ], [ 556651.049, 3035018.859000000171363 ] ] ] } },
{ "type": "Feature", "properties": { "unit_id": "c00183", "method": "watershed", "label": 183, "area_m2": 4.3512500001420271, "height_max_m": 1.6391911506652832, "height_mean_m": 1.10051735166052, "canopy_cover": 1.0, "volume_m3": 4.8450276406983983, "n_pixels": 1761, "data_coverage": 1.0, "vari_mean": 0.23949025585991318, "exg_mean": 0.29301472567257375, "gli_mean": 0.19872546325953222, "height_max_m_pct": 46.296296296296298, "height_mean_m_pct": 35.493827160493829, "volume_m3_pct": 64.197530864197532, "canopy_cover_pct": 83.487654320987659, "vari_mean_pct": 23.456790123456788, "exg_mean_pct": 25.617283950617285, "gli_mean_pct": 25.0 }, "geometry": { "type": "Polygon", "coordinates": [ [ [ 556627.598999999929219, 3034956.009 ], [ 556627.799, 3034956.109000000171363 ], [ 556627.898999999975786, 3034956.109000000171363 ], [ 556628.248999999952503, 3034956.309000000357628 ], [ 556628.523999999975786, 3034956.634 ], [ 556628.574000000022352, 3034956.984000000171363 ], [ 556628.523999999975786, 3034957.03400000045076 ], [ 556628.523999999975786, 3034957.234000000171363 ], [ 556628.473999999929219, 3034957.28400000045076 ], [ 556628.473999999929219, 3034957.384 ], [ 556628.273999999975786, 3034957.734000000171363 ], [ 556628.273999999975786, 3034957.834000000264496 ], [ 556628.174, 3034958.03400000045076 ], [ 556628.174, 3034958.234000000171363 ], [ 556628.223999999929219, 3034958.28400000045076 ], [ 556627.998999999952503, 3034958.459000000264496 ], [ 556627.148999999975786, 3034958.459000000264496 ], [ 556626.848999999929219, 3034958.109000000171363 ], [ 556626.799, 3034958.109000000171363 ], [ 556626.648999999975786, 3034957.959000000264496 ], [ 556626.598999999929219, 3034957.959000000264496 ], [ 556626.424, 3034957.78400000045076 ], [ 556626.223999999929219, 3034957.384 ], [ 556626.174, 3034957.03400000045076 ], [ 556626.223999999929219, 3034956.984000000171363 ], [ 556626.223999999929219, 3034956.884 ], [ 556626.324000000022352, 3034956.684000000357628 ], [ 556626.549, 3034956.459000000264496 ], [ 556626.598999999929219, 3034956.459000000264496 ], [ 556626.748999999952503, 3034956.309000000357628 ], [ 556626.799, 3034956.309000000357628 ], [ 556626.998999999952503, 3034956.109000000171363 ], [ 556627.199000000022352, 3034956.009 ], [ 556627.598999999929219, 3034956.009 ] ] ] } },
{ "type": "Feature", "properties": { "unit_id": "c00184", "method": "watershed", "label": 184, "area_m2": 2.3206249999976718, "height_max_m": 1.6149673461914062, "height_mean_m": 1.1121930816068739, "canopy_cover": 0.99894067796610164, "volume_m3": 2.6247756725992435, "n_pixels": 944, "data_coverage": 1.0, "vari_mean": 0.28824453284635893, "exg_mean": 0.41395592441644896, "gli_mean": 0.27463262687986512, "height_max_m_pct": 42.283950617283949, "height_mean_m_pct": 38.271604938271601, "volume_m3_pct": 33.641975308641975, "canopy_cover_pct": 59.567901234567898, "vari_mean_pct": 56.481481481481474, "exg_mean_pct": 81.790123456790127, "gli_mean_pct": 79.938271604938265 }, "geometry": { "type": "Polygon", "coordinates": [ [ [ 556650.398999999975786, 3035033.90900000045076 ], [ 556650.449000000022352, 3035033.959000000264496 ], [ 556650.699000000022352, 3035033.959000000264496 ], [ 556650.748999999952503, 3035034.009000000543892 ], [ 556650.848999999929219, 3035034.009000000543892 ], [ 556651.148999999975786, 3035034.15900000045076 ], [ 556651.223999999929219, 3035034.234000000171363 ], [ 556651.273999999975786, 3035034.334000000264496 ], [ 556651.273999999975786, 3035034.734000000171363 ], [ 556651.324000000022352, 3035034.78400000045076 ], [ 556651.324000000022352, 3035034.884000000543892 ], [ 556651.273999999975786, 3035034.934000000357628 ], [ 556651.273999999975786, 3035035.084000000264496 ], [ 556651.174, 3035035.28400000045076 ], [ 556650.898999999975786, 3035035.559000000357628 ], [ 556650.598999999929219, 3035035.609000000171363 ], [ 556650.549, 3035035.65900000045076 ], [ 556650.098999999929219, 3035035.65900000045076 ], [ 556649.873999999952503, 3035035.384000000543892 ], [ 556649.873999999952503, 3035035.134000000543892 ], [ 556649.824000000022352, 3035035.084000000264496 ], [ 556649.824000000022352, 3035034.934000000357628 ], [ 556649.674, 3035034.684000000357628 ], [ 556649.674, 3035034.28400000045076 ], [ 556649.723999999929219, 3035034.234000000171363 ], [ 556649.723999999929219, 3035034.134000000543892 ], [ 556649.898999999975786, 3035033.959000000264496 ], [ 556649.998999999952503, 3035033.90900000045076 ], [ 556650.398999999975786, 3035033.90900000045076 ] ] ] } },
{ "type": "Feature", "properties": { "unit_id": "c00185", "method": "watershed", "label": 185, "area_m2": 3.3356249998888226, "height_max_m": 1.6523375511169434, "height_mean_m": 1.00793332911652, "canopy_cover": 0.99554896142433236, "volume_m3": 3.3967353191317575, "n_pixels": 1348, "data_coverage": 1.0, "vari_mean": 0.21843085393788261, "exg_mean": 0.27647059829261816, "gli_mean": 0.19032974043757997, "height_max_m_pct": 47.222222222222221, "height_mean_m_pct": 20.679012345679013, "volume_m3_pct": 46.296296296296298, "canopy_cover_pct": 41.049382716049379, "vari_mean_pct": 12.037037037037036, "exg_mean_pct": 16.666666666666664, "gli_mean_pct": 17.283950617283949 }, "geometry": { "type": "Polygon", "coordinates": [ [ [ 556627.449000000022352, 3034997.459000000264496 ], [ 556627.498999999952503, 3034997.509 ], [ 556627.699000000022352, 3034997.509 ], [ 556627.748999999952503, 3034997.559000000357628 ], [ 556628.248999999952503, 3034997.559000000357628 ], [ 556628.324000000022352, 3034997.634 ], [ 556628.373999999952503, 3034997.834000000264496 ], [ 556628.424, 3034997.884 ], [ 556628.473999999929219, 3034999.03400000045076 ], [ 556628.373999999952503, 3034999.234000000171363 ], [ 556628.273999999975786, 3034999.334000000264496 ], [ 556628.273999999975786, 3034999.484000000171363 ], [ 556628.324000000022352, 3034999.584000000264496 ], [ 556628.049, 3034999.709000000264496 ], [ 556627.248999999952503, 3034999.709000000264496 ], [ 556627.223999999929219, 3034999.584000000264496 ], [ 556627.273999999975786, 3034999.53400000045076 ], [ 556627.273999999975786, 3034999.334000000264496 ], [ 556627.174, 3034999.134 ], [ 556626.523999999975786, 3034998.484000000171363 ], [ 556626.424, 3034998.28400000045076 ], [ 556626.424, 3034998.134 ], [ 556626.473999999929219, 3034998.03400000045076 ], [ 556626.748999999952503, 3034997.759 ], [ 556626.799, 3034997.759 ], [ 556626.898999999975786, 3034997.65900000045076 ], [ 556626.998999999952503, 3034997.65900000045076 ], [ 556627.049, 3034997.609000000171363 ], [ 556627.248999999952503, 3034997.559000000357628 ], [ 556627.348999999929219, 3034997.459000000264496 ], [ 556627.449000000022352, 3034997.459000000264496 ] ] ] } },
{ "type": "Feature", "properties": { "unit_id": "c00186", "method": "watershed", "label": 186, "area_m2": 1.9700000000052387, "height_max_m": 1.5961885452270508, "height_mean_m": 1.1898836530041259, "canopy_cover": 0.98866498740554154, "volume_m3": 2.3619190512195076, "n_pixels": 794, "data_coverage": 1.0, "vari_mean": 0.23120369823456355, "exg_mean": 0.22368091056286754, "gli_mean": 0.15664875718818799, "height_max_m_pct": 39.814814814814817, "height_mean_m_pct": 55.555555555555557, "volume_m3_pct": 29.629629629629626, "canopy_cover_pct": 20.061728395061728, "vari_mean_pct": 17.901234567901234, "exg_mean_pct": 5.2469135802469129, "gli_mean_pct": 5.2469135802469129 }, "geometry": { "type": "Polygon", "coordinates": [ [ [ 556643.449000000022352, 3034970.059000000357628 ], [ 556643.498999999952503, 3034970.109000000171363 ], [ 556643.598999999929219, 3034970.109000000171363 ], [ 556643.648999999975786, 3034970.15900000045076 ], [ 556643.848999999929219, 3034970.209000000264496 ], [ 556643.973999999929219, 3034970.334000000264496 ], [ 556644.074000000022352, 3034970.484000000171363 ], [ 556644.123999999952503, 3034970.734000000171363 ], [ 556643.873999999952503, 3034971.234000000171363 ], [ 556643.598999999929219, 3034971.509 ], [ 556643.498999999952503, 3034971.559000000357628 ], [ 556643.248999999952503, 3034971.559000000357628 ], [ 556642.748999999952503, 3034971.309000000357628 ], [ 556642.348999999929219, 3034970.90900000045076 ], [ 556642.324000000022352, 3034970.634 ], [ 556642.424, 3034970.434000000357628 ], [ 556642.699000000022352, 3034970.209000000264496 ], [ 556642.898999999975786, 3034970.109000000171363 ], [ 556642.998999999952503, 3034970.109000000171363 ], [ 556643.049, 3034970.059000000357628 ], [ 556643.449000000022352, 3034970.059000000357628 ] ] ] } },
{ "type": "Feature", "properties": { "unit_id": "c00187", "method": "watershed", "label": 187, "area_m2": 2.9656250000174627, "height_max_m": 1.57712721824646, "height_mean_m": 1.19832485726872, "canopy_cover": 0.98993288590604023, "volume_m3": 3.571008074670337, "n_pixels": 1192, "data_coverage": 1.0, "vari_mean": 0.32207704930268638, "exg_mean": 0.43085198387686263, "gli_mean": 0.28682928900836241, "height_max_m_pct": 37.037037037037038, "height_mean_m_pct": 58.024691358024697, "volume_m3_pct": 49.074074074074076, "canopy_cover_pct": 24.074074074074073, "vari_mean_pct": 78.086419753086417, "exg_mean_pct": 85.802469135802468, "gli_mean_pct": 85.802469135802468 }, "geometry": { "type": "Polygon", "coordinates": [ [ [ 556658.248999999952503, 3034991.40900000045076 ], [ 556658.299, 3034991.459000000264496 ], [ 556658.699000000022352, 3034991.459000000264496 ], [ 556658.773999999975786, 3034991.734000000171363 ], [ 556659.074000000022352, 3034992.03400000045076 ], [ 556659.224000000045635, 3034992.334000000264496 ], [ 556659.224000000045635, 3034992.734000000171363 ], [ 556659.123999999952503, 3034992.934000000357628 ], [ 556658.974000000045635, 3034993.084000000264496 ], [ 556658.949000000022352, 3034993.15900000045076 ], [ 556658.898999999975786, 3034993.15900000045076 ], [ 556658.748999999952503, 3034993.309000000357628 ], [ 556658.549, 3034993.40900000045076 ], [ 556658.099000000045635, 3034993.40900000045076 ], [ 556658.049, 3034993.359000000171363 ], [ 556657.949000000022352, 3034993.359000000171363 ], [ 556657.648999999975786, 3034993.209000000264496 ], [ 556657.324000000022352, 3034992.884 ], [ 556657.273999999975786, 3034992.78400000045076 ], [ 556657.273999999975786, 3034992.334000000264496 ], [ 556657.474000000045635, 3034991.984000000171363 ], [ 556657.724000000045635, 3034991.684000000357628 ], [ 556657.824000000022352, 3034991.434000000357628 ], [ 556658.248999999952503, 3034991.40900000045076 ] ] ] } },
{ "type": "Feature", "properties": { "unit_id": "c00188", "method": "watershed", "label": 188, "area_m2": 5.1474999999545989, "height_max_m": 1.5915464162826538, "height_mean_m": 1.141441276048919, "canopy_cover": 0.99615384615384617, "volume_m3": 5.9354946354702554, "n_pixels": 2080, "data_coverage": 1.0, "vari_mean": 0.24368389781385194, "exg_mean": 0.3296477484621958, "gli_mean": 0.22206359639145956, "height_max_m_pct": 39.197530864197532, "height_mean_m_pct": 44.135802469135804, "volume_m3_pct": 69.753086419753089, "canopy_cover_pct": 43.827160493827158, "vari_mean_pct": 25.0, "exg_mean_pct": 48.456790123456791, "gli_mean_pct": 45.987654320987652 }, "geometry": { "type": "Polygon", "coordinates": [ [ [ 556636.348999999929219, 3034921.809000000357628 ], [ 556636.449000000022352, 3034921.959000000264496 ], [ 556636.799, 3034922.059000000357628 ], [ 556636.924, 3034922.234000000171363 ], [ 556636.924, 3034922.634 ], [ 556636.973999999929219, 3034922.684000000357628 ], [ 556636.973999999929219, 3034922.78400000045076 ], [ 556637.074000000022352, 3034922.984000000171363 ], [ 556637.074000000022352, 3034923.134 ], [ 556637.123999999952503, 3034923.184000000357628 ], [ 556637.074000000022352, 3034923.434000000357628 ], [ 556637.023999999975786, 3034923.53400000045076 ], [ 556636.799, 3034923.759 ], [ 556636.648999999975786, 3034923.809000000357628 ], [ 556636.523999999975786, 3034923.934000000357628 ], [ 556636.523999999975786, 3034924.084000000264496 ], [ 556636.574000000022352, 3034924.134 ], [ 556636.498999999952503, 3034924.209000000264496 ], [ 556636.148999999975786, 3034924.209000000264496 ], [ 556635.898999999975786, 3034924.359000000171363 ], [ 556635.248999999952503, 3034924.359000000171363 ], [ 556635.174, 3034923.984000000171363 ], [ 556635.023999999975786, 3034923.684000000357628 ], [ 556634.799, 3034923.459000000264496 ], [ 556634.498999999952503, 3034923.309000000357628 ], [ 556634.373999999952503, 3034923.134 ], [ 556634.373999999952503, 3034922.584000000264496 ], [ 556634.424, 3034922.53400000045076 ], [ 556634.424, 3034922.434000000357628 ], [ 556634.648999999975786, 3034922.209000000264496 ], [ 556635.049, 3034922.059000000357628 ], [ 556635.248999999952503, 3034921.859000000171363 ], [ 556635.898999999975786, 3034921.859000000171363 ], [ 556635.949000000022352, 3034921.809000000357628 ], [ 556636.348999999929219, 3034921.809000000357628 ] ] ] } },
{ "type": "Feature", "properties": { "unit_id": "c00189", "method": "watershed", "label": 189, "area_m2": 3.3118750001341688, "height_max_m": 1.5897915363311768, "height_mean_m": 1.009136424204871, "canopy_cover": 0.98878085265519822, "volume_m3": 3.3730384979138033, "n_pixels": 1337, "data_coverage": 1.0, "vari_mean": 0.23011743871997964, "exg_mean": 0.28032906848612371, "gli_mean": 0.19250272567130519, "height_max_m_pct": 38.580246913580247, "height_mean_m_pct": 21.296296296296298, "volume_m3_pct": 45.987654320987652, "canopy_cover_pct": 20.679012345679013, "vari_mean_pct": 16.666666666666664, "exg_mean_pct": 19.1358024691358, "gli_mean_pct": 19.753086419753085 }, "geometry": { "type": "Polygon", "coordinates": [ [ [ 556634.799, 3035009.65900000045076 ], [ 556634.998999999952503, 3035009.859000000171363 ], [ 556635.148999999975786, 3035009.859000000171363 ], [ 556635.199000000022352, 3035009.90900000045076 ], [ 556635.449000000022352, 3035009.859000000171363 ], [ 556635.498999999952503, 3035009.90900000045076 ], [ 556635.699000000022352, 3035009.90900000045076 ], [ 556635.898999999975786, 3035010.009 ], [ 556636.299, 3035010.40900000045076 ], [ 556636.373999999952503, 3035010.434000000357628 ], [ 556636.373999999952503, 3035010.484000000171363 ], [ 556636.523999999975786, 3035010.634 ], [ 556636.574000000022352, 3035010.734000000171363 ], [ 556636.574000000022352, 3035010.884 ], [ 556636.523999999975786, 3035010.984000000171363 ], [ 556636.299, 3035011.109000000171363 ], [ 556636.049, 3035011.15900000045076 ], [ 556635.598999999929219, 3035011.65900000045076 ], [ 556635.299, 3035011.65900000045076 ], [ 556634.598999999929219, 3035011.309000000357628 ], [ 556634.473999999929219, 3035011.184000000357628 ], [ 556634.373999999952503, 3035010.934000000357628 ], [ 556634.123999999952503, 3035010.634 ], [ 556634.123999999952503, 3035010.53400000045076 ], [ 556634.074000000022352, 3035010.484000000171363 ], [ 556634.074000000022352, 3035010.234000000171363 ], [ 556634.123999999952503, 3035010.184000000357628 ], [ 556634.123999999952503, 3035009.984000000171363 ], [ 556634.223999999929219, 3035009.78400000045076 ], [ 556634.348999999929219, 3035009.65900000045076 ], [ 556634.799, 3035009.65900000045076 ] ] ] } },
{ "type": "Feature", "properties": { "unit_id": "c00190", "method": "watershed", "label": 190, "area_m2": 2.4843749998311973, "height_max_m": 1.5802124738693237, "height_mean_m": 1.2536524233668287, "canopy_cover": 0.98984771573604058, "volume_m3": 3.0871190925490728, "n_pixels": 985, "data_coverage": 1.0, "vari_mean": 0.32839156588241997, "exg_mean": 0.44038782175279206, "gli_mean": 0.29286916723316936, "height_max_m_pct": 38.271604938271601, "height_mean_m_pct": 70.061728395061735, "volume_m3_pct": 41.975308641975303, "canopy_cover_pct": 23.765432098765434, "vari_mean_pct": 80.246913580246911, "exg_mean_pct": 87.654320987654316, "gli_mean_pct": 88.271604938271608 }, "geometry": { "type": "Polygon", "coordinates": [ [ [ 556650.598999999929219, 3035031.759000000543892 ], [ 556650.648999999975786, 3035031.809000000357628 ], [ 556650.748999999952503, 3035031.809000000357628 ], [ 556651.223999999929219, 3035032.28400000045076 ], [ 556651.273999999975786, 3035032.434000000357628 ], [ 556651.424, 3035032.634000000543892 ], [ 556651.424, 3035032.734000000171363 ], [ 556651.473999999929219, 3035032.78400000045076 ], [ 556651.473999999929219, 3035033.03400000045076 ], [ 556651.373999999952503, 3035033.184000000357628 ], [ 556651.098999999929219, 3035033.40900000045076 ], [ 556650.699000000022352, 3035033.609000000171363 ], [ 556650.398999999975786, 3035033.609000000171363 ], [ 556650.049, 3035033.40900000045076 ], [ 556649.949000000022352, 3035033.309000000357628 ], [ 556649.898999999975786, 3035033.309000000357628 ], [ 556649.623999999952503, 3035033.03400000045076 ], [ 556649.574000000022352, 3035032.934000000357628 ], [ 556649.574000000022352, 3035032.684000000357628 ], [ 556649.674, 3035032.53400000045076 ], [ 556649.674, 3035032.434000000357628 ], [ 556649.773999999975786, 3035032.234000000171363 ], [ 556649.998999999952503, 3035032.009000000543892 ], [ 556650.148999999975786, 3035031.959000000264496 ], [ 556650.348999999929219, 3035031.809000000357628 ], [ 556650.598999999929219, 3035031.759000000543892 ] ] ] } },
{ "type": "Feature", "properties": { "unit_id": "c00191", "method": "watershed", "label": 191, "area_m2": 1.5256249997566917, "height_max_m": 1.5791873931884766, "height_mean_m": 1.1727298127672028, "canopy_cover": 0.97851239669421486, "volume_m3": 1.7737538418151384, "n_pixels": 605, "data_coverage": 1.0, "vari_mean": 0.35899697486886256, "exg_mean": 0.44063996855173904, "gli_mean": 0.29230159829399482, "height_max_m_pct": 37.345679012345677, "height_mean_m_pct": 51.543209876543209, "volume_m3_pct": 19.753086419753085, "canopy_cover_pct": 7.098765432098765, "vari_mean_pct": 92.901234567901241, "exg_mean_pct": 87.962962962962962, "gli_mean_pct": 87.654320987654316 }, "geometry": { "type": "Polygon", "coordinates": [ [ [ 556651.449000000022352, 3034946.65900000045076 ], [ 556651.824000000022352, 3034946.834000000264496 ], [ 556651.924, 3034946.934000000357628 ], [ 556651.973999999929219, 3034947.03400000045076 ], [ 556651.973999999929219, 3034947.184000000357628 ], [ 556652.023999999975786, 3034947.234000000171363 ], [ 556651.973999999929219, 3034947.28400000045076 ], [ 556651.973999999929219, 3034947.434000000357628 ], [ 556651.873999999952503, 3034947.634 ], [ 556651.699000000022352, 3034947.859000000171363 ], [ 556651.648999999975786, 3034947.859000000171363 ], [ 556651.549, 3034947.959000000264496 ], [ 556651.248999999952503, 3034947.959000000264496 ], [ 556650.898999999975786, 3034947.759 ], [ 556650.623999999952503, 3034947.484000000171363 ], [ 556650.623999999952503, 3034947.434000000357628 ], [ 556650.473999999929219, 3034947.28400000045076 ], [ 556650.424, 3034947.084000000264496 ], [ 556650.549, 3034946.859000000171363 ], [ 556650.898999999975786, 3034946.65900000045076 ], [ 556651.449000000022352, 3034946.65900000045076 ] ] ] } },
{ "type": "Feature", "properties": { "unit_id": "c00192", "method": "watershed", "label": 192, "area_m2": 2.0962499998140265, "height_max_m": 1.6326836347579956, "height_mean_m": 1.1710708348084988, "canopy_cover": 0.97358943577430967, "volume_m3": 2.4387550134952218, "n_pixels": 833, "data_coverage": 1.0, "vari_mean": 0.33852768251949256, "exg_mean": 0.37982219117005855, "gli_mean": 0.25596831994964514, "height_max_m_pct": 45.061728395061728, "height_mean_m_pct": 50.0, "volume_m3_pct": 30.864197530864196, "canopy_cover_pct": 3.7037037037037033, "vari_mean_pct": 85.18518518518519, "exg_mean_pct": 69.135802469135797, "gli_mean_pct": 69.753086419753089 }, "geometry": { "type": "Polygon", "coordinates": [ [ [ 556651.799, 3034942.40900000045076 ], [ 556651.848999999929219, 3034942.459000000264496 ], [ 556652.049, 3034942.509 ], [ 556652.123999999952503, 3034942.584000000264496 ], [ 556652.123999999952503, 3034942.634 ], [ 556652.223999999929219, 3034942.734000000171363 ], [ 556652.223999999929219, 3034942.884 ], [ 556652.273999999975786, 3034942.934000000357628 ], [ 556652.273999999975786, 3034943.184000000357628 ], [ 556652.074000000022352, 3034943.53400000045076 ], [ 556651.848999999929219, 3034943.759 ], [ 556651.648999999975786, 3034943.809000000357628 ], [ 556651.598999999929219, 3034943.859000000171363 ], [ 556651.248999999952503, 3034943.859000000171363 ], [ 556651.199000000022352, 3034943.809000000357628 ], [ 556650.898999999975786, 3034943.809000000357628 ], [ 556650.799, 3034943.759 ], [ 556650.674, 3034943.634 ], [ 556650.623999999952503, 3034943.53400000045076 ], [ 556650.623999999952503, 3034943.384 ], [ 556650.574000000022352, 3034943.334000000264496 ], [ 556650.574000000022352, 3034942.78400000045076 ], [ 556650.623999999952503, 3034942.734000000171363 ], [ 556650.623999999952503, 3034942.634 ], [ 556650.848999999929219, 3034942.40900000045076 ], [ 556651.799, 3034942.40900000045076 ] ] ] } },
{ "type": "Feature", "properties": { "unit_id": "c00193", "method": "watershed", "label": 193, "area_m2": 2.310625000143482, "height_max_m": 1.6043018102645874, "height_mean_m": 1.0938415512217301, "canopy_cover": 0.99784017278617709, "volume_m3": 2.5322431910850787, "n_pixels": 926, "data_coverage": 1.0, "vari_mean": 0.26491788091099261, "exg_mean": 0.31058214624320052, "gli_mean": 0.21320496736230937, "height_max_m_pct": 41.049382716049379, "height_mean_m_pct": 33.950617283950621, "volume_m3_pct": 32.098765432098766, "canopy_cover_pct": 51.23456790123457, "vari_mean_pct": 39.814814814814817, "exg_mean_pct": 35.185185185185183, "gli_mean_pct": 37.654320987654323 }, "geometry": { "type": "Polygon", "coordinates": [ [ [ 556620.498999999952503, 3034998.059000000357628 ], [ 556620.549, 3034998.109000000171363 ], [ 556620.698999999905936, 3034998.109000000171363 ], [ 556620.948999999905936, 3034998.259 ], [ 556621.049, 3034998.259 ], [ 556621.223999999929219, 3034998.384 ], [ 556621.223999999929219, 3034998.584000000264496 ], [ 556621.023999999975786, 3034998.78400000045076 ], [ 556620.924, 3034998.984000000171363 ], [ 556620.924, 3034999.234000000171363 ], [ 556620.873999999952503, 3034999.28400000045076 ], [ 556620.873999999952503, 3034999.434000000357628 ], [ 556620.823999999905936, 3034999.484000000171363 ], [ 556620.823999999905936, 3034999.634 ], [ 556620.873999999952503, 3034999.684000000357628 ], [ 556620.148999999975786, 3034999.709000000264496 ], [ 556620.098999999929219, 3034999.65900000045076 ], [ 556619.848999999929219, 3034999.609000000171363 ], [ 556619.799, 3034999.559000000357628 ], [ 556619.498999999952503, 3034999.509 ], [ 556619.448999999905936, 3034999.459000000264496 ], [ 556619.248999999952503, 3034999.459000000264496 ], [ 556619.223999999929219, 3034999.434000000357628 ], [ 556619.373999999952503, 3034999.184000000357628 ], [ 556619.424, 3034998.78400000045076 ], [ 556619.473999999929219, 3034998.734000000171363 ], [ 556619.473999999929219, 3034998.634 ], [ 556619.573999999905936, 3034998.434000000357628 ], [ 556619.799, 3034998.209000000264496 ], [ 556619.998999999952503, 3034998.109000000171363 ], [ 556620.498999999952503, 3034998.059000000357628 ] ] ] } },
{ "type": "Feature", "properties": { "unit_id": "c00194", "method": "watershed", "label": 194, "area_m2": 2.1881250000360888, "height_max_m": 1.6147890090942383, "height_mean_m": 1.0748361653103178, "canopy_cover": 0.99885452462772051, "volume_m3": 2.3458299307960435, "n_pixels": 873, "data_coverage": 1.0, "vari_mean": 0.29139901594969192, "exg_mean": 0.3826245802627804, "gli_mean": 0.25421892492588605, "height_max_m_pct": 41.975308641975303, "height_mean_m_pct": 29.938271604938272, "volume_m3_pct": 28.703703703703702, "canopy_cover_pct": 58.950617283950614, "vari_mean_pct": 59.876543209876544, "exg_mean_pct": 69.753086419753089, "gli_mean_pct": 69.444444444444443 }, "geometry": { "type": "Polygon", "coordinates": [ [ [ 556643.648999999975786, 3034950.359000000171363 ], [ 556643.674, 3034950.434000000357628 ], [ 556644.273999999975786, 3034951.03400000045076 ], [ 556644.324000000022352, 3034951.134 ], [ 556644.324000000022352, 3034951.484000000171363 ], [ 556644.223999999929219, 3034951.684000000357628 ], [ 556643.799, 3034952.059000000357628 ], [ 556643.699000000022352, 3034952.109000000171363 ], [ 556643.449000000022352, 3034952.109000000171363 ], [ 556642.848999999929219, 3034951.809000000357628 ], [ 556642.674, 3034951.584000000264496 ], [ 556642.623999999952503, 3034951.334000000264496 ], [ 556642.674, 3034951.28400000045076 ], [ 556642.723999999929219, 3034950.984000000171363 ], [ 556642.924, 3034950.584000000264496 ], [ 556642.949000000022352, 3034950.359000000171363 ], [ 556643.648999999975786, 3034950.359000000171363 ] ] ] } },
{ "type": "Feature", "properties": { "unit_id": "c00195", "method": "watershed", "label": 195, "area_m2": 5.7412500001335864, "height_max_m": 1.5670968294143677, "height_mean_m": 1.0788087773107062, "canopy_cover": 1.0, "volume_m3": 6.2516968645322653, "n_pixels": 2318, "data_coverage": 1.0, "vari_mean": 0.24506746555352651, "exg_mean": 0.29860213742606689, "gli_mean": 0.20285441849846475, "height_max_m_pct": 36.419753086419753, "height_mean_m_pct": 30.555555555555557, "volume_m3_pct": 70.987654320987659, "canopy_cover_pct": 83.487654320987659, "vari_mean_pct": 26.851851851851855, "exg_mean_pct": 28.086419753086421, "gli_mean_pct": 26.851851851851855 }, "geometry": { "type": "Polygon", "coordinates": [ [ [ 556612.398999999975786, 3035011.90900000045076 ], [ 556612.448999999905936, 3035011.959000000264496 ], [ 556612.648999999975786, 3035011.959000000264496 ], [ 556612.848999999929219, 3035012.059000000357628 ], [ 556613.448999999905936, 3035012.509 ], [ 556613.648999999975786, 3035012.609000000171363 ], [ 556613.748999999952503, 3035012.609000000171363 ], [ 556613.924, 3035012.734000000171363 ], [ 556613.924, 3035012.984000000171363 ], [ 556613.773999999975786, 3035013.184000000357628 ], [ 556613.773999999975786, 3035013.28400000045076 ], [ 556613.723999999929219, 3035013.334000000264496 ], [ 556613.723999999929219, 3035013.434000000357628 ], [ 556613.773999999975786, 3035013.484000000171363 ], [ 556613.773999999975786, 3035013.734000000171363 ], [ 556613.549, 3035014.009 ], [ 556613.348999999929219, 3035014.109000000171363 ], [ 556612.748999999952503, 3035014.15900000045076 ], [ 556612.549, 3035014.259 ], [ 556612.049, 3035014.309000000357628 ], [ 556611.898999999975786, 3035014.40900000045076 ], [ 556611.448999999905936, 3035014.40900000045076 ], [ 556611.424, 3035014.384 ], [ 556611.473999999929219, 3035014.334000000264496 ], [ 556611.473999999929219, 3035014.184000000357628 ], [ 556611.424, 3035014.084000000264496 ], [ 556610.873999999952503, 3035013.53400000045076 ], [ 556610.873999999952503, 3035013.484000000171363 ], [ 556610.773999999975786, 3035013.384 ], [ 556610.723999999929219, 3035013.28400000045076 ], [ 556610.723999999929219, 3035012.984000000171363 ], [ 556610.873999999952503, 3035012.684000000357628 ], [ 556611.248999999952503, 3035012.309000000357628 ], [ 556611.448999999905936, 3035012.209000000264496 ], [ 556611.549, 3035012.109000000171363 ], [ 556611.748999999952503, 3035012.009 ], [ 556611.848999999929219, 3035012.009 ], [ 556611.898999999975786, 3035011.959000000264496 ], [ 556611.998999999952503, 3035011.959000000264496 ], [ 556612.049, 3035011.90900000045076 ], [ 556612.398999999975786, 3035011.90900000045076 ] ] ] } },
{ "type": "Feature", "properties": { "unit_id": "c00196", "method": "watershed", "label": 196, "area_m2": 4.3874999998079156, "height_max_m": 1.7066773176193237, "height_mean_m": 0.93396854578029542, "canopy_cover": 1.0, "volume_m3": 4.1188012869021193, "n_pixels": 1764, "data_coverage": 1.0, "vari_mean": 0.13459500141012318, "exg_mean": 0.01788039655459292, "gli_mean": 0.013171841390520354, "height_max_m_pct": 54.629629629629626, "height_mean_m_pct": 13.271604938271606, "volume_m3_pct": 55.246913580246911, "canopy_cover_pct": 83.487654320987659, "vari_mean_pct": 3.3950617283950617, "exg_mean_pct": 1.5432098765432098, "gli_mean_pct": 1.5432098765432098 }, "geometry": { "type": "Polygon", "coordinates": [ [ [ 556611.498999999952503, 3035049.109000000171363 ], [ 556611.799, 3035049.259000000543892 ], [ 556612.174, 3035049.634000000543892 ], [ 556612.174, 3035049.734000000171363 ], [ 556612.023999999975786, 3035049.934000000357628 ], [ 556612.023999999975786, 3035050.584000000264496 ], [ 556611.973999999929219, 3035050.634000000543892 ], [ 556611.973999999929219, 3035050.734000000171363 ], [ 556611.873999999952503, 3035050.934000000357628 ], [ 556611.398999999975786, 3035051.40900000045076 ], [ 556611.098999999929219, 3035051.559000000357628 ], [ 556610.799, 3035051.559000000357628 ], [ 556610.049, 3035051.209000000264496 ], [ 556609.823999999905936, 3035050.984000000171363 ], [ 556609.773999999975786, 3035050.884000000543892 ], [ 556609.773999999975786, 3035050.484000000171363 ], [ 556610.023999999975786, 3035050.084000000264496 ], [ 556610.023999999975786, 3035049.584000000264496 ], [ 556610.123999999952503, 3035049.384000000543892 ], [ 556610.348999999929219, 3035049.259000000543892 ], [ 556610.948999999905936, 3035049.259000000543892 ], [ 556611.248999999952503, 3035049.109000000171363 ], [ 556611.498999999952503, 3035049.109000000171363 ] ] ] } },
{ "type": "Feature", "properties": { "unit_id": "c00197", "method": "watershed", "label": 197, "area_m2": 1.6262500000387081, "height_max_m": 1.554725170135498, "height_mean_m": 1.1649690246209503, "canopy_cover": 0.98939393939393938, "volume_m3": 1.9221988906297094, "n_pixels": 660, "data_coverage": 1.0, "vari_mean": 0.29857592453113074, "exg_mean": 0.40577829660931108, "gli_mean": 0.27225860155740772, "height_max_m_pct": 35.185185185185183, "height_mean_m_pct": 48.76543209876543, "volume_m3_pct": 22.530864197530864, "canopy_cover_pct": 22.839506172839506, "vari_mean_pct": 63.580246913580254, "exg_mean_pct": 77.777777777777786, "gli_mean_pct": 79.320987654320987 }, "geometry": { "type": "Polygon", "coordinates": [ [ [ 556666.498999999952503, 3034917.109000000171363 ], [ 556666.549, 3034917.15900000045076 ], [ 556666.674, 3034917.184000000357628 ], [ 556667.123999999952503, 3034917.634 ], [ 556667.224000000045635, 3034917.834000000264496 ], [ 556667.224000000045635, 3034918.28400000045076 ], [ 556667.174, 3034918.384 ], [ 556666.949000000022352, 3034918.609000000171363 ], [ 556666.849000000045635, 3034918.609000000171363 ], [ 556666.799, 3034918.65900000045076 ], [ 556666.449000000022352, 3034918.65900000045076 ], [ 556666.398999999975786, 3034918.609000000171363 ], [ 556666.199000000022352, 3034918.559000000357628 ], [ 556665.998999999952503, 3034918.40900000045076 ], [ 556665.773999999975786, 3034918.134 ], [ 556665.773999999975786, 3034917.834000000264496 ], [ 556665.824000000022352, 3034917.734000000171363 ], [ 556666.349000000045635, 3034917.15900000045076 ], [ 556666.449000000022352, 3034917.15900000045076 ], [ 556666.498999999952503, 3034917.109000000171363 ] ] ] } },
{ "type": "Feature", "properties": { "unit_id": "c00198", "method": "watershed", "label": 198, "area_m2": 1.6681250000221191, "height_max_m": 1.5684584379196167, "height_mean_m": 1.1719008191306861, "canopy_cover": 0.97317436661698953, "volume_m3": 1.965863624096984, "n_pixels": 671, "data_coverage": 1.0, "vari_mean": 0.31454601182093084, "exg_mean": 0.33550921529713157, "gli_mean": 0.2295128595328666, "height_max_m_pct": 36.728395061728399, "height_mean_m_pct": 50.617283950617285, "volume_m3_pct": 23.148148148148149, "canopy_cover_pct": 3.3950617283950617, "vari_mean_pct": 74.382716049382708, "exg_mean_pct": 52.160493827160494, "gli_mean_pct": 53.395061728395063 }, "geometry": { "type": "Polygon", "coordinates": [ [ [ 556651.348999999929219, 3034953.15900000045076 ], [ 556651.549, 3034953.259 ], [ 556651.773999999975786, 3034953.484000000171363 ], [ 556651.873999999952503, 3034953.684000000357628 ], [ 556651.873999999952503, 3034953.834000000264496 ], [ 556651.924, 3034953.884 ], [ 556651.873999999952503, 3034953.984000000171363 ], [ 556651.873999999952503, 3034954.334000000264496 ], [ 556651.824000000022352, 3034954.384 ], [ 556651.824000000022352, 3034954.484000000171363 ], [ 556651.598999999929219, 3034954.65900000045076 ], [ 556651.248999999952503, 3034954.65900000045076 ], [ 556651.199000000022352, 3034954.609000000171363 ], [ 556651.098999999929219, 3034954.609000000171363 ], [ 556650.898999999975786, 3034954.509 ], [ 556650.748999999952503, 3034954.359000000171363 ], [ 556650.699000000022352, 3034954.359000000171363 ], [ 556650.473999999929219, 3034954.134 ], [ 556650.473999999929219, 3034953.734000000171363 ], [ 556650.623999999952503, 3034953.53400000045076 ], [ 556650.623999999952503, 3034953.484000000171363 ], [ 556650.848999999929219, 3034953.259 ], [ 556650.949000000022352, 3034953.209000000264496 ], [ 556651.049, 3034953.209000000264496 ], [ 556651.098999999929219, 3034953.15900000045076 ], [ 556651.348999999929219, 3034953.15900000045076 ] ] ] } },
{ "type": "Feature", "properties": { "unit_id": "c00199", "method": "watershed", "label": 199, "area_m2": 4.445000000038708, "height_max_m": 1.6045564413070679, "height_mean_m": 1.0380434036271597, "canopy_cover": 0.99943914750420637, "volume_m3": 4.6270784716804414, "n_pixels": 1783, "data_coverage": 1.0, "vari_mean": 0.26005374774286344, "exg_mean": 0.30572085167548091, "gli_mean": 0.20836961213194435, "height_max_m_pct": 41.358024691358025, "height_mean_m_pct": 25.0, "volume_m3_pct": 61.728395061728392, "canopy_cover_pct": 64.197530864197532, "vari_mean_pct": 36.111111111111107, "exg_mean_pct": 30.555555555555557, "gli_mean_pct": 29.938271604938272 }, "geometry": { "type": "Polygon", "coordinates": [ [ [ 556635.199000000022352, 3034946.459000000264496 ], [ 556635.248999999952503, 3034946.509 ], [ 556635.398999999975786, 3034946.509 ], [ 556635.598999999929219, 3034946.609000000171363 ], [ 556635.949000000022352, 3034946.609000000171363 ], [ 556636.299, 3034946.809000000357628 ], [ 556636.523999999975786, 3034947.084000000264496 ], [ 556636.574000000022352, 3034947.28400000045076 ], [ 556636.623999999952503, 3034947.334000000264496 ], [ 556636.623999999952503, 3034947.434000000357628 ], [ 556636.273999999975786, 3034947.984000000171363 ], [ 556636.273999999975786, 3034948.084000000264496 ], [ 556636.223999999929219, 3034948.134 ], [ 556636.223999999929219, 3034948.234000000171363 ], [ 556636.174, 3034948.28400000045076 ], [ 556636.123999999952503, 3034948.484000000171363 ], [ 556635.773999999975786, 3034948.834000000264496 ], [ 556635.648999999975786, 3034948.959000000264496 ], [ 556635.049, 3034949.009 ], [ 556634.949000000022352, 3034948.959000000264496 ], [ 556634.674, 3034948.684000000357628 ], [ 556634.674, 3034948.634 ], [ 556634.523999999975786, 3034948.434000000357628 ], [ 556634.523999999975786, 3034948.334000000264496 ], [ 556634.273999999975786, 3034947.884 ], [ 556634.273999999975786, 3034947.684000000357628 ], [ 556634.223999999929219, 3034947.634 ], [ 556634.223999999929219, 3034947.28400000045076 ], [ 556634.273999999975786, 3034947.234000000171363 ], [ 556634.273999999975786, 3034947.084000000264496 ], [ 556634.373999999952503, 3034946.884 ], [ 556634.598999999929219, 3034946.609000000171363 ], [ 556634.898999999975786, 3034946.459000000264496 ], [ 556635.199000000022352, 3034946.459000000264496 ] ] ] } },
{ "type": "Feature", "properties": { "unit_id": "c00200", "method": "watershed", "label": 200, "area_m2": 1.7149999999610008, "height_max_m": 1.5912818908691406, "height_mean_m": 1.2418396422843427, "canopy_cover": 0.98394160583941603, "volume_m3": 2.1266503874176252, "n_pixels": 685, "data_coverage": 1.0, "vari_mean": 0.25950655510062198, "exg_mean": 0.32818989958618333, "gli_mean": 0.22590380362228293, "height_max_m_pct": 38.888888888888893, "height_mean_m_pct": 67.901234567901241, "volume_m3_pct": 25.0, "canopy_cover_pct": 13.888888888888889, "vari_mean_pct": 35.802469135802468, "exg_mean_pct": 47.530864197530867, "gli_mean_pct": 50.0 }, "geometry": { "type": "Polygon", "coordinates": [ [ [ 556658.349000000045635, 3034985.359000000171363 ], [ 556658.398999999975786, 3034985.40900000045076 ], [ 556658.549, 3034985.40900000045076 ], [ 556658.748999999952503, 3034985.559000000357628 ], [ 556658.799, 3034985.559000000357628 ], [ 556658.824000000022352, 3034985.634 ], [ 556658.974000000045635, 3034985.78400000045076 ], [ 556659.023999999975786, 3034985.984000000171363 ], [ 556659.074000000022352, 3034986.03400000045076 ], [ 556659.074000000022352, 3034986.28400000045076 ], [ 556659.023999999975786, 3034986.384 ], [ 556658.748999999952503, 3034986.65900000045076 ], [ 556658.549, 3034986.759 ], [ 556658.248999999952503, 3034986.759 ], [ 556658.199000000022352, 3034986.709000000264496 ], [ 556657.898999999975786, 3034986.65900000045076 ], [ 556657.623999999952503, 3034986.434000000357628 ], [ 556657.623999999952503, 3034986.384 ], [ 556657.523999999975786, 3034986.28400000045076 ], [ 556657.523999999975786, 3034986.134 ], [ 556657.474000000045635, 3034986.084000000264496 ], [ 556657.474000000045635, 3034985.884 ], [ 556657.523999999975786, 3034985.834000000264496 ], [ 556657.523999999975786, 3034985.734000000171363 ], [ 556657.799, 3034985.459000000264496 ], [ 556658.049, 3034985.40900000045076 ], [ 556658.099000000045635, 3034985.359000000171363 ], [ 556658.349000000045635, 3034985.359000000171363 ] ] ] } },
{ "type": "Feature", "properties": { "unit_id": "c00201", "method": "watershed", "label": 201, "area_m2": 1.7418750000561707, "height_max_m": 1.7302113771438599, "height_mean_m": 1.126309357016859, "canopy_cover": 0.99295774647887325, "volume_m3": 1.9991991087102721, "n_pixels": 710, "data_coverage": 1.0, "vari_mean": 0.28818243197785903, "exg_mean": 0.32681933653652501, "gli_mean": 0.22350938014754898, "height_max_m_pct": 57.098765432098766, "height_mean_m_pct": 40.123456790123456, "volume_m3_pct": 23.456790123456788, "canopy_cover_pct": 30.864197530864196, "vari_mean_pct": 56.172839506172842, "exg_mean_pct": 46.604938271604937, "gli_mean_pct": 47.222222222222221 }, "geometry": { "type": "Polygon", "coordinates": [ [ [ 556651.049, 3034974.609000000171363 ], [ 556651.098999999929219, 3034974.65900000045076 ], [ 556651.299, 3034974.65900000045076 ], [ 556651.348999999929219, 3034974.709000000264496 ], [ 556651.549, 3034974.759 ], [ 556651.773999999975786, 3034974.984000000171363 ], [ 556651.824000000022352, 3034975.084000000264496 ], [ 556651.824000000022352, 3034975.384 ], [ 556651.773999999975786, 3034975.434000000357628 ], [ 556651.723999999929219, 3034975.634 ], [ 556651.449000000022352, 3034975.90900000045076 ], [ 556651.348999999929219, 3034975.959000000264496 ], [ 556650.998999999952503, 3034975.959000000264496 ], [ 556650.648999999975786, 3034975.709000000264496 ], [ 556650.598999999929219, 3034975.709000000264496 ], [ 556650.273999999975786, 3034975.384 ], [ 556650.123999999952503, 3034975.084000000264496 ], [ 556650.123999999952503, 3034974.884 ], [ 556650.299, 3034974.65900000045076 ], [ 556650.398999999975786, 3034974.609000000171363 ], [ 556651.049, 3034974.609000000171363 ] ] ] } },
{ "type": "Feature", "properties": { "unit_id": "c00202", "method": "watershed", "label": 202, "area_m2": 3.6662500002630991, "height_max_m": 1.6176713705062866, "height_mean_m": 1.0068998949081411, "canopy_cover": 1.0, "volume_m3": 3.7179778619582562, "n_pixels": 1477, "data_coverage": 1.0, "vari_mean": 0.21331917081307986, "exg_mean": 0.22923385396571122, "gli_mean": 0.15836989614497554, "height_max_m_pct": 43.209876543209873, "height_mean_m_pct": 20.37037037037037, "volume_m3_pct": 50.308641975308646, "canopy_cover_pct": 83.487654320987659, "vari_mean_pct": 11.419753086419753, "exg_mean_pct": 6.1728395061728394, "gli_mean_pct": 5.8641975308641969 }, "geometry": { "type": "Polygon", "coordinates": [ [ [ 556612.299, 3034990.109000000171363 ], [ 556612.799, 3034990.509 ], [ 556612.898999999975786, 3034990.509 ], [ 556612.948999999905936, 3034990.559000000357628 ], [ 556613.148999999975786, 3034990.559000000357628 ], [ 556613.198999999905936, 3034990.609000000171363 ], [ 556613.299, 3034990.609000000171363 ], [ 556613.498999999952503, 3034990.709000000264496 ], [ 556613.623999999952503, 3034990.834000000264496 ], [ 556613.723999999929219, 3034991.03400000045076 ], [ 556613.723999999929219, 3034991.434000000357628 ], [ 556613.623999999952503, 3034991.634 ], [ 556613.448999999905936, 3034991.809000000357628 ], [ 556613.098999999929219, 3034991.959000000264496 ], [ 556612.998999999952503, 3034992.059000000357628 ], [ 556612.448999999905936, 3034992.059000000357628 ], [ 556612.398999999975786, 3034992.009 ], [ 556612.198999999905936, 3034992.009 ], [ 556612.148999999975786, 3034991.959000000264496 ], [ 556611.448999999905936, 3034991.959000000264496 ], [ 556611.424, 3034991.78400000045076 ], [ 556611.323999999905936, 3034991.634 ], [ 556611.323999999905936, 3034991.53400000045076 ], [ 556611.174, 3034991.28400000045076 ], [ 556611.174, 3034990.984000000171363 ], [ 556611.373999999952503, 3034990.634 ], [ 556611.799, 3034990.259 ], [ 556612.098999999929219, 3034990.109000000171363 ], [ 556612.299, 3034990.109000000171363 ] ] ] } },
{ "type": "Feature", "properties": { "unit_id": "c00203", "method": "watershed", "label": 203, "area_m2": 2.7687500001033185, "height_max_m": 1.5799804925918579, "height_mean_m": 1.1652416317723691, "canopy_cover": 1.0, "volume_m3": 3.2626765689713606, "n_pixels": 1120, "data_coverage": 1.0, "vari_mean": 0.32115159767241608, "exg_mean": 0.41351634489590061, "gli_mean": 0.2764293530610793, "height_max_m_pct": 37.962962962962962, "height_mean_m_pct": 49.074074074074076, "volume_m3_pct": 43.518518518518519, "canopy_cover_pct": 83.487654320987659, "vari_mean_pct": 77.777777777777786, "exg_mean_pct": 81.481481481481481, "gli_mean_pct": 81.481481481481481 }, "geometry": { "type": "Polygon", "coordinates": [ [ [ 556658.699000000022352, 3034976.559000000357628 ], [ 556658.898999999975786, 3034976.709000000264496 ], [ 556658.949000000022352, 3034976.709000000264496 ], [ 556659.324000000022352, 3034977.084000000264496 ], [ 556659.523999999975786, 3034977.434000000357628 ], [ 556659.523999999975786, 3034977.78400000045076 ], [ 556659.373999999952503, 3034977.984000000171363 ], [ 556659.373999999952503, 3034978.03400000045076 ], [ 556659.174, 3034978.234000000171363 ], [ 556659.049, 3034978.559000000357628 ], [ 556658.248999999952503, 3034978.559000000357628 ], [ 556657.773999999975786, 3034978.084000000264496 ], [ 556657.674, 3034977.884 ], [ 556657.623999999952503, 3034977.634 ], [ 556657.674, 3034977.584000000264496 ], [ 556657.674, 3034977.434000000357628 ], [ 556657.824000000022352, 3034977.134 ], [ 556658.023999999975786, 3034976.934000000357628 ], [ 556658.023999999975786, 3034976.884 ], [ 556658.449000000022352, 3034976.559000000357628 ], [ 556658.699000000022352, 3034976.559000000357628 ] ] ] } },
{ "type": "Feature", "properties": { "unit_id": "c00204", "method": "watershed", "label": 204, "area_m2": 9.4693749998279966, "height_max_m": 1.68213951587677, "height_mean_m": 1.1849261429278475, "canopy_cover": 0.99894736842105258, "volume_m3": 11.25679835784466, "n_pixels": 3800, "data_coverage": 1.0, "vari_mean": 0.25934659465089316, "exg_mean": 0.31255246611192111, "gli_mean": 0.21228409830984804, "height_max_m_pct": 50.925925925925931, "height_mean_m_pct": 54.320987654320987, "volume_m3_pct": 90.740740740740748, "canopy_cover_pct": 59.876543209876544, "vari_mean_pct": 35.493827160493829, "exg_mean_pct": 37.037037037037038, "gli_mean_pct": 35.802469135802468 }, "geometry": { "type": "Polygon", "coordinates": [ [ [ 556628.398999999975786, 3034963.509 ], [ 556628.623999999952503, 3034963.634 ], [ 556628.873999999952503, 3034964.134 ], [ 556628.873999999952503, 3034964.234000000171363 ], [ 556628.973999999929219, 3034964.384 ], [ 556628.973999999929219, 3034964.584000000264496 ], [ 556629.023999999975786, 3034964.634 ], [ 556629.023999999975786, 3034964.934000000357628 ], [ 556628.924, 3034965.134 ], [ 556628.674, 3034965.384 ], [ 556628.623999999952503, 3034965.484000000171363 ], [ 556628.623999999952503, 3034965.78400000045076 ], [ 556628.674, 3034965.834000000264496 ], [ 556628.723999999929219, 3034966.084000000264496 ], [ 556628.773999999975786, 3034966.134 ], [ 556628.773999999975786, 3034966.334000000264496 ], [ 556628.824000000022352, 3034966.384 ], [ 556628.824000000022352, 3034967.134 ], [ 556628.773999999975786, 3034967.184000000357628 ], [ 556628.723999999929219, 3034967.584000000264496 ], [ 556628.674, 3034967.634 ], [ 556628.674, 3034968.084000000264496 ], [ 556628.723999999929219, 3034968.134 ], [ 556628.148999999975786, 3034968.15900000045076 ], [ 556628.098999999929219, 3034968.209000000264496 ], [ 556627.949000000022352, 3034968.209000000264496 ], [ 556627.898999999975786, 3034968.259 ], [ 556626.648999999975786, 3034968.259 ], [ 556626.574000000022352, 3034968.184000000357628 ], [ 556626.574000000022352, 3034967.684000000357628 ], [ 556626.523999999975786, 3034967.634 ], [ 556626.523999999975786, 3034967.184000000357628 ], [ 556626.473999999929219, 3034967.134 ], [ 556626.473999999929219, 3034966.834000000264496 ], [ 556626.523999999975786, 3034966.78400000045076 ], [ 556626.523999999975786, 3034966.684000000357628 ], [ 556626.623999999952503, 3034966.584000000264496 ], [ 556626.773999999975786, 3034966.28400000045076 ], [ 556626.773999999975786, 3034966.134 ], [ 556626.824000000022352, 3034966.084000000264496 ], [ 556626.824000000022352, 3034965.184000000357628 ], [ 556626.773999999975786, 3034965.134 ], [ 556626.773999999975786, 3034964.484000000171363 ], [ 556626.824000000022352, 3034964.434000000357628 ], [ 556626.824000000022352, 3034964.334000000264496 ], [ 556626.924, 3034964.234000000171363 ], [ 556627.023999999975786, 3034964.03400000045076 ], [ 556627.199000000022352, 3034963.859000000171363 ], [ 556627.248999999952503, 3034963.859000000171363 ], [ 556627.549, 3034963.609000000171363 ], [ 556627.648999999975786, 3034963.609000000171363 ], [ 556627.699000000022352, 3034963.559000000357628 ], [ 556627.898999999975786, 3034963.559000000357628 ], [ 556627.949000000022352, 3034963.509 ], [ 556628.398999999975786, 3034963.509 ] ] ] } },
{ "type": "Feature", "properties": { "unit_id": "c00205", "method": "watershed", "label": 205, "area_m2": 4.154374999846624, "height_max_m": 1.5505362749099731, "height_mean_m": 1.0356038252605912, "canopy_cover": 0.9952295766249255, "volume_m3": 4.3417690374166424, "n_pixels": 1677, "data_coverage": 1.0, "vari_mean": 0.27736823041767772, "exg_mean": 0.30372567712697041, "gli_mean": 0.20712205174009965, "height_max_m_pct": 34.567901234567898, "height_mean_m_pct": 24.382716049382715, "volume_m3_pct": 57.098765432098766, "canopy_cover_pct": 38.271604938271601, "vari_mean_pct": 50.0, "exg_mean_pct": 29.320987654320991, "gli_mean_pct": 29.012345679012348 }, "geometry": { "type": "Polygon", "coordinates": [ [ [ 556613.799, 3034941.15900000045076 ], [ 556613.823999999905936, 3034941.634 ], [ 556613.873999999952503, 3034941.684000000357628 ], [ 556613.873999999952503, 3034941.834000000264496 ], [ 556614.073999999905936, 3034942.234000000171363 ], [ 556614.073999999905936, 3034942.634 ], [ 556613.848999999929219, 3034942.90900000045076 ], [ 556613.748999999952503, 3034942.959000000264496 ], [ 556613.498999999952503, 3034942.959000000264496 ], [ 556613.448999999905936, 3034943.009 ], [ 556613.148999999975786, 3034943.009 ], [ 556612.948999999905936, 3034943.109000000171363 ], [ 556612.848999999929219, 3034943.109000000171363 ], [ 556612.799, 3034943.15900000045076 ], [ 556612.448999999905936, 3034943.15900000045076 ], [ 556612.398999999975786, 3034943.109000000171363 ], [ 556612.049, 3034943.109000000171363 ], [ 556611.848999999929219, 3034943.009 ], [ 556611.674, 3034942.834000000264496 ], [ 556611.523999999975786, 3034942.53400000045076 ], [ 556611.523999999975786, 3034942.234000000171363 ], [ 556611.573999999905936, 3034942.184000000357628 ], [ 556611.573999999905936, 3034941.634 ], [ 556611.523999999975786, 3034941.584000000264496 ], [ 556611.549, 3034941.509 ], [ 556611.948999999905936, 3034941.509 ], [ 556612.248999999952503, 3034941.309000000357628 ], [ 556612.648999999975786, 3034941.309000000357628 ], [ 556612.698999999905936, 3034941.259 ], [ 556612.848999999929219, 3034941.259 ], [ 556612.898999999975786, 3034941.209000000264496 ], [ 556613.049, 3034941.209000000264496 ], [ 556613.098999999929219, 3034941.15900000045076 ], [ 556613.799, 3034941.15900000045076 ] ] ] } },
{ "type": "Feature", "properties": { "unit_id": "c00206", "method": "watershed", "label": 206, "area_m2": 3.4124999999970895, "height_max_m": 1.5496962070465088, "height_mean_m": 1.1238203050863584, "canopy_cover": 0.98910675381263613, "volume_m3": 3.8687514002701371, "n_pixels": 1377, "data_coverage": 1.0, "vari_mean": 0.25792186433397291, "exg_mean": 0.27938691396085014, "gli_mean": 0.19188072769280939, "height_max_m_pct": 34.25925925925926, "height_mean_m_pct": 39.506172839506171, "volume_m3_pct": 52.469135802469133, "canopy_cover_pct": 21.296296296296298, "vari_mean_pct": 34.567901234567898, "exg_mean_pct": 18.209876543209877, "gli_mean_pct": 19.1358024691358 }, "geometry": { "type": "Polygon", "coordinates": [ [ [ 556636.049, 3034958.809000000357628 ], [ 556636.898999999975786, 3034959.209000000264496 ], [ 556637.023999999975786, 3034959.334000000264496 ], [ 556637.023999999975786, 3034959.834000000264496 ], [ 556636.973999999929219, 3034959.884 ], [ 556636.973999999929219, 3034960.03400000045076 ], [ 556636.699000000022352, 3034960.459000000264496 ], [ 556636.648999999975786, 3034960.459000000264496 ], [ 556636.549, 3034960.559000000357628 ], [ 556636.348999999929219, 3034960.609000000171363 ], [ 556636.299, 3034960.559000000357628 ], [ 556636.148999999975786, 3034960.559000000357628 ], [ 556636.098999999929219, 3034960.509 ], [ 556635.949000000022352, 3034960.509 ], [ 556635.898999999975786, 3034960.459000000264496 ], [ 556635.398999999975786, 3034960.40900000045076 ], [ 556635.348999999929219, 3034960.359000000171363 ], [ 556635.148999999975786, 3034960.359000000171363 ], [ 556635.098999999929219, 3034960.309000000357628 ], [ 556634.898999999975786, 3034960.309000000357628 ], [ 556634.623999999952503, 3034960.134 ], [ 556634.574000000022352, 3034960.03400000045076 ], [ 556634.574000000022352, 3034959.384 ], [ 556634.799, 3034959.109000000171363 ], [ 556634.998999999952503, 3034959.009 ], [ 556635.098999999929219, 3034959.009 ], [ 556635.148999999975786, 3034958.959000000264496 ], [ 556635.398999999975786, 3034958.90900000045076 ], [ 556635.449000000022352, 3034958.859000000171363 ], [ 556635.598999999929219, 3034958.859000000171363 ], [ 556635.648999999975786, 3034958.809000000357628 ], [ 556636.049, 3034958.809000000357628 ] ] ] } },
{ "type": "Feature", "properties": { "unit_id": "c00207", "method": "watershed", "label": 207, "area_m2": 1.4225000001132142, "height_max_m": 1.5631362199783325, "height_mean_m": 1.165846017194166, "canopy_cover": 0.99306759098786823, "volume_m3": 1.681732879807083, "n_pixels": 577, "data_coverage": 1.0, "vari_mean": 0.33269339439521362, "exg_mean": 0.41428289456373507, "gli_mean": 0.27767549050611323, "height_max_m_pct": 36.111111111111107, "height_mean_m_pct": 49.382716049382715, "volume_m3_pct": 17.283950617283949, "canopy_cover_pct": 31.172839506172838, "vari_mean_pct": 81.790123456790127, "exg_mean_pct": 82.098765432098759, "gli_mean_pct": 82.716049382716051 }, "geometry": { "type": "Polygon", "coordinates": [ [ [ 556651.299, 3034959.459000000264496 ], [ 556651.348999999929219, 3034959.509 ], [ 556651.449000000022352, 3034959.509 ], [ 556651.674, 3034959.734000000171363 ], [ 556651.723999999929219, 3034959.834000000264496 ], [ 556651.723999999929219, 3034959.984000000171363 ], [ 556651.773999999975786, 3034960.03400000045076 ], [ 556651.773999999975786, 3034960.384 ], [ 556651.723999999929219, 3034960.484000000171363 ], [ 556651.498999999952503, 3034960.709000000264496 ], [ 556651.299, 3034960.809000000357628 ], [ 556650.998999999952503, 3034960.809000000357628 ], [ 556650.574000000022352, 3034960.484000000171363 ], [ 556650.424, 3034960.184000000357628 ], [ 556650.424, 3034959.984000000171363 ], [ 556650.473999999929219, 3034959.934000000357628 ], [ 556650.523999999975786, 3034959.734000000171363 ], [ 556650.648999999975786, 3034959.609000000171363 ], [ 556650.848999999929219, 3034959.509 ], [ 556650.949000000022352, 3034959.509 ], [ 556650.998999999952503, 3034959.459000000264496 ], [ 556651.299, 3034959.459000000264496 ] ] ] } },
{ "type": "Feature", "properties": { "unit_id": "c00208", "method": "watershed", "label": 208, "area_m2": 2.1881250000506407, "height_max_m": 1.5327620506286621, "height_mean_m": 1.2023592733426038, "canopy_cover": 0.98524404086265605, "volume_m3": 2.6481962995441686, "n_pixels": 881, "data_coverage": 1.0, "vari_mean": 0.37366294720557502, "exg_mean": 0.4909095678385923, "gli_mean": 0.32240539492783038, "height_max_m_pct": 31.481481481481481, "height_mean_m_pct": 59.259259259259252, "volume_m3_pct": 34.25925925925926, "canopy_cover_pct": 16.358024691358025, "vari_mean_pct": 97.222222222222214, "exg_mean_pct": 96.296296296296291, "gli_mean_pct": 96.604938271604937 }, "geometry": { "type": "Polygon", "coordinates": [ [ [ 556650.998999999952503, 3034997.609000000171363 ], [ 556651.098999999929219, 3034997.65900000045076 ], [ 556651.324000000022352, 3034997.884 ], [ 556651.424, 3034998.084000000264496 ], [ 556651.424, 3034998.234000000171363 ], [ 556651.473999999929219, 3034998.28400000045076 ], [ 556651.473999999929219, 3034998.584000000264496 ], [ 556651.424, 3034998.634 ], [ 556651.424, 3034998.78400000045076 ], [ 556651.273999999975786, 3034999.084000000264496 ], [ 556650.998999999952503, 3034999.359000000171363 ], [ 556650.898999999975786, 3034999.40900000045076 ], [ 556650.598999999929219, 3034999.40900000045076 ], [ 556650.299, 3034999.259 ], [ 556649.973999999929219, 3034998.984000000171363 ], [ 556649.824000000022352, 3034998.684000000357628 ], [ 556649.824000000022352, 3034998.484000000171363 ], [ 556650.023999999975786, 3034998.134 ], [ 556650.098999999929219, 3034998.059000000357628 ], [ 556650.148999999975786, 3034998.059000000357628 ], [ 556650.498999999952503, 3034997.709000000264496 ], [ 556650.549, 3034997.709000000264496 ], [ 556650.648999999975786, 3034997.609000000171363 ], [ 556650.998999999952503, 3034997.609000000171363 ] ] ] } },
{ "type": "Feature", "properties": { "unit_id": "c00209", "method": "watershed", "label": 209, "area_m2": 1.3443750000419095, "height_max_m": 1.5799471139907837, "height_mean_m": 1.1053896431517864, "canopy_cover": 0.98158379373848992, "volume_m3": 1.5005664405825638, "n_pixels": 543, "data_coverage": 1.0, "vari_mean": 0.23807698424615689, "exg_mean": 0.31072461444553978, "gli_mean": 0.21245064327894789, "height_max_m_pct": 37.654320987654323, "height_mean_m_pct": 36.419753086419753, "volume_m3_pct": 14.506172839506174, "canopy_cover_pct": 10.802469135802468, "vari_mean_pct": 22.222222222222221, "exg_mean_pct": 35.493827160493829, "gli_mean_pct": 36.111111111111107 }, "geometry": { "type": "Polygon", "coordinates": [ [ [ 556643.498999999952503, 3034927.359000000171363 ], [ 556643.549, 3034927.40900000045076 ], [ 556643.648999999975786, 3034927.40900000045076 ], [ 556643.973999999929219, 3034927.734000000171363 ], [ 556644.023999999975786, 3034927.884 ], [ 556644.174, 3034928.084000000264496 ], [ 556644.174, 3034928.28400000045076 ], [ 556644.098999999929219, 3034928.40900000045076 ], [ 556644.049, 3034928.40900000045076 ], [ 556643.799, 3034928.609000000171363 ], [ 556643.699000000022352, 3034928.609000000171363 ], [ 556643.648999999975786, 3034928.65900000045076 ], [ 556643.248999999952503, 3034928.65900000045076 ], [ 556643.148999999975786, 3034928.609000000171363 ], [ 556642.924, 3034928.384 ], [ 556642.824000000022352, 3034928.184000000357628 ], [ 556642.824000000022352, 3034927.78400000045076 ], [ 556642.924, 3034927.584000000264496 ], [ 556643.049, 3034927.459000000264496 ], [ 556643.248999999952503, 3034927.359000000171363 ], [ 556643.498999999952503, 3034927.359000000171363 ] ] ] } },
{ "type": "Feature", "properties": { "unit_id": "c00210", "method": "watershed", "label": 210, "area_m2": 1.4731249999179272, "height_max_m": 1.5508501529693604, "height_mean_m": 1.1459284415704949, "canopy_cover": 0.99323181049069376, "volume_m3": 1.693109272424935, "n_pixels": 591, "data_coverage": 1.0, "vari_mean": 0.33453551761737305, "exg_mean": 0.36505429246928528, "gli_mean": 0.24803059462510338, "height_max_m_pct": 34.876543209876544, "height_mean_m_pct": 45.370370370370374, "volume_m3_pct": 17.901234567901234, "canopy_cover_pct": 31.481481481481481, "vari_mean_pct": 82.716049382716051, "exg_mean_pct": 64.506172839506178, "gli_mean_pct": 65.123456790123456 }, "geometry": { "type": "Polygon", "coordinates": [ [ [ 556650.898999999975786, 3035015.009 ], [ 556650.949000000022352, 3035015.059000000357628 ], [ 556651.148999999975786, 3035015.109000000171363 ], [ 556651.324000000022352, 3035015.28400000045076 ], [ 556651.373999999952503, 3035015.384 ], [ 556651.373999999952503, 3035015.584000000264496 ], [ 556651.223999999929219, 3035015.884 ], [ 556650.898999999975786, 3035016.259 ], [ 556650.848999999929219, 3035016.259 ], [ 556650.748999999952503, 3035016.359000000171363 ], [ 556650.398999999975786, 3035016.359000000171363 ], [ 556650.123999999952503, 3035016.134 ], [ 556650.123999999952503, 3035016.084000000264496 ], [ 556650.023999999975786, 3035015.984000000171363 ], [ 556649.924, 3035015.78400000045076 ], [ 556649.924, 3035015.484000000171363 ], [ 556650.148999999975786, 3035015.209000000264496 ], [ 556650.498999999952503, 3035015.009 ], [ 556650.898999999975786, 3035015.009 ] ] ] } },
{ "type": "Feature", "properties": { "unit_id": "c00211", "method": "watershed", "label": 211, "area_m2": 1.3087500000090222, "height_max_m": 1.6033750772476196, "height_mean_m": 1.1587807771384604, "canopy_cover": 0.99249530956848031, "volume_m3": 1.5440753855411287, "n_pixels": 533, "data_coverage": 1.0, "vari_mean": 0.29220811444712186, "exg_mean": 0.38330487774721528, "gli_mean": 0.25873453140060521, "height_max_m_pct": 40.74074074074074, "height_mean_m_pct": 47.530864197530867, "volume_m3_pct": 15.432098765432098, "canopy_cover_pct": 29.629629629629626, "vari_mean_pct": 60.493827160493829, "exg_mean_pct": 70.679012345679013, "gli_mean_pct": 72.53086419753086 }, "geometry": { "type": "Polygon", "coordinates": [ [ [ 556650.699000000022352, 3035012.709000000264496 ], [ 556650.898999999975786, 3035012.809000000357628 ], [ 556651.074000000022352, 3035012.984000000171363 ], [ 556651.174, 3035013.184000000357628 ], [ 556651.174, 3035013.634 ], [ 556650.998999999952503, 3035013.90900000045076 ], [ 556650.799, 3035014.009 ], [ 556650.449000000022352, 3035014.059000000357628 ], [ 556650.398999999975786, 3035014.009 ], [ 556650.199000000022352, 3035013.959000000264496 ], [ 556650.074000000022352, 3035013.834000000264496 ], [ 556649.973999999929219, 3035013.634 ], [ 556649.973999999929219, 3035013.28400000045076 ], [ 556650.023999999975786, 3035013.234000000171363 ], [ 556650.023999999975786, 3035013.084000000264496 ], [ 556650.074000000022352, 3035012.984000000171363 ], [ 556650.299, 3035012.759 ], [ 556650.398999999975786, 3035012.709000000264496 ], [ 556650.699000000022352, 3035012.709000000264496 ] ] ] } },
{ "type": "Feature", "properties": { "unit_id": "c00212", "method": "watershed", "label": 212, "area_m2": 2.5287500001990706, "height_max_m": 1.5356494188308716, "height_mean_m": 1.061452732395892, "canopy_cover": 0.99705882352941178, "volume_m3": 2.7067044676167646, "n_pixels": 1020, "data_coverage": 1.0, "vari_mean": 0.32422545831833199, "exg_mean": 0.33156289236011421, "gli_mean": 0.22435782606878882, "height_max_m_pct": 32.098765432098766, "height_mean_m_pct": 28.086419753086421, "volume_m3_pct": 35.185185185185183, "canopy_cover_pct": 47.530864197530867, "vari_mean_pct": 79.012345679012341, "exg_mean_pct": 49.691358024691354, "gli_mean_pct": 48.76543209876543 }, "geometry": { "type": "Polygon", "coordinates": [ [ [ 556620.998999999952503, 3034966.259 ], [ 556621.049, 3034966.309000000357628 ], [ 556621.248999999952503, 3034966.359000000171363 ], [ 556621.424, 3034966.53400000045076 ], [ 556621.473999999929219, 3034966.634 ], [ 556621.473999999929219, 3034966.78400000045076 ], [ 556621.523999999975786, 3034966.834000000264496 ], [ 556621.473999999929219, 3034966.934000000357628 ], [ 556621.473999999929219, 3034967.234000000171363 ], [ 556621.424, 3034967.28400000045076 ], [ 556621.424, 3034967.434000000357628 ], [ 556621.323999999905936, 3034967.634 ], [ 556621.148999999975786, 3034967.809000000357628 ], [ 556620.898999999975786, 3034967.859000000171363 ], [ 556620.848999999929219, 3034967.809000000357628 ], [ 556620.549, 3034967.759 ], [ 556620.098999999929219, 3034967.40900000045076 ], [ 556619.898999999975786, 3034967.309000000357628 ], [ 556619.698999999905936, 3034967.309000000357628 ], [ 556619.424, 3034967.184000000357628 ], [ 556619.373999999952503, 3034967.084000000264496 ], [ 556619.373999999952503, 3034966.934000000357628 ], [ 556619.424, 3034966.884 ], [ 556619.523999999975786, 3034966.484000000171363 ], [ 556619.698999999905936, 3034966.259 ], [ 556619.998999999952503, 3034966.259 ], [ 556620.049, 3034966.309000000357628 ], [ 556620.398999999975786, 3034966.309000000357628 ], [ 556620.448999999905936, 3034966.259 ], [ 556620.998999999952503, 3034966.259 ] ] ] } },
{ "type": "Feature", "properties": { "unit_id": "c00213", "method": "watershed", "label": 213, "area_m2": 3.0087499999435385, "height_max_m": 1.5444614887237549, "height_mean_m": 1.1674837840673251, "canopy_cover": 0.99669148056244827, "volume_m3": 3.5287197373529287, "n_pixels": 1209, "data_coverage": 1.0, "vari_mean": 0.33539854933188129, "exg_mean": 0.42491205951622041, "gli_mean": 0.28174669649989076, "height_max_m_pct": 33.333333333333329, "height_mean_m_pct": 49.691358024691354, "volume_m3_pct": 48.148148148148145, "canopy_cover_pct": 46.296296296296298, "vari_mean_pct": 83.950617283950606, "exg_mean_pct": 85.18518518518519, "gli_mean_pct": 84.876543209876544 }, "geometry": { "type": "Polygon", "coordinates": [ [ [ 556666.299, 3034998.15900000045076 ], [ 556666.498999999952503, 3034998.259 ], [ 556666.648999999975786, 3034998.40900000045076 ], [ 556666.699000000022352, 3034998.40900000045076 ], [ 556666.974000000045635, 3034998.734000000171363 ], [ 556667.023999999975786, 3034998.834000000264496 ], [ 556667.023999999975786, 3034999.184000000357628 ], [ 556666.724000000045635, 3034999.734000000171363 ], [ 556666.398999999975786, 3035000.059000000357628 ], [ 556666.199000000022352, 3035000.109000000171363 ], [ 556666.148999999975786, 3035000.15900000045076 ], [ 556665.898999999975786, 3035000.15900000045076 ], [ 556665.849000000045635, 3035000.109000000171363 ], [ 556665.648999999975786, 3035000.059000000357628 ], [ 556665.324000000022352, 3034999.734000000171363 ], [ 556665.224000000045635, 3034999.53400000045076 ], [ 556665.224000000045635, 3034999.434000000357628 ], [ 556665.174, 3034999.384 ], [ 556665.174, 3034999.28400000045076 ], [ 556665.123999999952503, 3034999.234000000171363 ], [ 556665.074000000022352, 3034998.934000000357628 ], [ 556665.023999999975786, 3034998.884 ], [ 556665.023999999975786, 3034998.634 ], [ 556665.148999999975786, 3034998.459000000264496 ], [ 556665.599000000045635, 3034998.209000000264496 ], [ 556665.699000000022352, 3034998.209000000264496 ], [ 556665.748999999952503, 3034998.15900000045076 ], [ 556666.299, 3034998.15900000045076 ] ] ] } },
{ "type": "Feature", "properties": { "unit_id": "c00214", "method": "watershed", "label": 214, "area_m2": 2.1331250000398723, "height_max_m": 1.5471905469894409, "height_mean_m": 1.0481438691398539, "canopy_cover": 0.98133022170361728, "volume_m3": 2.2456482396381436, "n_pixels": 857, "data_coverage": 1.0, "vari_mean": 0.293132491766321, "exg_mean": 0.29681988832428696, "gli_mean": 0.20328901703138558, "height_max_m_pct": 33.950617283950621, "height_mean_m_pct": 26.543209876543212, "volume_m3_pct": 27.160493827160494, "canopy_cover_pct": 9.5679012345679002, "vari_mean_pct": 61.111111111111114, "exg_mean_pct": 26.851851851851855, "gli_mean_pct": 27.469135802469136 }, "geometry": { "type": "Polygon", "coordinates": [ [ [ 556635.549, 3034956.309000000357628 ], [ 556635.598999999929219, 3034956.359000000171363 ], [ 556635.699000000022352, 3034956.359000000171363 ], [ 556635.898999999975786, 3034956.459000000264496 ], [ 556636.299, 3034956.809000000357628 ], [ 556636.348999999929219, 3034956.809000000357628 ], [ 556636.674, 3034957.234000000171363 ], [ 556636.674, 3034957.384 ], [ 556636.623999999952503, 3034957.484000000171363 ], [ 556636.299, 3034957.809000000357628 ], [ 556636.098999999929219, 3034957.90900000045076 ], [ 556635.799, 3034957.90900000045076 ], [ 556635.748999999952503, 3034957.859000000171363 ], [ 556635.598999999929219, 3034957.859000000171363 ], [ 556635.299, 3034957.709000000264496 ], [ 556635.148999999975786, 3034957.559000000357628 ], [ 556634.949000000022352, 3034957.459000000264496 ], [ 556634.824000000022352, 3034957.28400000045076 ], [ 556634.824000000022352, 3034956.53400000045076 ], [ 556634.898999999975786, 3034956.459000000264496 ], [ 556634.998999999952503, 3034956.459000000264496 ], [ 556635.199000000022352, 3034956.359000000171363 ], [ 556635.398999999975786, 3034956.359000000171363 ], [ 556635.449000000022352, 3034956.309000000357628 ], [ 556635.549, 3034956.309000000357628 ] ] ] } },
{ "type": "Feature", "properties": { "unit_id": "c00215", "method": "watershed", "label": 215, "area_m2": 2.5843749995779941, "height_max_m": 1.5616730451583862, "height_mean_m": 1.0697096226744152, "canopy_cover": 0.99902723735408561, "volume_m3": 2.7491537302806002, "n_pixels": 1028, "data_coverage": 1.0, "vari_mean": 0.28962153612378783, "exg_mean": 0.37017944911302991, "gli_mean": 0.24849739371498614, "height_max_m_pct": 35.802469135802468, "height_mean_m_pct": 28.703703703703702, "volume_m3_pct": 36.111111111111107, "canopy_cover_pct": 60.185185185185183, "vari_mean_pct": 57.407407407407405, "exg_mean_pct": 66.358024691358025, "gli_mean_pct": 65.740740740740748 }, "geometry": { "type": "Polygon", "coordinates": [ [ [ 556666.349000000045635, 3035013.15900000045076 ], [ 556666.373999999952503, 3035013.234000000171363 ], [ 556666.648999999975786, 3035013.459000000264496 ], [ 556666.873999999952503, 3035013.734000000171363 ], [ 556666.873999999952503, 3035014.134 ], [ 556666.824000000022352, 3035014.184000000357628 ], [ 556666.824000000022352, 3035014.28400000045076 ], [ 556666.623999999952503, 3035014.634 ], [ 556666.248999999952503, 3035015.009 ], [ 556665.648999999975786, 3035015.009 ], [ 556665.074000000022352, 3035014.484000000171363 ], [ 556665.074000000022352, 3035014.334000000264496 ], [ 556665.023999999975786, 3035014.28400000045076 ], [ 556665.074000000022352, 3035014.234000000171363 ], [ 556665.074000000022352, 3035014.084000000264496 ], [ 556665.373999999952503, 3035013.484000000171363 ], [ 556665.474000000045635, 3035013.384 ], [ 556665.549, 3035013.15900000045076 ], [ 556666.349000000045635, 3035013.15900000045076 ] ] ] } },
{ "type": "Feature", "properties": { "unit_id": "c00216", "method": "watershed", "label": 216, "area_m2": 1.460000000197615, "height_max_m": 1.5574188232421875, "height_mean_m": 1.159839104943243, "canopy_cover": 0.9949066213921901, "volume_m3": 1.7078630820334937, "n_pixels": 589, "data_coverage": 1.0, "vari_mean": 0.31480105193019114, "exg_mean": 0.41319981969685282, "gli_mean": 0.27619481630996928, "height_max_m_pct": 35.493827160493829, "height_mean_m_pct": 47.839506172839506, "volume_m3_pct": 18.518518518518519, "canopy_cover_pct": 36.419753086419753, "vari_mean_pct": 74.691358024691354, "exg_mean_pct": 81.172839506172849, "gli_mean_pct": 80.864197530864203 }, "geometry": { "type": "Polygon", "coordinates": [ [ [ 556643.598999999929219, 3034925.059000000357628 ], [ 556643.648999999975786, 3034925.109000000171363 ], [ 556643.799, 3034925.109000000171363 ], [ 556643.949000000022352, 3034925.209000000264496 ], [ 556644.148999999975786, 3034925.259 ], [ 556644.324000000022352, 3034925.434000000357628 ], [ 556644.373999999952503, 3034925.634 ], [ 556644.424, 3034925.684000000357628 ], [ 556644.424, 3034926.03400000045076 ], [ 556644.373999999952503, 3034926.134 ], [ 556644.049, 3034926.40900000045076 ], [ 556643.898999999975786, 3034926.40900000045076 ], [ 556643.799, 3034926.459000000264496 ], [ 556643.748999999952503, 3034926.40900000045076 ], [ 556643.598999999929219, 3034926.40900000045076 ], [ 556643.498999999952503, 3034926.359000000171363 ], [ 556643.123999999952503, 3034926.03400000045076 ], [ 556643.023999999975786, 3034925.834000000264496 ], [ 556643.023999999975786, 3034925.53400000045076 ], [ 556643.123999999952503, 3034925.334000000264496 ], [ 556643.348999999929219, 3034925.109000000171363 ], [ 556643.598999999929219, 3034925.059000000357628 ] ] ] } },
{ "type": "Feature", "properties": { "unit_id": "c00217", "method": "watershed", "label": 217, "area_m2": 4.0175000002159509, "height_max_m": 1.5309180021286011, "height_mean_m": 0.94067016000232739, "canopy_cover": 1.0, "volume_m3": 3.7673839908193982, "n_pixels": 1602, "data_coverage": 1.0, "vari_mean": 0.27345306549713821, "exg_mean": 0.28567532405469676, "gli_mean": 0.19510054536294441, "height_max_m_pct": 31.172839506172838, "height_mean_m_pct": 14.506172839506174, "volume_m3_pct": 50.925925925925931, "canopy_cover_pct": 83.487654320987659, "vari_mean_pct": 45.679012345679013, "exg_mean_pct": 21.913580246913579, "gli_mean_pct": 21.913580246913579 }, "geometry": { "type": "Polygon", "coordinates": [ [ [ 556612.098999999929219, 3034977.609000000171363 ], [ 556612.348999999929219, 3034977.809000000357628 ], [ 556612.398999999975786, 3034977.809000000357628 ], [ 556612.549, 3034977.959000000264496 ], [ 556613.148999999975786, 3034978.259 ], [ 556613.623999999952503, 3034978.734000000171363 ], [ 556613.723999999929219, 3034978.934000000357628 ], [ 556613.723999999929219, 3034979.184000000357628 ], [ 556613.674, 3034979.28400000045076 ], [ 556613.299, 3034979.65900000045076 ], [ 556613.098999999929219, 3034979.709000000264496 ], [ 556613.049, 3034979.759 ], [ 556612.948999999905936, 3034979.759 ], [ 556612.549, 3034979.959000000264496 ], [ 556612.398999999975786, 3034979.959000000264496 ], [ 556612.348999999929219, 3034980.009 ], [ 556611.948999999905936, 3034979.959000000264496 ], [ 556611.648999999975786, 3034979.809000000357628 ], [ 556611.424, 3034979.53400000045076 ], [ 556611.373999999952503, 3034979.334000000264496 ], [ 556611.323999999905936, 3034979.28400000045076 ], [ 556611.323999999905936, 3034979.184000000357628 ], [ 556611.273999999975786, 3034979.134 ], [ 556611.273999999975786, 3034978.584000000264496 ], [ 556611.323999999905936, 3034978.53400000045076 ], [ 556611.323999999905936, 3034978.434000000357628 ], [ 556611.424, 3034978.234000000171363 ], [ 556611.998999999952503, 3034977.609000000171363 ], [ 556612.098999999929219, 3034977.609000000171363 ] ] ] } },
{ "type": "Feature", "properties": { "unit_id": "c00218", "method": "watershed", "label": 218, "area_m2": 1.7537500001146691, "height_max_m": 1.5137547254562378, "height_mean_m": 1.1522689583671974, "canopy_cover": 0.9943661971830986, "volume_m3": 2.0452774011072461, "n_pixels": 710, "data_coverage": 1.0, "vari_mean": 0.32227671834876204, "exg_mean": 0.40174532396651186, "gli_mean": 0.27072500783371828, "height_max_m_pct": 29.629629629629626, "height_mean_m_pct": 46.604938271604937, "volume_m3_pct": 24.074074074074073, "canopy_cover_pct": 34.876543209876544, "vari_mean_pct": 78.395061728395063, "exg_mean_pct": 76.23456790123457, "gli_mean_pct": 77.777777777777786 }, "geometry": { "type": "Polygon", "coordinates": [ [ [ 556650.898999999975786, 3034999.859000000171363 ], [ 556650.949000000022352, 3034999.90900000045076 ], [ 556651.148999999975786, 3034999.959000000264496 ], [ 556651.574000000022352, 3035000.384 ], [ 556651.674, 3035000.584000000264496 ], [ 556651.674, 3035000.734000000171363 ], [ 556651.498999999952503, 3035000.959000000264496 ], [ 556651.449000000022352, 3035000.959000000264496 ], [ 556651.049, 3035001.359000000171363 ], [ 556650.949000000022352, 3035001.40900000045076 ], [ 556650.799, 3035001.40900000045076 ], [ 556650.748999999952503, 3035001.459000000264496 ], [ 556650.699000000022352, 3035001.40900000045076 ], [ 556650.498999999952503, 3035001.359000000171363 ], [ 556650.174, 3035000.984000000171363 ], [ 556650.174, 3035000.884 ], [ 556650.123999999952503, 3035000.834000000264496 ], [ 556650.123999999952503, 3035000.384 ], [ 556650.273999999975786, 3035000.184000000357628 ], [ 556650.273999999975786, 3035000.134 ], [ 556650.449000000022352, 3034999.959000000264496 ], [ 556650.648999999975786, 3034999.859000000171363 ], [ 556650.898999999975786, 3034999.859000000171363 ] ] ] } },
{ "type": "Feature", "properties": { "unit_id": "c00219", "method": "watershed", "label": 219, "area_m2": 3.5612500000369622, "height_max_m": 1.5205427408218384, "height_mean_m": 1.0437674332636495, "canopy_cover": 1.0, "volume_m3": 3.7784381084245182, "n_pixels": 1448, "data_coverage": 1.0, "vari_mean": 0.25585882382815345, "exg_mean": 0.2963831110168032, "gli_mean": 0.20174067319219005, "height_max_m_pct": 30.246913580246915, "height_mean_m_pct": 25.308641975308642, "volume_m3_pct": 51.23456790123457, "canopy_cover_pct": 83.487654320987659, "vari_mean_pct": 33.024691358024697, "exg_mean_pct": 26.543209876543212, "gli_mean_pct": 25.617283950617285 }, "geometry": { "type": "Polygon", "coordinates": [ [ [ 556619.799, 3035007.209000000264496 ], [ 556619.948999999905936, 3035007.309000000357628 ], [ 556620.698999999905936, 3035007.309000000357628 ], [ 556620.773999999975786, 3035007.53400000045076 ], [ 556621.073999999905936, 3035007.884 ], [ 556621.123999999952503, 3035007.984000000171363 ], [ 556621.123999999952503, 3035008.134 ], [ 556621.174, 3035008.184000000357628 ], [ 556621.174, 3035008.434000000357628 ], [ 556621.123999999952503, 3035008.484000000171363 ], [ 556621.073999999905936, 3035008.684000000357628 ], [ 556620.848999999929219, 3035008.90900000045076 ], [ 556620.448999999905936, 3035009.109000000171363 ], [ 556620.198999999905936, 3035009.359000000171363 ], [ 556620.098999999929219, 3035009.359000000171363 ], [ 556620.023999999975786, 3035009.234000000171363 ], [ 556619.948999999905936, 3035009.209000000264496 ], [ 556619.799, 3035009.059000000357628 ], [ 556619.348999999929219, 3035008.859000000171363 ], [ 556619.174, 3035008.684000000357628 ], [ 556619.073999999905936, 3035008.484000000171363 ], [ 556619.073999999905936, 3035008.334000000264496 ], [ 556619.023999999975786, 3035008.28400000045076 ], [ 556619.023999999975786, 3035008.184000000357628 ], [ 556618.924, 3035007.984000000171363 ], [ 556618.873999999952503, 3035007.684000000357628 ], [ 556618.823999999905936, 3035007.634 ], [ 556618.823999999905936, 3035007.484000000171363 ], [ 556618.773999999975786, 3035007.434000000357628 ], [ 556618.799, 3035007.259 ], [ 556619.498999999952503, 3035007.259 ], [ 556619.549, 3035007.209000000264496 ], [ 556619.799, 3035007.209000000264496 ] ] ] } },
{ "type": "Feature", "properties": { "unit_id": "c00220", "method": "watershed", "label": 220, "area_m2": 2.5425000000587903, "height_max_m": 1.52656090259552, "height_mean_m": 1.107583000447399, "canopy_cover": 1.0, "volume_m3": 2.8575641411619328, "n_pixels": 1032, "data_coverage": 1.0, "vari_mean": 0.30464701397247762, "exg_mean": 0.40522491876085753, "gli_mean": 0.26846323677658313, "height_max_m_pct": 30.864197530864196, "height_mean_m_pct": 37.654320987654323, "volume_m3_pct": 37.037037037037038, "canopy_cover_pct": 83.487654320987659, "vari_mean_pct": 68.518518518518519, "exg_mean_pct": 77.46913580246914, "gli_mean_pct": 75.617283950617292 }, "geometry": { "type": "Polygon", "coordinates": [ [ [ 556665.998999999952503, 3035021.65900000045076 ], [ 556666.049, 3035021.709000000264496 ], [ 556666.199000000022352, 3035021.709000000264496 ], [ 556666.299, 3035021.759000000543892 ], [ 556666.623999999952503, 3035022.03400000045076 ], [ 556666.623999999952503, 3035022.084000000264496 ], [ 556666.724000000045635, 3035022.184000000357628 ], [ 556666.773999999975786, 3035022.484000000171363 ], [ 556666.824000000022352, 3035022.53400000045076 ], [ 556666.824000000022352, 3035022.984000000171363 ], [ 556666.724000000045635, 3035023.184000000357628 ], [ 556666.199000000022352, 3035023.65900000045076 ], [ 556665.898999999975786, 3035023.609000000171363 ], [ 556665.873999999952503, 3035023.484000000171363 ], [ 556665.699000000022352, 3035023.309000000357628 ], [ 556665.549, 3035023.259000000543892 ], [ 556665.273999999975786, 3035022.984000000171363 ], [ 556665.174, 3035022.78400000045076 ], [ 556665.174, 3035022.684000000357628 ], [ 556665.123999999952503, 3035022.634000000543892 ], [ 556665.123999999952503, 3035021.984000000171363 ], [ 556665.299, 3035021.809000000357628 ], [ 556665.498999999952503, 3035021.709000000264496 ], [ 556665.648999999975786, 3035021.709000000264496 ], [ 556665.699000000022352, 3035021.65900000045076 ], [ 556665.998999999952503, 3035021.65900000045076 ] ] ] } },
{ "type": "Feature", "properties": { "unit_id": "c00221", "method": "watershed", "label": 221, "area_m2": 1.6018749998405113, "height_max_m": 1.4988280534744263, "height_mean_m": 1.1719143151853366, "canopy_cover": 0.99375975039001563, "volume_m3": 1.8779926900895254, "n_pixels": 641, "data_coverage": 1.0, "vari_mean": 0.26843371972195834, "exg_mean": 0.33610155638286388, "gli_mean": 0.23042378319505755, "height_max_m_pct": 28.39506172839506, "height_mean_m_pct": 50.925925925925931, "volume_m3_pct": 22.222222222222221, "canopy_cover_pct": 32.407407407407405, "vari_mean_pct": 42.283950617283949, "exg_mean_pct": 52.469135802469133, "gli_mean_pct": 54.938271604938272 }, "geometry": { "type": "Polygon", "coordinates": [ [ [ 556650.998999999952503, 3034965.859000000171363 ], [ 556651.049, 3034965.90900000045076 ], [ 556651.148999999975786, 3034965.90900000045076 ], [ 556651.424, 3034966.184000000357628 ], [ 556651.523999999975786, 3034966.384 ], [ 556651.574000000022352, 3034966.684000000357628 ], [ 556651.523999999975786, 3034966.734000000171363 ], [ 556651.523999999975786, 3034966.884 ], [ 556651.473999999929219, 3034966.984000000171363 ], [ 556651.348999999929219, 3034967.109000000171363 ], [ 556651.299, 3034967.109000000171363 ], [ 556651.199000000022352, 3034967.209000000264496 ], [ 556650.949000000022352, 3034967.259 ], [ 556650.898999999975786, 3034967.309000000357628 ], [ 556650.699000000022352, 3034967.309000000357628 ], [ 556650.648999999975786, 3034967.259 ], [ 556650.449000000022352, 3034967.209000000264496 ], [ 556650.174, 3034966.934000000357628 ], [ 556650.074000000022352, 3034966.734000000171363 ], [ 556650.074000000022352, 3034966.53400000045076 ], [ 556650.273999999975786, 3034966.184000000357628 ], [ 556650.348999999929219, 3034966.15900000045076 ], [ 556650.498999999952503, 3034966.009 ], [ 556650.699000000022352, 3034965.90900000045076 ], [ 556650.799, 3034965.90900000045076 ], [ 556650.848999999929219, 3034965.859000000171363 ], [ 556650.998999999952503, 3034965.859000000171363 ] ] ] } },
{ "type": "Feature", "properties": { "unit_id": "c00222", "method": "watershed", "label": 222, "area_m2": 3.4224999998134442, "height_max_m": 1.5013774633407593, "height_mean_m": 1.1282001799838441, "canopy_cover": 0.99131693198263382, "volume_m3": 3.8979316218546081, "n_pixels": 1382, "data_coverage": 1.0, "vari_mean": 0.23610508834907232, "exg_mean": 0.27759667445564651, "gli_mean": 0.19087839852815131, "height_max_m_pct": 29.012345679012348, "height_mean_m_pct": 40.432098765432102, "volume_m3_pct": 53.395061728395063, "canopy_cover_pct": 26.234567901234566, "vari_mean_pct": 20.987654320987652, "exg_mean_pct": 17.283950617283949, "gli_mean_pct": 17.901234567901234 }, "geometry": { "type": "Polygon", "coordinates": [ [ [ 556628.398999999975786, 3034928.90900000045076 ], [ 556628.498999999952503, 3034928.959000000264496 ], [ 556628.799, 3034929.259 ], [ 556628.873999999952503, 3034929.384 ], [ 556628.924, 3034929.684000000357628 ], [ 556628.973999999929219, 3034929.734000000171363 ], [ 556628.973999999929219, 3034929.884 ], [ 556629.074000000022352, 3034930.084000000264496 ], [ 556629.074000000022352, 3034930.53400000045076 ], [ 556628.848999999929219, 3034930.759 ], [ 556628.648999999975786, 3034930.809000000357628 ], [ 556628.598999999929219, 3034930.859000000171363 ], [ 556627.648999999975786, 3034930.859000000171363 ], [ 556627.449000000022352, 3034930.759 ], [ 556627.199000000022352, 3034930.509 ], [ 556627.148999999975786, 3034930.509 ], [ 556627.123999999952503, 3034930.434000000357628 ], [ 556626.973999999929219, 3034930.28400000045076 ], [ 556626.924, 3034930.084000000264496 ], [ 556626.873999999952503, 3034930.03400000045076 ], [ 556626.924, 3034929.634 ], [ 556627.123999999952503, 3034929.28400000045076 ], [ 556627.248999999952503, 3034929.15900000045076 ], [ 556627.449000000022352, 3034929.059000000357628 ], [ 556627.549, 3034929.059000000357628 ], [ 556627.598999999929219, 3034929.009 ], [ 556627.799, 3034929.009 ], [ 556627.848999999929219, 3034928.959000000264496 ], [ 556627.998999999952503, 3034928.959000000264496 ], [ 556628.049, 3034928.90900000045076 ], [ 556628.398999999975786, 3034928.90900000045076 ] ] ] } },
{ "type": "Feature", "properties": { "unit_id": "c00223", "method": "watershed", "label": 223, "area_m2": 3.4106249999513967, "height_max_m": 1.5432837009429932, "height_mean_m": 0.96894598351743955, "canopy_cover": 1.0, "volume_m3": 3.3210623585149071, "n_pixels": 1371, "data_coverage": 1.0, "vari_mean": 0.30259536998409109, "exg_mean": 0.36283598532408701, "gli_mean": 0.24384828066027103, "height_max_m_pct": 33.024691358024697, "height_mean_m_pct": 18.518518518518519, "volume_m3_pct": 44.444444444444443, "canopy_cover_pct": 83.487654320987659, "vari_mean_pct": 66.358024691358025, "exg_mean_pct": 63.271604938271608, "gli_mean_pct": 62.654320987654323 }, "geometry": { "type": "Polygon", "coordinates": [ [ [ 556643.699000000022352, 3034948.059000000357628 ], [ 556643.723999999929219, 3034948.134 ], [ 556643.898999999975786, 3034948.309000000357628 ], [ 556643.949000000022352, 3034948.309000000357628 ], [ 556644.098999999929219, 3034948.459000000264496 ], [ 556644.148999999975786, 3034948.459000000264496 ], [ 556644.373999999952503, 3034948.684000000357628 ], [ 556644.473999999929219, 3034948.884 ], [ 556644.473999999929219, 3034948.984000000171363 ], [ 556644.523999999975786, 3034949.03400000045076 ], [ 556644.574000000022352, 3034949.634 ], [ 556644.523999999975786, 3034949.734000000171363 ], [ 556644.299, 3034949.959000000264496 ], [ 556643.748999999952503, 3034950.209000000264496 ], [ 556643.648999999975786, 3034950.359000000171363 ], [ 556642.949000000022352, 3034950.359000000171363 ], [ 556642.873999999952503, 3034950.28400000045076 ], [ 556642.824000000022352, 3034950.134 ], [ 556642.473999999929219, 3034949.78400000045076 ], [ 556642.473999999929219, 3034949.434000000357628 ], [ 556642.623999999952503, 3034949.134 ], [ 556642.674, 3034948.884 ], [ 556642.773999999975786, 3034948.78400000045076 ], [ 556642.773999999975786, 3034948.734000000171363 ], [ 556643.098999999929219, 3034948.40900000045076 ], [ 556643.174, 3034948.384 ], [ 556643.424, 3034948.134 ], [ 556643.449000000022352, 3034948.059000000357628 ], [ 556643.699000000022352, 3034948.059000000357628 ] ] ] } },
{ "type": "Feature", "properties": { "unit_id": "c00224", "method": "watershed", "label": 224, "area_m2": 1.5224999998003474, "height_max_m": 1.5000711679458618, "height_mean_m": 1.1329730585621494, "canopy_cover": 0.98883572567783096, "volume_m3": 1.7759352693009196, "n_pixels": 627, "data_coverage": 1.0, "vari_mean": 0.27596388199352401, "exg_mean": 0.35645597187000777, "gli_mean": 0.24312102462104851, "height_max_m_pct": 28.703703703703702, "height_mean_m_pct": 42.592592592592595, "volume_m3_pct": 20.061728395061728, "canopy_cover_pct": 20.987654320987652, "vari_mean_pct": 47.839506172839506, "exg_mean_pct": 61.111111111111114, "gli_mean_pct": 61.419753086419746 }, "geometry": { "type": "Polygon", "coordinates": [ [ [ 556659.199000000022352, 3034934.209000000264496 ], [ 556659.398999999975786, 3034934.309000000357628 ], [ 556659.574000000022352, 3034934.53400000045076 ], [ 556659.574000000022352, 3034934.934000000357628 ], [ 556659.523999999975786, 3034934.984000000171363 ], [ 556659.523999999975786, 3034935.084000000264496 ], [ 556659.324000000022352, 3034935.334000000264496 ], [ 556659.148999999975786, 3034935.459000000264496 ], [ 556659.049, 3034935.509 ], [ 556658.699000000022352, 3034935.509 ], [ 556658.498999999952503, 3034935.359000000171363 ], [ 556658.449000000022352, 3034935.359000000171363 ], [ 556658.224000000045635, 3034935.134 ], [ 556658.123999999952503, 3034934.934000000357628 ], [ 556658.123999999952503, 3034934.634 ], [ 556658.174, 3034934.53400000045076 ], [ 556658.398999999975786, 3034934.309000000357628 ], [ 556658.599000000045635, 3034934.209000000264496 ], [ 556659.199000000022352, 3034934.209000000264496 ] ] ] } },
{ "type": "Feature", "properties": { "unit_id": "c00225", "method": "watershed", "label": 225, "area_m2": 3.2543750001449374, "height_max_m": 1.5378164052963257, "height_mean_m": 1.0874702943648937, "canopy_cover": 0.99616564417177911, "volume_m3": 3.5451531596390362, "n_pixels": 1304, "data_coverage": 1.0, "vari_mean": 0.3647229174128217, "exg_mean": 0.38391424379470968, "gli_mean": 0.25686796660870326, "height_max_m_pct": 32.407407407407405, "height_mean_m_pct": 32.716049382716051, "volume_m3_pct": 48.76543209876543, "canopy_cover_pct": 44.135802469135804, "vari_mean_pct": 95.061728395061735, "exg_mean_pct": 71.296296296296291, "gli_mean_pct": 70.061728395061735 }, "geometry": { "type": "Polygon", "coordinates": [ [ [ 556620.398999999975786, 3034963.459000000264496 ], [ 556620.573999999905936, 3034963.584000000264496 ], [ 556620.623999999952503, 3034963.684000000357628 ], [ 556620.924, 3034963.984000000171363 ], [ 556621.123999999952503, 3034964.384 ], [ 556621.073999999905936, 3034964.434000000357628 ], [ 556621.073999999905936, 3034964.684000000357628 ], [ 556621.023999999975786, 3034964.734000000171363 ], [ 556621.023999999975786, 3034965.084000000264496 ], [ 556620.973999999929219, 3034965.184000000357628 ], [ 556620.848999999929219, 3034965.309000000357628 ], [ 556620.648999999975786, 3034965.359000000171363 ], [ 556620.598999999929219, 3034965.40900000045076 ], [ 556620.198999999905936, 3034965.359000000171363 ], [ 556620.148999999975786, 3034965.309000000357628 ], [ 556619.998999999952503, 3034965.309000000357628 ], [ 556619.948999999905936, 3034965.259 ], [ 556619.648999999975786, 3034965.209000000264496 ], [ 556619.448999999905936, 3034965.109000000171363 ], [ 556619.198999999905936, 3034964.90900000045076 ], [ 556619.148999999975786, 3034964.90900000045076 ], [ 556618.924, 3034964.684000000357628 ], [ 556618.873999999952503, 3034964.584000000264496 ], [ 556618.873999999952503, 3034964.28400000045076 ], [ 556618.973999999929219, 3034964.084000000264496 ], [ 556619.174, 3034963.834000000264496 ], [ 556619.174, 3034963.78400000045076 ], [ 556619.448999999905936, 3034963.509 ], [ 556619.799, 3034963.609000000171363 ], [ 556620.098999999929219, 3034963.459000000264496 ], [ 556620.398999999975786, 3034963.459000000264496 ] ] ] } },
{ "type": "Feature", "properties": { "unit_id": "c00226", "method": "watershed", "label": 226, "area_m2": 1.1950000000547152, "height_max_m": 1.5431234836578369, "height_mean_m": 1.1293934831480064, "canopy_cover": 0.98148148148148151, "volume_m3": 1.3722130820284979, "n_pixels": 486, "data_coverage": 1.0, "vari_mean": 0.31223924165567374, "exg_mean": 0.44962163343738737, "gli_mean": 0.29973657147263544, "height_max_m_pct": 32.716049382716051, "height_mean_m_pct": 41.358024691358025, "volume_m3_pct": 13.271604938271606, "canopy_cover_pct": 10.185185185185185, "vari_mean_pct": 73.456790123456798, "exg_mean_pct": 91.666666666666657, "gli_mean_pct": 92.283950617283949 }, "geometry": { "type": "Polygon", "coordinates": [ [ [ 556666.498999999952503, 3034921.609000000171363 ], [ 556666.699000000022352, 3034921.709000000264496 ], [ 556666.949000000022352, 3034921.959000000264496 ], [ 556667.123999999952503, 3034922.234000000171363 ], [ 556667.123999999952503, 3034922.434000000357628 ], [ 556667.074000000022352, 3034922.53400000045076 ], [ 556666.949000000022352, 3034922.65900000045076 ], [ 556666.748999999952503, 3034922.759 ], [ 556666.349000000045635, 3034922.759 ], [ 556666.299, 3034922.709000000264496 ], [ 556666.099000000045635, 3034922.65900000045076 ], [ 556665.873999999952503, 3034922.434000000357628 ], [ 556665.773999999975786, 3034922.234000000171363 ], [ 556665.773999999975786, 3034921.984000000171363 ], [ 556665.824000000022352, 3034921.884 ], [ 556666.049, 3034921.65900000045076 ], [ 556666.148999999975786, 3034921.609000000171363 ], [ 556666.498999999952503, 3034921.609000000171363 ] ] ] } },
{ "type": "Feature", "properties": { "unit_id": "c00227", "method": "watershed", "label": 227, "area_m2": 1.8243749998940617, "height_max_m": 1.4830200672149658, "height_mean_m": 1.1780673776168462, "canopy_cover": 0.99042407660738718, "volume_m3": 2.1529181326005453, "n_pixels": 731, "data_coverage": 1.0, "vari_mean": 0.32839308037329057, "exg_mean": 0.50329194295687396, "gli_mean": 0.33166581188121474, "height_max_m_pct": 26.234567901234566, "height_mean_m_pct": 52.777777777777779, "volume_m3_pct": 25.925925925925924, "canopy_cover_pct": 25.308641975308642, "vari_mean_pct": 80.555555555555557, "exg_mean_pct": 97.53086419753086, "gli_mean_pct": 97.53086419753086 }, "geometry": { "type": "Polygon", "coordinates": [ [ [ 556658.949000000022352, 3034914.859000000171363 ], [ 556658.998999999952503, 3034914.90900000045076 ], [ 556659.248999999952503, 3034914.90900000045076 ], [ 556659.449000000022352, 3034915.009 ], [ 556659.674, 3034915.234000000171363 ], [ 556659.773999999975786, 3034915.434000000357628 ], [ 556659.773999999975786, 3034915.834000000264496 ], [ 556659.724000000045635, 3034915.884 ], [ 556659.724000000045635, 3034915.984000000171363 ], [ 556659.449000000022352, 3034916.259 ], [ 556659.248999999952503, 3034916.359000000171363 ], [ 556658.849000000045635, 3034916.359000000171363 ], [ 556658.799, 3034916.309000000357628 ], [ 556658.699000000022352, 3034916.309000000357628 ], [ 556658.424, 3034916.084000000264496 ], [ 556658.224000000045635, 3034915.684000000357628 ], [ 556658.224000000045635, 3034915.384 ], [ 556658.273999999975786, 3034915.334000000264496 ], [ 556658.273999999975786, 3034915.234000000171363 ], [ 556658.498999999952503, 3034915.009 ], [ 556658.699000000022352, 3034914.90900000045076 ], [ 556658.849000000045635, 3034914.90900000045076 ], [ 556658.949000000022352, 3034914.859000000171363 ] ] ] } },
{ "type": "Feature", "properties": { "unit_id": "c00228", "method": "watershed", "label": 228, "area_m2": 2.1831250000398725, "height_max_m": 1.4963835477828979, "height_mean_m": 1.1227464252910837, "canopy_cover": 0.99543899657924739, "volume_m3": 2.4616215374572854, "n_pixels": 877, "data_coverage": 1.0, "vari_mean": 0.3273196351233445, "exg_mean": 0.38771428962291615, "gli_mean": 0.2612336959209689, "height_max_m_pct": 27.469135802469136, "height_mean_m_pct": 39.197530864197532, "volume_m3_pct": 31.481481481481481, "canopy_cover_pct": 40.123456790123456, "vari_mean_pct": 79.629629629629633, "exg_mean_pct": 72.839506172839506, "gli_mean_pct": 73.148148148148152 }, "geometry": { "type": "Polygon", "coordinates": [ [ [ 556666.699000000022352, 3034945.009 ], [ 556666.898999999975786, 3034945.109000000171363 ], [ 556667.049, 3034945.259 ], [ 556667.099000000045635, 3034945.259 ], [ 556667.324000000022352, 3034945.53400000045076 ], [ 556667.373999999952503, 3034945.634 ], [ 556667.373999999952503, 3034946.03400000045076 ], [ 556667.324000000022352, 3034946.134 ], [ 556667.099000000045635, 3034946.359000000171363 ], [ 556666.898999999975786, 3034946.459000000264496 ], [ 556666.799, 3034946.459000000264496 ], [ 556666.748999999952503, 3034946.509 ], [ 556666.599000000045635, 3034946.509 ], [ 556666.549, 3034946.559000000357628 ], [ 556666.049, 3034946.559000000357628 ], [ 556665.998999999952503, 3034946.509 ], [ 556665.799, 3034946.459000000264496 ], [ 556665.674, 3034946.334000000264496 ], [ 556665.674, 3034946.234000000171363 ], [ 556665.623999999952503, 3034946.184000000357628 ], [ 556665.623999999952503, 3034945.984000000171363 ], [ 556665.674, 3034945.934000000357628 ], [ 556665.674, 3034945.434000000357628 ], [ 556665.898999999975786, 3034945.209000000264496 ], [ 556666.199000000022352, 3034945.059000000357628 ], [ 556666.349000000045635, 3034945.059000000357628 ], [ 556666.398999999975786, 3034945.009 ], [ 556666.699000000022352, 3034945.009 ] ] ] } },
{ "type": "Feature", "properties": { "unit_id": "c00229", "method": "watershed", "label": 229, "area_m2": 2.1037499999764258, "height_max_m": 1.4752266407012939, "height_mean_m": 1.1442700551627523, "canopy_cover": 0.99882214369846878, "volume_m3": 2.4287131920894378, "n_pixels": 849, "data_coverage": 1.0, "vari_mean": 0.33692172312548241, "exg_mean": 0.41950451452280191, "gli_mean": 0.28061907618670828, "height_max_m_pct": 25.0, "height_mean_m_pct": 44.753086419753089, "volume_m3_pct": 30.246913580246915, "canopy_cover_pct": 58.333333333333336, "vari_mean_pct": 84.876543209876544, "exg_mean_pct": 83.641975308641975, "gli_mean_pct": 84.259259259259252 }, "geometry": { "type": "Polygon", "coordinates": [ [ [ 556650.398999999975786, 3035044.90900000045076 ], [ 556650.598999999929219, 3035045.009000000543892 ], [ 556650.873999999952503, 3035045.28400000045076 ], [ 556650.873999999952503, 3035045.334000000264496 ], [ 556651.074000000022352, 3035045.584000000264496 ], [ 556651.174, 3035045.78400000045076 ], [ 556651.174, 3035046.134000000543892 ], [ 556650.998999999952503, 3035046.309000000357628 ], [ 556650.699000000022352, 3035046.459000000264496 ], [ 556650.398999999975786, 3035046.509000000543892 ], [ 556650.348999999929219, 3035046.559000000357628 ], [ 556650.199000000022352, 3035046.559000000357628 ], [ 556650.148999999975786, 3035046.509000000543892 ], [ 556649.998999999952503, 3035046.509000000543892 ], [ 556649.949000000022352, 3035046.459000000264496 ], [ 556649.748999999952503, 3035046.40900000045076 ], [ 556649.523999999975786, 3035046.184000000357628 ], [ 556649.523999999975786, 3035046.084000000264496 ], [ 556649.473999999929219, 3035046.03400000045076 ], [ 556649.473999999929219, 3035045.734000000171363 ], [ 556649.523999999975786, 3035045.684000000357628 ], [ 556649.523999999975786, 3035045.484000000171363 ], [ 556649.748999999952503, 3035045.15900000045076 ], [ 556649.799, 3035045.15900000045076 ], [ 556649.949000000022352, 3035045.009000000543892 ], [ 556650.148999999975786, 3035044.90900000045076 ], [ 556650.398999999975786, 3035044.90900000045076 ] ] ] } },
{ "type": "Feature", "properties": { "unit_id": "c00230", "method": "watershed", "label": 230, "area_m2": 2.2737500000471487, "height_max_m": 1.4831017255783081, "height_mean_m": 1.0513774741996538, "canopy_cover": 0.99013157894736847, "volume_m3": 2.3971406411816223, "n_pixels": 912, "data_coverage": 1.0, "vari_mean": 0.28221189907407918, "exg_mean": 0.35369933714900792, "gli_mean": 0.23995782409955169, "height_max_m_pct": 26.543209876543212, "height_mean_m_pct": 26.851851851851855, "volume_m3_pct": 29.938271604938272, "canopy_cover_pct": 24.382716049382715, "vari_mean_pct": 54.320987654320987, "exg_mean_pct": 60.493827160493829, "gli_mean_pct": 60.802469135802475 }, "geometry": { "type": "Polygon", "coordinates": [ [ [ 556666.049, 3035023.609000000171363 ], [ 556666.099000000045635, 3035023.65900000045076 ], [ 556666.224000000045635, 3035023.684000000357628 ], [ 556666.324000000022352, 3035023.934000000357628 ], [ 556666.674, 3035024.28400000045076 ], [ 556666.674, 3035024.334000000264496 ], [ 556666.773999999975786, 3035024.434000000357628 ], [ 556666.873999999952503, 3035024.634000000543892 ], [ 556666.873999999952503, 3035024.884000000543892 ], [ 556666.773999999975786, 3035025.084000000264496 ], [ 556666.449000000022352, 3035025.40900000045076 ], [ 556666.248999999952503, 3035025.509000000543892 ], [ 556665.799, 3035025.509000000543892 ], [ 556665.748999999952503, 3035025.459000000264496 ], [ 556665.648999999975786, 3035025.459000000264496 ], [ 556665.449000000022352, 3035025.359000000171363 ], [ 556665.174, 3035025.084000000264496 ], [ 556665.174, 3035024.984000000171363 ], [ 556665.123999999952503, 3035024.934000000357628 ], [ 556665.123999999952503, 3035024.734000000171363 ], [ 556665.273999999975786, 3035024.434000000357628 ], [ 556665.424, 3035024.28400000045076 ], [ 556665.574000000022352, 3035023.984000000171363 ], [ 556665.824000000022352, 3035023.684000000357628 ], [ 556665.824000000022352, 3035023.634000000543892 ], [ 556666.049, 3035023.609000000171363 ] ] ] } },
{ "type": "Feature", "properties": { "unit_id": "c00231", "method": "watershed", "label": 231, "area_m2": 2.9187499998588464, "height_max_m": 1.488544225692749, "height_mean_m": 1.0320235813956662, "canopy_cover": 1.0, "volume_m3": 2.9980285039624297, "n_pixels": 1162, "data_coverage": 1.0, "vari_mean": 0.14326720716041125, "exg_mean": 0.18140403708163219, "gli_mean": 0.12660282590107366, "height_max_m_pct": 26.851851851851855, "height_mean_m_pct": 23.765432098765434, "volume_m3_pct": 39.506172839506171, "canopy_cover_pct": 83.487654320987659, "vari_mean_pct": 3.7037037037037033, "exg_mean_pct": 4.0123456790123457, "gli_mean_pct": 4.0123456790123457 }, "geometry": { "type": "Polygon", "coordinates": [ [ [ 556612.398999999975786, 3034982.40900000045076 ], [ 556612.448999999905936, 3034982.459000000264496 ], [ 556612.648999999975786, 3034982.459000000264496 ], [ 556612.723999999929219, 3034982.53400000045076 ], [ 556612.723999999929219, 3034983.78400000045076 ], [ 556612.773999999975786, 3034983.834000000264496 ], [ 556612.498999999952503, 3034984.059000000357628 ], [ 556612.248999999952503, 3034984.109000000171363 ], [ 556612.098999999929219, 3034984.209000000264496 ], [ 556611.998999999952503, 3034984.209000000264496 ], [ 556611.698999999905936, 3034984.359000000171363 ], [ 556611.098999999929219, 3034984.359000000171363 ], [ 556611.073999999905936, 3034984.234000000171363 ], [ 556611.023999999975786, 3034984.184000000357628 ], [ 556611.023999999975786, 3034984.084000000264496 ], [ 556610.973999999929219, 3034984.03400000045076 ], [ 556610.973999999929219, 3034983.884 ], [ 556610.924, 3034983.834000000264496 ], [ 556610.924, 3034983.234000000171363 ], [ 556610.973999999929219, 3034983.134 ], [ 556611.174, 3034982.934000000357628 ], [ 556611.174, 3034982.884 ], [ 556611.598999999929219, 3034982.509 ], [ 556611.799, 3034982.459000000264496 ], [ 556611.848999999929219, 3034982.40900000045076 ], [ 556612.398999999975786, 3034982.40900000045076 ] ] ] } },
{ "type": "Feature", "properties": { "unit_id": "c00232", "method": "watershed", "label": 232, "area_m2": 3.1050000000253202, "height_max_m": 1.4809355735778809, "height_mean_m": 1.1396888988235589, "canopy_cover": 0.99595796281325788, "volume_m3": 3.5244879196212837, "n_pixels": 1237, "data_coverage": 1.0, "vari_mean": 0.28697461574508148, "exg_mean": 0.33126611009054907, "gli_mean": 0.2263422914116546, "height_max_m_pct": 25.925925925925924, "height_mean_m_pct": 43.518518518518519, "volume_m3_pct": 47.839506172839506, "canopy_cover_pct": 42.901234567901234, "vari_mean_pct": 55.555555555555557, "exg_mean_pct": 49.074074074074076, "gli_mean_pct": 50.617283950617285 }, "geometry": { "type": "Polygon", "coordinates": [ [ [ 556635.398999999975786, 3034985.559000000357628 ], [ 556635.449000000022352, 3034985.609000000171363 ], [ 556635.598999999929219, 3034985.609000000171363 ], [ 556635.898999999975786, 3034985.859000000171363 ], [ 556636.248999999952503, 3034986.059000000357628 ], [ 556636.574000000022352, 3034986.384 ], [ 556636.623999999952503, 3034986.484000000171363 ], [ 556636.623999999952503, 3034986.934000000357628 ], [ 556636.574000000022352, 3034987.03400000045076 ], [ 556636.148999999975786, 3034987.459000000264496 ], [ 556635.898999999975786, 3034987.509 ], [ 556635.848999999929219, 3034987.459000000264496 ], [ 556635.598999999929219, 3034987.40900000045076 ], [ 556635.299, 3034987.259 ], [ 556635.148999999975786, 3034987.259 ], [ 556635.098999999929219, 3034987.209000000264496 ], [ 556634.949000000022352, 3034987.209000000264496 ], [ 556634.848999999929219, 3034987.15900000045076 ], [ 556634.623999999952503, 3034986.934000000357628 ], [ 556634.574000000022352, 3034986.78400000045076 ], [ 556634.324000000022352, 3034986.484000000171363 ], [ 556634.324000000022352, 3034986.134 ], [ 556634.549, 3034985.90900000045076 ], [ 556634.949000000022352, 3034985.709000000264496 ], [ 556635.148999999975786, 3034985.559000000357628 ], [ 556635.398999999975786, 3034985.559000000357628 ] ] ] } },
{ "type": "Feature", "properties": { "unit_id": "c00233", "method": "watershed", "label": 233, "area_m2": 1.5599999998440035, "height_max_m": 1.6008666753768921, "height_mean_m": 1.0767498989455617, "canopy_cover": 0.99840255591054317, "volume_m3": 1.6851135918543112, "n_pixels": 626, "data_coverage": 1.0, "vari_mean": 0.3053332507087862, "exg_mean": 0.45305701008532046, "gli_mean": 0.30089134880554108, "height_max_m_pct": 40.123456790123456, "height_mean_m_pct": 30.246913580246915, "volume_m3_pct": 17.592592592592592, "canopy_cover_pct": 55.246913580246911, "vari_mean_pct": 69.444444444444443, "exg_mean_pct": 92.283950617283949, "gli_mean_pct": 92.901234567901241 }, "geometry": { "type": "Polygon", "coordinates": [ [ [ 556658.248999999952503, 3035047.259000000543892 ], [ 556658.398999999975786, 3035047.359000000171363 ], [ 556658.498999999952503, 3035047.359000000171363 ], [ 556658.824000000022352, 3035047.634000000543892 ], [ 556658.824000000022352, 3035047.834000000264496 ], [ 556658.623999999952503, 3035048.084000000264496 ], [ 556658.623999999952503, 3035048.134000000543892 ], [ 556658.324000000022352, 3035048.434000000357628 ], [ 556658.299, 3035048.509000000543892 ], [ 556658.248999999952503, 3035048.509000000543892 ], [ 556658.148999999975786, 3035048.609000000171363 ], [ 556657.949000000022352, 3035048.609000000171363 ], [ 556657.898999999975786, 3035048.559000000357628 ], [ 556657.799, 3035048.559000000357628 ], [ 556657.549, 3035048.359000000171363 ], [ 556657.498999999952503, 3035048.359000000171363 ], [ 556657.324000000022352, 3035048.184000000357628 ], [ 556657.324000000022352, 3035048.134000000543892 ], [ 556657.224000000045635, 3035048.03400000045076 ], [ 556657.224000000045635, 3035047.734000000171363 ], [ 556657.273999999975786, 3035047.634000000543892 ], [ 556657.549, 3035047.359000000171363 ], [ 556657.748999999952503, 3035047.259000000543892 ], [ 556658.248999999952503, 3035047.259000000543892 ] ] ] } },
{ "type": "Feature", "properties": { "unit_id": "c00234", "method": "watershed", "label": 234, "area_m2": 2.0949999998146094, "height_max_m": 1.4584286212921143, "height_mean_m": 1.1075288591921968, "canopy_cover": 1.0, "volume_m3": 2.3230417821618468, "n_pixels": 839, "data_coverage": 1.0, "vari_mean": 0.35022045565249704, "exg_mean": 0.41662585914381284, "gli_mean": 0.27777537585805157, "height_max_m_pct": 23.148148148148149, "height_mean_m_pct": 37.037037037037038, "volume_m3_pct": 28.39506172839506, "canopy_cover_pct": 83.487654320987659, "vari_mean_pct": 90.740740740740748, "exg_mean_pct": 82.407407407407405, "gli_mean_pct": 83.024691358024697 }, "geometry": { "type": "Polygon", "coordinates": [ [ [ 556651.598999999929219, 3034944.40900000045076 ], [ 556651.648999999975786, 3034944.459000000264496 ], [ 556651.748999999952503, 3034944.459000000264496 ], [ 556651.973999999929219, 3034944.684000000357628 ], [ 556652.023999999975786, 3034944.78400000045076 ], [ 556652.023999999975786, 3034945.184000000357628 ], [ 556651.873999999952503, 3034945.484000000171363 ], [ 556651.498999999952503, 3034945.859000000171363 ], [ 556651.398999999975786, 3034945.90900000045076 ], [ 556651.049, 3034945.90900000045076 ], [ 556650.998999999952503, 3034945.859000000171363 ], [ 556650.848999999929219, 3034945.859000000171363 ], [ 556650.799, 3034945.809000000357628 ], [ 556650.598999999929219, 3034945.759 ], [ 556650.424, 3034945.53400000045076 ], [ 556650.324000000022352, 3034945.334000000264496 ], [ 556650.324000000022352, 3034945.234000000171363 ], [ 556650.273999999975786, 3034945.184000000357628 ], [ 556650.273999999975786, 3034944.984000000171363 ], [ 556650.424, 3034944.684000000357628 ], [ 556650.598999999929219, 3034944.559000000357628 ], [ 556650.799, 3034944.459000000264496 ], [ 556650.898999999975786, 3034944.459000000264496 ], [ 556650.949000000022352, 3034944.40900000045076 ], [ 556651.598999999929219, 3034944.40900000045076 ] ] ] } },
{ "type": "Feature", "properties": { "unit_id": "c00235", "method": "watershed", "label": 235, "area_m2": 2.5718750000989532, "height_max_m": 1.5148428678512573, "height_mean_m": 1.1290700246872389, "canopy_cover": 0.98840579710144927, "volume_m3": 2.9214686888860451, "n_pixels": 1035, "data_coverage": 1.0, "vari_mean": 0.17358777695867691, "exg_mean": 0.24546342355000883, "gli_mean": 0.16888704609474386, "height_max_m_pct": 29.938271604938272, "height_mean_m_pct": 41.049382716049379, "volume_m3_pct": 38.271604938271601, "canopy_cover_pct": 19.1358024691358, "vari_mean_pct": 4.9382716049382713, "exg_mean_pct": 9.5679012345679002, "gli_mean_pct": 9.5679012345679002 }, "geometry": { "type": "Polygon", "coordinates": [ [ [ 556635.348999999929219, 3035046.809000000357628 ], [ 556635.398999999975786, 3035046.859000000171363 ], [ 556635.598999999929219, 3035046.90900000045076 ], [ 556635.773999999975786, 3035047.084000000264496 ], [ 556635.973999999929219, 3035047.434000000357628 ], [ 556635.973999999929219, 3035047.584000000264496 ], [ 556636.023999999975786, 3035047.634000000543892 ], [ 556636.023999999975786, 3035047.734000000171363 ], [ 556636.174, 3035048.03400000045076 ], [ 556636.174, 3035048.234000000171363 ], [ 556636.123999999952503, 3035048.334000000264496 ], [ 556635.898999999975786, 3035048.559000000357628 ], [ 556635.799, 3035048.559000000357628 ], [ 556635.748999999952503, 3035048.609000000171363 ], [ 556635.598999999929219, 3035048.609000000171363 ], [ 556635.549, 3035048.559000000357628 ], [ 556635.248999999952503, 3035048.559000000357628 ], [ 556635.199000000022352, 3035048.509000000543892 ], [ 556634.949000000022352, 3035048.509000000543892 ], [ 556634.898999999975786, 3035048.459000000264496 ], [ 556634.799, 3035048.459000000264496 ], [ 556634.449000000022352, 3035048.259000000543892 ], [ 556634.223999999929219, 3035047.984000000171363 ], [ 556634.223999999929219, 3035047.884000000543892 ], [ 556634.174, 3035047.834000000264496 ], [ 556634.174, 3035047.584000000264496 ], [ 556634.223999999929219, 3035047.484000000171363 ], [ 556634.498999999952503, 3035047.209000000264496 ], [ 556634.549, 3035047.209000000264496 ], [ 556634.799, 3035047.009000000543892 ], [ 556635.098999999929219, 3035046.859000000171363 ], [ 556635.299, 3035046.859000000171363 ], [ 556635.348999999929219, 3035046.809000000357628 ] ] ] } },
{ "type": "Feature", "properties": { "unit_id": "c00236", "method": "watershed", "label": 236, "area_m2": 1.5824999999775899, "height_max_m": 1.502130389213562, "height_mean_m": 1.0514520461057459, "canopy_cover": 1.0, "volume_m3": 1.6796946436584221, "n_pixels": 639, "data_coverage": 1.0, "vari_mean": 0.25380373627571268, "exg_mean": 0.31692587902348979, "gli_mean": 0.21712516835794513, "height_max_m_pct": 29.320987654320991, "height_mean_m_pct": 27.160493827160494, "volume_m3_pct": 16.97530864197531, "canopy_cover_pct": 83.487654320987659, "vari_mean_pct": 31.172839506172838, "exg_mean_pct": 41.049382716049379, "gli_mean_pct": 42.283950617283949 }, "geometry": { "type": "Polygon", "coordinates": [ [ [ 556643.848999999929219, 3034914.509 ], [ 556643.949000000022352, 3034914.559000000357628 ], [ 556644.223999999929219, 3034914.834000000264496 ], [ 556644.223999999929219, 3034914.934000000357628 ], [ 556644.273999999975786, 3034914.984000000171363 ], [ 556644.273999999975786, 3034915.28400000045076 ], [ 556644.223999999929219, 3034915.334000000264496 ], [ 556644.223999999929219, 3034915.434000000357628 ], [ 556644.174, 3034915.53400000045076 ], [ 556643.949000000022352, 3034915.759 ], [ 556643.748999999952503, 3034915.859000000171363 ], [ 556643.348999999929219, 3034915.859000000171363 ], [ 556643.148999999975786, 3034915.759 ], [ 556642.873999999952503, 3034915.434000000357628 ], [ 556642.873999999952503, 3034915.334000000264496 ], [ 556642.824000000022352, 3034915.28400000045076 ], [ 556642.824000000022352, 3034914.934000000357628 ], [ 556642.924, 3034914.734000000171363 ], [ 556643.098999999929219, 3034914.609000000171363 ], [ 556643.398999999975786, 3034914.559000000357628 ], [ 556643.449000000022352, 3034914.509 ], [ 556643.848999999929219, 3034914.509 ] ] ] } },
{ "type": "Feature", "properties": { "unit_id": "c00237", "method": "watershed", "label": 237, "area_m2": 3.8681250000119323, "height_max_m": 1.4631671905517578, "height_mean_m": 1.031768416903005, "canopy_cover": 0.99935525467440356, "volume_m3": 4.000682036552103, "n_pixels": 1551, "data_coverage": 1.0, "vari_mean": 0.23174621435466602, "exg_mean": 0.29920509009182489, "gli_mean": 0.20422253718838237, "height_max_m_pct": 24.074074074074073, "height_mean_m_pct": 23.456790123456788, "volume_m3_pct": 54.320987654320987, "canopy_cover_pct": 63.271604938271608, "vari_mean_pct": 18.209876543209877, "exg_mean_pct": 28.39506172839506, "gli_mean_pct": 28.39506172839506 }, "geometry": { "type": "Polygon", "coordinates": [ [ [ 556627.449000000022352, 3035029.209000000264496 ], [ 556628.148999999975786, 3035029.559000000357628 ], [ 556628.398999999975786, 3035029.759000000543892 ], [ 556628.449000000022352, 3035029.759000000543892 ], [ 556628.574000000022352, 3035029.934000000357628 ], [ 556628.574000000022352, 3035030.28400000045076 ], [ 556628.523999999975786, 3035030.334000000264496 ], [ 556628.473999999929219, 3035030.734000000171363 ], [ 556628.373999999952503, 3035030.934000000357628 ], [ 556628.373999999952503, 3035031.234000000171363 ], [ 556628.148999999975786, 3035031.709000000264496 ], [ 556627.799, 3035031.709000000264496 ], [ 556627.748999999952503, 3035031.65900000045076 ], [ 556627.148999999975786, 3035031.65900000045076 ], [ 556627.123999999952503, 3035031.634000000543892 ], [ 556627.273999999975786, 3035031.384000000543892 ], [ 556627.223999999929219, 3035031.134000000543892 ], [ 556626.699000000022352, 3035030.65900000045076 ], [ 556626.648999999975786, 3035030.65900000045076 ], [ 556626.348999999929219, 3035030.359000000171363 ], [ 556626.273999999975786, 3035030.28400000045076 ], [ 556626.273999999975786, 3035030.184000000357628 ], [ 556626.223999999929219, 3035030.134000000543892 ], [ 556626.373999999952503, 3035029.834000000264496 ], [ 556626.699000000022352, 3035029.509000000543892 ], [ 556627.248999999952503, 3035029.209000000264496 ], [ 556627.449000000022352, 3035029.209000000264496 ] ] ] } },
{ "type": "Feature", "properties": { "unit_id": "c00238", "method": "watershed", "label": 238, "area_m2": 1.817500000084983, "height_max_m": 1.4600430727005005, "height_mean_m": 1.14674203532861, "canopy_cover": 1.0, "volume_m3": 2.1014047797452986, "n_pixels": 733, "data_coverage": 1.0, "vari_mean": 0.33622668344210338, "exg_mean": 0.43689290957258042, "gli_mean": 0.29216220131006415, "height_max_m_pct": 23.456790123456788, "height_mean_m_pct": 45.679012345679013, "volume_m3_pct": 24.691358024691358, "canopy_cover_pct": 83.487654320987659, "vari_mean_pct": 84.567901234567898, "exg_mean_pct": 86.419753086419746, "gli_mean_pct": 87.345679012345684 }, "geometry": { "type": "Polygon", "coordinates": [ [ [ 556666.049, 3035026.109000000171363 ], [ 556666.099000000045635, 3035026.15900000045076 ], [ 556666.199000000022352, 3035026.15900000045076 ], [ 556666.474000000045635, 3035026.434000000357628 ], [ 556666.523999999975786, 3035026.53400000045076 ], [ 556666.523999999975786, 3035026.684000000357628 ], [ 556666.574000000022352, 3035026.734000000171363 ], [ 556666.574000000022352, 3035026.834000000264496 ], [ 556666.523999999975786, 3035026.884000000543892 ], [ 556666.523999999975786, 3035027.084000000264496 ], [ 556666.424, 3035027.28400000045076 ], [ 556666.248999999952503, 3035027.459000000264496 ], [ 556666.049, 3035027.509000000543892 ], [ 556665.998999999952503, 3035027.559000000357628 ], [ 556665.748999999952503, 3035027.559000000357628 ], [ 556665.449000000022352, 3035027.40900000045076 ], [ 556665.023999999975786, 3035026.984000000171363 ], [ 556664.974000000045635, 3035026.78400000045076 ], [ 556664.924, 3035026.734000000171363 ], [ 556664.924, 3035026.584000000264496 ], [ 556665.074000000022352, 3035026.334000000264496 ], [ 556665.349000000045635, 3035026.15900000045076 ], [ 556665.449000000022352, 3035026.15900000045076 ], [ 556665.498999999952503, 3035026.109000000171363 ], [ 556666.049, 3035026.109000000171363 ] ] ] } },
{ "type": "Feature", "properties": { "unit_id": "c00239", "method": "watershed", "label": 239, "area_m2": 2.8081250002188609, "height_max_m": 1.477095365524292, "height_mean_m": 1.0917979610780262, "canopy_cover": 0.99911894273127755, "volume_m3": 3.0979767145671859, "n_pixels": 1135, "data_coverage": 1.0, "vari_mean": 0.27150636343872742, "exg_mean": 0.34221853298661464, "gli_mean": 0.23165023446734395, "height_max_m_pct": 25.308641975308642, "height_mean_m_pct": 33.641975308641975, "volume_m3_pct": 42.283950617283949, "canopy_cover_pct": 61.111111111111114, "vari_mean_pct": 44.444444444444443, "exg_mean_pct": 56.79012345679012, "gli_mean_pct": 56.172839506172842 }, "geometry": { "type": "Polygon", "coordinates": [ [ [ 556666.248999999952503, 3035015.009 ], [ 556666.273999999975786, 3035015.134 ], [ 556666.773999999975786, 3035015.634 ], [ 556666.873999999952503, 3035015.834000000264496 ], [ 556666.873999999952503, 3035016.184000000357628 ], [ 556666.824000000022352, 3035016.234000000171363 ], [ 556666.824000000022352, 3035016.334000000264496 ], [ 556666.674, 3035016.634 ], [ 556666.474000000045635, 3035016.884 ], [ 556666.474000000045635, 3035016.984000000171363 ], [ 556666.398999999975786, 3035017.059000000357628 ], [ 556665.449000000022352, 3035017.059000000357628 ], [ 556665.424, 3035016.934000000357628 ], [ 556665.324000000022352, 3035016.734000000171363 ], [ 556665.224000000045635, 3035016.634 ], [ 556665.074000000022352, 3035016.334000000264496 ], [ 556665.074000000022352, 3035016.234000000171363 ], [ 556665.023999999975786, 3035016.184000000357628 ], [ 556665.023999999975786, 3035015.984000000171363 ], [ 556665.074000000022352, 3035015.934000000357628 ], [ 556665.074000000022352, 3035015.834000000264496 ], [ 556665.123999999952503, 3035015.734000000171363 ], [ 556665.349000000045635, 3035015.509 ], [ 556665.623999999952503, 3035015.28400000045076 ], [ 556665.699000000022352, 3035015.009 ], [ 556666.248999999952503, 3035015.009 ] ] ] } },
{ "type": "Feature", "properties": { "unit_id": "c00240", "method": "watershed", "label": 240, "area_m2": 1.2737499999103603, "height_max_m": 1.4802428483963013, "height_mean_m": 1.0167718250160069, "canopy_cover": 1.0, "volume_m3": 1.3116356542741574, "n_pixels": 516, "data_coverage": 1.0, "vari_mean": 0.26623603163410975, "exg_mean": 0.32307119500645143, "gli_mean": 0.2214669049966379, "height_max_m_pct": 25.617283950617285, "height_mean_m_pct": 22.222222222222221, "volume_m3_pct": 12.654320987654321, "canopy_cover_pct": 83.487654320987659, "vari_mean_pct": 41.049382716049379, "exg_mean_pct": 43.827160493827158, "gli_mean_pct": 45.370370370370374 }, "geometry": { "type": "Polygon", "coordinates": [ [ [ 556658.299, 3035030.259000000543892 ], [ 556658.349000000045635, 3035030.309000000357628 ], [ 556658.449000000022352, 3035030.309000000357628 ], [ 556658.674, 3035030.484000000171363 ], [ 556658.724000000045635, 3035030.684000000357628 ], [ 556658.773999999975786, 3035030.734000000171363 ], [ 556658.724000000045635, 3035031.084000000264496 ], [ 556658.449000000022352, 3035031.359000000171363 ], [ 556658.349000000045635, 3035031.40900000045076 ], [ 556658.148999999975786, 3035031.40900000045076 ], [ 556658.099000000045635, 3035031.459000000264496 ], [ 556657.849000000045635, 3035031.459000000264496 ], [ 556657.799, 3035031.40900000045076 ], [ 556657.648999999975786, 3035031.40900000045076 ], [ 556657.474000000045635, 3035031.28400000045076 ], [ 556657.424, 3035031.184000000357628 ], [ 556657.424, 3035030.834000000264496 ], [ 556657.523999999975786, 3035030.634000000543892 ], [ 556657.849000000045635, 3035030.309000000357628 ], [ 556657.949000000022352, 3035030.259000000543892 ], [ 556658.299, 3035030.259000000543892 ] ] ] } },
{ "type": "Feature", "properties": { "unit_id": "c00241", "method": "watershed", "label": 241, "area_m2": 1.6924999999118155, "height_max_m": 1.6221649646759033, "height_mean_m": 1.0747298669832621, "canopy_cover": 1.0, "volume_m3": 1.8243539492089671, "n_pixels": 679, "data_coverage": 1.0, "vari_mean": 0.33881870563361632, "exg_mean": 0.41215935576037177, "gli_mean": 0.27637067950402755, "height_max_m_pct": 43.518518518518519, "height_mean_m_pct": 29.629629629629626, "volume_m3_pct": 20.987654320987652, "canopy_cover_pct": 83.487654320987659, "vari_mean_pct": 85.493827160493822, "exg_mean_pct": 80.864197530864203, "gli_mean_pct": 81.172839506172849 }, "geometry": { "type": "Polygon", "coordinates": [ [ [ 556651.449000000022352, 3034929.359000000171363 ], [ 556651.648999999975786, 3034929.459000000264496 ], [ 556651.773999999975786, 3034929.584000000264496 ], [ 556651.773999999975786, 3034929.634 ], [ 556651.973999999929219, 3034929.884 ], [ 556652.123999999952503, 3034930.184000000357628 ], [ 556652.123999999952503, 3034930.334000000264496 ], [ 556651.973999999929219, 3034930.634 ], [ 556651.648999999975786, 3034930.959000000264496 ], [ 556651.549, 3034930.959000000264496 ], [ 556651.498999999952503, 3034931.009 ], [ 556651.299, 3034931.009 ], [ 556650.898999999975786, 3034930.809000000357628 ], [ 556650.723999999929219, 3034930.634 ], [ 556650.723999999929219, 3034930.53400000045076 ], [ 556650.674, 3034930.484000000171363 ], [ 556650.723999999929219, 3034930.434000000357628 ], [ 556650.723999999929219, 3034930.28400000045076 ], [ 556650.773999999975786, 3034930.234000000171363 ], [ 556650.773999999975786, 3034929.934000000357628 ], [ 556650.873999999952503, 3034929.734000000171363 ], [ 556651.199000000022352, 3034929.40900000045076 ], [ 556651.299, 3034929.359000000171363 ], [ 556651.449000000022352, 3034929.359000000171363 ] ] ] } },
{ "type": "Feature", "properties": { "unit_id": "c00242", "method": "watershed", "label": 242, "area_m2": 3.0931249999784636, "height_max_m": 1.4985811710357666, "height_mean_m": 0.99042281797988629, "canopy_cover": 1.0, "volume_m3": 3.0455501652962966, "n_pixels": 1230, "data_coverage": 1.0, "vari_mean": 0.26580314008100969, "exg_mean": 0.28419414791832376, "gli_mean": 0.19491736322414077, "height_max_m_pct": 28.086419753086421, "height_mean_m_pct": 19.753086419753085, "volume_m3_pct": 41.358024691358025, "canopy_cover_pct": 83.487654320987659, "vari_mean_pct": 40.74074074074074, "exg_mean_pct": 21.296296296296298, "gli_mean_pct": 21.296296296296298 }, "geometry": { "type": "Polygon", "coordinates": [ [ [ 556620.198999999905936, 3034987.709000000264496 ], [ 556620.248999999952503, 3034987.759 ], [ 556620.549, 3034987.759 ], [ 556620.598999999929219, 3034987.809000000357628 ], [ 556620.748999999952503, 3034987.809000000357628 ], [ 556620.948999999905936, 3034987.959000000264496 ], [ 556620.998999999952503, 3034987.959000000264496 ], [ 556621.174, 3034988.184000000357628 ], [ 556621.174, 3034988.28400000045076 ], [ 556621.223999999929219, 3034988.334000000264496 ], [ 556621.223999999929219, 3034988.984000000171363 ], [ 556621.073999999905936, 3034989.28400000045076 ], [ 556620.848999999929219, 3034989.559000000357628 ], [ 556620.648999999975786, 3034989.559000000357628 ], [ 556620.598999999929219, 3034989.509 ], [ 556620.098999999929219, 3034989.509 ], [ 556619.898999999975786, 3034989.40900000045076 ], [ 556619.748999999952503, 3034989.40900000045076 ], [ 556619.698999999905936, 3034989.359000000171363 ], [ 556619.448999999905936, 3034989.309000000357628 ], [ 556619.223999999929219, 3034989.084000000264496 ], [ 556619.174, 3034988.984000000171363 ], [ 556619.174, 3034988.634 ], [ 556619.424, 3034988.084000000264496 ], [ 556619.424, 3034987.78400000045076 ], [ 556619.799, 3034987.759 ], [ 556619.848999999929219, 3034987.709000000264496 ], [ 556620.198999999905936, 3034987.709000000264496 ] ] ] } },
{ "type": "Feature", "properties": { "unit_id": "c00243", "method": "watershed", "label": 243, "area_m2": 2.6575000000663564, "height_max_m": 1.5337467193603516, "height_mean_m": 1.060528827491074, "canopy_cover": 0.99814643188137164, "volume_m3": 2.8607765121648239, "n_pixels": 1079, "data_coverage": 1.0, "vari_mean": 0.18781123810211864, "exg_mean": 0.20351684510348877, "gli_mean": 0.14052164048285581, "height_max_m_pct": 31.790123456790127, "height_mean_m_pct": 27.777777777777779, "volume_m3_pct": 37.654320987654323, "canopy_cover_pct": 53.086419753086425, "vari_mean_pct": 5.8641975308641969, "exg_mean_pct": 4.3209876543209873, "gli_mean_pct": 4.3209876543209873 }, "geometry": { "type": "Polygon", "coordinates": [ [ [ 556628.299, 3034982.90900000045076 ], [ 556628.498999999952503, 3034983.059000000357628 ], [ 556628.549, 3034983.059000000357628 ], [ 556628.674, 3034983.234000000171363 ], [ 556628.674, 3034983.684000000357628 ], [ 556628.574000000022352, 3034983.884 ], [ 556628.574000000022352, 3034984.03400000045076 ], [ 556628.523999999975786, 3034984.134 ], [ 556628.348999999929219, 3034984.309000000357628 ], [ 556628.248999999952503, 3034984.309000000357628 ], [ 556628.199000000022352, 3034984.359000000171363 ], [ 556627.848999999929219, 3034984.359000000171363 ], [ 556627.799, 3034984.40900000045076 ], [ 556627.699000000022352, 3034984.40900000045076 ], [ 556627.299, 3034984.65900000045076 ], [ 556627.148999999975786, 3034984.65900000045076 ], [ 556626.949000000022352, 3034984.559000000357628 ], [ 556626.723999999929219, 3034984.28400000045076 ], [ 556626.674, 3034984.084000000264496 ], [ 556626.623999999952503, 3034984.03400000045076 ], [ 556626.623999999952503, 3034983.684000000357628 ], [ 556626.674, 3034983.584000000264496 ], [ 556627.049, 3034983.209000000264496 ], [ 556627.098999999929219, 3034983.209000000264496 ], [ 556627.299, 3034983.059000000357628 ], [ 556627.549, 3034983.009 ], [ 556627.598999999929219, 3034982.959000000264496 ], [ 556627.748999999952503, 3034982.959000000264496 ], [ 556627.799, 3034982.90900000045076 ], [ 556628.299, 3034982.90900000045076 ] ] ] } },
{ "type": "Feature", "properties": { "unit_id": "c00244", "method": "watershed", "label": 244, "area_m2": 1.5737499999714784, "height_max_m": 1.4968996047973633, "height_mean_m": 1.1103721187111868, "canopy_cover": 0.99522292993630568, "volume_m3": 1.7432842263812263, "n_pixels": 628, "data_coverage": 1.0, "vari_mean": 0.35531532777632469, "exg_mean": 0.45014233533898407, "gli_mean": 0.29862870826179966, "height_max_m_pct": 27.777777777777779, "height_mean_m_pct": 37.962962962962962, "volume_m3_pct": 19.1358024691358, "canopy_cover_pct": 37.962962962962962, "vari_mean_pct": 91.666666666666657, "exg_mean_pct": 91.975308641975303, "gli_mean_pct": 91.975308641975303 }, "geometry": { "type": "Polygon", "coordinates": [ [ [ 556658.949000000022352, 3034942.859000000171363 ], [ 556658.998999999952503, 3034942.90900000045076 ], [ 556659.099000000045635, 3034942.90900000045076 ], [ 556659.299, 3034943.009 ], [ 556659.523999999975786, 3034943.184000000357628 ], [ 556659.623999999952503, 3034943.384 ], [ 556659.623999999952503, 3034943.634 ], [ 556659.449000000022352, 3034943.859000000171363 ], [ 556659.248999999952503, 3034943.959000000264496 ], [ 556659.148999999975786, 3034944.059000000357628 ], [ 556659.049, 3034944.109000000171363 ], [ 556658.898999999975786, 3034944.109000000171363 ], [ 556658.849000000045635, 3034944.15900000045076 ], [ 556658.699000000022352, 3034944.15900000045076 ], [ 556658.498999999952503, 3034944.059000000357628 ], [ 556658.398999999975786, 3034944.059000000357628 ], [ 556658.123999999952503, 3034943.834000000264496 ], [ 556658.023999999975786, 3034943.634 ], [ 556658.023999999975786, 3034943.334000000264496 ], [ 556658.099000000045635, 3034943.209000000264496 ], [ 556658.449000000022352, 3034942.90900000045076 ], [ 556658.599000000045635, 3034942.90900000045076 ], [ 556658.648999999975786, 3034942.859000000171363 ], [ 556658.949000000022352, 3034942.859000000171363 ] ] ] } },
{ "type": "Feature", "properties": { "unit_id": "c00245", "method": "watershed", "label": 245, "area_m2": 1.3093749999636202, "height_max_m": 1.546815037727356, "height_mean_m": 0.96339527556168603, "canopy_cover": 1.0, "volume_m3": 1.2548223464224524, "n_pixels": 521, "data_coverage": 1.0, "vari_mean": 0.33464685347757783, "exg_mean": 0.40628399980897145, "gli_mean": 0.27222414849891302, "height_max_m_pct": 33.641975308641975, "height_mean_m_pct": 17.283950617283949, "volume_m3_pct": 12.037037037037036, "canopy_cover_pct": 83.487654320987659, "vari_mean_pct": 83.024691358024697, "exg_mean_pct": 78.086419753086417, "gli_mean_pct": 79.012345679012341 }, "geometry": { "type": "Polygon", "coordinates": [ [ [ 556643.648999999975786, 3034946.609000000171363 ], [ 556643.699000000022352, 3034946.65900000045076 ], [ 556643.848999999929219, 3034946.65900000045076 ], [ 556643.898999999975786, 3034946.709000000264496 ], [ 556643.998999999952503, 3034946.709000000264496 ], [ 556644.199000000022352, 3034946.809000000357628 ], [ 556644.373999999952503, 3034947.03400000045076 ], [ 556644.373999999952503, 3034947.28400000045076 ], [ 556644.148999999975786, 3034947.559000000357628 ], [ 556644.098999999929219, 3034947.559000000357628 ], [ 556643.898999999975786, 3034947.759 ], [ 556643.824000000022352, 3034947.78400000045076 ], [ 556643.824000000022352, 3034947.834000000264496 ], [ 556643.723999999929219, 3034947.934000000357628 ], [ 556643.699000000022352, 3034948.059000000357628 ], [ 556643.449000000022352, 3034948.059000000357628 ], [ 556643.273999999975786, 3034947.684000000357628 ], [ 556643.174, 3034947.584000000264496 ], [ 556643.023999999975786, 3034947.28400000045076 ], [ 556643.023999999975786, 3034947.03400000045076 ], [ 556643.074000000022352, 3034946.934000000357628 ], [ 556643.299, 3034946.709000000264496 ], [ 556643.498999999952503, 3034946.65900000045076 ], [ 556643.549, 3034946.609000000171363 ], [ 556643.648999999975786, 3034946.609000000171363 ] ] ] } },
{ "type": "Feature", "properties": { "unit_id": "c00246", "method": "watershed", "label": 246, "area_m2": 1.4918749998538985, "height_max_m": 1.5247389078140259, "height_mean_m": 1.0701745265054379, "canopy_cover": 1.0, "volume_m3": 1.5758319902834723, "n_pixels": 589, "data_coverage": 1.0, "vari_mean": 0.34254934452082875, "exg_mean": 0.45348247152171622, "gli_mean": 0.30207891889232147, "height_max_m_pct": 30.555555555555557, "height_mean_m_pct": 29.012345679012348, "volume_m3_pct": 15.74074074074074, "canopy_cover_pct": 83.487654320987659, "vari_mean_pct": 86.728395061728392, "exg_mean_pct": 92.592592592592595, "gli_mean_pct": 93.518518518518519 }, "geometry": { "type": "Polygon", "coordinates": [ [ [ 556643.648999999975786, 3034931.40900000045076 ], [ 556643.773999999975786, 3034931.484000000171363 ], [ 556643.773999999975786, 3034931.53400000045076 ], [ 556643.924, 3034931.684000000357628 ], [ 556643.924, 3034931.734000000171363 ], [ 556644.248999999952503, 3034932.009 ], [ 556644.373999999952503, 3034932.184000000357628 ], [ 556644.373999999952503, 3034932.484000000171363 ], [ 556644.049, 3034932.759 ], [ 556643.949000000022352, 3034932.809000000357628 ], [ 556643.799, 3034932.809000000357628 ], [ 556643.748999999952503, 3034932.859000000171363 ], [ 556643.449000000022352, 3034932.809000000357628 ], [ 556643.398999999975786, 3034932.759 ], [ 556643.199000000022352, 3034932.709000000264496 ], [ 556642.973999999929219, 3034932.484000000171363 ], [ 556642.924, 3034932.384 ], [ 556642.924, 3034931.934000000357628 ], [ 556643.023999999975786, 3034931.834000000264496 ], [ 556643.023999999975786, 3034931.78400000045076 ], [ 556643.398999999975786, 3034931.459000000264496 ], [ 556643.498999999952503, 3034931.40900000045076 ], [ 556643.648999999975786, 3034931.40900000045076 ] ] ] } },
{ "type": "Feature", "properties": { "unit_id": "c00247", "method": "watershed", "label": 247, "area_m2": 2.3550000000908038, "height_max_m": 1.4340087175369263, "height_mean_m": 1.104093360099659, "canopy_cover": 0.98326359832635979, "volume_m3": 2.6387831306452432, "n_pixels": 956, "data_coverage": 1.0, "vari_mean": 0.30307951162694591, "exg_mean": 0.34348613527892541, "gli_mean": 0.23216848849889435, "height_max_m_pct": 21.296296296296298, "height_mean_m_pct": 36.111111111111107, "volume_m3_pct": 33.950617283950621, "canopy_cover_pct": 12.962962962962962, "vari_mean_pct": 67.283950617283949, "exg_mean_pct": 57.098765432098766, "gli_mean_pct": 56.481481481481474 }, "geometry": { "type": "Polygon", "coordinates": [ [ [ 556644.049, 3034937.859000000171363 ], [ 556644.098999999929219, 3034937.90900000045076 ], [ 556644.199000000022352, 3034937.90900000045076 ], [ 556644.523999999975786, 3034938.234000000171363 ], [ 556644.574000000022352, 3034938.334000000264496 ], [ 556644.574000000022352, 3034938.434000000357628 ], [ 556644.674, 3034938.634 ], [ 556644.674, 3034938.934000000357628 ], [ 556644.574000000022352, 3034939.134 ], [ 556644.398999999975786, 3034939.309000000357628 ], [ 556644.299, 3034939.359000000171363 ], [ 556644.148999999975786, 3034939.359000000171363 ], [ 556644.098999999929219, 3034939.40900000045076 ], [ 556643.949000000022352, 3034939.40900000045076 ], [ 556643.898999999975786, 3034939.359000000171363 ], [ 556643.199000000022352, 3034939.40900000045076 ], [ 556643.098999999929219, 3034939.359000000171363 ], [ 556642.924, 3034939.184000000357628 ], [ 556642.873999999952503, 3034939.084000000264496 ], [ 556642.873999999952503, 3034938.884 ], [ 556642.824000000022352, 3034938.834000000264496 ], [ 556642.873999999952503, 3034938.53400000045076 ], [ 556643.074000000022352, 3034938.134 ], [ 556643.299, 3034937.90900000045076 ], [ 556643.398999999975786, 3034937.859000000171363 ], [ 556644.049, 3034937.859000000171363 ] ] ] } },
{ "type": "Feature", "properties": { "unit_id": "c00248", "method": "watershed", "label": 248, "area_m2": 1.6037500000026192, "height_max_m": 1.4388836622238159, "height_mean_m": 1.1295968204206992, "canopy_cover": 0.9969088098918083, "volume_m3": 1.8271228570353684, "n_pixels": 647, "data_coverage": 1.0, "vari_mean": 0.37197859497872154, "exg_mean": 0.48478077202727271, "gli_mean": 0.31908626944737239, "height_max_m_pct": 21.913580246913579, "height_mean_m_pct": 41.666666666666671, "volume_m3_pct": 21.296296296296298, "canopy_cover_pct": 46.913580246913575, "vari_mean_pct": 96.604938271604937, "exg_mean_pct": 95.679012345679013, "gli_mean_pct": 95.987654320987659 }, "geometry": { "type": "Polygon", "coordinates": [ [ [ 556658.498999999952503, 3034998.209000000264496 ], [ 556658.898999999975786, 3034998.40900000045076 ], [ 556659.123999999952503, 3034998.634 ], [ 556659.174, 3034998.734000000171363 ], [ 556659.174, 3034998.984000000171363 ], [ 556659.123999999952503, 3034999.03400000045076 ], [ 556659.074000000022352, 3034999.234000000171363 ], [ 556658.974000000045635, 3034999.334000000264496 ], [ 556658.974000000045635, 3034999.384 ], [ 556658.648999999975786, 3034999.709000000264496 ], [ 556658.449000000022352, 3034999.709000000264496 ], [ 556658.299, 3034999.609000000171363 ], [ 556658.099000000045635, 3034999.559000000357628 ], [ 556657.824000000022352, 3034999.28400000045076 ], [ 556657.773999999975786, 3034999.184000000357628 ], [ 556657.773999999975786, 3034999.03400000045076 ], [ 556657.724000000045635, 3034998.984000000171363 ], [ 556657.773999999975786, 3034998.684000000357628 ], [ 556657.873999999952503, 3034998.484000000171363 ], [ 556658.099000000045635, 3034998.259 ], [ 556658.199000000022352, 3034998.209000000264496 ], [ 556658.498999999952503, 3034998.209000000264496 ] ] ] } },
{ "type": "Feature", "properties": { "unit_id": "c00249", "method": "watershed", "label": 249, "area_m2": 1.8462499998576822, "height_max_m": 1.442674994468689, "height_mean_m": 0.97868734993130324, "canopy_cover": 1.0, "volume_m3": 1.8276986260015975, "n_pixels": 747, "data_coverage": 1.0, "vari_mean": 0.27834150582452744, "exg_mean": 0.28290517773258994, "gli_mean": 0.19434678878307826, "height_max_m_pct": 22.530864197530864, "height_mean_m_pct": 19.1358024691358, "volume_m3_pct": 21.604938271604937, "canopy_cover_pct": 83.487654320987659, "vari_mean_pct": 50.925925925925931, "exg_mean_pct": 20.061728395061728, "gli_mean_pct": 20.679012345679013 }, "geometry": { "type": "Polygon", "coordinates": [ [ [ 556628.348999999929219, 3034961.009 ], [ 556628.924, 3034961.53400000045076 ], [ 556628.924, 3034961.884 ], [ 556628.723999999929219, 3034962.234000000171363 ], [ 556628.598999999929219, 3034962.359000000171363 ], [ 556628.398999999975786, 3034962.459000000264496 ], [ 556628.299, 3034962.459000000264496 ], [ 556628.248999999952503, 3034962.509 ], [ 556627.898999999975786, 3034962.509 ], [ 556627.299, 3034962.209000000264496 ], [ 556627.174, 3034962.03400000045076 ], [ 556627.174, 3034961.934000000357628 ], [ 556627.273999999975786, 3034961.734000000171363 ], [ 556627.949000000022352, 3034961.059000000357628 ], [ 556628.049, 3034961.009 ], [ 556628.348999999929219, 3034961.009 ] ] ] } },
{ "type": "Feature", "properties": { "unit_id": "c00250", "method": "watershed", "label": 250, "area_m2": 2.1493750002345768, "height_max_m": 1.4607470035552979, "height_mean_m": 1.0234320971598467, "canopy_cover": 1.0, "volume_m3": 2.2336405520573397, "n_pixels": 873, "data_coverage": 1.0, "vari_mean": 0.30803566942717409, "exg_mean": 0.31317820878227842, "gli_mean": 0.21421798337690698, "height_max_m_pct": 23.765432098765434, "height_mean_m_pct": 22.530864197530864, "volume_m3_pct": 26.851851851851855, "canopy_cover_pct": 83.487654320987659, "vari_mean_pct": 70.370370370370367, "exg_mean_pct": 37.345679012345677, "gli_mean_pct": 39.197530864197532 }, "geometry": { "type": "Polygon", "coordinates": [ [ [ 556635.699000000022352, 3034961.509 ], [ 556636.049, 3034961.709000000264496 ], [ 556636.373999999952503, 3034962.03400000045076 ], [ 556636.373999999952503, 3034962.384 ], [ 556636.324000000022352, 3034962.434000000357628 ], [ 556636.324000000022352, 3034963.03400000045076 ], [ 556636.049, 3034963.40900000045076 ], [ 556635.799, 3034963.40900000045076 ], [ 556635.748999999952503, 3034963.359000000171363 ], [ 556635.473999999929219, 3034963.334000000264496 ], [ 556635.473999999929219, 3034963.134 ], [ 556635.373999999952503, 3034962.934000000357628 ], [ 556635.273999999975786, 3034962.834000000264496 ], [ 556635.223999999929219, 3034962.684000000357628 ], [ 556634.723999999929219, 3034961.984000000171363 ], [ 556634.723999999929219, 3034961.78400000045076 ], [ 556634.848999999929219, 3034961.65900000045076 ], [ 556635.049, 3034961.559000000357628 ], [ 556635.148999999975786, 3034961.559000000357628 ], [ 556635.199000000022352, 3034961.509 ], [ 556635.699000000022352, 3034961.509 ] ] ] } },
{ "type": "Feature", "properties": { "unit_id": "c00251", "method": "watershed", "label": 251, "area_m2": 2.3181250000992439, "height_max_m": 1.4386171102523804, "height_mean_m": 1.1356048612319938, "canopy_cover": 0.9925611052072264, "volume_m3": 2.6715104360554114, "n_pixels": 941, "data_coverage": 1.0, "vari_mean": 0.2822901068298862, "exg_mean": 0.32160758292093078, "gli_mean": 0.22020015886816846, "height_max_m_pct": 21.604938271604937, "height_mean_m_pct": 42.901234567901234, "volume_m3_pct": 34.876543209876544, "canopy_cover_pct": 30.246913580246915, "vari_mean_pct": 54.629629629629626, "exg_mean_pct": 43.209876543209873, "gli_mean_pct": 44.135802469135804 }, "geometry": { "type": "Polygon", "coordinates": [ [ [ 556643.898999999975786, 3034956.959000000264496 ], [ 556643.998999999952503, 3034957.009 ], [ 556644.223999999929219, 3034957.234000000171363 ], [ 556644.324000000022352, 3034957.434000000357628 ], [ 556644.324000000022352, 3034957.934000000357628 ], [ 556644.273999999975786, 3034957.984000000171363 ], [ 556644.273999999975786, 3034958.084000000264496 ], [ 556644.174, 3034958.28400000045076 ], [ 556643.949000000022352, 3034958.509 ], [ 556643.848999999929219, 3034958.509 ], [ 556643.799, 3034958.559000000357628 ], [ 556643.299, 3034958.509 ], [ 556643.248999999952503, 3034958.459000000264496 ], [ 556643.049, 3034958.40900000045076 ], [ 556642.773999999975786, 3034958.184000000357628 ], [ 556642.773999999975786, 3034958.134 ], [ 556642.623999999952503, 3034957.984000000171363 ], [ 556642.473999999929219, 3034957.684000000357628 ], [ 556642.473999999929219, 3034957.584000000264496 ], [ 556642.424, 3034957.53400000045076 ], [ 556642.473999999929219, 3034957.484000000171363 ], [ 556642.473999999929219, 3034957.384 ], [ 556642.598999999929219, 3034957.259 ], [ 556642.799, 3034957.15900000045076 ], [ 556642.898999999975786, 3034957.15900000045076 ], [ 556643.049, 3034957.059000000357628 ], [ 556643.148999999975786, 3034957.059000000357628 ], [ 556643.199000000022352, 3034957.009 ], [ 556643.348999999929219, 3034957.009 ], [ 556643.398999999975786, 3034956.959000000264496 ], [ 556643.898999999975786, 3034956.959000000264496 ] ] ] } },
{ "type": "Feature", "properties": { "unit_id": "c00252", "method": "watershed", "label": 252, "area_m2": 1.8974999997363191, "height_max_m": 1.4892882108688354, "height_mean_m": 1.0854998006786962, "canopy_cover": 0.99089726918075427, "volume_m3": 2.0868733668103756, "n_pixels": 769, "data_coverage": 1.0, "vari_mean": 0.34263994727834407, "exg_mean": 0.41081524498362415, "gli_mean": 0.27510488752885587, "height_max_m_pct": 27.160493827160494, "height_mean_m_pct": 31.790123456790127, "volume_m3_pct": 24.382716049382715, "canopy_cover_pct": 25.617283950617285, "vari_mean_pct": 87.037037037037038, "exg_mean_pct": 80.555555555555557, "gli_mean_pct": 80.246913580246911 }, "geometry": { "type": "Polygon", "coordinates": [ [ [ 556643.648999999975786, 3034942.15900000045076 ], [ 556643.949000000022352, 3034942.309000000357628 ], [ 556644.223999999929219, 3034942.53400000045076 ], [ 556644.324000000022352, 3034942.734000000171363 ], [ 556644.324000000022352, 3034943.134 ], [ 556644.273999999975786, 3034943.234000000171363 ], [ 556644.049, 3034943.459000000264496 ], [ 556643.949000000022352, 3034943.509 ], [ 556643.799, 3034943.509 ], [ 556643.748999999952503, 3034943.559000000357628 ], [ 556643.398999999975786, 3034943.559000000357628 ], [ 556643.348999999929219, 3034943.509 ], [ 556643.199000000022352, 3034943.509 ], [ 556643.148999999975786, 3034943.459000000264496 ], [ 556643.049, 3034943.459000000264496 ], [ 556642.848999999929219, 3034943.359000000171363 ], [ 556642.623999999952503, 3034943.084000000264496 ], [ 556642.623999999952503, 3034942.734000000171363 ], [ 556642.723999999929219, 3034942.53400000045076 ], [ 556642.949000000022352, 3034942.309000000357628 ], [ 556643.248999999952503, 3034942.15900000045076 ], [ 556643.648999999975786, 3034942.15900000045076 ] ] ] } },
{ "type": "Feature", "properties": { "unit_id": "c00253", "method": "watershed", "label": 253, "area_m2": 3.3131249998760177, "height_max_m": 1.4426358938217163, "height_mean_m": 1.0530292837478437, "canopy_cover": 1.0, "volume_m3": 3.5302806737740888, "n_pixels": 1341, "data_coverage": 1.0, "vari_mean": 0.19345324721619001, "exg_mean": 0.23534295738248831, "gli_mean": 0.1613450964400896, "height_max_m_pct": 22.222222222222221, "height_mean_m_pct": 27.469135802469136, "volume_m3_pct": 48.456790123456791, "canopy_cover_pct": 83.487654320987659, "vari_mean_pct": 6.7901234567901234, "exg_mean_pct": 7.098765432098765, "gli_mean_pct": 6.481481481481481 }, "geometry": { "type": "Polygon", "coordinates": [ [ [ 556627.449000000022352, 3034985.859000000171363 ], [ 556627.648999999975786, 3034985.959000000264496 ], [ 556627.748999999952503, 3034986.059000000357628 ], [ 556628.348999999929219, 3034986.359000000171363 ], [ 556628.523999999975786, 3034986.584000000264496 ], [ 556628.523999999975786, 3034986.684000000357628 ], [ 556628.574000000022352, 3034986.734000000171363 ], [ 556628.523999999975786, 3034987.084000000264496 ], [ 556628.148999999975786, 3034987.609000000171363 ], [ 556626.998999999952503, 3034987.609000000171363 ], [ 556626.898999999975786, 3034987.65900000045076 ], [ 556626.799, 3034987.609000000171363 ], [ 556626.424, 3034987.234000000171363 ], [ 556626.273999999975786, 3034986.934000000357628 ], [ 556626.273999999975786, 3034986.78400000045076 ], [ 556626.223999999929219, 3034986.734000000171363 ], [ 556626.223999999929219, 3034986.234000000171363 ], [ 556626.398999999975786, 3034986.009 ], [ 556626.598999999929219, 3034985.959000000264496 ], [ 556626.648999999975786, 3034985.90900000045076 ], [ 556627.449000000022352, 3034985.859000000171363 ] ] ] } },
{ "type": "Feature", "properties": { "unit_id": "c00254", "method": "watershed", "label": 254, "area_m2": 5.2312500000174627, "height_max_m": 1.3746483325958252, "height_mean_m": 0.9134400857264916, "canopy_cover": 1.0, "volume_m3": 4.7727244479336841, "n_pixels": 2090, "data_coverage": 1.0, "vari_mean": 0.16406849603031007, "exg_mean": 0.18100148182212028, "gli_mean": 0.12508857690060249, "height_max_m_pct": 19.1358024691358, "height_mean_m_pct": 11.728395061728394, "volume_m3_pct": 63.271604938271608, "canopy_cover_pct": 83.487654320987659, "vari_mean_pct": 4.6296296296296298, "exg_mean_pct": 3.7037037037037033, "gli_mean_pct": 3.3950617283950617 }, "geometry": { "type": "Polygon", "coordinates": [ [ [ 556612.498999999952503, 3034923.40900000045076 ], [ 556612.698999999905936, 3034923.509 ], [ 556613.148999999975786, 3034923.559000000357628 ], [ 556613.198999999905936, 3034923.609000000171363 ], [ 556613.448999999905936, 3034923.609000000171363 ], [ 556613.973999999929219, 3034924.134 ], [ 556613.973999999929219, 3034924.184000000357628 ], [ 556614.073999999905936, 3034924.28400000045076 ], [ 556614.073999999905936, 3034924.434000000357628 ], [ 556614.123999999952503, 3034924.53400000045076 ], [ 556614.073999999905936, 3034924.584000000264496 ], [ 556614.073999999905936, 3034924.934000000357628 ], [ 556614.023999999975786, 3034924.984000000171363 ], [ 556614.023999999975786, 3034925.384 ], [ 556613.924, 3034925.584000000264496 ], [ 556613.549, 3034925.90900000045076 ], [ 556613.348999999929219, 3034925.859000000171363 ], [ 556613.299, 3034925.809000000357628 ], [ 556612.348999999929219, 3034925.809000000357628 ], [ 556612.299, 3034925.759 ], [ 556611.573999999905936, 3034925.734000000171363 ], [ 556611.573999999905936, 3034925.134 ], [ 556611.623999999952503, 3034925.084000000264496 ], [ 556611.623999999952503, 3034924.384 ], [ 556611.674, 3034924.334000000264496 ], [ 556611.674, 3034924.084000000264496 ], [ 556611.723999999929219, 3034924.03400000045076 ], [ 556611.723999999929219, 3034923.884 ], [ 556611.773999999975786, 3034923.834000000264496 ], [ 556611.773999999975786, 3034923.53400000045076 ], [ 556611.723999999929219, 3034923.434000000357628 ], [ 556612.498999999952503, 3034923.40900000045076 ] ] ] } },
{ "type": "Feature", "properties": { "unit_id": "c00255", "method": "watershed", "label": 255, "area_m2": 1.2000000000785802, "height_max_m": 1.4730099439620972, "height_mean_m": 1.0085758260032067, "canopy_cover": 1.0, "volume_m3": 1.2380268264222478, "n_pixels": 491, "data_coverage": 1.0, "vari_mean": 0.23033321627772516, "exg_mean": 0.34508580820999496, "gli_mean": 0.2355140996208952, "height_max_m_pct": 24.691358024691358, "height_mean_m_pct": 20.987654320987652, "volume_m3_pct": 11.728395061728394, "canopy_cover_pct": 83.487654320987659, "vari_mean_pct": 16.97530864197531, "exg_mean_pct": 58.950617283950614, "gli_mean_pct": 58.333333333333336 }, "geometry": { "type": "Polygon", "coordinates": [ [ [ 556665.849000000045635, 3035045.459000000264496 ], [ 556665.898999999975786, 3035045.509000000543892 ], [ 556666.099000000045635, 3035045.559000000357628 ], [ 556666.373999999952503, 3035045.834000000264496 ], [ 556666.424, 3035045.934000000357628 ], [ 556666.424, 3035046.234000000171363 ], [ 556666.373999999952503, 3035046.334000000264496 ], [ 556666.148999999975786, 3035046.559000000357628 ], [ 556665.949000000022352, 3035046.65900000045076 ], [ 556665.748999999952503, 3035046.65900000045076 ], [ 556665.549, 3035046.509000000543892 ], [ 556665.498999999952503, 3035046.509000000543892 ], [ 556665.224000000045635, 3035046.184000000357628 ], [ 556665.123999999952503, 3035045.984000000171363 ], [ 556665.123999999952503, 3035045.884000000543892 ], [ 556665.074000000022352, 3035045.834000000264496 ], [ 556665.074000000022352, 3035045.734000000171363 ], [ 556665.248999999952503, 3035045.509000000543892 ], [ 556665.349000000045635, 3035045.509000000543892 ], [ 556665.398999999975786, 3035045.459000000264496 ], [ 556665.849000000045635, 3035045.459000000264496 ] ] ] } },
{ "type": "Feature", "properties": { "unit_id": "c00256", "method": "watershed", "label": 256, "area_m2": 1.7868750001385343, "height_max_m": 1.430680513381958, "height_mean_m": 1.0868746421299875, "canopy_cover": 0.99722222222222223, "volume_m3": 1.9563743558392104, "n_pixels": 720, "data_coverage": 1.0, "vari_mean": 0.399878480065676, "exg_mean": 0.54109010430758242, "gli_mean": 0.35184293182518178, "height_max_m_pct": 20.987654320987652, "height_mean_m_pct": 32.407407407407405, "volume_m3_pct": 22.839506172839506, "canopy_cover_pct": 48.456790123456791, "vari_mean_pct": 99.074074074074076, "exg_mean_pct": 98.76543209876543, "gli_mean_pct": 99.074074074074076 }, "geometry": { "type": "Polygon", "coordinates": [ [ [ 556650.699000000022352, 3035017.209000000264496 ], [ 556650.748999999952503, 3035017.259 ], [ 556650.898999999975786, 3035017.259 ], [ 556650.998999999952503, 3035017.309000000357628 ], [ 556651.223999999929219, 3035017.53400000045076 ], [ 556651.223999999929219, 3035017.634 ], [ 556651.273999999975786, 3035017.684000000357628 ], [ 556651.223999999929219, 3035017.984000000171363 ], [ 556650.924, 3035018.334000000264496 ], [ 556650.924, 3035018.384000000543892 ], [ 556650.699000000022352, 3035018.609000000171363 ], [ 556650.299, 3035018.609000000171363 ], [ 556649.949000000022352, 3035018.40900000045076 ], [ 556649.848999999929219, 3035018.309000000357628 ], [ 556649.699000000022352, 3035018.259000000543892 ], [ 556649.574000000022352, 3035018.134000000543892 ], [ 556649.523999999975786, 3035017.934000000357628 ], [ 556649.473999999929219, 3035017.884 ], [ 556649.473999999929219, 3035017.78400000045076 ], [ 556649.699000000022352, 3035017.509 ], [ 556649.898999999975786, 3035017.459000000264496 ], [ 556650.049, 3035017.359000000171363 ], [ 556650.148999999975786, 3035017.359000000171363 ], [ 556650.299, 3035017.259 ], [ 556650.699000000022352, 3035017.209000000264496 ] ] ] } },
{ "type": "Feature", "properties": { "unit_id": "c00257", "method": "watershed", "label": 257, "area_m2": 1.2943750001146692, "height_max_m": 1.3988142013549805, "height_mean_m": 1.0713744062478796, "canopy_cover": 0.99810606060606055, "volume_m3": 1.4142142162509836, "n_pixels": 528, "data_coverage": 1.0, "vari_mean": 0.31069925068878901, "exg_mean": 0.37304580007121224, "gli_mean": 0.25170180339947423, "height_max_m_pct": 20.37037037037037, "height_mean_m_pct": 29.320987654320991, "volume_m3_pct": 13.888888888888889, "canopy_cover_pct": 52.469135802469133, "vari_mean_pct": 72.53086419753086, "exg_mean_pct": 68.209876543209873, "gli_mean_pct": 67.592592592592595 }, "geometry": { "type": "Polygon", "coordinates": [ [ [ 556666.449000000022352, 3034968.709000000264496 ], [ 556666.674, 3034968.884 ], [ 556666.773999999975786, 3034969.084000000264496 ], [ 556666.773999999975786, 3034969.184000000357628 ], [ 556666.824000000022352, 3034969.234000000171363 ], [ 556666.824000000022352, 3034969.584000000264496 ], [ 556666.724000000045635, 3034969.78400000045076 ], [ 556666.549, 3034969.90900000045076 ], [ 556666.248999999952503, 3034969.959000000264496 ], [ 556666.199000000022352, 3034970.009 ], [ 556665.998999999952503, 3034970.009 ], [ 556665.949000000022352, 3034969.959000000264496 ], [ 556665.849000000045635, 3034969.959000000264496 ], [ 556665.623999999952503, 3034969.78400000045076 ], [ 556665.523999999975786, 3034969.584000000264496 ], [ 556665.523999999975786, 3034969.434000000357628 ], [ 556665.724000000045635, 3034969.084000000264496 ], [ 556665.824000000022352, 3034968.984000000171363 ], [ 556665.824000000022352, 3034968.934000000357628 ], [ 556665.998999999952503, 3034968.759 ], [ 556666.099000000045635, 3034968.709000000264496 ], [ 556666.449000000022352, 3034968.709000000264496 ] ] ] } },
{ "type": "Feature", "properties": { "unit_id": "c00258", "method": "watershed", "label": 258, "area_m2": 2.1175000000224098, "height_max_m": 1.4444772005081177, "height_mean_m": 1.009978585907966, "canopy_cover": 1.0, "volume_m3": 2.1689290132431585, "n_pixels": 859, "data_coverage": 1.0, "vari_mean": 0.23462323161955417, "exg_mean": 0.27807586532314199, "gli_mean": 0.19142050729758675, "height_max_m_pct": 22.839506172839506, "height_mean_m_pct": 21.604938271604937, "volume_m3_pct": 26.234567901234566, "canopy_cover_pct": 83.487654320987659, "vari_mean_pct": 19.444444444444446, "exg_mean_pct": 17.592592592592592, "gli_mean_pct": 18.518518518518519 }, "geometry": { "type": "Polygon", "coordinates": [ [ [ 556627.998999999952503, 3034927.109000000171363 ], [ 556628.049, 3034927.15900000045076 ], [ 556628.248999999952503, 3034927.15900000045076 ], [ 556628.299, 3034927.209000000264496 ], [ 556628.398999999975786, 3034927.209000000264496 ], [ 556628.498999999952503, 3034927.309000000357628 ], [ 556628.549, 3034927.309000000357628 ], [ 556628.924, 3034927.734000000171363 ], [ 556628.973999999929219, 3034927.834000000264496 ], [ 556628.973999999929219, 3034928.084000000264496 ], [ 556628.799, 3034928.309000000357628 ], [ 556628.598999999929219, 3034928.40900000045076 ], [ 556628.498999999952503, 3034928.40900000045076 ], [ 556628.449000000022352, 3034928.459000000264496 ], [ 556627.648999999975786, 3034928.459000000264496 ], [ 556627.248999999952503, 3034928.259 ], [ 556627.023999999975786, 3034928.03400000045076 ], [ 556626.973999999929219, 3034927.934000000357628 ], [ 556626.973999999929219, 3034927.684000000357628 ], [ 556627.074000000022352, 3034927.484000000171363 ], [ 556627.248999999952503, 3034927.309000000357628 ], [ 556627.648999999975786, 3034927.109000000171363 ], [ 556627.998999999952503, 3034927.109000000171363 ] ] ] } },
{ "type": "Feature", "properties": { "unit_id": "c00259", "method": "watershed", "label": 259, "area_m2": 1.5568749998425482, "height_max_m": 1.3909955024719238, "height_mean_m": 1.0269422830572568, "canopy_cover": 1.0, "volume_m3": 1.6148667401118557, "n_pixels": 629, "data_coverage": 1.0, "vari_mean": 0.31228953834571621, "exg_mean": 0.36792268329030114, "gli_mean": 0.2481578253993553, "height_max_m_pct": 20.061728395061728, "height_mean_m_pct": 23.148148148148149, "volume_m3_pct": 16.049382716049383, "canopy_cover_pct": 83.487654320987659, "vari_mean_pct": 73.76543209876543, "exg_mean_pct": 65.740740740740748, "gli_mean_pct": 65.432098765432102 }, "geometry": { "type": "Polygon", "coordinates": [ [ [ 556666.449000000022352, 3034961.809000000357628 ], [ 556666.549, 3034961.859000000171363 ], [ 556666.824000000022352, 3034962.134 ], [ 556666.974000000045635, 3034962.434000000357628 ], [ 556667.023999999975786, 3034962.78400000045076 ], [ 556666.898999999975786, 3034962.959000000264496 ], [ 556666.748999999952503, 3034963.059000000357628 ], [ 556666.648999999975786, 3034963.059000000357628 ], [ 556666.599000000045635, 3034963.109000000171363 ], [ 556666.349000000045635, 3034963.109000000171363 ], [ 556666.248999999952503, 3034963.15900000045076 ], [ 556666.199000000022352, 3034963.109000000171363 ], [ 556666.049, 3034963.109000000171363 ], [ 556665.849000000045635, 3034963.009 ], [ 556665.574000000022352, 3034962.734000000171363 ], [ 556665.474000000045635, 3034962.53400000045076 ], [ 556665.474000000045635, 3034962.384 ], [ 556665.574000000022352, 3034962.184000000357628 ], [ 556665.849000000045635, 3034961.90900000045076 ], [ 556666.049, 3034961.809000000357628 ], [ 556666.449000000022352, 3034961.809000000357628 ] ] ] } },
{ "type": "Feature", "properties": { "unit_id": "c00260", "method": "watershed", "label": 260, "area_m2": 1.1400000000061117, "height_max_m": 1.3512340784072876, "height_mean_m": 1.0457330461333454, "canopy_cover": 0.98484848484848486, "volume_m3": 1.2078216682872445, "n_pixels": 462, "data_coverage": 1.0, "vari_mean": 0.26518277287519265, "exg_mean": 0.36206872016134034, "gli_mean": 0.24506975460160102, "height_max_m_pct": 18.209876543209877, "height_mean_m_pct": 25.617283950617285, "volume_m3_pct": 11.111111111111111, "canopy_cover_pct": 15.432098765432098, "vari_mean_pct": 40.432098765432102, "exg_mean_pct": 62.654320987654323, "gli_mean_pct": 63.271604938271608 }, "geometry": { "type": "Polygon", "coordinates": [ [ [ 556644.148999999975786, 3034918.959000000264496 ], [ 556644.348999999929219, 3034919.109000000171363 ], [ 556644.473999999929219, 3034919.28400000045076 ], [ 556644.473999999929219, 3034919.53400000045076 ], [ 556644.248999999952503, 3034919.859000000171363 ], [ 556644.049, 3034919.959000000264496 ], [ 556643.898999999975786, 3034919.959000000264496 ], [ 556643.848999999929219, 3034919.90900000045076 ], [ 556643.699000000022352, 3034919.90900000045076 ], [ 556643.648999999975786, 3034919.859000000171363 ], [ 556643.398999999975786, 3034919.809000000357628 ], [ 556643.123999999952503, 3034919.634 ], [ 556643.023999999975786, 3034919.434000000357628 ], [ 556643.023999999975786, 3034919.28400000045076 ], [ 556643.248999999952503, 3034919.009 ], [ 556643.348999999929219, 3034918.959000000264496 ], [ 556644.148999999975786, 3034918.959000000264496 ] ] ] } },
{ "type": "Feature", "properties": { "unit_id": "c00261", "method": "watershed", "label": 261, "area_m2": 0.95749999997759005, "height_max_m": 1.4047985076904297, "height_mean_m": 0.95918688301276178, "canopy_cover": 1.0, "volume_m3": 0.92801330931732928, "n_pixels": 387, "data_coverage": 1.0, "vari_mean": 0.36490254283840673, "exg_mean": 0.43912452053602608, "gli_mean": 0.29279956994576783, "height_max_m_pct": 20.679012345679013, "height_mean_m_pct": 16.666666666666664, "volume_m3_pct": 9.2592592592592595, "canopy_cover_pct": 83.487654320987659, "vari_mean_pct": 95.370370370370367, "exg_mean_pct": 87.037037037037038, "gli_mean_pct": 87.962962962962962 }, "geometry": { "type": "Polygon", "coordinates": [ [ [ 556651.498999999952503, 3034931.859000000171363 ], [ 556651.549, 3034931.90900000045076 ], [ 556651.648999999975786, 3034931.90900000045076 ], [ 556651.873999999952503, 3034932.184000000357628 ], [ 556651.873999999952503, 3034932.584000000264496 ], [ 556651.748999999952503, 3034932.759 ], [ 556651.648999999975786, 3034932.809000000357628 ], [ 556651.098999999929219, 3034932.809000000357628 ], [ 556650.898999999975786, 3034932.709000000264496 ], [ 556650.623999999952503, 3034932.434000000357628 ], [ 556650.623999999952503, 3034932.28400000045076 ], [ 556650.674, 3034932.184000000357628 ], [ 556650.898999999975786, 3034931.959000000264496 ], [ 556651.148999999975786, 3034931.90900000045076 ], [ 556651.199000000022352, 3034931.859000000171363 ], [ 556651.498999999952503, 3034931.859000000171363 ] ] ] } },
{ "type": "Feature", "properties": { "unit_id": "c00262", "method": "watershed", "label": 262, "area_m2": 1.3406249999476132, "height_max_m": 1.3633209466934204, "height_mean_m": 1.0114695290538753, "canopy_cover": 0.99252336448598133, "volume_m3": 1.3528404951131767, "n_pixels": 535, "data_coverage": 1.0, "vari_mean": 0.33027734231139416, "exg_mean": 0.37216429512985233, "gli_mean": 0.25181870259689815, "height_max_m_pct": 18.518518518518519, "height_mean_m_pct": 21.913580246913579, "volume_m3_pct": 12.962962962962962, "canopy_cover_pct": 29.938271604938272, "vari_mean_pct": 81.172839506172849, "exg_mean_pct": 67.283950617283949, "gli_mean_pct": 67.901234567901241 }, "geometry": { "type": "Polygon", "coordinates": [ [ [ 556651.398999999975786, 3034940.15900000045076 ], [ 556651.598999999929219, 3034940.309000000357628 ], [ 556651.648999999975786, 3034940.309000000357628 ], [ 556651.824000000022352, 3034940.53400000045076 ], [ 556651.873999999952503, 3034940.634 ], [ 556651.873999999952503, 3034940.78400000045076 ], [ 556651.924, 3034940.834000000264496 ], [ 556651.924, 3034940.984000000171363 ], [ 556651.873999999952503, 3034941.03400000045076 ], [ 556651.824000000022352, 3034941.28400000045076 ], [ 556651.598999999929219, 3034941.509 ], [ 556651.498999999952503, 3034941.509 ], [ 556651.449000000022352, 3034941.559000000357628 ], [ 556651.248999999952503, 3034941.559000000357628 ], [ 556651.199000000022352, 3034941.509 ], [ 556651.098999999929219, 3034941.509 ], [ 556650.898999999975786, 3034941.40900000045076 ], [ 556650.723999999929219, 3034941.234000000171363 ], [ 556650.674, 3034941.134 ], [ 556650.674, 3034940.734000000171363 ], [ 556650.873999999952503, 3034940.384 ], [ 556650.998999999952503, 3034940.259 ], [ 556651.049, 3034940.259 ], [ 556651.148999999975786, 3034940.15900000045076 ], [ 556651.398999999975786, 3034940.15900000045076 ] ] ] } },
{ "type": "Feature", "properties": { "unit_id": "c00263", "method": "watershed", "label": 263, "area_m2": 1.4224999999749706, "height_max_m": 1.3839994668960571, "height_mean_m": 1.0369260333735368, "canopy_cover": 0.99137931034482762, "volume_m3": 1.5035427483956498, "n_pixels": 580, "data_coverage": 1.0, "vari_mean": 0.3361465793153981, "exg_mean": 0.43058969187678525, "gli_mean": 0.28685097555578071, "height_max_m_pct": 19.444444444444446, "height_mean_m_pct": 24.691358024691358, "volume_m3_pct": 14.814814814814813, "canopy_cover_pct": 26.851851851851855, "vari_mean_pct": 84.259259259259252, "exg_mean_pct": 85.493827160493822, "gli_mean_pct": 86.111111111111114 }, "geometry": { "type": "Polygon", "coordinates": [ [ [ 556666.498999999952503, 3034979.309000000357628 ], [ 556666.699000000022352, 3034979.40900000045076 ], [ 556666.824000000022352, 3034979.53400000045076 ], [ 556666.924, 3034979.734000000171363 ], [ 556666.924, 3034980.084000000264496 ], [ 556666.824000000022352, 3034980.28400000045076 ], [ 556666.599000000045635, 3034980.509 ], [ 556666.398999999975786, 3034980.609000000171363 ], [ 556666.299, 3034980.609000000171363 ], [ 556666.248999999952503, 3034980.65900000045076 ], [ 556665.998999999952503, 3034980.65900000045076 ], [ 556665.949000000022352, 3034980.609000000171363 ], [ 556665.748999999952503, 3034980.559000000357628 ], [ 556665.523999999975786, 3034980.28400000045076 ], [ 556665.523999999975786, 3034980.084000000264496 ], [ 556665.574000000022352, 3034980.03400000045076 ], [ 556665.623999999952503, 3034979.834000000264496 ], [ 556665.998999999952503, 3034979.40900000045076 ], [ 556666.199000000022352, 3034979.359000000171363 ], [ 556666.248999999952503, 3034979.309000000357628 ], [ 556666.498999999952503, 3034979.309000000357628 ] ] ] } },
{ "type": "Feature", "properties": { "unit_id": "c00264", "method": "watershed", "label": 264, "area_m2": 4.5518750000325943, "height_max_m": 1.3118610382080078, "height_mean_m": 0.91924821900304643, "canopy_cover": 1.0, "volume_m3": 4.2032624814026729, "n_pixels": 1829, "data_coverage": 1.0, "vari_mean": 0.23742631901835079, "exg_mean": 0.28150226341848833, "gli_mean": 0.19057678443789186, "height_max_m_pct": 16.049382716049383, "height_mean_m_pct": 12.037037037037036, "volume_m3_pct": 55.864197530864203, "canopy_cover_pct": 83.487654320987659, "vari_mean_pct": 21.604938271604937, "exg_mean_pct": 19.753086419753085, "gli_mean_pct": 17.592592592592592 }, "geometry": { "type": "Polygon", "coordinates": [ [ [ 556627.748999999952503, 3034946.309000000357628 ], [ 556628.148999999975786, 3034946.509 ], [ 556628.324000000022352, 3034946.734000000171363 ], [ 556628.324000000022352, 3034946.834000000264496 ], [ 556628.373999999952503, 3034946.884 ], [ 556628.324000000022352, 3034947.28400000045076 ], [ 556628.223999999929219, 3034947.484000000171363 ], [ 556628.223999999929219, 3034947.634 ], [ 556628.273999999975786, 3034947.684000000357628 ], [ 556628.273999999975786, 3034947.834000000264496 ], [ 556628.324000000022352, 3034947.884 ], [ 556628.324000000022352, 3034948.084000000264496 ], [ 556628.174, 3034948.28400000045076 ], [ 556628.174, 3034948.334000000264496 ], [ 556627.924, 3034948.584000000264496 ], [ 556627.924, 3034948.734000000171363 ], [ 556627.998999999952503, 3034948.809000000357628 ], [ 556628.398999999975786, 3034948.90900000045076 ], [ 556628.523999999975786, 3034949.084000000264496 ], [ 556628.523999999975786, 3034949.184000000357628 ], [ 556628.424, 3034949.334000000264496 ], [ 556628.424, 3034949.434000000357628 ], [ 556628.324000000022352, 3034949.584000000264496 ], [ 556628.324000000022352, 3034949.834000000264496 ], [ 556628.424, 3034950.03400000045076 ], [ 556628.424, 3034950.28400000045076 ], [ 556628.199000000022352, 3034950.40900000045076 ], [ 556627.898999999975786, 3034950.40900000045076 ], [ 556627.848999999929219, 3034950.359000000171363 ], [ 556627.748999999952503, 3034950.359000000171363 ], [ 556627.549, 3034950.259 ], [ 556627.373999999952503, 3034950.03400000045076 ], [ 556627.324000000022352, 3034949.78400000045076 ], [ 556627.273999999975786, 3034949.734000000171363 ], [ 556627.273999999975786, 3034949.584000000264496 ], [ 556627.174, 3034949.384 ], [ 556627.174, 3034948.984000000171363 ], [ 556627.273999999975786, 3034948.78400000045076 ], [ 556627.273999999975786, 3034948.53400000045076 ], [ 556627.074000000022352, 3034948.134 ], [ 556627.074000000022352, 3034947.984000000171363 ], [ 556626.973999999929219, 3034947.78400000045076 ], [ 556626.973999999929219, 3034947.634 ], [ 556626.873999999952503, 3034947.434000000357628 ], [ 556626.873999999952503, 3034947.03400000045076 ], [ 556627.023999999975786, 3034946.834000000264496 ], [ 556627.074000000022352, 3034946.684000000357628 ], [ 556627.174, 3034946.584000000264496 ], [ 556627.174, 3034946.53400000045076 ], [ 556627.398999999975786, 3034946.309000000357628 ], [ 556627.748999999952503, 3034946.309000000357628 ] ] ] } },
{ "type": "Feature", "properties": { "unit_id": "c00265", "method": "watershed", "label": 265, "area_m2": 1.6868749998969725, "height_max_m": 1.3856377601623535, "height_mean_m": 1.0464428053540591, "canopy_cover": 1.0, "volume_m3": 1.7684883410530903, "n_pixels": 676, "data_coverage": 1.0, "vari_mean": 0.36351302363927923, "exg_mean": 0.50295303788338275, "gli_mean": 0.33090503021678824, "height_max_m_pct": 19.753086419753085, "height_mean_m_pct": 25.925925925925924, "volume_m3_pct": 19.444444444444446, "canopy_cover_pct": 83.487654320987659, "vari_mean_pct": 94.753086419753089, "exg_mean_pct": 97.222222222222214, "gli_mean_pct": 97.222222222222214 }, "geometry": { "type": "Polygon", "coordinates": [ [ [ 556658.449000000022352, 3035008.709000000264496 ], [ 556658.648999999975786, 3035008.859000000171363 ], [ 556658.699000000022352, 3035008.859000000171363 ], [ 556658.924, 3035009.084000000264496 ], [ 556658.974000000045635, 3035009.28400000045076 ], [ 556659.023999999975786, 3035009.334000000264496 ], [ 556658.974000000045635, 3035009.634 ], [ 556658.924, 3035009.684000000357628 ], [ 556658.873999999952503, 3035009.884 ], [ 556658.599000000045635, 3035010.15900000045076 ], [ 556658.398999999975786, 3035010.259 ], [ 556658.049, 3035010.259 ], [ 556657.849000000045635, 3035010.109000000171363 ], [ 556657.623999999952503, 3035009.834000000264496 ], [ 556657.623999999952503, 3035009.734000000171363 ], [ 556657.574000000022352, 3035009.684000000357628 ], [ 556657.623999999952503, 3035009.334000000264496 ], [ 556657.824000000022352, 3035008.934000000357628 ], [ 556658.049, 3035008.709000000264496 ], [ 556658.449000000022352, 3035008.709000000264496 ] ] ] } },
{ "type": "Feature", "properties": { "unit_id": "c00266", "method": "watershed", "label": 266, "area_m2": 2.8724999996460974, "height_max_m": 1.350765585899353, "height_mean_m": 0.91134685613117539, "canopy_cover": 1.0, "volume_m3": 2.6132871099631352, "n_pixels": 1147, "data_coverage": 1.0, "vari_mean": 0.24456324813296271, "exg_mean": 0.24123629873462729, "gli_mean": 0.16775689575690836, "height_max_m_pct": 17.901234567901234, "height_mean_m_pct": 11.419753086419753, "volume_m3_pct": 33.024691358024697, "canopy_cover_pct": 83.487654320987659, "vari_mean_pct": 26.234567901234566, "exg_mean_pct": 8.9506172839506171, "gli_mean_pct": 8.6419753086419746 }, "geometry": { "type": "Polygon", "coordinates": [ [ [ 556635.998999999952503, 3034978.309000000357628 ], [ 556636.273999999975786, 3034978.53400000045076 ], [ 556636.373999999952503, 3034978.734000000171363 ], [ 556636.373999999952503, 3034979.234000000171363 ], [ 556636.324000000022352, 3034979.28400000045076 ], [ 556636.273999999975786, 3034979.634 ], [ 556636.223999999929219, 3034979.734000000171363 ], [ 556635.998999999952503, 3034979.959000000264496 ], [ 556635.898999999975786, 3034980.009 ], [ 556635.299, 3034980.009 ], [ 556635.248999999952503, 3034979.959000000264496 ], [ 556635.148999999975786, 3034979.959000000264496 ], [ 556634.949000000022352, 3034979.759 ], [ 556634.449000000022352, 3034979.509 ], [ 556634.273999999975786, 3034979.334000000264496 ], [ 556634.223999999929219, 3034979.234000000171363 ], [ 556634.273999999975786, 3034978.984000000171363 ], [ 556634.473999999929219, 3034978.634 ], [ 556634.648999999975786, 3034978.509 ], [ 556634.848999999929219, 3034978.40900000045076 ], [ 556635.098999999929219, 3034978.359000000171363 ], [ 556635.148999999975786, 3034978.309000000357628 ], [ 556635.998999999952503, 3034978.309000000357628 ] ] ] } },
{ "type": "Feature", "properties": { "unit_id": "c00267", "method": "watershed", "label": 267, "area_m2": 2.8250000000887665, "height_max_m": 1.3246903419494629, "height_mean_m": 0.95202124417089806, "canopy_cover": 0.99736611062335379, "volume_m3": 2.7108804927838834, "n_pixels": 1139, "data_coverage": 1.0, "vari_mean": 0.24324020335982124, "exg_mean": 0.31682696546656747, "gli_mean": 0.21672567906590154, "height_max_m_pct": 16.666666666666664, "height_mean_m_pct": 16.049382716049383, "volume_m3_pct": 35.802469135802468, "canopy_cover_pct": 49.074074074074076, "vari_mean_pct": 24.691358024691358, "exg_mean_pct": 40.432098765432102, "gli_mean_pct": 41.666666666666671 }, "geometry": { "type": "Polygon", "coordinates": [ [ [ 556627.748999999952503, 3035031.65900000045076 ], [ 556627.799, 3035031.709000000264496 ], [ 556628.174, 3035031.734000000171363 ], [ 556628.174, 3035031.984000000171363 ], [ 556628.223999999929219, 3035032.03400000045076 ], [ 556628.223999999929219, 3035032.184000000357628 ], [ 556628.273999999975786, 3035032.234000000171363 ], [ 556628.273999999975786, 3035032.53400000045076 ], [ 556628.223999999929219, 3035032.584000000264496 ], [ 556628.223999999929219, 3035032.78400000045076 ], [ 556628.123999999952503, 3035032.984000000171363 ], [ 556627.898999999975786, 3035033.209000000264496 ], [ 556627.699000000022352, 3035033.259000000543892 ], [ 556627.648999999975786, 3035033.309000000357628 ], [ 556627.498999999952503, 3035033.309000000357628 ], [ 556627.299, 3035033.40900000045076 ], [ 556627.199000000022352, 3035033.40900000045076 ], [ 556627.049, 3035033.509000000543892 ], [ 556626.848999999929219, 3035033.509000000543892 ], [ 556626.574000000022352, 3035033.234000000171363 ], [ 556626.424, 3035032.934000000357628 ], [ 556626.424, 3035032.834000000264496 ], [ 556626.273999999975786, 3035032.53400000045076 ], [ 556626.273999999975786, 3035032.234000000171363 ], [ 556626.348999999929219, 3035032.109000000171363 ], [ 556626.648999999975786, 3035031.959000000264496 ], [ 556626.748999999952503, 3035031.959000000264496 ], [ 556627.098999999929219, 3035031.65900000045076 ], [ 556627.748999999952503, 3035031.65900000045076 ] ] ] } },
{ "type": "Feature", "properties": { "unit_id": "c00268", "method": "watershed", "label": 268, "area_m2": 4.0524999998882416, "height_max_m": 1.3348304033279419, "height_mean_m": 0.95125754977546684, "canopy_cover": 1.0, "volume_m3": 3.8716182275965059, "n_pixels": 1628, "data_coverage": 1.0, "vari_mean": 0.27333138400384527, "exg_mean": 0.30715970180794755, "gli_mean": 0.20841383373368225, "height_max_m_pct": 17.283950617283949, "height_mean_m_pct": 15.74074074074074, "volume_m3_pct": 52.777777777777779, "canopy_cover_pct": 83.487654320987659, "vari_mean_pct": 45.370370370370374, "exg_mean_pct": 31.790123456790127, "gli_mean_pct": 30.246913580246915 }, "geometry": { "type": "Polygon", "coordinates": [ [ [ 556621.049, 3034960.65900000045076 ], [ 556621.223999999929219, 3034960.78400000045076 ], [ 556621.473999999929219, 3034961.234000000171363 ], [ 556621.523999999975786, 3034961.584000000264496 ], [ 556621.473999999929219, 3034961.634 ], [ 556621.424, 3034961.834000000264496 ], [ 556620.973999999929219, 3034962.28400000045076 ], [ 556620.873999999952503, 3034962.484000000171363 ], [ 556620.549, 3034962.809000000357628 ], [ 556620.299, 3034962.90900000045076 ], [ 556620.049, 3034963.109000000171363 ], [ 556619.648999999975786, 3034963.109000000171363 ], [ 556619.549, 3034963.059000000357628 ], [ 556619.424, 3034962.834000000264496 ], [ 556619.373999999952503, 3034962.584000000264496 ], [ 556619.273999999975786, 3034962.434000000357628 ], [ 556619.273999999975786, 3034962.334000000264496 ], [ 556619.073999999905936, 3034961.984000000171363 ], [ 556619.073999999905936, 3034961.684000000357628 ], [ 556619.123999999952503, 3034961.584000000264496 ], [ 556619.523999999975786, 3034961.234000000171363 ], [ 556619.773999999975786, 3034960.984000000171363 ], [ 556619.799, 3034960.90900000045076 ], [ 556619.848999999929219, 3034960.90900000045076 ], [ 556619.948999999905936, 3034960.809000000357628 ], [ 556620.448999999905936, 3034960.809000000357628 ], [ 556620.698999999905936, 3034960.65900000045076 ], [ 556621.049, 3034960.65900000045076 ] ] ] } },
{ "type": "Feature", "properties": { "unit_id": "c00269", "method": "watershed", "label": 269, "area_m2": 1.6050000000253204, "height_max_m": 1.3269058465957642, "height_mean_m": 1.0009458126606114, "canopy_cover": 0.99846390168970811, "volume_m3": 1.6290393101095024, "n_pixels": 651, "data_coverage": 1.0, "vari_mean": 0.23601482433189483, "exg_mean": 0.26493680967238564, "gli_mean": 0.18370406108833981, "height_max_m_pct": 16.97530864197531, "height_mean_m_pct": 20.061728395061728, "volume_m3_pct": 16.358024691358025, "canopy_cover_pct": 56.172839506172842, "vari_mean_pct": 20.679012345679013, "exg_mean_pct": 12.654320987654321, "gli_mean_pct": 13.888888888888889 }, "geometry": { "type": "Polygon", "coordinates": [ [ [ 556658.748999999952503, 3034944.709000000264496 ], [ 556659.049, 3034944.859000000171363 ], [ 556659.373999999952503, 3034945.184000000357628 ], [ 556659.424, 3034945.28400000045076 ], [ 556659.424, 3034945.634 ], [ 556659.373999999952503, 3034945.734000000171363 ], [ 556659.273999999975786, 3034945.834000000264496 ], [ 556659.273999999975786, 3034945.884 ], [ 556658.949000000022352, 3034946.209000000264496 ], [ 556658.648999999975786, 3034946.209000000264496 ], [ 556658.449000000022352, 3034946.109000000171363 ], [ 556658.074000000022352, 3034945.78400000045076 ], [ 556657.974000000045635, 3034945.584000000264496 ], [ 556658.123999999952503, 3034944.984000000171363 ], [ 556658.398999999975786, 3034944.759 ], [ 556658.498999999952503, 3034944.759 ], [ 556658.549, 3034944.709000000264496 ], [ 556658.748999999952503, 3034944.709000000264496 ] ] ] } },
{ "type": "Feature", "properties": { "unit_id": "c00270", "method": "watershed", "label": 270, "area_m2": 2.3112499999249123, "height_max_m": 1.3653405904769897, "height_mean_m": 0.98326456165797005, "canopy_cover": 0.99783783783783786, "volume_m3": 2.2737992988401374, "n_pixels": 925, "data_coverage": 1.0, "vari_mean": 0.20937213794190571, "exg_mean": 0.21809012069813377, "gli_mean": 0.15135371008314483, "height_max_m_pct": 18.827160493827162, "height_mean_m_pct": 19.444444444444446, "volume_m3_pct": 27.469135802469136, "canopy_cover_pct": 50.925925925925931, "vari_mean_pct": 11.111111111111111, "exg_mean_pct": 4.9382716049382713, "gli_mean_pct": 4.9382716049382713 }, "geometry": { "type": "Polygon", "coordinates": [ [ [ 556636.098999999929219, 3034987.90900000045076 ], [ 556636.299, 3034987.959000000264496 ], [ 556636.373999999952503, 3034988.084000000264496 ], [ 556636.373999999952503, 3034988.53400000045076 ], [ 556636.174, 3034988.934000000357628 ], [ 556635.549, 3034989.509 ], [ 556635.449000000022352, 3034989.509 ], [ 556635.398999999975786, 3034989.559000000357628 ], [ 556635.098999999929219, 3034989.559000000357628 ], [ 556635.049, 3034989.509 ], [ 556634.748999999952503, 3034989.459000000264496 ], [ 556634.424, 3034989.234000000171363 ], [ 556634.424, 3034989.184000000357628 ], [ 556634.324000000022352, 3034989.084000000264496 ], [ 556634.324000000022352, 3034988.834000000264496 ], [ 556634.424, 3034988.634 ], [ 556634.549, 3034988.509 ], [ 556634.748999999952503, 3034988.40900000045076 ], [ 556634.898999999975786, 3034988.259 ], [ 556634.949000000022352, 3034988.259 ], [ 556635.148999999975786, 3034988.109000000171363 ], [ 556635.299, 3034988.109000000171363 ], [ 556635.348999999929219, 3034988.059000000357628 ], [ 556635.799, 3034988.059000000357628 ], [ 556636.098999999929219, 3034987.90900000045076 ] ] ] } },
{ "type": "Feature", "properties": { "unit_id": "c00271", "method": "watershed", "label": 271, "area_m2": 2.9212499998984276, "height_max_m": 1.3048851490020752, "height_mean_m": 1.0321837677667707, "canopy_cover": 1.0, "volume_m3": 3.0449421149201181, "n_pixels": 1180, "data_coverage": 1.0, "vari_mean": 0.25234109116793868, "exg_mean": 0.31614017562804875, "gli_mean": 0.21584500028380749, "height_max_m_pct": 15.432098765432098, "height_mean_m_pct": 24.074074074074073, "volume_m3_pct": 41.049382716049379, "canopy_cover_pct": 83.487654320987659, "vari_mean_pct": 30.864197530864196, "exg_mean_pct": 39.814814814814817, "gli_mean_pct": 40.74074074074074 }, "geometry": { "type": "Polygon", "coordinates": [ [ [ 556635.498999999952503, 3035017.559000000357628 ], [ 556635.773999999975786, 3035017.78400000045076 ], [ 556635.873999999952503, 3035017.984000000171363 ], [ 556635.873999999952503, 3035018.084000000264496 ], [ 556635.924, 3035018.134000000543892 ], [ 556635.924, 3035018.834000000264496 ], [ 556635.873999999952503, 3035018.884000000543892 ], [ 556635.873999999952503, 3035019.03400000045076 ], [ 556635.773999999975786, 3035019.234000000171363 ], [ 556635.648999999975786, 3035019.359000000171363 ], [ 556635.449000000022352, 3035019.459000000264496 ], [ 556635.199000000022352, 3035019.459000000264496 ], [ 556635.148999999975786, 3035019.40900000045076 ], [ 556634.898999999975786, 3035019.40900000045076 ], [ 556634.848999999929219, 3035019.359000000171363 ], [ 556634.699000000022352, 3035019.359000000171363 ], [ 556634.398999999975786, 3035019.209000000264496 ], [ 556634.074000000022352, 3035018.884000000543892 ], [ 556634.074000000022352, 3035018.834000000264496 ], [ 556633.924, 3035018.634000000543892 ], [ 556633.924, 3035018.384000000543892 ], [ 556633.973999999929219, 3035018.28400000045076 ], [ 556634.098999999929219, 3035018.109000000171363 ], [ 556634.148999999975786, 3035018.109000000171363 ], [ 556634.398999999975786, 3035017.90900000045076 ], [ 556634.549, 3035017.859000000171363 ], [ 556634.799, 3035017.65900000045076 ], [ 556634.998999999952503, 3035017.559000000357628 ], [ 556635.498999999952503, 3035017.559000000357628 ] ] ] } },
{ "type": "Feature", "properties": { "unit_id": "c00272", "method": "watershed", "label": 272, "area_m2": 0.87437500010360969, "height_max_m": 1.3476166725158691, "height_mean_m": 1.09505106525617, "canopy_cover": 1.0, "volume_m3": 0.96638256509115494, "n_pixels": 353, "data_coverage": 1.0, "vari_mean": 0.31165472927478871, "exg_mean": 0.34787787469622183, "gli_mean": 0.23675492207109788, "height_max_m_pct": 17.592592592592592, "height_mean_m_pct": 34.567901234567898, "volume_m3_pct": 9.8765432098765427, "canopy_cover_pct": 83.487654320987659, "vari_mean_pct": 73.148148148148152, "exg_mean_pct": 59.567901234567898, "gli_mean_pct": 59.567901234567898 }, "geometry": { "type": "Polygon", "coordinates": [ [ [ 556651.449000000022352, 3034935.959000000264496 ], [ 556651.498999999952503, 3034936.009 ], [ 556651.598999999929219, 3034936.009 ], [ 556651.773999999975786, 3034936.184000000357628 ], [ 556651.873999999952503, 3034936.384 ], [ 556651.873999999952503, 3034936.734000000171363 ], [ 556651.699000000022352, 3034936.959000000264496 ], [ 556651.498999999952503, 3034937.059000000357628 ], [ 556651.248999999952503, 3034937.059000000357628 ], [ 556650.973999999929219, 3034936.884 ], [ 556650.873999999952503, 3034936.684000000357628 ], [ 556650.873999999952503, 3034936.384 ], [ 556650.973999999929219, 3034936.184000000357628 ], [ 556651.148999999975786, 3034936.009 ], [ 556651.449000000022352, 3034935.959000000264496 ] ] ] } },
{ "type": "Feature", "properties": { "unit_id": "c00273", "method": "watershed", "label": 273, "area_m2": 2.4399999998343991, "height_max_m": 1.3166730403900146, "height_mean_m": 0.94948076412427562, "canopy_cover": 1.0, "volume_m3": 2.3523385931241849, "n_pixels": 991, "data_coverage": 1.0, "vari_mean": 0.23563424679504144, "exg_mean": 0.2904910614185538, "gli_mean": 0.19799646922069386, "height_max_m_pct": 16.358024691358025, "height_mean_m_pct": 15.432098765432098, "volume_m3_pct": 29.012345679012348, "canopy_cover_pct": 83.487654320987659, "vari_mean_pct": 20.061728395061728, "exg_mean_pct": 24.074074074074073, "gli_mean_pct": 24.382716049382715 }, "geometry": { "type": "Polygon", "coordinates": [ [ [ 556627.348999999929219, 3035011.90900000045076 ], [ 556627.723999999929219, 3035012.084000000264496 ], [ 556627.623999999952503, 3035012.28400000045076 ], [ 556627.824000000022352, 3035012.684000000357628 ], [ 556627.824000000022352, 3035012.78400000045076 ], [ 556627.924, 3035012.934000000357628 ], [ 556627.924, 3035013.334000000264496 ], [ 556627.873999999952503, 3035013.434000000357628 ], [ 556627.549, 3035013.759 ], [ 556627.348999999929219, 3035013.859000000171363 ], [ 556627.098999999929219, 3035013.859000000171363 ], [ 556626.898999999975786, 3035013.709000000264496 ], [ 556626.848999999929219, 3035013.709000000264496 ], [ 556626.324000000022352, 3035013.184000000357628 ], [ 556626.223999999929219, 3035012.984000000171363 ], [ 556626.223999999929219, 3035012.684000000357628 ], [ 556626.373999999952503, 3035012.484000000171363 ], [ 556626.373999999952503, 3035012.434000000357628 ], [ 556626.674, 3035012.134 ], [ 556626.723999999929219, 3035011.984000000171363 ], [ 556626.799, 3035011.90900000045076 ], [ 556627.348999999929219, 3035011.90900000045076 ] ] ] } },
{ "type": "Feature", "properties": { "unit_id": "c00274", "method": "watershed", "label": 274, "area_m2": 2.6012499998931888, "height_max_m": 1.2382596731185913, "height_mean_m": 0.95903475515515868, "canopy_cover": 1.0, "volume_m3": 2.5030807109616595, "n_pixels": 1044, "data_coverage": 1.0, "vari_mean": 0.29085793636223933, "exg_mean": 0.34421898006080415, "gli_mean": 0.23540756731110721, "height_max_m_pct": 13.271604938271606, "height_mean_m_pct": 16.358024691358025, "volume_m3_pct": 31.790123456790127, "canopy_cover_pct": 83.487654320987659, "vari_mean_pct": 59.259259259259252, "exg_mean_pct": 57.407407407407405, "gli_mean_pct": 58.024691358024697 }, "geometry": { "type": "Polygon", "coordinates": [ [ [ 556620.398999999975786, 3035012.359000000171363 ], [ 556620.799, 3035012.559000000357628 ], [ 556621.123999999952503, 3035012.884 ], [ 556621.123999999952503, 3035012.934000000357628 ], [ 556621.223999999929219, 3035013.03400000045076 ], [ 556621.223999999929219, 3035013.134 ], [ 556621.273999999975786, 3035013.184000000357628 ], [ 556621.273999999975786, 3035013.484000000171363 ], [ 556621.223999999929219, 3035013.53400000045076 ], [ 556621.223999999929219, 3035013.634 ], [ 556621.049, 3035013.859000000171363 ], [ 556620.848999999929219, 3035013.959000000264496 ], [ 556620.398999999975786, 3035014.009 ], [ 556620.348999999929219, 3035014.059000000357628 ], [ 556620.198999999905936, 3035014.059000000357628 ], [ 556620.148999999975786, 3035014.109000000171363 ], [ 556619.648999999975786, 3035014.109000000171363 ], [ 556619.424, 3035013.934000000357628 ], [ 556619.424, 3035013.834000000264496 ], [ 556619.373999999952503, 3035013.78400000045076 ], [ 556619.373999999952503, 3035013.28400000045076 ], [ 556619.424, 3035013.234000000171363 ], [ 556619.424, 3035013.084000000264496 ], [ 556619.573999999905936, 3035012.78400000045076 ], [ 556619.898999999975786, 3035012.459000000264496 ], [ 556620.098999999929219, 3035012.359000000171363 ], [ 556620.398999999975786, 3035012.359000000171363 ] ] ] } },
{ "type": "Feature", "properties": { "unit_id": "c00275", "method": "watershed", "label": 275, "area_m2": 3.2493749999391728, "height_max_m": 1.2809425592422485, "height_mean_m": 0.93637497477806531, "canopy_cover": 1.0, "volume_m3": 3.043218668036852, "n_pixels": 1300, "data_coverage": 1.0, "vari_mean": 0.26191106868395952, "exg_mean": 0.2839553291290895, "gli_mean": 0.19345945344555157, "height_max_m_pct": 14.506172839506174, "height_mean_m_pct": 13.888888888888889, "volume_m3_pct": 40.74074074074074, "canopy_cover_pct": 83.487654320987659, "vari_mean_pct": 37.037037037037038, "exg_mean_pct": 20.987654320987652, "gli_mean_pct": 20.061728395061728 }, "geometry": { "type": "Polygon", "coordinates": [ [ [ 556628.199000000022352, 3034958.309000000357628 ], [ 556628.398999999975786, 3034958.40900000045076 ], [ 556628.498999999952503, 3034958.40900000045076 ], [ 556628.674, 3034958.584000000264496 ], [ 556628.723999999929219, 3034958.734000000171363 ], [ 556629.023999999975786, 3034959.134 ], [ 556629.023999999975786, 3034959.234000000171363 ], [ 556629.074000000022352, 3034959.28400000045076 ], [ 556629.074000000022352, 3034959.584000000264496 ], [ 556629.023999999975786, 3034959.634 ], [ 556629.023999999975786, 3034959.78400000045076 ], [ 556628.873999999952503, 3034960.084000000264496 ], [ 556628.598999999929219, 3034960.359000000171363 ], [ 556628.398999999975786, 3034960.459000000264496 ], [ 556627.949000000022352, 3034960.459000000264496 ], [ 556627.898999999975786, 3034960.40900000045076 ], [ 556627.699000000022352, 3034960.359000000171363 ], [ 556627.473999999929219, 3034960.134 ], [ 556627.473999999929219, 3034960.084000000264496 ], [ 556627.273999999975786, 3034959.884 ], [ 556627.273999999975786, 3034959.834000000264496 ], [ 556627.074000000022352, 3034959.584000000264496 ], [ 556627.074000000022352, 3034959.234000000171363 ], [ 556627.174, 3034959.03400000045076 ], [ 556627.174, 3034958.884 ], [ 556627.223999999929219, 3034958.834000000264496 ], [ 556627.223999999929219, 3034958.684000000357628 ], [ 556627.123999999952503, 3034958.484000000171363 ], [ 556627.998999999952503, 3034958.459000000264496 ], [ 556628.199000000022352, 3034958.309000000357628 ] ] ] } },
{ "type": "Feature", "properties": { "unit_id": "c00276", "method": "watershed", "label": 276, "area_m2": 2.4931249998882414, "height_max_m": 1.3074705600738525, "height_mean_m": 0.93565683074229067, "canopy_cover": 1.0, "volume_m3": 2.360194355553741, "n_pixels": 1009, "data_coverage": 1.0, "vari_mean": 0.28189585660820959, "exg_mean": 0.32581534945032559, "gli_mean": 0.22224027380251746, "height_max_m_pct": 15.74074074074074, "height_mean_m_pct": 13.580246913580247, "volume_m3_pct": 29.320987654320991, "canopy_cover_pct": 83.487654320987659, "vari_mean_pct": 54.012345679012341, "exg_mean_pct": 45.679012345679013, "gli_mean_pct": 46.296296296296298 }, "geometry": { "type": "Polygon", "coordinates": [ [ [ 556635.949000000022352, 3035000.15900000045076 ], [ 556635.973999999929219, 3035000.28400000045076 ], [ 556636.324000000022352, 3035000.634 ], [ 556636.424, 3035000.834000000264496 ], [ 556636.424, 3035000.984000000171363 ], [ 556636.473999999929219, 3035001.03400000045076 ], [ 556636.424, 3035001.134 ], [ 556636.424, 3035001.53400000045076 ], [ 556636.373999999952503, 3035001.584000000264496 ], [ 556636.373999999952503, 3035001.684000000357628 ], [ 556636.424, 3035001.734000000171363 ], [ 556636.424, 3035002.084000000264496 ], [ 556636.299, 3035002.309000000357628 ], [ 556635.748999999952503, 3035002.259 ], [ 556635.723999999929219, 3035002.03400000045076 ], [ 556635.549, 3035001.809000000357628 ], [ 556635.498999999952503, 3035001.809000000357628 ], [ 556635.398999999975786, 3035001.709000000264496 ], [ 556635.148999999975786, 3035001.65900000045076 ], [ 556634.848999999929219, 3035001.509 ], [ 556634.723999999929219, 3035001.384 ], [ 556634.723999999929219, 3035001.28400000045076 ], [ 556634.674, 3035001.234000000171363 ], [ 556634.773999999975786, 3035000.934000000357628 ], [ 556635.424, 3035000.28400000045076 ], [ 556635.424, 3035000.234000000171363 ], [ 556635.498999999952503, 3035000.15900000045076 ], [ 556635.949000000022352, 3035000.15900000045076 ] ] ] } },
{ "type": "Feature", "properties": { "unit_id": "c00277", "method": "watershed", "label": 277, "area_m2": 1.7381250000666477, "height_max_m": 1.2301756143569946, "height_mean_m": 0.97050418199894262, "canopy_cover": 0.99857346647646217, "volume_m3": 1.7008085789576963, "n_pixels": 701, "data_coverage": 1.0, "vari_mean": 0.30023217078273207, "exg_mean": 0.41942251425252991, "gli_mean": 0.27747006650687012, "height_max_m_pct": 12.962962962962962, "height_mean_m_pct": 18.827160493827162, "volume_m3_pct": 18.209876543209877, "canopy_cover_pct": 56.79012345679012, "vari_mean_pct": 65.740740740740748, "exg_mean_pct": 83.333333333333343, "gli_mean_pct": 82.407407407407405 }, "geometry": { "type": "Polygon", "coordinates": [ [ [ 556658.148999999975786, 3035040.459000000264496 ], [ 556658.299, 3035040.559000000357628 ], [ 556658.523999999975786, 3035040.834000000264496 ], [ 556658.773999999975786, 3035041.334000000264496 ], [ 556658.773999999975786, 3035041.484000000171363 ], [ 556658.724000000045635, 3035041.584000000264496 ], [ 556658.398999999975786, 3035041.859000000171363 ], [ 556658.199000000022352, 3035041.959000000264496 ], [ 556658.049, 3035041.959000000264496 ], [ 556657.998999999952503, 3035042.009000000543892 ], [ 556657.748999999952503, 3035042.009000000543892 ], [ 556657.549, 3035041.90900000045076 ], [ 556657.273999999975786, 3035041.584000000264496 ], [ 556657.224000000045635, 3035041.384000000543892 ], [ 556657.174, 3035041.334000000264496 ], [ 556657.174, 3035041.234000000171363 ], [ 556657.224000000045635, 3035041.184000000357628 ], [ 556657.224000000045635, 3035041.084000000264496 ], [ 556657.748999999952503, 3035040.559000000357628 ], [ 556657.949000000022352, 3035040.459000000264496 ], [ 556658.148999999975786, 3035040.459000000264496 ] ] ] } },
{ "type": "Feature", "properties": { "unit_id": "c00278", "method": "watershed", "label": 278, "area_m2": 2.9168750000532597, "height_max_m": 1.2426975965499878, "height_mean_m": 0.94119950474731351, "canopy_cover": 1.0, "volume_m3": 2.7600675476788794, "n_pixels": 1173, "data_coverage": 1.0, "vari_mean": 0.29679587160325083, "exg_mean": 0.35939121881563441, "gli_mean": 0.24320875861483535, "height_max_m_pct": 13.580246913580247, "height_mean_m_pct": 14.814814814814813, "volume_m3_pct": 36.419753086419753, "canopy_cover_pct": 83.487654320987659, "vari_mean_pct": 62.345679012345677, "exg_mean_pct": 61.419753086419746, "gli_mean_pct": 61.728395061728392 }, "geometry": { "type": "Polygon", "coordinates": [ [ [ 556628.098999999929219, 3034916.559000000357628 ], [ 556628.373999999952503, 3034917.03400000045076 ], [ 556628.373999999952503, 3034917.134 ], [ 556628.449000000022352, 3034917.209000000264496 ], [ 556628.549, 3034917.259 ], [ 556628.949000000022352, 3034917.259 ], [ 556629.123999999952503, 3034917.434000000357628 ], [ 556629.123999999952503, 3034917.584000000264496 ], [ 556629.174, 3034917.634 ], [ 556629.174, 3034917.984000000171363 ], [ 556629.123999999952503, 3034918.03400000045076 ], [ 556629.123999999952503, 3034918.184000000357628 ], [ 556629.074000000022352, 3034918.28400000045076 ], [ 556628.748999999952503, 3034918.609000000171363 ], [ 556628.549, 3034918.709000000264496 ], [ 556628.299, 3034918.759 ], [ 556628.248999999952503, 3034918.809000000357628 ], [ 556628.098999999929219, 3034918.809000000357628 ], [ 556627.998999999952503, 3034918.759 ], [ 556627.123999999952503, 3034917.934000000357628 ], [ 556627.123999999952503, 3034917.634 ], [ 556627.273999999975786, 3034917.334000000264496 ], [ 556627.424, 3034917.184000000357628 ], [ 556627.424, 3034917.134 ], [ 556627.873999999952503, 3034916.684000000357628 ], [ 556627.898999999975786, 3034916.559000000357628 ], [ 556628.098999999929219, 3034916.559000000357628 ] ] ] } },
{ "type": "Feature", "properties": { "unit_id": "c00279", "method": "watershed", "label": 279, "area_m2": 2.198125000037253, "height_max_m": 1.2260243892669678, "height_mean_m": 0.96538345220266697, "canopy_cover": 0.99661781285231121, "volume_m3": 2.14073780526514, "n_pixels": 887, "data_coverage": 1.0, "vari_mean": 0.30435270070255344, "exg_mean": 0.3718603138259311, "gli_mean": 0.25226685065108284, "height_max_m_pct": 12.654320987654321, "height_mean_m_pct": 17.592592592592592, "volume_m3_pct": 25.308641975308642, "canopy_cover_pct": 45.987654320987652, "vari_mean_pct": 68.209876543209873, "exg_mean_pct": 66.975308641975303, "gli_mean_pct": 68.209876543209873 }, "geometry": { "type": "Polygon", "coordinates": [ [ [ 556627.898999999975786, 3035034.359000000171363 ], [ 556627.949000000022352, 3035034.40900000045076 ], [ 556628.199000000022352, 3035034.40900000045076 ], [ 556628.398999999975786, 3035034.509000000543892 ], [ 556628.623999999952503, 3035034.734000000171363 ], [ 556628.773999999975786, 3035035.03400000045076 ], [ 556628.773999999975786, 3035035.384000000543892 ], [ 556628.723999999929219, 3035035.484000000171363 ], [ 556628.449000000022352, 3035035.759000000543892 ], [ 556628.398999999975786, 3035035.759000000543892 ], [ 556628.199000000022352, 3035035.90900000045076 ], [ 556627.648999999975786, 3035035.90900000045076 ], [ 556627.598999999929219, 3035035.859000000171363 ], [ 556627.449000000022352, 3035035.859000000171363 ], [ 556627.098999999929219, 3035035.65900000045076 ], [ 556627.023999999975786, 3035035.53400000045076 ], [ 556627.023999999975786, 3035035.084000000264496 ], [ 556626.973999999929219, 3035034.984000000171363 ], [ 556627.123999999952503, 3035034.684000000357628 ], [ 556627.449000000022352, 3035034.459000000264496 ], [ 556627.549, 3035034.459000000264496 ], [ 556627.598999999929219, 3035034.40900000045076 ], [ 556627.799, 3035034.40900000045076 ], [ 556627.898999999975786, 3035034.359000000171363 ] ] ] } },
{ "type": "Feature", "properties": { "unit_id": "c00280", "method": "watershed", "label": 280, "area_m2": 1.7256250000171711, "height_max_m": 1.2686843872070312, "height_mean_m": 0.88262275959999015, "canopy_cover": 1.0, "volume_m3": 1.5203177034150497, "n_pixels": 689, "data_coverage": 1.0, "vari_mean": 0.27862616627806525, "exg_mean": 0.27835430957655344, "gli_mean": 0.19237932275115166, "height_max_m_pct": 14.19753086419753, "height_mean_m_pct": 9.8765432098765427, "volume_m3_pct": 15.123456790123457, "canopy_cover_pct": 83.487654320987659, "vari_mean_pct": 51.23456790123457, "exg_mean_pct": 17.901234567901234, "gli_mean_pct": 19.444444444444446 }, "geometry": { "type": "Polygon", "coordinates": [ [ [ 556635.748999999952503, 3034963.359000000171363 ], [ 556635.799, 3034963.40900000045076 ], [ 556636.074000000022352, 3034963.434000000357628 ], [ 556636.023999999975786, 3034963.53400000045076 ], [ 556636.373999999952503, 3034963.984000000171363 ], [ 556636.473999999929219, 3034964.184000000357628 ], [ 556636.473999999929219, 3034964.384 ], [ 556636.523999999975786, 3034964.434000000357628 ], [ 556636.473999999929219, 3034964.53400000045076 ], [ 556636.473999999929219, 3034965.084000000264496 ], [ 556636.373999999952503, 3034965.28400000045076 ], [ 556636.248999999952503, 3034965.40900000045076 ], [ 556636.148999999975786, 3034965.40900000045076 ], [ 556636.098999999929219, 3034965.459000000264496 ], [ 556635.898999999975786, 3034965.40900000045076 ], [ 556635.773999999975786, 3034965.28400000045076 ], [ 556635.824000000022352, 3034964.734000000171363 ], [ 556635.723999999929219, 3034964.53400000045076 ], [ 556635.549, 3034964.359000000171363 ], [ 556635.348999999929219, 3034964.309000000357628 ], [ 556635.299, 3034964.259 ], [ 556635.199000000022352, 3034964.259 ], [ 556635.123999999952503, 3034964.184000000357628 ], [ 556635.123999999952503, 3034963.884 ], [ 556635.223999999929219, 3034963.684000000357628 ], [ 556635.373999999952503, 3034963.53400000045076 ], [ 556635.373999999952503, 3034963.484000000171363 ], [ 556635.498999999952503, 3034963.359000000171363 ], [ 556635.748999999952503, 3034963.359000000171363 ] ] ] } },
{ "type": "Feature", "properties": { "unit_id": "c00281", "method": "watershed", "label": 281, "area_m2": 1.0031250001091394, "height_max_m": 1.3008455038070679, "height_mean_m": 1.0241566522105554, "canopy_cover": 0.99757869249394671, "volume_m3": 1.057441743410227, "n_pixels": 413, "data_coverage": 1.0, "vari_mean": 0.19628219439583416, "exg_mean": 0.28497335514979361, "gli_mean": 0.19492697731858585, "height_max_m_pct": 15.123456790123457, "height_mean_m_pct": 22.839506172839506, "volume_m3_pct": 10.493827160493826, "canopy_cover_pct": 50.0, "vari_mean_pct": 8.0246913580246915, "exg_mean_pct": 21.604938271604937, "gli_mean_pct": 21.604938271604937 }, "geometry": { "type": "Polygon", "coordinates": [ [ [ 556666.549, 3034915.059000000357628 ], [ 556667.199000000022352, 3034915.359000000171363 ], [ 556667.474000000045635, 3034915.634 ], [ 556667.474000000045635, 3034915.934000000357628 ], [ 556667.299, 3034916.109000000171363 ], [ 556666.898999999975786, 3034916.109000000171363 ], [ 556666.599000000045635, 3034915.959000000264496 ], [ 556666.498999999952503, 3034915.959000000264496 ], [ 556666.449000000022352, 3034915.90900000045076 ], [ 556666.248999999952503, 3034915.90900000045076 ], [ 556666.123999999952503, 3034915.834000000264496 ], [ 556666.074000000022352, 3034915.734000000171363 ], [ 556666.123999999952503, 3034915.684000000357628 ], [ 556666.123999999952503, 3034915.53400000045076 ], [ 556666.273999999975786, 3034915.234000000171363 ], [ 556666.398999999975786, 3034915.109000000171363 ], [ 556666.498999999952503, 3034915.109000000171363 ], [ 556666.549, 3034915.059000000357628 ] ] ] } },
{ "type": "Feature", "properties": { "unit_id": "c00282", "method": "watershed", "label": 282, "area_m2": 1.4693750000026198, "height_max_m": 1.2121022939682007, "height_mean_m": 0.96586542718527091, "canopy_cover": 1.0, "volume_m3": 1.4318954958059942, "n_pixels": 593, "data_coverage": 1.0, "vari_mean": 0.3909112866101408, "exg_mean": 0.55072377632454339, "gli_mean": 0.35735001168597941, "height_max_m_pct": 11.419753086419753, "height_mean_m_pct": 18.209876543209877, "volume_m3_pct": 14.19753086419753, "canopy_cover_pct": 83.487654320987659, "vari_mean_pct": 98.456790123456798, "exg_mean_pct": 99.691358024691354, "gli_mean_pct": 99.691358024691354 }, "geometry": { "type": "Polygon", "coordinates": [ [ [ 556666.498999999952503, 3034947.059000000357628 ], [ 556666.699000000022352, 3034947.15900000045076 ], [ 556666.898999999975786, 3034947.40900000045076 ], [ 556666.949000000022352, 3034947.40900000045076 ], [ 556667.174, 3034947.634 ], [ 556667.224000000045635, 3034947.734000000171363 ], [ 556667.224000000045635, 3034947.934000000357628 ], [ 556667.148999999975786, 3034948.059000000357628 ], [ 556666.699000000022352, 3034948.459000000264496 ], [ 556666.599000000045635, 3034948.459000000264496 ], [ 556666.549, 3034948.509 ], [ 556666.349000000045635, 3034948.509 ], [ 556666.299, 3034948.459000000264496 ], [ 556666.199000000022352, 3034948.459000000264496 ], [ 556666.023999999975786, 3034948.28400000045076 ], [ 556665.873999999952503, 3034947.984000000171363 ], [ 556665.873999999952503, 3034947.884 ], [ 556665.824000000022352, 3034947.834000000264496 ], [ 556665.824000000022352, 3034947.484000000171363 ], [ 556665.873999999952503, 3034947.384 ], [ 556666.148999999975786, 3034947.109000000171363 ], [ 556666.248999999952503, 3034947.109000000171363 ], [ 556666.299, 3034947.059000000357628 ], [ 556666.498999999952503, 3034947.059000000357628 ] ] ] } },
{ "type": "Feature", "properties": { "unit_id": "c00283", "method": "watershed", "label": 283, "area_m2": 4.1562500000887672, "height_max_m": 1.2136675119400024, "height_mean_m": 0.93359288216991043, "canopy_cover": 1.0, "volume_m3": 3.9047522296860948, "n_pixels": 1673, "data_coverage": 1.0, "vari_mean": 0.28169802579280634, "exg_mean": 0.34205256918361093, "gli_mean": 0.23041120133964924, "height_max_m_pct": 11.728395061728394, "height_mean_m_pct": 12.962962962962962, "volume_m3_pct": 53.703703703703709, "canopy_cover_pct": 83.487654320987659, "vari_mean_pct": 53.703703703703709, "exg_mean_pct": 56.481481481481474, "gli_mean_pct": 54.629629629629626 }, "geometry": { "type": "Polygon", "coordinates": [ [ [ 556628.949000000022352, 3034924.309000000357628 ], [ 556629.574000000022352, 3034924.984000000171363 ], [ 556629.623999999952503, 3034925.184000000357628 ], [ 556629.674, 3034925.234000000171363 ], [ 556629.674, 3034925.684000000357628 ], [ 556629.598999999929219, 3034925.809000000357628 ], [ 556629.398999999975786, 3034925.959000000264496 ], [ 556629.199000000022352, 3034926.059000000357628 ], [ 556629.098999999929219, 3034926.059000000357628 ], [ 556628.598999999929219, 3034926.359000000171363 ], [ 556628.098999999929219, 3034926.359000000171363 ], [ 556627.898999999975786, 3034926.259 ], [ 556627.648999999975786, 3034926.059000000357628 ], [ 556626.998999999952503, 3034925.809000000357628 ], [ 556626.898999999975786, 3034925.709000000264496 ], [ 556626.848999999929219, 3034925.709000000264496 ], [ 556626.723999999929219, 3034925.53400000045076 ], [ 556626.674, 3034925.434000000357628 ], [ 556626.674, 3034925.28400000045076 ], [ 556626.723999999929219, 3034925.184000000357628 ], [ 556627.098999999929219, 3034924.859000000171363 ], [ 556627.299, 3034924.809000000357628 ], [ 556627.348999999929219, 3034924.759 ], [ 556627.648999999975786, 3034924.759 ], [ 556627.699000000022352, 3034924.709000000264496 ], [ 556627.848999999929219, 3034924.709000000264496 ], [ 556628.648999999975786, 3034924.309000000357628 ], [ 556628.949000000022352, 3034924.309000000357628 ] ] ] } },
{ "type": "Feature", "properties": { "unit_id": "c00284", "method": "watershed", "label": 284, "area_m2": 1.2012500000561703, "height_max_m": 1.2109528779983521, "height_mean_m": 0.96290126933482445, "canopy_cover": 1.0, "volume_m3": 1.169925042244941, "n_pixels": 486, "data_coverage": 1.0, "vari_mean": 0.36304908517005302, "exg_mean": 0.50488059689481501, "gli_mean": 0.33362438187169591, "height_max_m_pct": 10.802469135802468, "height_mean_m_pct": 16.97530864197531, "volume_m3_pct": 10.802469135802468, "canopy_cover_pct": 83.487654320987659, "vari_mean_pct": 94.444444444444443, "exg_mean_pct": 97.839506172839506, "gli_mean_pct": 97.839506172839506 }, "geometry": { "type": "Polygon", "coordinates": [ [ [ 556659.049, 3034940.459000000264496 ], [ 556659.273999999975786, 3034940.634 ], [ 556659.324000000022352, 3034940.78400000045076 ], [ 556659.424, 3034940.884 ], [ 556659.424, 3034940.984000000171363 ], [ 556659.474000000045635, 3034941.03400000045076 ], [ 556659.474000000045635, 3034941.384 ], [ 556659.373999999952503, 3034941.584000000264496 ], [ 556659.248999999952503, 3034941.709000000264496 ], [ 556659.049, 3034941.809000000357628 ], [ 556658.949000000022352, 3034941.809000000357628 ], [ 556658.898999999975786, 3034941.759 ], [ 556658.699000000022352, 3034941.709000000264496 ], [ 556658.373999999952503, 3034941.434000000357628 ], [ 556658.324000000022352, 3034941.334000000264496 ], [ 556658.324000000022352, 3034940.934000000357628 ], [ 556658.373999999952503, 3034940.884 ], [ 556658.373999999952503, 3034940.78400000045076 ], [ 556658.648999999975786, 3034940.509 ], [ 556658.748999999952503, 3034940.459000000264496 ], [ 556659.049, 3034940.459000000264496 ] ] ] } },
{ "type": "Feature", "properties": { "unit_id": "c00285", "method": "watershed", "label": 285, "area_m2": 0.96687499996740367, "height_max_m": 1.2587871551513672, "height_mean_m": 0.92282101189970367, "canopy_cover": 0.99748743718592969, "volume_m3": 0.91820690684266115, "n_pixels": 398, "data_coverage": 1.0, "vari_mean": 0.31308073990157503, "exg_mean": 0.38309824665139847, "gli_mean": 0.25794406919340801, "height_max_m_pct": 13.888888888888889, "height_mean_m_pct": 12.654320987654321, "volume_m3_pct": 8.6419753086419746, "canopy_cover_pct": 49.382716049382715, "vari_mean_pct": 74.074074074074076, "exg_mean_pct": 70.370370370370367, "gli_mean_pct": 71.296296296296291 }, "geometry": { "type": "Polygon", "coordinates": [ [ [ 556651.748999999952503, 3034923.259 ], [ 556651.873999999952503, 3034923.334000000264496 ], [ 556652.074000000022352, 3034923.584000000264496 ], [ 556652.074000000022352, 3034923.884 ], [ 556652.023999999975786, 3034923.984000000171363 ], [ 556651.848999999929219, 3034924.15900000045076 ], [ 556651.648999999975786, 3034924.259 ], [ 556651.248999999952503, 3034924.259 ], [ 556651.049, 3034924.15900000045076 ], [ 556650.873999999952503, 3034923.884 ], [ 556650.873999999952503, 3034923.634 ], [ 556650.924, 3034923.53400000045076 ], [ 556651.049, 3034923.40900000045076 ], [ 556651.248999999952503, 3034923.359000000171363 ], [ 556651.299, 3034923.309000000357628 ], [ 556651.398999999975786, 3034923.309000000357628 ], [ 556651.449000000022352, 3034923.259 ], [ 556651.748999999952503, 3034923.259 ] ] ] } },
{ "type": "Feature", "properties": { "unit_id": "c00286", "method": "watershed", "label": 286, "area_m2": 1.2956249999671128, "height_max_m": 1.2114399671554565, "height_mean_m": 0.96575142775492917, "canopy_cover": 0.99431818181818177, "volume_m3": 1.2747918846399162, "n_pixels": 528, "data_coverage": 1.0, "vari_mean": 0.33917993656698375, "exg_mean": 0.39828047830389035, "gli_mean": 0.2691884106547146, "height_max_m_pct": 11.111111111111111, "height_mean_m_pct": 17.901234567901234, "volume_m3_pct": 12.345679012345679, "canopy_cover_pct": 34.567901234567898, "vari_mean_pct": 85.802469135802468, "exg_mean_pct": 75.0, "gli_mean_pct": 75.925925925925924 }, "geometry": { "type": "Polygon", "coordinates": [ [ [ 556666.449000000022352, 3034970.559000000357628 ], [ 556666.498999999952503, 3034970.609000000171363 ], [ 556666.599000000045635, 3034970.609000000171363 ], [ 556666.773999999975786, 3034970.734000000171363 ], [ 556666.873999999952503, 3034970.934000000357628 ], [ 556666.873999999952503, 3034971.134 ], [ 556666.824000000022352, 3034971.184000000357628 ], [ 556666.824000000022352, 3034971.28400000045076 ], [ 556666.773999999975786, 3034971.334000000264496 ], [ 556666.724000000045635, 3034971.53400000045076 ], [ 556666.498999999952503, 3034971.759 ], [ 556666.398999999975786, 3034971.809000000357628 ], [ 556666.248999999952503, 3034971.809000000357628 ], [ 556666.199000000022352, 3034971.759 ], [ 556666.099000000045635, 3034971.759 ], [ 556666.049, 3034971.709000000264496 ], [ 556665.949000000022352, 3034971.709000000264496 ], [ 556665.748999999952503, 3034971.609000000171363 ], [ 556665.523999999975786, 3034971.384 ], [ 556665.523999999975786, 3034971.134 ], [ 556665.674, 3034970.834000000264496 ], [ 556665.898999999975786, 3034970.609000000171363 ], [ 556665.998999999952503, 3034970.559000000357628 ], [ 556666.449000000022352, 3034970.559000000357628 ] ] ] } },
{ "type": "Feature", "properties": { "unit_id": "c00287", "method": "watershed", "label": 287, "area_m2": 1.8850000000084401, "height_max_m": 1.1950681209564209, "height_mean_m": 0.90082708941210032, "canopy_cover": 1.0, "volume_m3": 1.6777904540345248, "n_pixels": 745, "data_coverage": 1.0, "vari_mean": 0.31533807621436949, "exg_mean": 0.36019442021658027, "gli_mean": 0.24510987644283194, "height_max_m_pct": 10.493827160493826, "height_mean_m_pct": 10.802469135802468, "volume_m3_pct": 16.666666666666664, "canopy_cover_pct": 83.487654320987659, "vari_mean_pct": 75.617283950617292, "exg_mean_pct": 61.728395061728392, "gli_mean_pct": 63.580246913580254 }, "geometry": { "type": "Polygon", "coordinates": [ [ [ 556620.148999999975786, 3035009.359000000171363 ], [ 556620.424, 3035009.734000000171363 ], [ 556620.424, 3035009.834000000264496 ], [ 556620.523999999975786, 3035010.03400000045076 ], [ 556620.523999999975786, 3035010.184000000357628 ], [ 556620.573999999905936, 3035010.234000000171363 ], [ 556620.573999999905936, 3035010.634 ], [ 556620.623999999952503, 3035010.684000000357628 ], [ 556620.573999999905936, 3035010.734000000171363 ], [ 556620.573999999905936, 3035010.984000000171363 ], [ 556620.348999999929219, 3035011.209000000264496 ], [ 556620.248999999952503, 3035011.259 ], [ 556619.898999999975786, 3035011.259 ], [ 556619.848999999929219, 3035011.209000000264496 ], [ 556619.648999999975786, 3035011.15900000045076 ], [ 556619.223999999929219, 3035010.684000000357628 ], [ 556619.123999999952503, 3035010.484000000171363 ], [ 556619.123999999952503, 3035010.184000000357628 ], [ 556619.348999999929219, 3035009.90900000045076 ], [ 556619.448999999905936, 3035009.90900000045076 ], [ 556619.498999999952503, 3035009.859000000171363 ], [ 556619.598999999929219, 3035009.859000000171363 ], [ 556619.648999999975786, 3035009.809000000357628 ], [ 556619.848999999929219, 3035009.759 ], [ 556620.148999999975786, 3035009.359000000171363 ] ] ] } },
{ "type": "Feature", "properties": { "unit_id": "c00288", "method": "watershed", "label": 288, "area_m2": 3.7068750000026194, "height_max_m": 1.1698516607284546, "height_mean_m": 0.81742868827506854, "canopy_cover": 1.0, "volume_m3": 3.0387911486706951, "n_pixels": 1487, "data_coverage": 1.0, "vari_mean": 0.23540623870704999, "exg_mean": 0.26609402195053306, "gli_mean": 0.1820393301576019, "height_max_m_pct": 9.8765432098765427, "height_mean_m_pct": 5.5555555555555554, "volume_m3_pct": 40.432098765432102, "canopy_cover_pct": 83.487654320987659, "vari_mean_pct": 19.753086419753085, "exg_mean_pct": 13.580246913580247, "gli_mean_pct": 12.654320987654321 }, "geometry": { "type": "Polygon", "coordinates": [ [ [ 556612.648999999975786, 3034987.359000000171363 ], [ 556612.773999999975786, 3034987.634 ], [ 556612.998999999952503, 3034987.859000000171363 ], [ 556613.098999999929219, 3034987.90900000045076 ], [ 556613.248999999952503, 3034987.90900000045076 ], [ 556613.299, 3034987.959000000264496 ], [ 556613.398999999975786, 3034987.959000000264496 ], [ 556613.598999999929219, 3034988.059000000357628 ], [ 556613.823999999905936, 3034988.28400000045076 ], [ 556613.823999999905936, 3034988.384 ], [ 556613.873999999952503, 3034988.434000000357628 ], [ 556613.873999999952503, 3034988.78400000045076 ], [ 556613.773999999975786, 3034988.984000000171363 ], [ 556613.573999999905936, 3034989.184000000357628 ], [ 556613.573999999905936, 3034989.234000000171363 ], [ 556613.424, 3034989.384 ], [ 556613.424, 3034989.434000000357628 ], [ 556613.148999999975786, 3034989.65900000045076 ], [ 556612.898999999975786, 3034989.65900000045076 ], [ 556612.648999999975786, 3034989.509 ], [ 556612.348999999929219, 3034989.459000000264496 ], [ 556612.299, 3034989.40900000045076 ], [ 556612.098999999929219, 3034989.359000000171363 ], [ 556611.998999999952503, 3034989.259 ], [ 556611.799, 3034989.15900000045076 ], [ 556611.623999999952503, 3034988.984000000171363 ], [ 556611.573999999905936, 3034988.78400000045076 ], [ 556611.523999999975786, 3034988.734000000171363 ], [ 556611.523999999975786, 3034988.53400000045076 ], [ 556611.573999999905936, 3034988.484000000171363 ], [ 556611.573999999905936, 3034988.334000000264496 ], [ 556611.623999999952503, 3034988.28400000045076 ], [ 556611.623999999952503, 3034988.134 ], [ 556611.924, 3034987.584000000264496 ], [ 556611.924, 3034987.434000000357628 ], [ 556612.299, 3034987.40900000045076 ], [ 556612.348999999929219, 3034987.359000000171363 ], [ 556612.648999999975786, 3034987.359000000171363 ] ] ] } },
{ "type": "Feature", "properties": { "unit_id": "c00289", "method": "watershed", "label": 289, "area_m2": 0.92749999995663535, "height_max_m": 1.2205214500427246, "height_mean_m": 0.85957108664512638, "canopy_cover": 1.0, "volume_m3": 0.80584789373196142, "n_pixels": 375, "data_coverage": 1.0, "vari_mean": 0.39365697778363329, "exg_mean": 0.5434674310891181, "gli_mean": 0.35573356801338596, "height_max_m_pct": 12.345679012345679, "height_mean_m_pct": 7.716049382716049, "volume_m3_pct": 7.4074074074074066, "canopy_cover_pct": 83.487654320987659, "vari_mean_pct": 98.76543209876543, "exg_mean_pct": 99.074074074074076, "gli_mean_pct": 99.382716049382708 }, "geometry": { "type": "Polygon", "coordinates": [ [ [ 556643.498999999952503, 3034965.709000000264496 ], [ 556643.674, 3034965.834000000264496 ], [ 556643.824000000022352, 3034966.03400000045076 ], [ 556643.924, 3034966.234000000171363 ], [ 556643.924, 3034966.434000000357628 ], [ 556643.824000000022352, 3034966.634 ], [ 556643.648999999975786, 3034966.759 ], [ 556643.549, 3034966.809000000357628 ], [ 556643.199000000022352, 3034966.809000000357628 ], [ 556642.873999999952503, 3034966.584000000264496 ], [ 556642.824000000022352, 3034966.484000000171363 ], [ 556642.824000000022352, 3034966.234000000171363 ], [ 556642.924, 3034966.03400000045076 ], [ 556643.248999999952503, 3034965.709000000264496 ], [ 556643.498999999952503, 3034965.709000000264496 ] ] ] } },
{ "type": "Feature", "properties": { "unit_id": "c00290", "method": "watershed", "label": 290, "area_m2": 0.83062499999592543, "height_max_m": 1.2139905691146851, "height_mean_m": 0.88138713219524489, "canopy_cover": 1.0, "volume_m3": 0.74697559453746798, "n_pixels": 339, "data_coverage": 1.0, "vari_mean": 0.36086571068875523, "exg_mean": 0.44067125105571159, "gli_mean": 0.29412998313629285, "height_max_m_pct": 12.037037037037036, "height_mean_m_pct": 9.5679012345679002, "volume_m3_pct": 7.098765432098765, "canopy_cover_pct": 83.487654320987659, "vari_mean_pct": 93.827160493827151, "exg_mean_pct": 88.271604938271608, "gli_mean_pct": 90.123456790123456 }, "geometry": { "type": "Polygon", "coordinates": [ [ [ 556643.549, 3034959.559000000357628 ], [ 556643.598999999929219, 3034959.609000000171363 ], [ 556643.748999999952503, 3034959.609000000171363 ], [ 556643.924, 3034959.78400000045076 ], [ 556643.973999999929219, 3034959.984000000171363 ], [ 556643.924, 3034960.03400000045076 ], [ 556643.873999999952503, 3034960.234000000171363 ], [ 556643.699000000022352, 3034960.40900000045076 ], [ 556643.598999999929219, 3034960.459000000264496 ], [ 556643.299, 3034960.459000000264496 ], [ 556643.098999999929219, 3034960.309000000357628 ], [ 556643.049, 3034960.309000000357628 ], [ 556642.773999999975786, 3034960.03400000045076 ], [ 556642.773999999975786, 3034959.834000000264496 ], [ 556642.898999999975786, 3034959.65900000045076 ], [ 556643.098999999929219, 3034959.559000000357628 ], [ 556643.549, 3034959.559000000357628 ] ] ] } },
{ "type": "Feature", "properties": { "unit_id": "c00291", "method": "watershed", "label": 291, "area_m2": 2.8081250000835283, "height_max_m": 1.1527150869369507, "height_mean_m": 0.78232916607768288, "canopy_cover": 1.0, "volume_m3": 2.2139915400057646, "n_pixels": 1132, "data_coverage": 1.0, "vari_mean": 0.27702539446189534, "exg_mean": 0.33150570284636421, "gli_mean": 0.2254315322030975, "height_max_m_pct": 9.5679012345679002, "height_mean_m_pct": 4.0123456790123457, "volume_m3_pct": 26.543209876543212, "canopy_cover_pct": 83.487654320987659, "vari_mean_pct": 49.074074074074076, "exg_mean_pct": 49.382716049382715, "gli_mean_pct": 49.691358024691354 }, "geometry": { "type": "Polygon", "coordinates": [ [ [ 556628.348999999929219, 3034914.459000000264496 ], [ 556628.574000000022352, 3034914.684000000357628 ], [ 556628.623999999952503, 3034914.884 ], [ 556628.723999999929219, 3034915.03400000045076 ], [ 556628.723999999929219, 3034915.134 ], [ 556628.824000000022352, 3034915.334000000264496 ], [ 556629.074000000022352, 3034915.584000000264496 ], [ 556629.123999999952503, 3034915.684000000357628 ], [ 556629.123999999952503, 3034915.884 ], [ 556629.074000000022352, 3034915.984000000171363 ], [ 556628.848999999929219, 3034916.209000000264496 ], [ 556628.648999999975786, 3034916.259 ], [ 556628.598999999929219, 3034916.309000000357628 ], [ 556628.398999999975786, 3034916.309000000357628 ], [ 556628.348999999929219, 3034916.359000000171363 ], [ 556628.248999999952503, 3034916.359000000171363 ], [ 556628.098999999929219, 3034916.559000000357628 ], [ 556627.898999999975786, 3034916.559000000357628 ], [ 556627.723999999929219, 3034916.384 ], [ 556627.723999999929219, 3034916.334000000264496 ], [ 556627.123999999952503, 3034915.734000000171363 ], [ 556627.074000000022352, 3034915.634 ], [ 556627.074000000022352, 3034915.384 ], [ 556627.223999999929219, 3034915.184000000357628 ], [ 556627.223999999929219, 3034915.134 ], [ 556627.799, 3034914.509 ], [ 556627.898999999975786, 3034914.459000000264496 ], [ 556628.348999999929219, 3034914.459000000264496 ] ] ] } },
{ "type": "Feature", "properties": { "unit_id": "c00292", "method": "watershed", "label": 292, "area_m2": 2.0550000000689761, "height_max_m": 1.1454007625579834, "height_mean_m": 0.86880149738310064, "canopy_cover": 1.0, "volume_m3": 1.8288271519963186, "n_pixels": 842, "data_coverage": 1.0, "vari_mean": 0.28832124826012467, "exg_mean": 0.31444410382774196, "gli_mean": 0.21592293793961351, "height_max_m_pct": 8.6419753086419746, "height_mean_m_pct": 8.3333333333333321, "volume_m3_pct": 21.913580246913579, "canopy_cover_pct": 83.487654320987659, "vari_mean_pct": 56.79012345679012, "exg_mean_pct": 38.888888888888893, "gli_mean_pct": 41.049382716049379 }, "geometry": { "type": "Polygon", "coordinates": [ [ [ 556620.898999999975786, 3034983.109000000171363 ], [ 556620.948999999905936, 3034983.15900000045076 ], [ 556621.148999999975786, 3034983.209000000264496 ], [ 556621.273999999975786, 3034983.334000000264496 ], [ 556621.273999999975786, 3034983.584000000264496 ], [ 556621.223999999929219, 3034983.684000000357628 ], [ 556621.023999999975786, 3034983.884 ], [ 556620.924, 3034984.084000000264496 ], [ 556620.924, 3034984.234000000171363 ], [ 556620.823999999905936, 3034984.434000000357628 ], [ 556620.549, 3034984.609000000171363 ], [ 556620.398999999975786, 3034984.609000000171363 ], [ 556620.348999999929219, 3034984.65900000045076 ], [ 556619.848999999929219, 3034984.65900000045076 ], [ 556619.723999999929219, 3034984.53400000045076 ], [ 556619.473999999929219, 3034983.984000000171363 ], [ 556619.473999999929219, 3034983.684000000357628 ], [ 556619.523999999975786, 3034983.584000000264496 ], [ 556619.698999999905936, 3034983.40900000045076 ], [ 556619.898999999975786, 3034983.359000000171363 ], [ 556619.948999999905936, 3034983.309000000357628 ], [ 556620.049, 3034983.309000000357628 ], [ 556620.299, 3034983.15900000045076 ], [ 556620.398999999975786, 3034983.15900000045076 ], [ 556620.448999999905936, 3034983.109000000171363 ], [ 556620.898999999975786, 3034983.109000000171363 ] ] ] } },
{ "type": "Feature", "properties": { "unit_id": "c00293", "method": "watershed", "label": 293, "area_m2": 1.4068749998294516, "height_max_m": 1.1488543748855591, "height_mean_m": 0.87191101248775205, "canopy_cover": 1.0, "volume_m3": 1.2206754174861181, "n_pixels": 560, "data_coverage": 1.0, "vari_mean": 0.41281241946166258, "exg_mean": 0.47317759861219028, "gli_mean": 0.31321041521331944, "height_max_m_pct": 9.2592592592592595, "height_mean_m_pct": 9.2592592592592595, "volume_m3_pct": 11.419753086419753, "canopy_cover_pct": 83.487654320987659, "vari_mean_pct": 99.382716049382708, "exg_mean_pct": 94.444444444444443, "gli_mean_pct": 94.753086419753089 }, "geometry": { "type": "Polygon", "coordinates": [ [ [ 556650.998999999952503, 3034978.709000000264496 ], [ 556651.299, 3034978.859000000171363 ], [ 556651.574000000022352, 3034979.184000000357628 ], [ 556651.623999999952503, 3034979.28400000045076 ], [ 556651.623999999952503, 3034979.584000000264496 ], [ 556651.523999999975786, 3034979.734000000171363 ], [ 556651.248999999952503, 3034979.959000000264496 ], [ 556651.098999999929219, 3034979.959000000264496 ], [ 556651.049, 3034980.009 ], [ 556650.348999999929219, 3034980.009 ], [ 556650.223999999929219, 3034979.884 ], [ 556650.223999999929219, 3034979.334000000264496 ], [ 556650.699000000022352, 3034978.809000000357628 ], [ 556650.898999999975786, 3034978.709000000264496 ], [ 556650.998999999952503, 3034978.709000000264496 ] ] ] } },
{ "type": "Feature", "properties": { "unit_id": "c00294", "method": "watershed", "label": 294, "area_m2": 1.4837499999129797, "height_max_m": 1.1425687074661255, "height_mean_m": 0.90952308685326377, "canopy_cover": 1.0, "volume_m3": 1.3756536688692411, "n_pixels": 605, "data_coverage": 1.0, "vari_mean": 0.37347079013956319, "exg_mean": 0.49246797694380751, "gli_mean": 0.32345333607324184, "height_max_m_pct": 8.3333333333333321, "height_mean_m_pct": 11.111111111111111, "volume_m3_pct": 13.580246913580247, "canopy_cover_pct": 83.487654320987659, "vari_mean_pct": 96.913580246913583, "exg_mean_pct": 96.604938271604937, "gli_mean_pct": 96.913580246913583 }, "geometry": { "type": "Polygon", "coordinates": [ [ [ 556643.949000000022352, 3034933.759 ], [ 556644.074000000022352, 3034933.834000000264496 ], [ 556644.373999999952503, 3034934.184000000357628 ], [ 556644.424, 3034934.28400000045076 ], [ 556644.424, 3034934.634 ], [ 556644.373999999952503, 3034934.734000000171363 ], [ 556644.148999999975786, 3034934.959000000264496 ], [ 556644.049, 3034934.959000000264496 ], [ 556643.848999999929219, 3034935.059000000357628 ], [ 556643.598999999929219, 3034935.059000000357628 ], [ 556643.549, 3034935.009 ], [ 556643.449000000022352, 3034935.009 ], [ 556643.023999999975786, 3034934.634 ], [ 556642.973999999929219, 3034934.434000000357628 ], [ 556642.924, 3034934.384 ], [ 556642.924, 3034934.28400000045076 ], [ 556643.023999999975786, 3034934.084000000264496 ], [ 556643.199000000022352, 3034933.90900000045076 ], [ 556643.398999999975786, 3034933.809000000357628 ], [ 556643.498999999952503, 3034933.809000000357628 ], [ 556643.549, 3034933.759 ], [ 556643.949000000022352, 3034933.759 ] ] ] } },
{ "type": "Feature", "properties": { "unit_id": "c00295", "method": "watershed", "label": 295, "area_m2": 0.53500000010302751, "height_max_m": 1.1478642225265503, "height_mean_m": 0.94451242012362324, "canopy_cover": 1.0, "volume_m3": 0.51239798791843616, "n_pixels": 217, "data_coverage": 1.0, "vari_mean": 0.32834937078467535, "exg_mean": 0.40048403337195376, "gli_mean": 0.27007526061904025, "height_max_m_pct": 8.9506172839506171, "height_mean_m_pct": 15.123456790123457, "volume_m3_pct": 5.8641975308641969, "canopy_cover_pct": 83.487654320987659, "vari_mean_pct": 79.938271604938265, "exg_mean_pct": 75.925925925925924, "gli_mean_pct": 76.851851851851848 }, "geometry": { "type": "Polygon", "coordinates": [ [ [ 556643.799, 3034921.009 ], [ 556644.074000000022352, 3034921.234000000171363 ], [ 556644.074000000022352, 3034921.53400000045076 ], [ 556643.973999999929219, 3034921.634 ], [ 556643.973999999929219, 3034921.684000000357628 ], [ 556643.799, 3034921.809000000357628 ], [ 556643.699000000022352, 3034921.809000000357628 ], [ 556643.648999999975786, 3034921.859000000171363 ], [ 556643.449000000022352, 3034921.859000000171363 ], [ 556643.174, 3034921.634 ], [ 556643.174, 3034921.484000000171363 ], [ 556643.348999999929219, 3034921.259 ], [ 556643.398999999975786, 3034921.259 ], [ 556643.549, 3034921.109000000171363 ], [ 556643.799, 3034921.009 ] ] ] } },
{ "type": "Feature", "properties": { "unit_id": "c00296", "method": "watershed", "label": 296, "area_m2": 1.0893749998652493, "height_max_m": 1.4659155607223511, "height_mean_m": 0.88283899772998897, "canopy_cover": 1.0, "volume_m3": 0.94905192256227666, "n_pixels": 430, "data_coverage": 1.0, "vari_mean": 0.25847024112968159, "exg_mean": 0.31683349242041281, "gli_mean": 0.21776509618157344, "height_max_m_pct": 24.382716049382715, "height_mean_m_pct": 10.185185185185185, "volume_m3_pct": 9.5679012345679002, "canopy_cover_pct": 83.487654320987659, "vari_mean_pct": 34.876543209876544, "exg_mean_pct": 40.74074074074074, "gli_mean_pct": 43.209876543209873 }, "geometry": { "type": "Polygon", "coordinates": [ [ [ 556643.699000000022352, 3034935.90900000045076 ], [ 556643.748999999952503, 3034935.959000000264496 ], [ 556643.848999999929219, 3034935.959000000264496 ], [ 556644.074000000022352, 3034936.184000000357628 ], [ 556644.123999999952503, 3034936.28400000045076 ], [ 556644.123999999952503, 3034936.684000000357628 ], [ 556644.074000000022352, 3034936.78400000045076 ], [ 556643.848999999929219, 3034937.009 ], [ 556643.748999999952503, 3034937.059000000357628 ], [ 556643.549, 3034937.059000000357628 ], [ 556643.498999999952503, 3034937.009 ], [ 556643.299, 3034936.959000000264496 ], [ 556643.023999999975786, 3034936.684000000357628 ], [ 556642.924, 3034936.234000000171363 ], [ 556642.973999999929219, 3034936.184000000357628 ], [ 556642.973999999929219, 3034936.084000000264496 ], [ 556643.199000000022352, 3034935.90900000045076 ], [ 556643.699000000022352, 3034935.90900000045076 ] ] ] } },
{ "type": "Feature", "properties": { "unit_id": "c00297", "method": "watershed", "label": 297, "area_m2": 1.0249999998966812, "height_max_m": 1.1334482431411743, "height_mean_m": 0.93721718796723186, "canopy_cover": 1.0, "volume_m3": 0.97704891845845254, "n_pixels": 417, "data_coverage": 1.0, "vari_mean": 0.29956207018657166, "exg_mean": 0.42260171957143794, "gli_mean": 0.28213077930040825, "height_max_m_pct": 7.716049382716049, "height_mean_m_pct": 14.19753086419753, "volume_m3_pct": 10.185185185185185, "canopy_cover_pct": 83.487654320987659, "vari_mean_pct": 64.506172839506178, "exg_mean_pct": 84.567901234567898, "gli_mean_pct": 85.18518518518519 }, "geometry": { "type": "Polygon", "coordinates": [ [ [ 556658.498999999952503, 3034983.359000000171363 ], [ 556658.674, 3034983.484000000171363 ], [ 556658.674, 3034983.53400000045076 ], [ 556658.824000000022352, 3034983.734000000171363 ], [ 556658.824000000022352, 3034984.03400000045076 ], [ 556658.773999999975786, 3034984.134 ], [ 556658.549, 3034984.359000000171363 ], [ 556658.498999999952503, 3034984.359000000171363 ], [ 556658.299, 3034984.509 ], [ 556658.199000000022352, 3034984.509 ], [ 556658.148999999975786, 3034984.559000000357628 ], [ 556657.898999999975786, 3034984.509 ], [ 556657.623999999952503, 3034984.234000000171363 ], [ 556657.623999999952503, 3034983.984000000171363 ], [ 556657.674, 3034983.884 ], [ 556657.949000000022352, 3034983.559000000357628 ], [ 556657.998999999952503, 3034983.559000000357628 ], [ 556658.099000000045635, 3034983.459000000264496 ], [ 556658.299, 3034983.40900000045076 ], [ 556658.349000000045635, 3034983.359000000171363 ], [ 556658.498999999952503, 3034983.359000000171363 ] ] ] } },
{ "type": "Feature", "properties": { "unit_id": "c00298", "method": "watershed", "label": 298, "area_m2": 2.1049999996033146, "height_max_m": 1.0836337804794312, "height_mean_m": 0.80370263113695029, "canopy_cover": 1.0, "volume_m3": 1.7078680911705877, "n_pixels": 850, "data_coverage": 1.0, "vari_mean": 0.29933244128091113, "exg_mean": 0.36650517314139941, "gli_mean": 0.24859991830317685, "height_max_m_pct": 7.098765432098765, "height_mean_m_pct": 4.6296296296296298, "volume_m3_pct": 18.827160493827162, "canopy_cover_pct": 83.487654320987659, "vari_mean_pct": 64.197530864197532, "exg_mean_pct": 65.123456790123456, "gli_mean_pct": 66.049382716049394 }, "geometry": { "type": "Polygon", "coordinates": [ [ [ 556627.848999999929219, 3034951.359000000171363 ], [ 556628.123999999952503, 3034951.53400000045076 ], [ 556628.324000000022352, 3034951.884 ], [ 556628.324000000022352, 3034952.03400000045076 ], [ 556628.373999999952503, 3034952.084000000264496 ], [ 556628.273999999975786, 3034952.484000000171363 ], [ 556628.123999999952503, 3034952.684000000357628 ], [ 556628.123999999952503, 3034952.734000000171363 ], [ 556628.049, 3034952.809000000357628 ], [ 556627.648999999975786, 3034953.009 ], [ 556627.449000000022352, 3034953.009 ], [ 556627.098999999929219, 3034952.759 ], [ 556626.648999999975786, 3034952.759 ], [ 556626.523999999975786, 3034952.634 ], [ 556626.523999999975786, 3034952.28400000045076 ], [ 556626.574000000022352, 3034952.184000000357628 ], [ 556627.449000000022352, 3034951.40900000045076 ], [ 556627.549, 3034951.359000000171363 ], [ 556627.848999999929219, 3034951.359000000171363 ] ] ] } },
{ "type": "Feature", "properties": { "unit_id": "c00299", "method": "watershed", "label": 299, "area_m2": 0.77687500002532051, "height_max_m": 1.1342922449111938, "height_mean_m": 0.83523059792839993, "canopy_cover": 0.99373040752351094, "volume_m3": 0.66609640184968066, "n_pixels": 319, "data_coverage": 1.0, "vari_mean": 0.29180292910580735, "exg_mean": 0.29253515182545342, "gli_mean": 0.20255231670674012, "height_max_m_pct": 8.0246913580246915, "height_mean_m_pct": 7.098765432098765, "volume_m3_pct": 6.7901234567901234, "canopy_cover_pct": 32.098765432098766, "vari_mean_pct": 60.185185185185183, "exg_mean_pct": 25.308641975308642, "gli_mean_pct": 26.234567901234566 }, "geometry": { "type": "Polygon", "coordinates": [ [ [ 556620.848999999929219, 3034973.459000000264496 ], [ 556621.073999999905936, 3034973.684000000357628 ], [ 556621.123999999952503, 3034973.78400000045076 ], [ 556621.123999999952503, 3034974.03400000045076 ], [ 556621.073999999905936, 3034974.134 ], [ 556620.799, 3034974.309000000357628 ], [ 556620.648999999975786, 3034974.309000000357628 ], [ 556620.448999999905936, 3034974.40900000045076 ], [ 556620.198999999905936, 3034974.40900000045076 ], [ 556620.098999999929219, 3034974.359000000171363 ], [ 556620.023999999975786, 3034974.234000000171363 ], [ 556620.023999999975786, 3034974.084000000264496 ], [ 556620.174, 3034973.78400000045076 ], [ 556620.448999999905936, 3034973.509 ], [ 556620.549, 3034973.459000000264496 ], [ 556620.848999999929219, 3034973.459000000264496 ] ] ] } },
{ "type": "Feature", "properties": { "unit_id": "c00300", "method": "watershed", "label": 300, "area_m2": 0.98125000002910379, "height_max_m": 1.057093620300293, "height_mean_m": 0.86501917642883108, "canopy_cover": 1.0, "volume_m3": 0.85420643672575547, "n_pixels": 395, "data_coverage": 1.0, "vari_mean": 0.21926403374492218, "exg_mean": 0.28375632410561791, "gli_mean": 0.19452411347085263, "height_max_m_pct": 6.7901234567901234, "height_mean_m_pct": 8.0246913580246915, "volume_m3_pct": 7.716049382716049, "canopy_cover_pct": 83.487654320987659, "vari_mean_pct": 12.654320987654321, "exg_mean_pct": 20.679012345679013, "gli_mean_pct": 20.987654320987652 }, "geometry": { "type": "Polygon", "coordinates": [ [ [ 556666.349000000045635, 3034919.559000000357628 ], [ 556666.398999999975786, 3034919.609000000171363 ], [ 556666.549, 3034919.609000000171363 ], [ 556666.849000000045635, 3034919.759 ], [ 556667.023999999975786, 3034919.984000000171363 ], [ 556667.023999999975786, 3034920.28400000045076 ], [ 556666.898999999975786, 3034920.40900000045076 ], [ 556666.799, 3034920.459000000264496 ], [ 556665.998999999952503, 3034920.459000000264496 ], [ 556665.724000000045635, 3034920.334000000264496 ], [ 556665.674, 3034920.234000000171363 ], [ 556665.674, 3034920.03400000045076 ], [ 556665.724000000045635, 3034919.984000000171363 ], [ 556665.724000000045635, 3034919.884 ], [ 556665.949000000022352, 3034919.65900000045076 ], [ 556666.349000000045635, 3034919.559000000357628 ] ] ] } },
{ "type": "Feature", "properties": { "unit_id": "c00301", "method": "watershed", "label": 301, "area_m2": 1.0756250000055296, "height_max_m": 1.0086395740509033, "height_mean_m": 0.83291863326884841, "canopy_cover": 1.0, "volume_m3": 0.91204590343182856, "n_pixels": 438, "data_coverage": 1.0, "vari_mean": 0.27432406441428897, "exg_mean": 0.32385382115489053, "gli_mean": 0.22106936048850281, "height_max_m_pct": 5.5555555555555554, "height_mean_m_pct": 6.7901234567901234, "volume_m3_pct": 8.3333333333333321, "canopy_cover_pct": 83.487654320987659, "vari_mean_pct": 47.222222222222221, "exg_mean_pct": 44.444444444444443, "gli_mean_pct": 45.061728395061728 }, "geometry": { "type": "Polygon", "coordinates": [ [ [ 556628.299, 3035002.859000000171363 ], [ 556628.498999999952503, 3035002.959000000264496 ], [ 556628.623999999952503, 3035003.084000000264496 ], [ 556628.674, 3035003.184000000357628 ], [ 556628.674, 3035003.484000000171363 ], [ 556628.398999999975786, 3035003.759 ], [ 556628.098999999929219, 3035003.90900000045076 ], [ 556627.998999999952503, 3035003.90900000045076 ], [ 556627.949000000022352, 3035003.959000000264496 ], [ 556627.699000000022352, 3035003.959000000264496 ], [ 556627.598999999929219, 3035003.90900000045076 ], [ 556627.373999999952503, 3035003.634 ], [ 556627.373999999952503, 3035003.53400000045076 ], [ 556627.424, 3035003.484000000171363 ], [ 556627.424, 3035003.384 ], [ 556627.523999999975786, 3035003.184000000357628 ], [ 556627.799, 3035002.90900000045076 ], [ 556627.898999999975786, 3035002.859000000171363 ], [ 556628.299, 3035002.859000000171363 ] ] ] } },
{ "type": "Feature", "properties": { "unit_id": "c00302", "method": "watershed", "label": 302, "area_m2": 0.56125000003405145, "height_max_m": 1.1244888305664062, "height_mean_m": 0.88839521862211679, "canopy_cover": 1.0, "volume_m3": 0.51304823875564476, "n_pixels": 231, "data_coverage": 1.0, "vari_mean": 0.23901106024598612, "exg_mean": 0.2412289445870639, "gli_mean": 0.16848323009827704, "height_max_m_pct": 7.4074074074074066, "height_mean_m_pct": 10.493827160493826, "volume_m3_pct": 6.1728395061728394, "canopy_cover_pct": 83.487654320987659, "vari_mean_pct": 22.839506172839506, "exg_mean_pct": 8.6419753086419746, "gli_mean_pct": 9.2592592592592595 }, "geometry": { "type": "Polygon", "coordinates": [ [ [ 556620.299, 3034990.40900000045076 ], [ 556620.424, 3034990.53400000045076 ], [ 556620.424, 3034990.634 ], [ 556620.373999999952503, 3034990.684000000357628 ], [ 556620.373999999952503, 3034990.78400000045076 ], [ 556620.273999999975786, 3034990.884 ], [ 556620.273999999975786, 3034991.234000000171363 ], [ 556620.198999999905936, 3034991.359000000171363 ], [ 556620.098999999929219, 3034991.40900000045076 ], [ 556619.948999999905936, 3034991.40900000045076 ], [ 556619.674, 3034991.184000000357628 ], [ 556619.623999999952503, 3034991.084000000264496 ], [ 556619.623999999952503, 3034990.884 ], [ 556619.723999999929219, 3034990.684000000357628 ], [ 556619.898999999975786, 3034990.509 ], [ 556620.098999999929219, 3034990.40900000045076 ], [ 556620.299, 3034990.40900000045076 ] ] ] } },
{ "type": "Feature", "properties": { "unit_id": "c00303", "method": "watershed", "label": 303, "area_m2": 1.0462499998125714, "height_max_m": 0.98258918523788452, "height_mean_m": 0.80645805728989983, "canopy_cover": 1.0, "volume_m3": 0.86694241158896113, "n_pixels": 430, "data_coverage": 1.0, "vari_mean": 0.27352891954977071, "exg_mean": 0.31093446174058847, "gli_mean": 0.21320085540489969, "height_max_m_pct": 4.9382716049382713, "height_mean_m_pct": 4.9382716049382713, "volume_m3_pct": 8.0246913580246915, "canopy_cover_pct": 83.487654320987659, "vari_mean_pct": 45.987654320987652, "exg_mean_pct": 35.802469135802468, "gli_mean_pct": 37.345679012345677 }, "geometry": { "type": "Polygon", "coordinates": [ [ [ 556627.699000000022352, 3034978.609000000171363 ], [ 556627.748999999952503, 3034978.65900000045076 ], [ 556627.848999999929219, 3034978.65900000045076 ], [ 556628.148999999975786, 3034978.809000000357628 ], [ 556628.373999999952503, 3034979.03400000045076 ], [ 556628.373999999952503, 3034979.184000000357628 ], [ 556628.273999999975786, 3034979.384 ], [ 556627.998999999952503, 3034979.609000000171363 ], [ 556627.549, 3034979.609000000171363 ], [ 556627.498999999952503, 3034979.559000000357628 ], [ 556627.398999999975786, 3034979.559000000357628 ], [ 556627.199000000022352, 3034979.459000000264496 ], [ 556626.973999999929219, 3034979.234000000171363 ], [ 556626.973999999929219, 3034979.03400000045076 ], [ 556627.199000000022352, 3034978.759 ], [ 556627.398999999975786, 3034978.65900000045076 ], [ 556627.498999999952503, 3034978.65900000045076 ], [ 556627.549, 3034978.609000000171363 ], [ 556627.699000000022352, 3034978.609000000171363 ] ] ] } },
{ "type": "Feature", "properties": { "unit_id": "c00304", "method": "watershed", "label": 304, "area_m2": 0.43437499995197859, "height_max_m": 1.0075399875640869, "height_mean_m": 0.84121609900678906, "canopy_cover": 1.0, "volume_m3": 0.36803204331645462, "n_pixels": 175, "data_coverage": 1.0, "vari_mean": 0.26183353289964673, "exg_mean": 0.34463247204608871, "gli_mean": 0.23639494871835001, "height_max_m_pct": 5.2469135802469129, "height_mean_m_pct": 7.4074074074074066, "volume_m3_pct": 4.0123456790123457, "canopy_cover_pct": 83.487654320987659, "vari_mean_pct": 36.728395061728399, "exg_mean_pct": 58.641975308641982, "gli_mean_pct": 58.950617283950614 }, "geometry": { "type": "Polygon", "coordinates": [ [ [ 556666.699000000022352, 3034924.15900000045076 ], [ 556666.873999999952503, 3034924.28400000045076 ], [ 556666.974000000045635, 3034924.484000000171363 ], [ 556666.974000000045635, 3034924.684000000357628 ], [ 556666.849000000045635, 3034924.859000000171363 ], [ 556666.748999999952503, 3034924.90900000045076 ], [ 556666.549, 3034924.90900000045076 ], [ 556666.498999999952503, 3034924.859000000171363 ], [ 556666.373999999952503, 3034924.834000000264496 ], [ 556666.174, 3034924.634 ], [ 556666.174, 3034924.53400000045076 ], [ 556666.349000000045635, 3034924.309000000357628 ], [ 556666.398999999975786, 3034924.309000000357628 ], [ 556666.498999999952503, 3034924.209000000264496 ], [ 556666.699000000022352, 3034924.15900000045076 ] ] ] } },
{ "type": "Feature", "properties": { "unit_id": "c00305", "method": "watershed", "label": 305, "area_m2": 0.47187499991850934, "height_max_m": 1.018336296081543, "height_mean_m": 0.82351395426964269, "canopy_cover": 1.0, "volume_m3": 0.40352183759320426, "n_pixels": 196, "data_coverage": 1.0, "vari_mean": 0.34184920198979463, "exg_mean": 0.4444873940406886, "gli_mean": 0.29309392852658994, "height_max_m_pct": 5.8641975308641969, "height_mean_m_pct": 6.481481481481481, "volume_m3_pct": 4.6296296296296298, "canopy_cover_pct": 83.487654320987659, "vari_mean_pct": 86.419753086419746, "exg_mean_pct": 90.123456790123456, "gli_mean_pct": 88.888888888888886 }, "geometry": { "type": "Polygon", "coordinates": [ [ [ 556666.099000000045635, 3034973.059000000357628 ], [ 556666.324000000022352, 3034973.28400000045076 ], [ 556666.324000000022352, 3034973.584000000264496 ], [ 556666.099000000045635, 3034973.859000000171363 ], [ 556665.849000000045635, 3034973.859000000171363 ], [ 556665.623999999952503, 3034973.584000000264496 ], [ 556665.574000000022352, 3034973.28400000045076 ], [ 556665.699000000022352, 3034973.109000000171363 ], [ 556665.799, 3034973.059000000357628 ], [ 556666.099000000045635, 3034973.059000000357628 ] ] ] } },
{ "type": "Feature", "properties": { "unit_id": "c00306", "method": "watershed", "label": 306, "area_m2": 0.84437499991967346, "height_max_m": 1.0517915487289429, "height_mean_m": 0.71479177238583225, "canopy_cover": 1.0, "volume_m3": 0.63080373913218424, "n_pixels": 353, "data_coverage": 1.0, "vari_mean": 0.33482540029870089, "exg_mean": 0.32647001194323477, "gli_mean": 0.22411293361676676, "height_max_m_pct": 6.1728395061728394, "height_mean_m_pct": 2.1604938271604937, "volume_m3_pct": 6.481481481481481, "canopy_cover_pct": 83.487654320987659, "vari_mean_pct": 83.333333333333343, "exg_mean_pct": 46.296296296296298, "gli_mean_pct": 48.456790123456791 }, "geometry": { "type": "Polygon", "coordinates": [ [ [ 556620.348999999929219, 3034978.309000000357628 ], [ 556620.398999999975786, 3034978.359000000171363 ], [ 556620.498999999952503, 3034978.359000000171363 ], [ 556620.723999999929219, 3034978.584000000264496 ], [ 556620.773999999975786, 3034978.684000000357628 ], [ 556620.773999999975786, 3034978.884 ], [ 556620.598999999929219, 3034979.059000000357628 ], [ 556620.498999999952503, 3034979.109000000171363 ], [ 556619.799, 3034979.109000000171363 ], [ 556619.748999999952503, 3034979.059000000357628 ], [ 556619.648999999975786, 3034979.059000000357628 ], [ 556619.473999999929219, 3034978.884 ], [ 556619.473999999929219, 3034978.78400000045076 ], [ 556619.424, 3034978.734000000171363 ], [ 556619.648999999975786, 3034978.459000000264496 ], [ 556619.848999999929219, 3034978.40900000045076 ], [ 556619.898999999975786, 3034978.359000000171363 ], [ 556620.049, 3034978.359000000171363 ], [ 556620.098999999929219, 3034978.309000000357628 ], [ 556620.348999999929219, 3034978.309000000357628 ] ] ] } },
{ "type": "Feature", "properties": { "unit_id": "c00307", "method": "watershed", "label": 307, "area_m2": 0.55312500006402843, "height_max_m": 0.94373458623886108, "height_mean_m": 0.81959512177854776, "canopy_cover": 1.0, "volume_m3": 0.4589732681972144, "n_pixels": 224, "data_coverage": 1.0, "vari_mean": 0.32928690637795244, "exg_mean": 0.32012259185214742, "gli_mean": 0.21951273588896902, "height_max_m_pct": 4.3209876543209873, "height_mean_m_pct": 6.1728395061728394, "volume_m3_pct": 5.2469135802469129, "canopy_cover_pct": 83.487654320987659, "vari_mean_pct": 80.864197530864203, "exg_mean_pct": 42.901234567901234, "gli_mean_pct": 43.827160493827158 }, "geometry": { "type": "Polygon", "coordinates": [ [ [ 556620.248999999952503, 3034975.859000000171363 ], [ 556620.299, 3034975.90900000045076 ], [ 556620.398999999975786, 3034975.90900000045076 ], [ 556620.523999999975786, 3034976.084000000264496 ], [ 556620.523999999975786, 3034976.334000000264496 ], [ 556620.473999999929219, 3034976.434000000357628 ], [ 556620.049, 3034976.709000000264496 ], [ 556619.848999999929219, 3034976.709000000264496 ], [ 556619.748999999952503, 3034976.65900000045076 ], [ 556619.623999999952503, 3034976.53400000045076 ], [ 556619.623999999952503, 3034976.334000000264496 ], [ 556619.674, 3034976.234000000171363 ], [ 556619.773999999975786, 3034976.134 ], [ 556619.773999999975786, 3034976.084000000264496 ], [ 556619.948999999905936, 3034975.959000000264496 ], [ 556620.248999999952503, 3034975.859000000171363 ] ] ] } },
{ "type": "Feature", "properties": { "unit_id": "c00308", "method": "watershed", "label": 308, "area_m2": 6.3537500002281728, "height_max_m": 0.89428669214248657, "height_mean_m": 0.68352179611607111, "canopy_cover": 1.0, "volume_m3": 4.4087155849604516, "n_pixels": 2580, "data_coverage": 1.0, "vari_mean": 0.160561823835632, "exg_mean": 0.22711003212033395, "gli_mean": 0.1605518539095509, "height_max_m_pct": 2.4691358024691357, "height_mean_m_pct": 1.2345679012345678, "volume_m3_pct": 57.716049382716051, "canopy_cover_pct": 83.487654320987659, "vari_mean_pct": 4.3209876543209873, "exg_mean_pct": 5.5555555555555554, "gli_mean_pct": 6.1728395061728394 }, "geometry": { "type": "Polygon", "coordinates": [ [ [ 556621.848999999929219, 3035067.509000000543892 ], [ 556621.898999999975786, 3035067.559000000357628 ], [ 556622.049, 3035067.559000000357628 ], [ 556622.098999999929219, 3035067.609000000171363 ], [ 556622.598999999929219, 3035067.609000000171363 ], [ 556622.648999999975786, 3035067.65900000045076 ], [ 556622.748999999952503, 3035067.65900000045076 ], [ 556622.873999999952503, 3035067.834000000264496 ], [ 556622.873999999952503, 3035068.78400000045076 ], [ 556622.823999999905936, 3035068.834000000264496 ], [ 556622.823999999905936, 3035069.03400000045076 ], [ 556622.773999999975786, 3035069.084000000264496 ], [ 556622.723999999929219, 3035069.334000000264496 ], [ 556622.674, 3035069.384000000543892 ], [ 556622.674, 3035069.53400000045076 ], [ 556622.573999999905936, 3035069.734000000171363 ], [ 556622.523999999975786, 3035069.984000000171363 ], [ 556622.398999999975786, 3035070.109000000171363 ], [ 556622.148999999975786, 3035070.109000000171363 ], [ 556622.098999999929219, 3035070.059000000357628 ], [ 556621.998999999952503, 3035070.059000000357628 ], [ 556621.498999999952503, 3035069.809000000357628 ], [ 556621.248999999952503, 3035069.609000000171363 ], [ 556621.098999999929219, 3035069.559000000357628 ], [ 556620.748999999952503, 3035069.259000000543892 ], [ 556620.698999999905936, 3035069.259000000543892 ], [ 556620.148999999975786, 3035068.759000000543892 ], [ 556619.848999999929219, 3035068.709000000264496 ], [ 556619.799, 3035068.65900000045076 ], [ 556619.698999999905936, 3035068.65900000045076 ], [ 556619.648999999975786, 3035068.609000000171363 ], [ 556619.448999999905936, 3035068.559000000357628 ], [ 556619.348999999929219, 3035068.459000000264496 ], [ 556619.049, 3035068.309000000357628 ], [ 556618.748999999952503, 3035068.059000000357628 ], [ 556618.448999999905936, 3035067.90900000045076 ], [ 556618.323999999905936, 3035067.78400000045076 ], [ 556618.323999999905936, 3035067.634000000543892 ], [ 556618.448999999905936, 3035067.559000000357628 ], [ 556618.948999999905936, 3035067.559000000357628 ], [ 556619.049, 3035067.609000000171363 ], [ 556619.248999999952503, 3035067.809000000357628 ], [ 556619.348999999929219, 3035067.809000000357628 ], [ 556619.398999999975786, 3035067.859000000171363 ], [ 556620.148999999975786, 3035067.859000000171363 ], [ 556620.348999999929219, 3035067.959000000264496 ], [ 556620.549, 3035067.959000000264496 ], [ 556620.598999999929219, 3035067.90900000045076 ], [ 556620.799, 3035067.859000000171363 ], [ 556620.898999999975786, 3035067.759000000543892 ], [ 556621.248999999952503, 3035067.559000000357628 ], [ 556621.348999999929219, 3035067.559000000357628 ], [ 556621.398999999975786, 3035067.509000000543892 ], [ 556621.848999999929219, 3035067.509000000543892 ] ] ] } },
{ "type": "Feature", "properties": { "unit_id": "c00309", "method": "watershed", "label": 309, "area_m2": 0.31687499997613483, "height_max_m": 1.1728155612945557, "height_mean_m": 0.78450948667526244, "canopy_cover": 1.0, "volume_m3": 0.24515921458667528, "n_pixels": 125, "data_coverage": 1.0, "vari_mean": 0.34578105254288494, "exg_mean": 0.47611681674442557, "gli_mean": 0.3169482951092697, "height_max_m_pct": 10.185185185185185, "height_mean_m_pct": 4.3209876543209873, "volume_m3_pct": 2.7777777777777777, "canopy_cover_pct": 83.487654320987659, "vari_mean_pct": 88.888888888888886, "exg_mean_pct": 95.061728395061735, "gli_mean_pct": 95.370370370370367 }, "geometry": { "type": "Polygon", "coordinates": [ [ [ 556659.199000000022352, 3034917.65900000045076 ], [ 556659.324000000022352, 3034917.934000000357628 ], [ 556659.324000000022352, 3034918.03400000045076 ], [ 556659.224000000045635, 3034918.234000000171363 ], [ 556659.099000000045635, 3034918.309000000357628 ], [ 556658.898999999975786, 3034918.309000000357628 ], [ 556658.799, 3034918.259 ], [ 556658.674, 3034918.134 ], [ 556658.674, 3034917.984000000171363 ], [ 556658.773999999975786, 3034917.884 ], [ 556658.773999999975786, 3034917.834000000264496 ], [ 556658.949000000022352, 3034917.709000000264496 ], [ 556659.049, 3034917.65900000045076 ], [ 556659.199000000022352, 3034917.65900000045076 ] ] ] } },
{ "type": "Feature", "properties": { "unit_id": "c00310", "method": "watershed", "label": 310, "area_m2": 0.53437499995052351, "height_max_m": 1.0570226907730103, "height_mean_m": 0.73446158145632701, "canopy_cover": 1.0, "volume_m3": 0.39293694608018598, "n_pixels": 214, "data_coverage": 1.0, "vari_mean": 0.00035061371789830227, "exg_mean": 0.02400044913585422, "gli_mean": 0.017863966955286994, "height_max_m_pct": 6.481481481481481, "height_mean_m_pct": 3.3950617283950617, "volume_m3_pct": 4.3209876543209873, "canopy_cover_pct": 83.487654320987659, "vari_mean_pct": 0.92592592592592582, "exg_mean_pct": 2.1604938271604937, "gli_mean_pct": 2.1604938271604937 }, "geometry": { "type": "Polygon", "coordinates": [ [ [ 556642.398999999975786, 3034901.859000000171363 ], [ 556642.574000000022352, 3034901.984000000171363 ], [ 556642.623999999952503, 3034902.084000000264496 ], [ 556642.623999999952503, 3034902.234000000171363 ], [ 556642.674, 3034902.28400000045076 ], [ 556642.674, 3034902.584000000264496 ], [ 556642.723999999929219, 3034902.684000000357628 ], [ 556642.598999999929219, 3034902.859000000171363 ], [ 556642.348999999929219, 3034902.859000000171363 ], [ 556642.148999999975786, 3034902.759 ], [ 556642.023999999975786, 3034902.584000000264496 ], [ 556642.023999999975786, 3034902.234000000171363 ], [ 556642.123999999952503, 3034902.03400000045076 ], [ 556642.299, 3034901.859000000171363 ], [ 556642.398999999975786, 3034901.859000000171363 ] ] ] } },
{ "type": "Feature", "properties": { "unit_id": "c00311", "method": "watershed", "label": 311, "area_m2": 1.2256250000128057, "height_max_m": 0.86273056268692017, "height_mean_m": 0.72436807195267794, "canopy_cover": 1.0, "volume_m3": 0.92538021192202136, "n_pixels": 511, "data_coverage": 1.0, "vari_mean": 0.19610874579162355, "exg_mean": 0.39281407167234267, "gli_mean": 0.26439025705787722, "height_max_m_pct": 1.8518518518518516, "height_mean_m_pct": 3.0864197530864197, "volume_m3_pct": 8.9506172839506171, "canopy_cover_pct": 83.487654320987659, "vari_mean_pct": 7.716049382716049, "exg_mean_pct": 74.382716049382708, "gli_mean_pct": 74.074074074074076 }, "geometry": { "type": "Polygon", "coordinates": [ [ [ 556656.898999999975786, 3034884.109000000171363 ], [ 556656.949000000022352, 3034884.159 ], [ 556657.148999999975786, 3034884.159 ], [ 556657.199000000022352, 3034884.209000000264496 ], [ 556657.349000000045635, 3034884.209000000264496 ], [ 556657.398999999975786, 3034884.259 ], [ 556657.599000000045635, 3034884.309000000357628 ], [ 556657.773999999975786, 3034884.484000000171363 ], [ 556657.724000000045635, 3034884.634 ], [ 556657.449000000022352, 3034884.909 ], [ 556657.349000000045635, 3034884.909 ], [ 556657.299, 3034884.959000000264496 ], [ 556657.099000000045635, 3034884.959000000264496 ], [ 556657.049, 3034885.009 ], [ 556656.748999999952503, 3034885.009 ], [ 556656.699000000022352, 3034885.059000000357628 ], [ 556656.449000000022352, 3034885.059000000357628 ], [ 556656.349000000045635, 3034885.009 ], [ 556656.174, 3034884.834000000264496 ], [ 556656.174, 3034884.734000000171363 ], [ 556656.123999999952503, 3034884.684000000357628 ], [ 556656.123999999952503, 3034884.284 ], [ 556656.174, 3034884.184000000357628 ], [ 556656.299, 3034884.109000000171363 ], [ 556656.898999999975786, 3034884.109000000171363 ] ] ] } },
{ "type": "Feature", "properties": { "unit_id": "c00312", "method": "watershed", "label": 312, "area_m2": 0.51562500006693879, "height_max_m": 0.87968802452087402, "height_mean_m": 0.80918420732301166, "canopy_cover": 1.0, "volume_m3": 0.43089059040065625, "n_pixels": 213, "data_coverage": 1.0, "vari_mean": 0.29013041396437655, "exg_mean": 0.36090156997381073, "gli_mean": 0.24583257864436586, "height_max_m_pct": 2.1604938271604937, "height_mean_m_pct": 5.2469135802469129, "volume_m3_pct": 4.9382716049382713, "canopy_cover_pct": 83.487654320987659, "vari_mean_pct": 57.716049382716051, "exg_mean_pct": 62.345679012345677, "gli_mean_pct": 64.197530864197532 }, "geometry": { "type": "Polygon", "coordinates": [ [ [ 556658.648999999975786, 3034925.859000000171363 ], [ 556658.924, 3034926.084000000264496 ], [ 556658.974000000045635, 3034926.184000000357628 ], [ 556658.974000000045635, 3034926.484000000171363 ], [ 556658.799, 3034926.65900000045076 ], [ 556658.699000000022352, 3034926.709000000264496 ], [ 556658.549, 3034926.709000000264496 ], [ 556658.273999999975786, 3034926.484000000171363 ], [ 556658.174, 3034926.084000000264496 ], [ 556658.349000000045635, 3034925.859000000171363 ], [ 556658.648999999975786, 3034925.859000000171363 ] ] ] } },
{ "type": "Feature", "properties": { "unit_id": "c00313", "method": "watershed", "label": 313, "area_m2": 0.69124999997060499, "height_max_m": 0.9124225378036499, "height_mean_m": 0.7400754965099462, "canopy_cover": 1.0, "volume_m3": 0.50140114888682963, "n_pixels": 271, "data_coverage": 1.0, "vari_mean": 0.3627068362948313, "exg_mean": 0.4441466992825619, "gli_mean": 0.29556610688381857, "height_max_m_pct": 3.0864197530864197, "height_mean_m_pct": 3.7037037037037033, "volume_m3_pct": 5.5555555555555554, "canopy_cover_pct": 83.487654320987659, "vari_mean_pct": 94.135802469135797, "exg_mean_pct": 89.81481481481481, "gli_mean_pct": 91.049382716049394 }, "geometry": { "type": "Polygon", "coordinates": [ [ [ 556643.748999999952503, 3034961.65900000045076 ], [ 556643.973999999929219, 3034961.884 ], [ 556643.973999999929219, 3034962.184000000357628 ], [ 556643.924, 3034962.234000000171363 ], [ 556643.873999999952503, 3034962.434000000357628 ], [ 556643.648999999975786, 3034962.609000000171363 ], [ 556643.498999999952503, 3034962.609000000171363 ], [ 556643.449000000022352, 3034962.559000000357628 ], [ 556643.348999999929219, 3034962.559000000357628 ], [ 556643.148999999975786, 3034962.459000000264496 ], [ 556643.023999999975786, 3034962.28400000045076 ], [ 556643.023999999975786, 3034962.084000000264496 ], [ 556643.074000000022352, 3034961.984000000171363 ], [ 556643.299, 3034961.759 ], [ 556643.498999999952503, 3034961.65900000045076 ], [ 556643.748999999952503, 3034961.65900000045076 ] ] ] } },
{ "type": "Feature", "properties": { "unit_id": "c00314", "method": "watershed", "label": 314, "area_m2": 0.32812500004656608, "height_max_m": 0.9084707498550415, "height_mean_m": 0.71714167007439433, "canopy_cover": 1.0, "volume_m3": 0.24920673035151858, "n_pixels": 139, "data_coverage": 1.0, "vari_mean": 0.37964765857210597, "exg_mean": 0.6033617629672815, "gli_mean": 0.39173785285774643, "height_max_m_pct": 2.7777777777777777, "height_mean_m_pct": 2.4691358024691357, "volume_m3_pct": 3.0864197530864197, "canopy_cover_pct": 83.487654320987659, "vari_mean_pct": 97.839506172839506, "exg_mean_pct": 100.0, "gli_mean_pct": 100.0 }, "geometry": { "type": "Polygon", "coordinates": [ [ [ 556627.998999999952503, 3034885.609000000171363 ], [ 556628.123999999952503, 3034885.684000000357628 ], [ 556628.324000000022352, 3034885.934000000357628 ], [ 556628.324000000022352, 3034886.134 ], [ 556628.148999999975786, 3034886.309000000357628 ], [ 556627.898999999975786, 3034886.309000000357628 ], [ 556627.723999999929219, 3034886.134 ], [ 556627.723999999929219, 3034885.834000000264496 ], [ 556627.773999999975786, 3034885.734000000171363 ], [ 556627.898999999975786, 3034885.609000000171363 ], [ 556627.998999999952503, 3034885.609000000171363 ] ] ] } },
{ "type": "Feature", "properties": { "unit_id": "c00315", "method": "watershed", "label": 315, "area_m2": 0.16687500014202669, "height_max_m": 1.2845884561538696, "height_mean_m": 0.87007609830386401, "canopy_cover": 1.0, "volume_m3": 0.15008812695781798, "n_pixels": 69, "data_coverage": 1.0, "vari_mean": 0.18305047331865282, "exg_mean": 0.25273988791324797, "gli_mean": 0.17687823205985076, "height_max_m_pct": 14.814814814814813, "height_mean_m_pct": 8.6419753086419746, "volume_m3_pct": 2.1604938271604937, "canopy_cover_pct": 83.487654320987659, "vari_mean_pct": 5.2469135802469129, "exg_mean_pct": 10.493827160493826, "gli_mean_pct": 10.802469135802468 }, "geometry": { "type": "Polygon", "coordinates": [ [ [ 556654.898999999975786, 3035068.359000000171363 ], [ 556655.174, 3035068.53400000045076 ], [ 556655.224000000045635, 3035068.684000000357628 ], [ 556655.148999999975786, 3035068.759000000543892 ], [ 556654.849000000045635, 3035068.759000000543892 ], [ 556654.674, 3035068.634000000543892 ], [ 556654.674, 3035068.434000000357628 ], [ 556654.748999999952503, 3035068.359000000171363 ], [ 556654.898999999975786, 3035068.359000000171363 ] ] ] } },
{ "type": "Feature", "properties": { "unit_id": "c00316", "method": "watershed", "label": 316, "area_m2": 0.50812500007479688, "height_max_m": 0.79179418087005615, "height_mean_m": 0.67828841045498844, "canopy_cover": 1.0, "volume_m3": 0.33914420522840139, "n_pixels": 200, "data_coverage": 1.0, "vari_mean": 0.07314461327886132, "exg_mean": 0.082233729431563304, "gli_mean": 0.060414001327473231, "height_max_m_pct": 1.2345679012345678, "height_mean_m_pct": 0.92592592592592582, "volume_m3_pct": 3.7037037037037033, "canopy_cover_pct": 83.487654320987659, "vari_mean_pct": 2.4691358024691357, "exg_mean_pct": 2.7777777777777777, "gli_mean_pct": 2.7777777777777777 }, "geometry": { "type": "Polygon", "coordinates": [ [ [ 556693.199000000022352, 3035061.759000000543892 ], [ 556693.474000000045635, 3035061.984000000171363 ], [ 556693.523999999975786, 3035062.084000000264496 ], [ 556693.523999999975786, 3035062.484000000171363 ], [ 556693.474000000045635, 3035062.53400000045076 ], [ 556693.474000000045635, 3035062.634000000543892 ], [ 556693.299, 3035062.759000000543892 ], [ 556693.148999999975786, 3035062.709000000264496 ], [ 556693.074000000022352, 3035062.634000000543892 ], [ 556692.824000000022352, 3035062.134000000543892 ], [ 556692.824000000022352, 3035061.984000000171363 ], [ 556692.898999999975786, 3035061.859000000171363 ], [ 556693.049, 3035061.759000000543892 ], [ 556693.199000000022352, 3035061.759000000543892 ] ] ] } },
{ "type": "Feature", "properties": { "unit_id": "c00317", "method": "watershed", "label": 317, "area_m2": 0.39812499999650752, "height_max_m": 0.91752493381500244, "height_mean_m": 0.72026024882201178, "canopy_cover": 1.0, "volume_m3": 0.2827021476633958, "n_pixels": 157, "data_coverage": 1.0, "vari_mean": 0.35638608425598811, "exg_mean": 0.47161584492701181, "gli_mean": 0.31445781988904342, "height_max_m_pct": 3.3950617283950617, "height_mean_m_pct": 2.7777777777777777, "volume_m3_pct": 3.3950617283950617, "canopy_cover_pct": 83.487654320987659, "vari_mean_pct": 91.975308641975303, "exg_mean_pct": 94.135802469135797, "gli_mean_pct": 95.061728395061735 }, "geometry": { "type": "Polygon", "coordinates": [ [ [ 556623.148999999975786, 3034896.059000000357628 ], [ 556623.273999999975786, 3034896.134 ], [ 556623.323999999905936, 3034896.334000000264496 ], [ 556623.248999999952503, 3034896.459000000264496 ], [ 556623.098999999929219, 3034896.559000000357628 ], [ 556622.748999999952503, 3034896.559000000357628 ], [ 556622.549, 3034896.459000000264496 ], [ 556622.323999999905936, 3034896.234000000171363 ], [ 556622.373999999952503, 3034896.134 ], [ 556622.498999999952503, 3034896.059000000357628 ], [ 556623.148999999975786, 3034896.059000000357628 ] ] ] } },
{ "type": "Feature", "properties": { "unit_id": "c00318", "method": "watershed", "label": 318, "area_m2": 0.18000000003841707, "height_max_m": 0.79740303754806519, "height_mean_m": 0.71071393939032068, "canopy_cover": 1.0, "volume_m3": 0.12259815454515825, "n_pixels": 69, "data_coverage": 1.0, "vari_mean": 0.012586177415095573, "exg_mean": 0.04149426744532967, "gli_mean": 0.030716653049370927, "height_max_m_pct": 1.5432098765432098, "height_mean_m_pct": 1.8518518518518516, "volume_m3_pct": 1.8518518518518516, "canopy_cover_pct": 83.487654320987659, "vari_mean_pct": 1.5432098765432098, "exg_mean_pct": 2.4691358024691357, "gli_mean_pct": 2.4691358024691357 }, "geometry": { "type": "Polygon", "coordinates": [ [ [ 556632.848999999929219, 3034901.759 ], [ 556632.973999999929219, 3034901.834000000264496 ], [ 556632.973999999929219, 3034902.084000000264496 ], [ 556632.799, 3034902.309000000357628 ], [ 556632.699000000022352, 3034902.309000000357628 ], [ 556632.623999999952503, 3034902.234000000171363 ], [ 556632.623999999952503, 3034902.134 ], [ 556632.574000000022352, 3034902.084000000264496 ], [ 556632.574000000022352, 3034901.834000000264496 ], [ 556632.648999999975786, 3034901.759 ], [ 556632.848999999929219, 3034901.759 ] ] ] } },
{ "type": "Feature", "properties": { "unit_id": "c00319", "method": "watershed", "label": 319, "area_m2": 0.061875000038126016, "height_max_m": 0.92014932632446289, "height_mean_m": 0.87068916742618263, "canopy_cover": 1.0, "volume_m3": 0.056594795882853252, "n_pixels": 26, "data_coverage": 1.0, "vari_mean": 0.0051320518586300034, "exg_mean": -0.00026952648396645824, "gli_mean": -0.00021665519922482916, "height_max_m_pct": 3.7037037037037033, "height_mean_m_pct": 8.9506172839506171, "volume_m3_pct": 1.2345679012345678, "canopy_cover_pct": 83.487654320987659, "vari_mean_pct": 1.2345679012345678, "exg_mean_pct": 0.61728395061728392, "gli_mean_pct": 0.61728395061728392 }, "geometry": { "type": "Polygon", "coordinates": [ [ [ 556623.498999999952503, 3034902.359000000171363 ], [ 556623.573999999905936, 3034902.434000000357628 ], [ 556623.573999999905936, 3034902.584000000264496 ], [ 556623.498999999952503, 3034902.65900000045076 ], [ 556623.448999999905936, 3034902.65900000045076 ], [ 556623.323999999905936, 3034902.584000000264496 ], [ 556623.323999999905936, 3034902.434000000357628 ], [ 556623.398999999975786, 3034902.359000000171363 ], [ 556623.498999999952503, 3034902.359000000171363 ] ] ] } },
{ "type": "Feature", "properties": { "unit_id": "c00320", "method": "watershed", "label": 320, "area_m2": 0.26312499988620403, "height_max_m": 0.6627916693687439, "height_mean_m": 0.6023844059454192, "canopy_cover": 1.0, "volume_m3": 0.1641497506205658, "n_pixels": 109, "data_coverage": 1.0, "vari_mean": 0.38173331980421221, "exg_mean": 0.53373894593776494, "gli_mean": 0.3473402914042143, "height_max_m_pct": 0.61728395061728392, "height_mean_m_pct": 0.61728395061728392, "volume_m3_pct": 2.4691358024691357, "canopy_cover_pct": 83.487654320987659, "vari_mean_pct": 98.148148148148152, "exg_mean_pct": 98.148148148148152, "gli_mean_pct": 98.456790123456798 }, "geometry": { "type": "Polygon", "coordinates": [ [ [ 556650.598999999929219, 3035008.90900000045076 ], [ 556650.674, 3035008.984000000171363 ], [ 556650.674, 3035009.184000000357628 ], [ 556650.498999999952503, 3035009.359000000171363 ], [ 556650.098999999929219, 3035009.509 ], [ 556650.023999999975786, 3035009.434000000357628 ], [ 556650.074000000022352, 3035009.134 ], [ 556650.348999999929219, 3035008.90900000045076 ], [ 556650.598999999929219, 3035008.90900000045076 ] ] ] } },
{ "type": "Feature", "properties": { "unit_id": "c00321", "method": "watershed", "label": 321, "area_m2": 0.15875000002648448, "height_max_m": 0.61865472793579102, "height_mean_m": 0.59328259283037332, "canopy_cover": 1.0, "volume_m3": 0.099374834299353329, "n_pixels": 67, "data_coverage": 1.0, "vari_mean": 0.31729404207649597, "exg_mean": 0.33851199318592107, "gli_mean": 0.23055837323088169, "height_max_m_pct": 0.30864197530864196, "height_mean_m_pct": 0.30864197530864196, "volume_m3_pct": 1.5432098765432098, "canopy_cover_pct": 83.487654320987659, "vari_mean_pct": 76.543209876543202, "exg_mean_pct": 54.012345679012341, "gli_mean_pct": 55.555555555555557 }, "geometry": { "type": "Polygon", "coordinates": [ [ [ 556643.648999999975786, 3034968.209000000264496 ], [ 556643.773999999975786, 3034968.28400000045076 ], [ 556643.824000000022352, 3034968.384 ], [ 556643.824000000022352, 3034968.434000000357628 ], [ 556643.748999999952503, 3034968.509 ], [ 556643.648999999975786, 3034968.559000000357628 ], [ 556643.398999999975786, 3034968.559000000357628 ], [ 556643.273999999975786, 3034968.484000000171363 ], [ 556643.273999999975786, 3034968.334000000264496 ], [ 556643.348999999929219, 3034968.259 ], [ 556643.449000000022352, 3034968.209000000264496 ], [ 556643.648999999975786, 3034968.209000000264496 ] ] ] } },
{ "type": "Feature", "properties": { "unit_id": "c00322", "method": "watershed", "label": 322, "area_m2": 0.063749999974679672, "height_max_m": 0.73874229192733765, "height_mean_m": 0.69768426280755258, "canopy_cover": 1.0, "volume_m3": 0.045349477082612222, "n_pixels": 26, "data_coverage": 1.0, "vari_mean": 0.41692888726760913, "exg_mean": 0.39032850922551626, "gli_mean": 0.26638291010210724, "height_max_m_pct": 0.92592592592592582, "height_mean_m_pct": 1.5432098765432098, "volume_m3_pct": 0.92592592592592582, "canopy_cover_pct": 83.487654320987659, "vari_mean_pct": 99.691358024691354, "exg_mean_pct": 73.76543209876543, "gli_mean_pct": 75.0 }, "geometry": { "type": "Polygon", "coordinates": [ [ [ 556677.398999999975786, 3035044.90900000045076 ], [ 556677.523999999975786, 3035045.084000000264496 ], [ 556677.398999999975786, 3035045.209000000264496 ], [ 556677.174, 3035045.03400000045076 ], [ 556677.174, 3035044.984000000171363 ], [ 556677.248999999952503, 3035044.90900000045076 ], [ 556677.398999999975786, 3035044.90900000045076 ] ] ] } },
{ "type": "Feature", "properties": { "unit_id": "c00323", "method": "watershed", "label": 323, "area_m2": 0.028124999997089617, "height_max_m": 0.92912781238555908, "height_mean_m": 0.9194874926046892, "canopy_cover": 1.0, "volume_m3": 0.025285906046696588, "n_pixels": 11, "data_coverage": 1.0, "vari_mean": 0.30019601416161357, "exg_mean": 0.30900116970625113, "gli_mean": 0.21370961797229598, "height_max_m_pct": 4.0123456790123457, "height_mean_m_pct": 12.345679012345679, "volume_m3_pct": 0.61728395061728392, "canopy_cover_pct": 83.487654320987659, "vari_mean_pct": 65.432098765432102, "exg_mean_pct": 32.407407407407405, "gli_mean_pct": 37.962962962962962 }, "geometry": { "type": "Polygon", "coordinates": [ [ [ 556643.299, 3035002.509 ], [ 556643.373999999952503, 3035002.584000000264496 ], [ 556643.348999999929219, 3035002.709000000264496 ], [ 556643.248999999952503, 3035002.709000000264496 ], [ 556643.174, 3035002.634 ], [ 556643.199000000022352, 3035002.559000000357628 ], [ 556643.299, 3035002.509 ] ] ] } },
{ "type": "Feature", "properties": { "unit_id": "c00324", "method": "watershed", "label": 324, "area_m2": 0.019374999985157047, "height_max_m": 0.94848567247390747, "height_mean_m": 0.81843554973602295, "canopy_cover": 1.0, "volume_m3": 0.014322622120418712, "n_pixels": 7, "data_coverage": 1.0, "vari_mean": 0.02561546640812291, "exg_mean": 0.17285308900282217, "gli_mean": 0.12336781414096976, "height_max_m_pct": 4.6296296296296298, "height_mean_m_pct": 5.8641975308641969, "volume_m3_pct": 0.30864197530864196, "canopy_cover_pct": 83.487654320987659, "vari_mean_pct": 1.8518518518518516, "exg_mean_pct": 3.0864197530864197, "gli_mean_pct": 3.0864197530864197 }, "geometry": { "type": "Polygon", "coordinates": [ [ [ 556659.248999999952503, 3035067.509000000543892 ], [ 556659.273999999975786, 3035067.634000000543892 ], [ 556659.148999999975786, 3035067.709000000264496 ], [ 556659.123999999952503, 3035067.584000000264496 ], [ 556659.199000000022352, 3035067.509000000543892 ], [ 556659.248999999952503, 3035067.509000000543892 ] ] ] } }
]
}
