{
"type": "FeatureCollection",
"name": "units_watershed",
"crs": { "type": "name", "properties": { "name": "urn:ogc:def:crs:EPSG::32617" } },
"features": [
{ "type": "Feature", "properties": { "unit_id": "c00001", "method": "watershed", "label": 1 }, "geometry": { "type": "Polygon", "coordinates": [ [ [ 556614.498999999952503, 3035059.859000000171363 ], [ 556614.598999999929219, 3035059.90900000045076 ], [ 556614.674, 3035060.03400000045076 ], [ 556614.674, 3035060.434000000357628 ], [ 556614.623999999952503, 3035060.53400000045076 ], [ 556614.674, 3035060.584000000264496 ], [ 556614.723999999929219, 3035060.78400000045076 ], [ 556614.848999999929219, 3035060.90900000045076 ], [ 556615.049, 3035061.009000000543892 ], [ 556615.299, 3035061.059000000357628 ], [ 556615.698999999905936, 3035061.259000000543892 ], [ 556615.924, 3035061.53400000045076 ], [ 556616.174, 3035062.03400000045076 ], [ 556616.223999999929219, 3035062.434000000357628 ], [ 556616.174, 3035062.484000000171363 ], [ 556616.174, 3035062.834000000264496 ], [ 556616.123999999952503, 3035062.884000000543892 ], [ 556616.123999999952503, 3035063.53400000045076 ], [ 556616.073999999905936, 3035063.584000000264496 ], [ 556616.073999999905936, 3035063.684000000357628 ], [ 556615.898999999975786, 3035063.859000000171363 ], [ 556615.549, 3035063.859000000171363 ], [ 556615.373999999952503, 3035063.734000000171363 ], [ 556615.373999999952503, 3035063.684000000357628 ], [ 556615.248999999952503, 3035063.559000000357628 ], [ 556615.148999999975786, 3035063.509000000543892 ], [ 556614.898999999975786, 3035063.559000000357628 ], [ 556614.698999999905936, 3035063.809000000357628 ], [ 556613.998999999952503, 3035063.809000000357628 ], [ 556613.948999999905936, 3035063.859000000171363 ], [ 556613.549, 3035063.859000000171363 ], [ 556613.424, 3035063.634000000543892 ], [ 556613.424, 3035063.53400000045076 ], [ 556613.323999999905936, 3035063.384000000543892 ], [ 556613.323999999905936, 3035063.28400000045076 ], [ 556613.223999999929219, 3035063.134000000543892 ], [ 556613.223999999929219, 3035063.03400000045076 ], [ 556613.123999999952503, 3035062.884000000543892 ], [ 556613.123999999952503, 3035062.78400000045076 ], [ 556613.023999999975786, 3035062.634000000543892 ], [ 556613.023999999975786, 3035062.53400000045076 ], [ 556612.924, 3035062.334000000264496 ], [ 556612.924, 3035062.234000000171363 ], [ 556612.823999999905936, 3035062.084000000264496 ], [ 556612.773999999975786, 3035061.834000000264496 ], [ 556612.674, 3035061.684000000357628 ], [ 556612.674, 3035061.584000000264496 ], [ 556612.623999999952503, 3035061.53400000045076 ], [ 556612.573999999905936, 3035061.28400000045076 ], [ 556612.523999999975786, 3035061.234000000171363 ], [ 556612.473999999929219, 3035060.734000000171363 ], [ 556612.424, 3035060.684000000357628 ], [ 556612.424, 3035060.234000000171363 ], [ 556612.523999999975786, 3035060.134000000543892 ], [ 556612.998999999952503, 3035059.90900000045076 ], [ 556613.148999999975786, 3035059.90900000045076 ], [ 556613.549, 3035060.109000000171363 ], [ 556613.998999999952503, 3035060.109000000171363 ], [ 556614.498999999952503, 3035059.859000000171363 ] ] ] } },
{ "type": "Feature", "properties": { "unit_id": "c00002", "method": "watershed", "label": 2 }, "geometry": { "type": "Polygon", "coordinates": [ [ [ 556614.698999999905936, 3035063.809000000357628 ], [ 556614.723999999929219, 3035064.184000000357628 ], [ 556614.674, 3035064.234000000171363 ], [ 556614.674, 3035064.634000000543892 ], [ 556614.723999999929219, 3035064.684000000357628 ], [ 556614.723999999929219, 3035064.984000000171363 ], [ 556614.773999999975786, 3035065.03400000045076 ], [ 556614.773999999975786, 3035065.184000000357628 ], [ 556614.648999999975786, 3035065.359000000171363 ], [ 556614.549, 3035065.40900000045076 ], [ 556614.498999999952503, 3035065.359000000171363 ], [ 556614.299, 3035065.309000000357628 ], [ 556614.073999999905936, 3035065.084000000264496 ], [ 556613.773999999975786, 3035064.53400000045076 ], [ 556613.773999999975786, 3035064.434000000357628 ], [ 556613.674, 3035064.28400000045076 ], [ 556613.674, 3035064.184000000357628 ], [ 556613.523999999975786, 3035063.884000000543892 ], [ 556613.948999999905936, 3035063.859000000171363 ], [ 556613.998999999952503, 3035063.809000000357628 ], [ 556614.698999999905936, 3035063.809000000357628 ] ] ] } },
{ "type": "Feature", "properties": { "unit_id": "c00003", "method": "watershed", "label": 3 }, "geometry": { "type": "Polygon", "coordinates": [ [ [ 556634.699000000022352, 3034881.309000000357628 ], [ 556634.748999999952503, 3034881.359000000171363 ], [ 556635.148999999975786, 3034881.359000000171363 ], [ 556635.199000000022352, 3034881.409 ], [ 556635.498999999952503, 3034881.409 ], [ 556635.549, 3034881.459000000264496 ], [ 556635.848999999929219, 3034881.459000000264496 ], [ 556635.898999999975786, 3034881.509 ], [ 556636.248999999952503, 3034881.509 ], [ 556636.299, 3034881.559000000357628 ], [ 556636.549, 3034881.559000000357628 ], [ 556636.598999999929219, 3034881.609000000171363 ], [ 556636.799, 3034881.659 ], [ 556636.973999999929219, 3034881.934000000357628 ], [ 556636.973999999929219, 3034882.034 ], [ 556637.223999999929219, 3034882.534 ], [ 556637.223999999929219, 3034882.684000000357628 ], [ 556637.273999999975786, 3034882.734000000171363 ], [ 556637.273999999975786, 3034883.134 ], [ 556637.324000000022352, 3034883.184000000357628 ], [ 556637.373999999952503, 3034883.484000000171363 ], [ 556637.473999999929219, 3034883.684000000357628 ], [ 556637.623999999952503, 3034883.834000000264496 ], [ 556637.623999999952503, 3034883.884 ], [ 556637.873999999952503, 3034884.134 ], [ 556637.973999999929219, 3034884.334000000264496 ], [ 556637.973999999929219, 3034884.434000000357628 ], [ 556638.023999999975786, 3034884.484000000171363 ], [ 556638.023999999975786, 3034884.984000000171363 ], [ 556637.674, 3034885.684000000357628 ], [ 556637.674, 3034885.784 ], [ 556637.623999999952503, 3034885.834000000264496 ], [ 556637.574000000022352, 3034886.034 ], [ 556637.473999999929219, 3034886.134 ], [ 556637.473999999929219, 3034886.184000000357628 ], [ 556637.023999999975786, 3034886.634 ], [ 556636.824000000022352, 3034886.984000000171363 ], [ 556636.824000000022352, 3034887.084000000264496 ], [ 556636.723999999929219, 3034887.284 ], [ 556636.449000000022352, 3034887.509 ], [ 556635.699000000022352, 3034887.509 ], [ 556635.498999999952503, 3034887.359000000171363 ], [ 556635.248999999952503, 3034887.359000000171363 ], [ 556635.199000000022352, 3034887.409 ], [ 556635.049, 3034887.409 ], [ 556634.848999999929219, 3034887.309000000357628 ], [ 556634.648999999975786, 3034887.109000000171363 ], [ 556634.449000000022352, 3034887.009 ], [ 556634.299, 3034887.009 ], [ 556634.248999999952503, 3034886.959000000264496 ], [ 556634.049, 3034886.959000000264496 ], [ 556633.998999999952503, 3034886.909 ], [ 556633.748999999952503, 3034886.909 ], [ 556633.699000000022352, 3034886.859000000171363 ], [ 556633.598999999929219, 3034886.859000000171363 ], [ 556633.498999999952503, 3034886.759 ], [ 556633.449000000022352, 3034886.759 ], [ 556632.973999999929219, 3034886.284 ], [ 556632.973999999929219, 3034886.234000000171363 ], [ 556632.723999999929219, 3034885.934000000357628 ], [ 556632.574000000022352, 3034885.634 ], [ 556632.574000000022352, 3034885.334000000264496 ], [ 556632.773999999975786, 3034884.934000000357628 ], [ 556632.773999999975786, 3034884.484000000171363 ], [ 556632.723999999929219, 3034884.434000000357628 ], [ 556632.723999999929219, 3034883.584000000264496 ], [ 556632.523999999975786, 3034883.234000000171363 ], [ 556632.523999999975786, 3034882.884 ], [ 556632.674, 3034882.634 ], [ 556632.674, 3034882.534 ], [ 556633.123999999952503, 3034881.734000000171363 ], [ 556633.273999999975786, 3034881.584000000264496 ], [ 556633.299, 3034881.509 ], [ 556633.348999999929219, 3034881.509 ], [ 556633.449000000022352, 3034881.409 ], [ 556633.648999999975786, 3034881.359000000171363 ], [ 556633.699000000022352, 3034881.309000000357628 ], [ 556634.699000000022352, 3034881.309000000357628 ] ] ] } },
{ "type": "Feature", "properties": { "unit_id": "c00004", "method": "watershed", "label": 4 }, "geometry": { "type": "Polygon", "coordinates": [ [ [ 556641.998999999952503, 3034882.159 ], [ 556642.049, 3034882.209000000264496 ], [ 556642.498999999952503, 3034882.209000000264496 ], [ 556642.549, 3034882.259 ], [ 556642.848999999929219, 3034882.259 ], [ 556642.898999999975786, 3034882.309000000357628 ], [ 556643.098999999929219, 3034882.309000000357628 ], [ 556643.148999999975786, 3034882.359000000171363 ], [ 556643.299, 3034882.359000000171363 ], [ 556643.348999999929219, 3034882.409 ], [ 556643.498999999952503, 3034882.409 ], [ 556643.549, 3034882.459000000264496 ], [ 556643.848999999929219, 3034882.509 ], [ 556644.049, 3034882.609000000171363 ], [ 556644.223999999929219, 3034882.784 ], [ 556644.223999999929219, 3034882.884 ], [ 556644.324000000022352, 3034883.084000000264496 ], [ 556644.324000000022352, 3034883.784 ], [ 556644.273999999975786, 3034883.834000000264496 ], [ 556644.273999999975786, 3034883.934000000357628 ], [ 556644.174, 3034884.134 ], [ 556644.174, 3034884.534 ], [ 556644.223999999929219, 3034884.584000000264496 ], [ 556644.223999999929219, 3034884.784 ], [ 556644.273999999975786, 3034884.834000000264496 ], [ 556644.273999999975786, 3034885.834000000264496 ], [ 556644.123999999952503, 3034886.134 ], [ 556643.998999999952503, 3034886.259 ], [ 556643.699000000022352, 3034886.409 ], [ 556643.348999999929219, 3034886.459000000264496 ], [ 556643.299, 3034886.509 ], [ 556643.049, 3034886.559000000357628 ], [ 556642.998999999952503, 3034886.609000000171363 ], [ 556642.898999999975786, 3034886.609000000171363 ], [ 556642.848999999929219, 3034886.659 ], [ 556642.449000000022352, 3034886.659 ], [ 556642.348999999929219, 3034886.609000000171363 ], [ 556642.148999999975786, 3034886.409 ], [ 556642.098999999929219, 3034886.409 ], [ 556641.898999999975786, 3034886.209000000264496 ], [ 556641.598999999929219, 3034886.059000000357628 ], [ 556641.273999999975786, 3034885.734000000171363 ], [ 556641.074000000022352, 3034885.334000000264496 ], [ 556640.773999999975786, 3034885.034 ], [ 556640.773999999975786, 3034884.984000000171363 ], [ 556640.574000000022352, 3034884.734000000171363 ], [ 556640.623999999952503, 3034884.034 ], [ 556640.473999999929219, 3034883.734000000171363 ], [ 556640.473999999929219, 3034883.634 ], [ 556640.424, 3034883.584000000264496 ], [ 556640.424, 3034883.334000000264496 ], [ 556640.473999999929219, 3034883.284 ], [ 556640.473999999929219, 3034883.134 ], [ 556640.523999999975786, 3034883.084000000264496 ], [ 556640.523999999975786, 3034882.934000000357628 ], [ 556640.574000000022352, 3034882.884 ], [ 556640.574000000022352, 3034882.734000000171363 ], [ 556640.623999999952503, 3034882.684000000357628 ], [ 556640.623999999952503, 3034882.534 ], [ 556640.674, 3034882.434000000357628 ], [ 556640.848999999929219, 3034882.259 ], [ 556641.148999999975786, 3034882.209000000264496 ], [ 556641.199000000022352, 3034882.159 ], [ 556641.998999999952503, 3034882.159 ] ] ] } },
{ "type": "Feature", "properties": { "unit_id": "c00005", "method": "watershed", "label": 5 }, "geometry": { "type": "Polygon", "coordinates": [ [ [ 556620.448999999905936, 3035027.359000000171363 ], [ 556621.023999999975786, 3035027.934000000357628 ], [ 556621.123999999952503, 3035028.134000000543892 ], [ 556621.123999999952503, 3035028.28400000045076 ], [ 556621.174, 3035028.334000000264496 ], [ 556621.123999999952503, 3035028.584000000264496 ], [ 556620.898999999975786, 3035028.809000000357628 ], [ 556620.823999999905936, 3035028.834000000264496 ], [ 556620.773999999975786, 3035028.984000000171363 ], [ 556620.898999999975786, 3035029.15900000045076 ], [ 556620.948999999905936, 3035029.15900000045076 ], [ 556621.174, 3035029.384000000543892 ], [ 556621.323999999905936, 3035029.684000000357628 ], [ 556621.373999999952503, 3035029.884000000543892 ], [ 556621.573999999905936, 3035030.134000000543892 ], [ 556621.723999999929219, 3035030.434000000357628 ], [ 556621.773999999975786, 3035030.734000000171363 ], [ 556621.073999999905936, 3035032.134000000543892 ], [ 556621.073999999905936, 3035032.384000000543892 ], [ 556621.123999999952503, 3035032.434000000357628 ], [ 556621.123999999952503, 3035032.78400000045076 ], [ 556621.174, 3035032.834000000264496 ], [ 556621.174, 3035033.084000000264496 ], [ 556621.073999999905936, 3035033.28400000045076 ], [ 556620.948999999905936, 3035033.359000000171363 ], [ 556620.748999999952503, 3035033.359000000171363 ], [ 556620.698999999905936, 3035033.40900000045076 ], [ 556620.549, 3035033.40900000045076 ], [ 556620.448999999905936, 3035033.459000000264496 ], [ 556619.973999999929219, 3035033.934000000357628 ], [ 556619.973999999929219, 3035034.03400000045076 ], [ 556619.848999999929219, 3035034.109000000171363 ], [ 556619.598999999929219, 3035034.109000000171363 ], [ 556619.549, 3035034.15900000045076 ], [ 556618.848999999929219, 3035034.15900000045076 ], [ 556618.823999999905936, 3035033.884000000543892 ], [ 556618.773999999975786, 3035033.834000000264496 ], [ 556618.773999999975786, 3035033.084000000264496 ], [ 556618.723999999929219, 3035033.03400000045076 ], [ 556618.723999999929219, 3035032.884000000543892 ], [ 556618.674, 3035032.834000000264496 ], [ 556618.674, 3035032.584000000264496 ], [ 556618.623999999952503, 3035032.53400000045076 ], [ 556618.623999999952503, 3035032.184000000357628 ], [ 556618.573999999905936, 3035032.134000000543892 ], [ 556618.523999999975786, 3035031.734000000171363 ], [ 556618.473999999929219, 3035031.684000000357628 ], [ 556618.373999999952503, 3035031.28400000045076 ], [ 556618.323999999905936, 3035031.234000000171363 ], [ 556618.323999999905936, 3035031.084000000264496 ], [ 556618.273999999975786, 3035031.03400000045076 ], [ 556618.273999999975786, 3035030.934000000357628 ], [ 556618.123999999952503, 3035030.634000000543892 ], [ 556618.123999999952503, 3035030.434000000357628 ], [ 556618.073999999905936, 3035030.384000000543892 ], [ 556618.073999999905936, 3035029.934000000357628 ], [ 556618.223999999929219, 3035029.634000000543892 ], [ 556618.373999999952503, 3035029.484000000171363 ], [ 556618.473999999929219, 3035029.28400000045076 ], [ 556618.623999999952503, 3035029.134000000543892 ], [ 556618.723999999929219, 3035028.934000000357628 ], [ 556618.823999999905936, 3035028.834000000264496 ], [ 556618.873999999952503, 3035028.634000000543892 ], [ 556619.023999999975786, 3035028.384000000543892 ], [ 556619.023999999975786, 3035028.28400000045076 ], [ 556619.323999999905936, 3035027.934000000357628 ], [ 556619.323999999905936, 3035027.884000000543892 ], [ 556619.549, 3035027.65900000045076 ], [ 556619.898999999975786, 3035027.509000000543892 ], [ 556620.098999999929219, 3035027.359000000171363 ], [ 556620.448999999905936, 3035027.359000000171363 ] ] ] } },
{ "type": "Feature", "properties": { "unit_id": "c00006", "method": "watershed", "label": 6 }, "geometry": { "type": "Polygon", "coordinates": [ [ [ 556611.698999999905936, 3035052.709000000264496 ], [ 556612.198999999905936, 3035052.959000000264496 ], [ 556612.799, 3035052.959000000264496 ], [ 556612.848999999929219, 3035052.90900000045076 ], [ 556613.049, 3035052.90900000045076 ], [ 556613.098999999929219, 3035052.859000000171363 ], [ 556613.998999999952503, 3035052.859000000171363 ], [ 556614.698999999905936, 3035053.209000000264496 ], [ 556614.773999999975786, 3035053.28400000045076 ], [ 556614.773999999975786, 3035053.384000000543892 ], [ 556614.723999999929219, 3035053.434000000357628 ], [ 556614.723999999929219, 3035053.734000000171363 ], [ 556614.773999999975786, 3035053.78400000045076 ], [ 556614.773999999975786, 3035054.234000000171363 ], [ 556614.823999999905936, 3035054.28400000045076 ], [ 556614.873999999952503, 3035054.53400000045076 ], [ 556614.924, 3035054.584000000264496 ], [ 556614.924, 3035054.78400000045076 ], [ 556614.823999999905936, 3035054.984000000171363 ], [ 556614.398999999975786, 3035055.309000000357628 ], [ 556613.998999999952503, 3035055.509000000543892 ], [ 556613.598999999929219, 3035055.609000000171363 ], [ 556613.098999999929219, 3035055.859000000171363 ], [ 556612.598999999929219, 3035055.90900000045076 ], [ 556612.398999999975786, 3035056.009000000543892 ], [ 556612.049, 3035056.40900000045076 ], [ 556611.948999999905936, 3035056.40900000045076 ], [ 556611.898999999975786, 3035056.459000000264496 ], [ 556611.598999999929219, 3035056.459000000264496 ], [ 556611.549, 3035056.40900000045076 ], [ 556611.448999999905936, 3035056.40900000045076 ], [ 556611.098999999929219, 3035056.15900000045076 ], [ 556610.799, 3035056.009000000543892 ], [ 556610.473999999929219, 3035055.584000000264496 ], [ 556610.323999999905936, 3035055.28400000045076 ], [ 556610.273999999975786, 3035055.03400000045076 ], [ 556610.223999999929219, 3035054.984000000171363 ], [ 556610.174, 3035054.584000000264496 ], [ 556610.123999999952503, 3035054.53400000045076 ], [ 556610.123999999952503, 3035054.334000000264496 ], [ 556610.073999999905936, 3035054.28400000045076 ], [ 556610.073999999905936, 3035053.984000000171363 ], [ 556610.023999999975786, 3035053.934000000357628 ], [ 556610.023999999975786, 3035053.584000000264496 ], [ 556609.973999999929219, 3035053.53400000045076 ], [ 556609.973999999929219, 3035053.234000000171363 ], [ 556609.924, 3035053.184000000357628 ], [ 556609.924, 3035052.984000000171363 ], [ 556609.998999999952503, 3035052.859000000171363 ], [ 556610.098999999929219, 3035052.809000000357628 ], [ 556610.248999999952503, 3035052.809000000357628 ], [ 556610.299, 3035052.759000000543892 ], [ 556610.448999999905936, 3035052.759000000543892 ], [ 556610.498999999952503, 3035052.709000000264496 ], [ 556611.098999999929219, 3035052.709000000264496 ], [ 556611.148999999975786, 3035052.759000000543892 ], [ 556611.248999999952503, 3035052.759000000543892 ], [ 556611.299, 3035052.709000000264496 ], [ 556611.698999999905936, 3035052.709000000264496 ] ] ] } },
{ "type": "Feature", "properties": { "unit_id": "c00007", "method": "watershed", "label": 7 }, "geometry": { "type": "Polygon", "coordinates": [ [ [ 556620.098999999929219, 3034945.509 ], [ 556620.198999999905936, 3034945.559000000357628 ], [ 556620.398999999975786, 3034945.759 ], [ 556620.698999999905936, 3034945.90900000045076 ], [ 556620.848999999929219, 3034945.90900000045076 ], [ 556620.898999999975786, 3034945.959000000264496 ], [ 556621.198999999905936, 3034946.009 ], [ 556621.448999999905936, 3034946.15900000045076 ], [ 556621.674, 3034946.384 ], [ 556621.773999999975786, 3034946.584000000264496 ], [ 556621.773999999975786, 3034946.684000000357628 ], [ 556621.873999999952503, 3034946.884 ], [ 556621.873999999952503, 3034947.03400000045076 ], [ 556621.924, 3034947.084000000264496 ], [ 556621.873999999952503, 3034947.28400000045076 ], [ 556621.523999999975786, 3034947.634 ], [ 556621.523999999975786, 3034947.684000000357628 ], [ 556621.273999999975786, 3034947.984000000171363 ], [ 556621.223999999929219, 3034948.184000000357628 ], [ 556621.323999999905936, 3034948.334000000264496 ], [ 556621.198999999905936, 3034948.40900000045076 ], [ 556620.799, 3034948.40900000045076 ], [ 556620.398999999975786, 3034948.609000000171363 ], [ 556618.848999999929219, 3034948.609000000171363 ], [ 556618.723999999929219, 3034948.384 ], [ 556618.723999999929219, 3034948.28400000045076 ], [ 556618.573999999905936, 3034948.03400000045076 ], [ 556618.523999999975786, 3034947.78400000045076 ], [ 556618.424, 3034947.634 ], [ 556618.424, 3034947.084000000264496 ], [ 556618.473999999929219, 3034947.03400000045076 ], [ 556618.473999999929219, 3034946.934000000357628 ], [ 556618.573999999905936, 3034946.734000000171363 ], [ 556618.873999999952503, 3034946.384 ], [ 556618.973999999929219, 3034946.184000000357628 ], [ 556619.549, 3034945.609000000171363 ], [ 556619.748999999952503, 3034945.509 ], [ 556620.098999999929219, 3034945.509 ] ] ] } },
{ "type": "Feature", "properties": { "unit_id": "c00008", "method": "watershed", "label": 8 }, "geometry": { "type": "Polygon", "coordinates": [ [ [ 556613.248999999952503, 3035016.759 ], [ 556613.273999999975786, 3035016.884 ], [ 556613.498999999952503, 3035017.109000000171363 ], [ 556613.698999999905936, 3035017.15900000045076 ], [ 556613.924, 3035017.384 ], [ 556614.073999999905936, 3035017.684000000357628 ], [ 556614.223999999929219, 3035017.884 ], [ 556614.223999999929219, 3035018.234000000171363 ], [ 556614.023999999975786, 3035018.584000000264496 ], [ 556614.023999999975786, 3035018.684000000357628 ], [ 556613.924, 3035018.884000000543892 ], [ 556613.573999999905936, 3035019.234000000171363 ], [ 556613.523999999975786, 3035019.334000000264496 ], [ 556613.523999999975786, 3035019.484000000171363 ], [ 556613.573999999905936, 3035019.584000000264496 ], [ 556613.674, 3035019.684000000357628 ], [ 556613.674, 3035019.734000000171363 ], [ 556614.023999999975786, 3035020.084000000264496 ], [ 556614.223999999929219, 3035020.484000000171363 ], [ 556614.223999999929219, 3035020.634000000543892 ], [ 556614.174, 3035020.684000000357628 ], [ 556614.123999999952503, 3035020.984000000171363 ], [ 556613.873999999952503, 3035021.434000000357628 ], [ 556613.573999999905936, 3035021.78400000045076 ], [ 556613.424, 3035022.084000000264496 ], [ 556613.424, 3035022.184000000357628 ], [ 556613.373999999952503, 3035022.234000000171363 ], [ 556613.373999999952503, 3035022.384000000543892 ], [ 556613.523999999975786, 3035022.684000000357628 ], [ 556613.523999999975786, 3035023.434000000357628 ], [ 556613.473999999929219, 3035023.484000000171363 ], [ 556613.473999999929219, 3035023.584000000264496 ], [ 556613.198999999905936, 3035023.859000000171363 ], [ 556611.098999999929219, 3035023.859000000171363 ], [ 556611.073999999905936, 3035023.234000000171363 ], [ 556611.123999999952503, 3035023.184000000357628 ], [ 556611.123999999952503, 3035022.484000000171363 ], [ 556611.174, 3035022.434000000357628 ], [ 556611.174, 3035021.984000000171363 ], [ 556611.073999999905936, 3035021.78400000045076 ], [ 556610.973999999929219, 3035021.684000000357628 ], [ 556610.823999999905936, 3035021.334000000264496 ], [ 556610.523999999975786, 3035020.984000000171363 ], [ 556610.473999999929219, 3035020.78400000045076 ], [ 556610.424, 3035020.734000000171363 ], [ 556610.523999999975786, 3035020.334000000264496 ], [ 556610.674, 3035020.084000000264496 ], [ 556610.674, 3035019.934000000357628 ], [ 556610.723999999929219, 3035019.884000000543892 ], [ 556610.823999999905936, 3035019.484000000171363 ], [ 556610.873999999952503, 3035019.434000000357628 ], [ 556610.873999999952503, 3035019.084000000264496 ], [ 556610.573999999905936, 3035018.53400000045076 ], [ 556610.573999999905936, 3035018.28400000045076 ], [ 556610.523999999975786, 3035018.234000000171363 ], [ 556610.523999999975786, 3035017.884 ], [ 556610.473999999929219, 3035017.834000000264496 ], [ 556610.473999999929219, 3035017.53400000045076 ], [ 556610.424, 3035017.484000000171363 ], [ 556610.424, 3035017.184000000357628 ], [ 556610.549, 3035016.90900000045076 ], [ 556611.748999999952503, 3035016.90900000045076 ], [ 556611.948999999905936, 3035016.809000000357628 ], [ 556612.049, 3035016.809000000357628 ], [ 556612.098999999929219, 3035016.759 ], [ 556613.248999999952503, 3035016.759 ] ] ] } },
{ "type": "Feature", "properties": { "unit_id": "c00009", "method": "watershed", "label": 9 }, "geometry": { "type": "Polygon", "coordinates": [ [ [ 556619.448999999905936, 3034999.459000000264496 ], [ 556619.648999999975786, 3034999.559000000357628 ], [ 556619.799, 3034999.559000000357628 ], [ 556619.848999999929219, 3034999.609000000171363 ], [ 556620.098999999929219, 3034999.65900000045076 ], [ 556620.148999999975786, 3034999.709000000264496 ], [ 556620.848999999929219, 3034999.709000000264496 ], [ 556621.148999999975786, 3035000.009 ], [ 556621.198999999905936, 3035000.009 ], [ 556621.424, 3035000.28400000045076 ], [ 556621.424, 3035000.384 ], [ 556621.473999999929219, 3035000.434000000357628 ], [ 556621.473999999929219, 3035000.634 ], [ 556621.424, 3035000.684000000357628 ], [ 556621.424, 3035001.084000000264496 ], [ 556621.473999999929219, 3035001.134 ], [ 556621.473999999929219, 3035001.334000000264496 ], [ 556621.424, 3035001.384 ], [ 556621.424, 3035001.53400000045076 ], [ 556621.223999999929219, 3035001.884 ], [ 556621.223999999929219, 3035002.234000000171363 ], [ 556621.473999999929219, 3035002.734000000171363 ], [ 556621.473999999929219, 3035002.884 ], [ 556621.523999999975786, 3035002.934000000357628 ], [ 556621.523999999975786, 3035003.084000000264496 ], [ 556621.573999999905936, 3035003.134 ], [ 556621.573999999905936, 3035003.684000000357628 ], [ 556621.523999999975786, 3035003.734000000171363 ], [ 556621.523999999975786, 3035003.884 ], [ 556621.373999999952503, 3035004.184000000357628 ], [ 556621.098999999929219, 3035004.459000000264496 ], [ 556620.848999999929219, 3035004.559000000357628 ], [ 556620.623999999952503, 3035004.78400000045076 ], [ 556620.549, 3035004.959000000264496 ], [ 556620.148999999975786, 3035004.959000000264496 ], [ 556620.098999999929219, 3035005.009 ], [ 556619.549, 3035005.009 ], [ 556619.348999999929219, 3035005.109000000171363 ], [ 556618.598999999929219, 3035005.109000000171363 ], [ 556618.573999999905936, 3035004.584000000264496 ], [ 556618.523999999975786, 3035004.53400000045076 ], [ 556618.523999999975786, 3035004.434000000357628 ], [ 556618.373999999952503, 3035004.134 ], [ 556618.123999999952503, 3035003.78400000045076 ], [ 556618.123999999952503, 3035003.434000000357628 ], [ 556618.473999999929219, 3035002.684000000357628 ], [ 556618.573999999905936, 3035002.584000000264496 ], [ 556618.773999999975786, 3035002.234000000171363 ], [ 556618.773999999975786, 3035001.984000000171363 ], [ 556618.373999999952503, 3035001.584000000264496 ], [ 556618.373999999952503, 3035001.53400000045076 ], [ 556618.223999999929219, 3035001.384 ], [ 556618.123999999952503, 3035001.184000000357628 ], [ 556618.123999999952503, 3035000.634 ], [ 556618.174, 3035000.584000000264496 ], [ 556618.174, 3035000.484000000171363 ], [ 556618.273999999975786, 3035000.28400000045076 ], [ 556618.398999999975786, 3035000.15900000045076 ], [ 556618.448999999905936, 3035000.15900000045076 ], [ 556618.598999999929219, 3035000.009 ], [ 556618.648999999975786, 3035000.009 ], [ 556619.198999999905936, 3034999.459000000264496 ], [ 556619.448999999905936, 3034999.459000000264496 ] ] ] } },
{ "type": "Feature", "properties": { "unit_id": "c00010", "method": "watershed", "label": 10 }, "geometry": { "type": "Polygon", "coordinates": [ [ [ 556613.049, 3035027.359000000171363 ], [ 556613.174, 3035027.634000000543892 ], [ 556613.174, 3035027.884000000543892 ], [ 556612.973999999929219, 3035028.28400000045076 ], [ 556612.924, 3035028.684000000357628 ], [ 556612.998999999952503, 3035028.809000000357628 ], [ 556613.473999999929219, 3035029.234000000171363 ], [ 556613.473999999929219, 3035029.28400000045076 ], [ 556613.623999999952503, 3035029.434000000357628 ], [ 556613.674, 3035029.584000000264496 ], [ 556613.924, 3035029.884000000543892 ], [ 556613.973999999929219, 3035030.084000000264496 ], [ 556614.023999999975786, 3035030.134000000543892 ], [ 556614.023999999975786, 3035030.234000000171363 ], [ 556613.973999999929219, 3035030.28400000045076 ], [ 556613.973999999929219, 3035030.934000000357628 ], [ 556613.924, 3035030.984000000171363 ], [ 556613.924, 3035031.084000000264496 ], [ 556613.424, 3035031.53400000045076 ], [ 556613.424, 3035031.734000000171363 ], [ 556613.473999999929219, 3035031.834000000264496 ], [ 556613.823999999905936, 3035032.184000000357628 ], [ 556613.823999999905936, 3035032.28400000045076 ], [ 556613.873999999952503, 3035032.334000000264496 ], [ 556613.823999999905936, 3035032.734000000171363 ], [ 556613.498999999952503, 3035033.209000000264496 ], [ 556613.049, 3035033.609000000171363 ], [ 556612.848999999929219, 3035033.709000000264496 ], [ 556612.723999999929219, 3035033.834000000264496 ], [ 556612.723999999929219, 3035033.884000000543892 ], [ 556612.598999999929219, 3035033.959000000264496 ], [ 556612.098999999929219, 3035034.009000000543892 ], [ 556612.049, 3035034.059000000357628 ], [ 556611.549, 3035034.059000000357628 ], [ 556611.498999999952503, 3035034.009000000543892 ], [ 556610.748999999952503, 3035034.009000000543892 ], [ 556610.723999999929219, 3035033.934000000357628 ], [ 556610.773999999975786, 3035033.884000000543892 ], [ 556610.773999999975786, 3035033.634000000543892 ], [ 556610.723999999929219, 3035033.584000000264496 ], [ 556610.674, 3035033.184000000357628 ], [ 556610.623999999952503, 3035033.134000000543892 ], [ 556610.623999999952503, 3035033.03400000045076 ], [ 556610.674, 3035032.984000000171363 ], [ 556610.674, 3035031.884000000543892 ], [ 556610.623999999952503, 3035031.834000000264496 ], [ 556610.623999999952503, 3035031.384000000543892 ], [ 556610.573999999905936, 3035031.334000000264496 ], [ 556610.573999999905936, 3035031.184000000357628 ], [ 556610.523999999975786, 3035031.084000000264496 ], [ 556610.148999999975786, 3035030.759000000543892 ], [ 556610.073999999905936, 3035030.634000000543892 ], [ 556610.073999999905936, 3035029.78400000045076 ], [ 556610.123999999952503, 3035029.734000000171363 ], [ 556610.174, 3035029.434000000357628 ], [ 556610.273999999975786, 3035029.234000000171363 ], [ 556610.373999999952503, 3035029.134000000543892 ], [ 556610.424, 3035028.984000000171363 ], [ 556610.523999999975786, 3035028.884000000543892 ], [ 556610.523999999975786, 3035028.78400000045076 ], [ 556610.623999999952503, 3035028.634000000543892 ], [ 556610.674, 3035028.384000000543892 ], [ 556610.773999999975786, 3035028.184000000357628 ], [ 556610.873999999952503, 3035028.084000000264496 ], [ 556610.998999999952503, 3035027.759000000543892 ], [ 556611.748999999952503, 3035027.759000000543892 ], [ 556611.823999999905936, 3035027.684000000357628 ], [ 556611.873999999952503, 3035027.53400000045076 ], [ 556612.049, 3035027.359000000171363 ], [ 556613.049, 3035027.359000000171363 ] ] ] } },
{ "type": "Feature", "properties": { "unit_id": "c00011", "method": "watershed", "label": 11 }, "geometry": { "type": "Polygon", "coordinates": [ [ [ 556612.898999999975786, 3034945.609000000171363 ], [ 556613.098999999929219, 3034945.709000000264496 ], [ 556613.498999999952503, 3034946.109000000171363 ], [ 556613.598999999929219, 3034946.109000000171363 ], [ 556613.799, 3034946.259 ], [ 556613.848999999929219, 3034946.259 ], [ 556614.073999999905936, 3034946.53400000045076 ], [ 556614.174, 3034946.734000000171363 ], [ 556614.174, 3034946.834000000264496 ], [ 556614.223999999929219, 3034946.884 ], [ 556614.223999999929219, 3034946.984000000171363 ], [ 556614.273999999975786, 3034947.03400000045076 ], [ 556614.273999999975786, 3034947.334000000264496 ], [ 556614.323999999905936, 3034947.384 ], [ 556614.273999999975786, 3034947.484000000171363 ], [ 556614.273999999975786, 3034947.78400000045076 ], [ 556614.174, 3034947.984000000171363 ], [ 556613.799, 3034948.259 ], [ 556613.748999999952503, 3034948.259 ], [ 556613.573999999905936, 3034948.434000000357628 ], [ 556613.498999999952503, 3034948.609000000171363 ], [ 556611.148999999975786, 3034948.609000000171363 ], [ 556610.973999999929219, 3034948.334000000264496 ], [ 556610.973999999929219, 3034948.184000000357628 ], [ 556610.924, 3034948.134 ], [ 556610.924, 3034947.734000000171363 ], [ 556611.023999999975786, 3034947.53400000045076 ], [ 556611.023999999975786, 3034947.434000000357628 ], [ 556611.073999999905936, 3034947.384 ], [ 556611.073999999905936, 3034947.28400000045076 ], [ 556611.123999999952503, 3034947.234000000171363 ], [ 556611.123999999952503, 3034947.03400000045076 ], [ 556611.174, 3034946.984000000171363 ], [ 556611.174, 3034946.834000000264496 ], [ 556611.223999999929219, 3034946.734000000171363 ], [ 556611.473999999929219, 3034946.434000000357628 ], [ 556611.473999999929219, 3034946.384 ], [ 556611.998999999952503, 3034945.859000000171363 ], [ 556612.049, 3034945.859000000171363 ], [ 556612.299, 3034945.65900000045076 ], [ 556612.398999999975786, 3034945.65900000045076 ], [ 556612.448999999905936, 3034945.609000000171363 ], [ 556612.898999999975786, 3034945.609000000171363 ] ] ] } },
{ "type": "Feature", "properties": { "unit_id": "c00012", "method": "watershed", "label": 12 }, "geometry": { "type": "Polygon", "coordinates": [ [ [ 556635.348999999929219, 3034966.40900000045076 ], [ 556635.549, 3034966.509 ], [ 556636.098999999929219, 3034966.559000000357628 ], [ 556636.174, 3034966.634 ], [ 556636.174, 3034966.78400000045076 ], [ 556636.023999999975786, 3034967.03400000045076 ], [ 556636.023999999975786, 3034967.384 ], [ 556636.074000000022352, 3034967.434000000357628 ], [ 556636.074000000022352, 3034967.584000000264496 ], [ 556636.299, 3034967.859000000171363 ], [ 556636.348999999929219, 3034967.859000000171363 ], [ 556636.498999999952503, 3034968.009 ], [ 556636.549, 3034968.009 ], [ 556636.873999999952503, 3034968.334000000264496 ], [ 556636.924, 3034968.634 ], [ 556636.973999999929219, 3034968.684000000357628 ], [ 556636.973999999929219, 3034968.834000000264496 ], [ 556637.023999999975786, 3034968.884 ], [ 556637.023999999975786, 3034969.184000000357628 ], [ 556636.973999999929219, 3034969.234000000171363 ], [ 556636.973999999929219, 3034969.984000000171363 ], [ 556637.023999999975786, 3034970.03400000045076 ], [ 556637.023999999975786, 3034970.334000000264496 ], [ 556636.973999999929219, 3034970.384 ], [ 556636.973999999929219, 3034970.484000000171363 ], [ 556636.824000000022352, 3034970.684000000357628 ], [ 556636.674, 3034970.984000000171363 ], [ 556636.623999999952503, 3034971.234000000171363 ], [ 556636.424, 3034971.584000000264496 ], [ 556635.998999999952503, 3034972.059000000357628 ], [ 556635.898999999975786, 3034972.059000000357628 ], [ 556635.848999999929219, 3034972.109000000171363 ], [ 556635.648999999975786, 3034972.059000000357628 ], [ 556635.398999999975786, 3034971.859000000171363 ], [ 556635.248999999952503, 3034971.859000000171363 ], [ 556635.199000000022352, 3034971.809000000357628 ], [ 556634.623999999952503, 3034971.78400000045076 ], [ 556634.623999999952503, 3034971.584000000264496 ], [ 556634.824000000022352, 3034971.334000000264496 ], [ 556634.824000000022352, 3034971.234000000171363 ], [ 556634.873999999952503, 3034971.184000000357628 ], [ 556634.873999999952503, 3034970.984000000171363 ], [ 556634.773999999975786, 3034970.78400000045076 ], [ 556634.674, 3034970.684000000357628 ], [ 556634.623999999952503, 3034970.53400000045076 ], [ 556634.523999999975786, 3034970.434000000357628 ], [ 556634.523999999975786, 3034970.384 ], [ 556634.023999999975786, 3034969.834000000264496 ], [ 556633.873999999952503, 3034969.53400000045076 ], [ 556633.873999999952503, 3034968.934000000357628 ], [ 556633.973999999929219, 3034968.734000000171363 ], [ 556634.174, 3034968.484000000171363 ], [ 556634.174, 3034968.434000000357628 ], [ 556634.273999999975786, 3034968.334000000264496 ], [ 556634.273999999975786, 3034968.234000000171363 ], [ 556634.324000000022352, 3034968.184000000357628 ], [ 556634.324000000022352, 3034967.934000000357628 ], [ 556634.373999999952503, 3034967.884 ], [ 556634.373999999952503, 3034967.134 ], [ 556634.424, 3034967.084000000264496 ], [ 556634.424, 3034966.984000000171363 ], [ 556634.523999999975786, 3034966.78400000045076 ], [ 556634.799, 3034966.509 ], [ 556634.998999999952503, 3034966.459000000264496 ], [ 556635.049, 3034966.40900000045076 ], [ 556635.348999999929219, 3034966.40900000045076 ] ] ] } },
{ "type": "Feature", "properties": { "unit_id": "c00013", "method": "watershed", "label": 13 }, "geometry": { "type": "Polygon", "coordinates": [ [ [ 556621.348999999929219, 3034948.359000000171363 ], [ 556622.023999999975786, 3034949.134 ], [ 556622.073999999905936, 3034949.334000000264496 ], [ 556622.123999999952503, 3034949.384 ], [ 556622.123999999952503, 3034949.484000000171363 ], [ 556622.174, 3034949.53400000045076 ], [ 556622.223999999929219, 3034949.934000000357628 ], [ 556622.174, 3034949.984000000171363 ], [ 556622.174, 3034950.084000000264496 ], [ 556622.073999999905936, 3034950.28400000045076 ], [ 556621.998999999952503, 3034950.359000000171363 ], [ 556621.748999999952503, 3034950.459000000264496 ], [ 556621.523999999975786, 3034950.684000000357628 ], [ 556621.424, 3034950.884 ], [ 556621.424, 3034951.03400000045076 ], [ 556621.623999999952503, 3034951.28400000045076 ], [ 556621.723999999929219, 3034951.484000000171363 ], [ 556621.723999999929219, 3034951.584000000264496 ], [ 556621.773999999975786, 3034951.634 ], [ 556621.773999999975786, 3034951.78400000045076 ], [ 556621.823999999905936, 3034951.834000000264496 ], [ 556621.823999999905936, 3034952.03400000045076 ], [ 556621.773999999975786, 3034952.084000000264496 ], [ 556621.773999999975786, 3034952.184000000357628 ], [ 556621.723999999929219, 3034952.28400000045076 ], [ 556621.398999999975786, 3034952.609000000171363 ], [ 556621.348999999929219, 3034952.609000000171363 ], [ 556620.924, 3034953.03400000045076 ], [ 556620.924, 3034953.084000000264496 ], [ 556620.773999999975786, 3034953.28400000045076 ], [ 556620.648999999975786, 3034953.309000000357628 ], [ 556620.348999999929219, 3034953.109000000171363 ], [ 556620.049, 3034953.059000000357628 ], [ 556619.998999999952503, 3034953.009 ], [ 556619.598999999929219, 3034952.90900000045076 ], [ 556619.424, 3034952.78400000045076 ], [ 556619.073999999905936, 3034952.434000000357628 ], [ 556619.073999999905936, 3034952.384 ], [ 556618.973999999929219, 3034952.28400000045076 ], [ 556618.924, 3034952.084000000264496 ], [ 556618.873999999952503, 3034952.03400000045076 ], [ 556618.873999999952503, 3034951.684000000357628 ], [ 556618.924, 3034951.634 ], [ 556618.924, 3034951.53400000045076 ], [ 556619.023999999975786, 3034951.334000000264496 ], [ 556619.073999999905936, 3034951.03400000045076 ], [ 556619.023999999975786, 3034950.984000000171363 ], [ 556619.023999999975786, 3034950.834000000264496 ], [ 556618.924, 3034950.634 ], [ 556618.823999999905936, 3034950.53400000045076 ], [ 556618.723999999929219, 3034950.28400000045076 ], [ 556618.623999999952503, 3034950.184000000357628 ], [ 556618.573999999905936, 3034949.934000000357628 ], [ 556618.523999999975786, 3034949.884 ], [ 556618.523999999975786, 3034949.634 ], [ 556618.573999999905936, 3034949.584000000264496 ], [ 556618.623999999952503, 3034949.28400000045076 ], [ 556618.723999999929219, 3034949.134 ], [ 556618.723999999929219, 3034949.03400000045076 ], [ 556618.823999999905936, 3034948.884 ], [ 556618.848999999929219, 3034948.609000000171363 ], [ 556620.398999999975786, 3034948.609000000171363 ], [ 556620.799, 3034948.40900000045076 ], [ 556621.198999999905936, 3034948.40900000045076 ], [ 556621.248999999952503, 3034948.359000000171363 ], [ 556621.348999999929219, 3034948.359000000171363 ] ] ] } },
{ "type": "Feature", "properties": { "unit_id": "c00014", "method": "watershed", "label": 14 }, "geometry": { "type": "Polygon", "coordinates": [ [ [ 556619.948999999905936, 3034921.059000000357628 ], [ 556619.998999999952503, 3034921.109000000171363 ], [ 556620.648999999975786, 3034921.109000000171363 ], [ 556620.698999999905936, 3034921.15900000045076 ], [ 556620.799, 3034921.15900000045076 ], [ 556620.823999999905936, 3034921.28400000045076 ], [ 556621.348999999929219, 3034921.809000000357628 ], [ 556621.549, 3034921.90900000045076 ], [ 556621.723999999929219, 3034922.134 ], [ 556621.773999999975786, 3034922.334000000264496 ], [ 556621.823999999905936, 3034922.384 ], [ 556621.823999999905936, 3034922.484000000171363 ], [ 556621.873999999952503, 3034922.53400000045076 ], [ 556621.873999999952503, 3034922.634 ], [ 556621.924, 3034922.684000000357628 ], [ 556621.924, 3034922.78400000045076 ], [ 556621.973999999929219, 3034922.834000000264496 ], [ 556621.973999999929219, 3034923.134 ], [ 556621.773999999975786, 3034923.484000000171363 ], [ 556621.549, 3034923.709000000264496 ], [ 556621.448999999905936, 3034923.709000000264496 ], [ 556621.398999999975786, 3034923.759 ], [ 556620.848999999929219, 3034923.759 ], [ 556620.448999999905936, 3034923.509 ], [ 556620.299, 3034923.509 ], [ 556619.848999999929219, 3034923.759 ], [ 556619.549, 3034923.809000000357628 ], [ 556619.248999999952503, 3034923.65900000045076 ], [ 556618.773999999975786, 3034923.134 ], [ 556618.723999999929219, 3034923.03400000045076 ], [ 556618.723999999929219, 3034922.584000000264496 ], [ 556618.823999999905936, 3034922.434000000357628 ], [ 556618.873999999952503, 3034922.184000000357628 ], [ 556618.924, 3034922.134 ], [ 556618.924, 3034921.934000000357628 ], [ 556618.973999999929219, 3034921.884 ], [ 556618.973999999929219, 3034921.78400000045076 ], [ 556619.023999999975786, 3034921.734000000171363 ], [ 556619.073999999905936, 3034921.53400000045076 ], [ 556619.448999999905936, 3034921.059000000357628 ], [ 556619.948999999905936, 3034921.059000000357628 ] ] ] } },
{ "type": "Feature", "properties": { "unit_id": "c00015", "method": "watershed", "label": 15 }, "geometry": { "type": "Polygon", "coordinates": [ [ [ 556612.998999999952503, 3035043.509000000543892 ], [ 556613.023999999975786, 3035043.584000000264496 ], [ 556613.398999999975786, 3035043.959000000264496 ], [ 556613.799, 3035044.109000000171363 ], [ 556614.073999999905936, 3035044.384000000543892 ], [ 556614.073999999905936, 3035044.484000000171363 ], [ 556614.123999999952503, 3035044.53400000045076 ], [ 556614.123999999952503, 3035044.984000000171363 ], [ 556614.073999999905936, 3035045.03400000045076 ], [ 556614.073999999905936, 3035045.434000000357628 ], [ 556614.023999999975786, 3035045.484000000171363 ], [ 556613.973999999929219, 3035045.684000000357628 ], [ 556613.549, 3035046.109000000171363 ], [ 556612.348999999929219, 3035046.109000000171363 ], [ 556611.748999999952503, 3035046.40900000045076 ], [ 556610.549, 3035046.40900000045076 ], [ 556610.473999999929219, 3035046.334000000264496 ], [ 556610.473999999929219, 3035046.234000000171363 ], [ 556610.373999999952503, 3035046.03400000045076 ], [ 556610.123999999952503, 3035045.734000000171363 ], [ 556610.123999999952503, 3035045.634000000543892 ], [ 556610.073999999905936, 3035045.584000000264496 ], [ 556610.073999999905936, 3035045.28400000045076 ], [ 556610.123999999952503, 3035045.234000000171363 ], [ 556610.123999999952503, 3035045.084000000264496 ], [ 556610.223999999929219, 3035044.884000000543892 ], [ 556610.623999999952503, 3035044.384000000543892 ], [ 556610.674, 3035044.184000000357628 ], [ 556610.823999999905936, 3035043.884000000543892 ], [ 556611.248999999952503, 3035043.509000000543892 ], [ 556612.998999999952503, 3035043.509000000543892 ] ] ] } },
{ "type": "Feature", "properties": { "unit_id": "c00016", "method": "watershed", "label": 16 }, "geometry": { "type": "Polygon", "coordinates": [ [ [ 556636.748999999952503, 3034934.009 ], [ 556636.898999999975786, 3034934.15900000045076 ], [ 556637.199000000022352, 3034934.209000000264496 ], [ 556637.273999999975786, 3034934.334000000264496 ], [ 556637.174, 3034934.78400000045076 ], [ 556637.273999999975786, 3034934.984000000171363 ], [ 556637.473999999929219, 3034935.184000000357628 ], [ 556637.473999999929219, 3034935.78400000045076 ], [ 556637.424, 3034935.884 ], [ 556637.199000000022352, 3034936.109000000171363 ], [ 556637.148999999975786, 3034936.109000000171363 ], [ 556636.848999999929219, 3034936.359000000171363 ], [ 556636.549, 3034936.509 ], [ 556636.449000000022352, 3034936.509 ], [ 556636.199000000022352, 3034936.65900000045076 ], [ 556636.098999999929219, 3034936.65900000045076 ], [ 556636.049, 3034936.709000000264496 ], [ 556635.699000000022352, 3034936.65900000045076 ], [ 556635.498999999952503, 3034936.509 ], [ 556635.398999999975786, 3034936.509 ], [ 556635.348999999929219, 3034936.459000000264496 ], [ 556634.998999999952503, 3034936.459000000264496 ], [ 556634.799, 3034936.359000000171363 ], [ 556634.623999999952503, 3034936.184000000357628 ], [ 556634.623999999952503, 3034936.134 ], [ 556634.223999999929219, 3034935.634 ], [ 556634.223999999929219, 3034935.53400000045076 ], [ 556634.123999999952503, 3034935.384 ], [ 556634.074000000022352, 3034935.134 ], [ 556634.023999999975786, 3034935.084000000264496 ], [ 556634.023999999975786, 3034934.734000000171363 ], [ 556634.373999999952503, 3034934.03400000045076 ], [ 556636.748999999952503, 3034934.009 ] ] ] } },
{ "type": "Feature", "properties": { "unit_id": "c00017", "method": "watershed", "label": 17 }, "geometry": { "type": "Polygon", "coordinates": [ [ [ 556611.998999999952503, 3034950.65900000045076 ], [ 556612.248999999952503, 3034950.809000000357628 ], [ 556612.799, 3034950.809000000357628 ], [ 556612.823999999905936, 3034950.884 ], [ 556612.998999999952503, 3034951.059000000357628 ], [ 556613.098999999929219, 3034951.109000000171363 ], [ 556613.398999999975786, 3034951.109000000171363 ], [ 556613.448999999905936, 3034951.15900000045076 ], [ 556613.549, 3034951.15900000045076 ], [ 556613.748999999952503, 3034951.309000000357628 ], [ 556613.799, 3034951.309000000357628 ], [ 556614.073999999905936, 3034951.584000000264496 ], [ 556614.123999999952503, 3034951.684000000357628 ], [ 556614.123999999952503, 3034951.984000000171363 ], [ 556614.023999999975786, 3034952.184000000357628 ], [ 556613.799, 3034952.40900000045076 ], [ 556613.598999999929219, 3034952.509 ], [ 556613.498999999952503, 3034952.509 ], [ 556613.448999999905936, 3034952.559000000357628 ], [ 556613.248999999952503, 3034952.559000000357628 ], [ 556613.198999999905936, 3034952.509 ], [ 556612.748999999952503, 3034952.509 ], [ 556612.674, 3034952.634 ], [ 556612.674, 3034952.734000000171363 ], [ 556612.848999999929219, 3034952.90900000045076 ], [ 556613.049, 3034953.009 ], [ 556613.148999999975786, 3034953.009 ], [ 556613.299, 3034953.109000000171363 ], [ 556613.398999999975786, 3034953.109000000171363 ], [ 556613.549, 3034953.209000000264496 ], [ 556613.648999999975786, 3034953.209000000264496 ], [ 556613.799, 3034953.309000000357628 ], [ 556613.998999999952503, 3034953.359000000171363 ], [ 556614.273999999975786, 3034953.634 ], [ 556614.473999999929219, 3034954.134 ], [ 556614.598999999929219, 3034954.309000000357628 ], [ 556614.648999999975786, 3034954.309000000357628 ], [ 556614.723999999929219, 3034954.384 ], [ 556614.823999999905936, 3034954.584000000264496 ], [ 556614.773999999975786, 3034954.634 ], [ 556614.723999999929219, 3034954.834000000264496 ], [ 556614.473999999929219, 3034955.134 ], [ 556614.473999999929219, 3034955.184000000357628 ], [ 556614.049, 3034955.609000000171363 ], [ 556613.848999999929219, 3034955.709000000264496 ], [ 556613.748999999952503, 3034955.709000000264496 ], [ 556613.473999999929219, 3034955.884 ], [ 556613.473999999929219, 3034956.134 ], [ 556613.623999999952503, 3034956.334000000264496 ], [ 556613.598999999929219, 3034956.40900000045076 ], [ 556612.698999999905936, 3034956.40900000045076 ], [ 556612.648999999975786, 3034956.459000000264496 ], [ 556611.098999999929219, 3034956.459000000264496 ], [ 556611.073999999905936, 3034956.03400000045076 ], [ 556611.023999999975786, 3034955.984000000171363 ], [ 556611.023999999975786, 3034955.884 ], [ 556610.674, 3034955.434000000357628 ], [ 556610.623999999952503, 3034955.234000000171363 ], [ 556610.573999999905936, 3034955.184000000357628 ], [ 556610.573999999905936, 3034954.584000000264496 ], [ 556610.623999999952503, 3034954.53400000045076 ], [ 556610.723999999929219, 3034954.134 ], [ 556610.873999999952503, 3034953.934000000357628 ], [ 556610.873999999952503, 3034953.884 ], [ 556611.373999999952503, 3034953.384 ], [ 556611.523999999975786, 3034953.084000000264496 ], [ 556611.523999999975786, 3034952.984000000171363 ], [ 556611.573999999905936, 3034952.934000000357628 ], [ 556611.573999999905936, 3034952.334000000264496 ], [ 556611.523999999975786, 3034952.28400000045076 ], [ 556611.523999999975786, 3034951.934000000357628 ], [ 556611.473999999929219, 3034951.884 ], [ 556611.473999999929219, 3034951.734000000171363 ], [ 556611.523999999975786, 3034951.684000000357628 ], [ 556611.523999999975786, 3034951.484000000171363 ], [ 556611.573999999905936, 3034951.434000000357628 ], [ 556611.573999999905936, 3034951.28400000045076 ], [ 556611.623999999952503, 3034951.234000000171363 ], [ 556611.623999999952503, 3034950.934000000357628 ], [ 556611.573999999905936, 3034950.884 ], [ 556611.573999999905936, 3034950.734000000171363 ], [ 556611.523999999975786, 3034950.684000000357628 ], [ 556611.998999999952503, 3034950.65900000045076 ] ] ] } },
{ "type": "Feature", "properties": { "unit_id": "c00018", "method": "watershed", "label": 18 }, "geometry": { "type": "Polygon", "coordinates": [ [ [ 556620.098999999929219, 3034928.709000000264496 ], [ 556620.148999999975786, 3034928.759 ], [ 556620.299, 3034928.759 ], [ 556620.348999999929219, 3034928.809000000357628 ], [ 556620.799, 3034928.809000000357628 ], [ 556620.848999999929219, 3034928.859000000171363 ], [ 556621.198999999905936, 3034928.859000000171363 ], [ 556621.223999999929219, 3034928.984000000171363 ], [ 556621.174, 3034929.084000000264496 ], [ 556621.223999999929219, 3034929.134 ], [ 556621.223999999929219, 3034929.234000000171363 ], [ 556621.448999999905936, 3034929.459000000264496 ], [ 556621.648999999975786, 3034929.559000000357628 ], [ 556621.973999999929219, 3034929.884 ], [ 556621.973999999929219, 3034929.934000000357628 ], [ 556622.223999999929219, 3034930.28400000045076 ], [ 556622.223999999929219, 3034930.53400000045076 ], [ 556622.174, 3034930.634 ], [ 556622.049, 3034930.759 ], [ 556621.648999999975786, 3034930.959000000264496 ], [ 556621.323999999905936, 3034931.28400000045076 ], [ 556621.323999999905936, 3034931.334000000264496 ], [ 556621.223999999929219, 3034931.434000000357628 ], [ 556621.174, 3034931.734000000171363 ], [ 556621.424, 3034932.234000000171363 ], [ 556621.573999999905936, 3034932.434000000357628 ], [ 556621.573999999905936, 3034932.734000000171363 ], [ 556621.373999999952503, 3034932.984000000171363 ], [ 556621.223999999929219, 3034933.28400000045076 ], [ 556621.223999999929219, 3034933.384 ], [ 556621.049, 3034933.709000000264496 ], [ 556619.848999999929219, 3034933.709000000264496 ], [ 556619.823999999905936, 3034933.584000000264496 ], [ 556619.648999999975786, 3034933.40900000045076 ], [ 556619.549, 3034933.40900000045076 ], [ 556619.348999999929219, 3034933.309000000357628 ], [ 556619.123999999952503, 3034933.084000000264496 ], [ 556619.073999999905936, 3034932.884 ], [ 556619.023999999975786, 3034932.834000000264496 ], [ 556619.023999999975786, 3034932.584000000264496 ], [ 556618.973999999929219, 3034932.53400000045076 ], [ 556618.973999999929219, 3034931.584000000264496 ], [ 556618.924, 3034931.53400000045076 ], [ 556618.873999999952503, 3034931.234000000171363 ], [ 556618.623999999952503, 3034930.78400000045076 ], [ 556618.623999999952503, 3034930.634 ], [ 556618.573999999905936, 3034930.584000000264496 ], [ 556618.623999999952503, 3034930.484000000171363 ], [ 556618.623999999952503, 3034930.28400000045076 ], [ 556618.873999999952503, 3034929.78400000045076 ], [ 556619.023999999975786, 3034929.634 ], [ 556619.023999999975786, 3034929.584000000264496 ], [ 556619.898999999975786, 3034928.709000000264496 ], [ 556620.098999999929219, 3034928.709000000264496 ] ] ] } },
{ "type": "Feature", "properties": { "unit_id": "c00019", "method": "watershed", "label": 19 }, "geometry": { "type": "Polygon", "coordinates": [ [ [ 556620.398999999975786, 3034914.40900000045076 ], [ 556620.598999999929219, 3034914.559000000357628 ], [ 556620.648999999975786, 3034914.559000000357628 ], [ 556620.848999999929219, 3034914.759 ], [ 556620.898999999975786, 3034914.759 ], [ 556621.073999999905936, 3034914.934000000357628 ], [ 556621.073999999905936, 3034915.03400000045076 ], [ 556621.123999999952503, 3034915.084000000264496 ], [ 556621.123999999952503, 3034915.584000000264496 ], [ 556621.073999999905936, 3034915.634 ], [ 556621.073999999905936, 3034915.734000000171363 ], [ 556620.898999999975786, 3034915.959000000264496 ], [ 556620.748999999952503, 3034916.009 ], [ 556620.623999999952503, 3034916.134 ], [ 556620.623999999952503, 3034916.234000000171363 ], [ 556620.698999999905936, 3034916.309000000357628 ], [ 556620.998999999952503, 3034916.359000000171363 ], [ 556621.049, 3034916.40900000045076 ], [ 556621.198999999905936, 3034916.40900000045076 ], [ 556621.248999999952503, 3034916.459000000264496 ], [ 556621.348999999929219, 3034916.459000000264496 ], [ 556621.549, 3034916.559000000357628 ], [ 556621.873999999952503, 3034916.884 ], [ 556621.973999999929219, 3034917.084000000264496 ], [ 556621.973999999929219, 3034917.484000000171363 ], [ 556622.023999999975786, 3034917.53400000045076 ], [ 556622.023999999975786, 3034917.684000000357628 ], [ 556622.073999999905936, 3034917.734000000171363 ], [ 556622.073999999905936, 3034918.384 ], [ 556621.973999999929219, 3034918.584000000264496 ], [ 556621.973999999929219, 3034918.684000000357628 ], [ 556621.823999999905936, 3034918.884 ], [ 556621.823999999905936, 3034918.934000000357628 ], [ 556621.373999999952503, 3034919.28400000045076 ], [ 556621.273999999975786, 3034919.484000000171363 ], [ 556621.273999999975786, 3034919.734000000171363 ], [ 556621.323999999905936, 3034919.78400000045076 ], [ 556621.373999999952503, 3034920.03400000045076 ], [ 556621.424, 3034920.084000000264496 ], [ 556621.424, 3034920.634 ], [ 556621.373999999952503, 3034920.684000000357628 ], [ 556621.373999999952503, 3034920.834000000264496 ], [ 556621.198999999905936, 3034921.009 ], [ 556620.998999999952503, 3034921.109000000171363 ], [ 556620.898999999975786, 3034921.109000000171363 ], [ 556620.848999999929219, 3034921.15900000045076 ], [ 556620.698999999905936, 3034921.15900000045076 ], [ 556620.648999999975786, 3034921.109000000171363 ], [ 556619.998999999952503, 3034921.109000000171363 ], [ 556619.948999999905936, 3034921.059000000357628 ], [ 556619.424, 3034921.03400000045076 ], [ 556619.473999999929219, 3034920.984000000171363 ], [ 556619.473999999929219, 3034920.834000000264496 ], [ 556619.523999999975786, 3034920.78400000045076 ], [ 556619.523999999975786, 3034920.184000000357628 ], [ 556619.573999999905936, 3034920.134 ], [ 556619.573999999905936, 3034919.884 ], [ 556619.773999999975786, 3034919.484000000171363 ], [ 556619.773999999975786, 3034919.234000000171363 ], [ 556619.698999999905936, 3034919.109000000171363 ], [ 556619.498999999952503, 3034918.959000000264496 ], [ 556619.398999999975786, 3034918.959000000264496 ], [ 556619.248999999952503, 3034918.859000000171363 ], [ 556619.148999999975786, 3034918.859000000171363 ], [ 556619.023999999975786, 3034918.734000000171363 ], [ 556618.773999999975786, 3034918.484000000171363 ], [ 556618.523999999975786, 3034917.984000000171363 ], [ 556618.523999999975786, 3034917.53400000045076 ], [ 556618.573999999905936, 3034917.484000000171363 ], [ 556618.573999999905936, 3034917.384 ], [ 556618.723999999929219, 3034917.084000000264496 ], [ 556618.973999999929219, 3034916.78400000045076 ], [ 556618.973999999929219, 3034916.734000000171363 ], [ 556619.424, 3034916.28400000045076 ], [ 556619.473999999929219, 3034916.184000000357628 ], [ 556619.473999999929219, 3034915.28400000045076 ], [ 556619.523999999975786, 3034915.234000000171363 ], [ 556619.523999999975786, 3034915.084000000264496 ], [ 556619.573999999905936, 3034915.03400000045076 ], [ 556619.623999999952503, 3034914.834000000264496 ], [ 556619.823999999905936, 3034914.584000000264496 ], [ 556619.998999999952503, 3034914.459000000264496 ], [ 556620.098999999929219, 3034914.40900000045076 ], [ 556620.398999999975786, 3034914.40900000045076 ] ] ] } },
{ "type": "Feature", "properties": { "unit_id": "c00020", "method": "watershed", "label": 20 }, "geometry": { "type": "Polygon", "coordinates": [ [ [ 556620.098999999929219, 3035016.90900000045076 ], [ 556620.148999999975786, 3035016.959000000264496 ], [ 556620.299, 3035016.959000000264496 ], [ 556620.448999999905936, 3035017.059000000357628 ], [ 556620.549, 3035017.059000000357628 ], [ 556620.948999999905936, 3035017.259 ], [ 556621.273999999975786, 3035017.584000000264496 ], [ 556621.273999999975786, 3035017.684000000357628 ], [ 556621.373999999952503, 3035017.884 ], [ 556621.373999999952503, 3035018.134000000543892 ], [ 556621.424, 3035018.184000000357628 ], [ 556621.424, 3035018.334000000264496 ], [ 556621.473999999929219, 3035018.384000000543892 ], [ 556621.473999999929219, 3035018.734000000171363 ], [ 556621.273999999975786, 3035019.134000000543892 ], [ 556621.273999999975786, 3035019.234000000171363 ], [ 556621.174, 3035019.384000000543892 ], [ 556621.174, 3035019.584000000264496 ], [ 556621.123999999952503, 3035019.634000000543892 ], [ 556621.174, 3035019.734000000171363 ], [ 556621.223999999929219, 3035020.134000000543892 ], [ 556621.323999999905936, 3035020.334000000264496 ], [ 556621.323999999905936, 3035020.584000000264496 ], [ 556621.373999999952503, 3035020.634000000543892 ], [ 556621.373999999952503, 3035021.434000000357628 ], [ 556621.323999999905936, 3035021.53400000045076 ], [ 556620.898999999975786, 3035021.959000000264496 ], [ 556620.198999999905936, 3035021.959000000264496 ], [ 556620.148999999975786, 3035021.90900000045076 ], [ 556619.549, 3035021.859000000171363 ], [ 556619.498999999952503, 3035021.90900000045076 ], [ 556618.898999999975786, 3035021.90900000045076 ], [ 556618.698999999905936, 3035022.059000000357628 ], [ 556618.424, 3035021.834000000264496 ], [ 556618.223999999929219, 3035021.584000000264496 ], [ 556618.174, 3035021.434000000357628 ], [ 556618.023999999975786, 3035021.234000000171363 ], [ 556617.973999999929219, 3035020.934000000357628 ], [ 556617.924, 3035020.884000000543892 ], [ 556617.924, 3035020.28400000045076 ], [ 556617.973999999929219, 3035020.234000000171363 ], [ 556617.973999999929219, 3035020.084000000264496 ], [ 556618.123999999952503, 3035019.78400000045076 ], [ 556618.123999999952503, 3035019.684000000357628 ], [ 556618.424, 3035019.084000000264496 ], [ 556618.424, 3035018.28400000045076 ], [ 556618.373999999952503, 3035018.234000000171363 ], [ 556618.373999999952503, 3035017.884 ], [ 556618.523999999975786, 3035017.584000000264496 ], [ 556618.848999999929219, 3035017.259 ], [ 556619.148999999975786, 3035017.109000000171363 ], [ 556619.248999999952503, 3035017.109000000171363 ], [ 556619.448999999905936, 3035017.009 ], [ 556619.598999999929219, 3035017.009 ], [ 556619.799, 3035016.90900000045076 ], [ 556620.098999999929219, 3035016.90900000045076 ] ] ] } },
{ "type": "Feature", "properties": { "unit_id": "c00021", "method": "watershed", "label": 21 }, "geometry": { "type": "Polygon", "coordinates": [ [ [ 556612.148999999975786, 3034991.959000000264496 ], [ 556612.198999999905936, 3034992.009 ], [ 556612.398999999975786, 3034992.009 ], [ 556612.448999999905936, 3034992.059000000357628 ], [ 556612.998999999952503, 3034992.059000000357628 ], [ 556613.023999999975786, 3034992.234000000171363 ], [ 556613.148999999975786, 3034992.359000000171363 ], [ 556613.248999999952503, 3034992.40900000045076 ], [ 556613.398999999975786, 3034992.40900000045076 ], [ 556613.448999999905936, 3034992.459000000264496 ], [ 556613.698999999905936, 3034992.459000000264496 ], [ 556613.748999999952503, 3034992.509 ], [ 556613.948999999905936, 3034992.559000000357628 ], [ 556614.424, 3034993.03400000045076 ], [ 556614.424, 3034993.084000000264496 ], [ 556614.573999999905936, 3034993.234000000171363 ], [ 556614.573999999905936, 3034993.28400000045076 ], [ 556614.723999999929219, 3034993.484000000171363 ], [ 556614.723999999929219, 3034993.78400000045076 ], [ 556614.623999999952503, 3034993.984000000171363 ], [ 556614.523999999975786, 3034994.084000000264496 ], [ 556614.424, 3034994.334000000264496 ], [ 556614.248999999952503, 3034994.559000000357628 ], [ 556613.924, 3034994.834000000264496 ], [ 556613.924, 3034994.884 ], [ 556613.723999999929219, 3034995.134 ], [ 556613.773999999975786, 3034995.434000000357628 ], [ 556613.873999999952503, 3034995.53400000045076 ], [ 556614.023999999975786, 3034995.834000000264496 ], [ 556614.023999999975786, 3034996.134 ], [ 556613.973999999929219, 3034996.234000000171363 ], [ 556613.698999999905936, 3034996.509 ], [ 556613.648999999975786, 3034996.509 ], [ 556613.448999999905936, 3034996.709000000264496 ], [ 556613.398999999975786, 3034996.709000000264496 ], [ 556613.098999999929219, 3034997.059000000357628 ], [ 556612.898999999975786, 3034997.15900000045076 ], [ 556612.799, 3034997.15900000045076 ], [ 556612.748999999952503, 3034997.209000000264496 ], [ 556612.648999999975786, 3034997.209000000264496 ], [ 556612.598999999929219, 3034997.259 ], [ 556612.398999999975786, 3034997.259 ], [ 556612.348999999929219, 3034997.309000000357628 ], [ 556611.998999999952503, 3034997.309000000357628 ], [ 556611.799, 3034997.209000000264496 ], [ 556611.698999999905936, 3034997.209000000264496 ], [ 556611.248999999952503, 3034996.959000000264496 ], [ 556611.098999999929219, 3034996.809000000357628 ], [ 556611.049, 3034996.809000000357628 ], [ 556610.924, 3034996.634 ], [ 556610.823999999905936, 3034996.434000000357628 ], [ 556610.773999999975786, 3034996.184000000357628 ], [ 556610.723999999929219, 3034996.134 ], [ 556610.723999999929219, 3034994.834000000264496 ], [ 556610.773999999975786, 3034994.78400000045076 ], [ 556610.773999999975786, 3034994.584000000264496 ], [ 556610.823999999905936, 3034994.53400000045076 ], [ 556610.823999999905936, 3034994.084000000264496 ], [ 556610.773999999975786, 3034994.03400000045076 ], [ 556610.773999999975786, 3034993.834000000264496 ], [ 556610.723999999929219, 3034993.78400000045076 ], [ 556610.723999999929219, 3034993.484000000171363 ], [ 556610.773999999975786, 3034993.434000000357628 ], [ 556610.773999999975786, 3034993.28400000045076 ], [ 556610.973999999929219, 3034992.934000000357628 ], [ 556611.073999999905936, 3034992.834000000264496 ], [ 556611.073999999905936, 3034992.78400000045076 ], [ 556611.174, 3034992.684000000357628 ], [ 556611.174, 3034992.634 ], [ 556611.273999999975786, 3034992.53400000045076 ], [ 556611.273999999975786, 3034992.484000000171363 ], [ 556611.373999999952503, 3034992.384 ], [ 556611.424, 3034992.28400000045076 ], [ 556611.448999999905936, 3034991.959000000264496 ], [ 556612.148999999975786, 3034991.959000000264496 ] ] ] } },
{ "type": "Feature", "properties": { "unit_id": "c00022", "method": "watershed", "label": 22 }, "geometry": { "type": "Polygon", "coordinates": [ [ [ 556618.648999999975786, 3035053.009000000543892 ], [ 556618.698999999905936, 3035053.059000000357628 ], [ 556618.898999999975786, 3035053.059000000357628 ], [ 556618.948999999905936, 3035053.109000000171363 ], [ 556619.348999999929219, 3035053.109000000171363 ], [ 556619.398999999975786, 3035053.15900000045076 ], [ 556619.799, 3035053.15900000045076 ], [ 556619.848999999929219, 3035053.209000000264496 ], [ 556621.198999999905936, 3035053.209000000264496 ], [ 556621.498999999952503, 3035053.059000000357628 ], [ 556621.748999999952503, 3035053.059000000357628 ], [ 556621.998999999952503, 3035053.209000000264496 ], [ 556622.148999999975786, 3035053.209000000264496 ], [ 556622.198999999905936, 3035053.259000000543892 ], [ 556622.748999999952503, 3035053.259000000543892 ], [ 556622.799, 3035053.309000000357628 ], [ 556622.998999999952503, 3035053.309000000357628 ], [ 556623.323999999905936, 3035053.53400000045076 ], [ 556623.473999999929219, 3035053.834000000264496 ], [ 556623.473999999929219, 3035054.734000000171363 ], [ 556623.424, 3035054.78400000045076 ], [ 556623.424, 3035054.984000000171363 ], [ 556623.248999999952503, 3035055.259000000543892 ], [ 556623.198999999905936, 3035055.259000000543892 ], [ 556623.049, 3035055.40900000045076 ], [ 556622.848999999929219, 3035055.459000000264496 ], [ 556622.799, 3035055.509000000543892 ], [ 556622.549, 3035055.509000000543892 ], [ 556622.498999999952503, 3035055.559000000357628 ], [ 556622.049, 3035055.559000000357628 ], [ 556621.998999999952503, 3035055.609000000171363 ], [ 556621.848999999929219, 3035055.609000000171363 ], [ 556621.799, 3035055.65900000045076 ], [ 556621.448999999905936, 3035055.65900000045076 ], [ 556621.398999999975786, 3035055.709000000264496 ], [ 556621.098999999929219, 3035055.709000000264496 ], [ 556621.049, 3035055.759000000543892 ], [ 556620.549, 3035055.759000000543892 ], [ 556620.498999999952503, 3035055.709000000264496 ], [ 556620.248999999952503, 3035055.65900000045076 ], [ 556620.198999999905936, 3035055.609000000171363 ], [ 556619.998999999952503, 3035055.609000000171363 ], [ 556619.948999999905936, 3035055.559000000357628 ], [ 556619.398999999975786, 3035055.559000000357628 ], [ 556619.348999999929219, 3035055.509000000543892 ], [ 556618.998999999952503, 3035055.509000000543892 ], [ 556618.948999999905936, 3035055.459000000264496 ], [ 556618.148999999975786, 3035055.459000000264496 ], [ 556618.098999999929219, 3035055.509000000543892 ], [ 556617.998999999952503, 3035055.509000000543892 ], [ 556617.948999999905936, 3035055.459000000264496 ], [ 556617.498999999952503, 3035055.459000000264496 ], [ 556617.448999999905936, 3035055.40900000045076 ], [ 556617.248999999952503, 3035055.40900000045076 ], [ 556617.049, 3035055.309000000357628 ], [ 556616.773999999975786, 3035054.984000000171363 ], [ 556616.623999999952503, 3035054.684000000357628 ], [ 556616.623999999952503, 3035054.584000000264496 ], [ 556616.573999999905936, 3035054.53400000045076 ], [ 556616.623999999952503, 3035054.134000000543892 ], [ 556616.973999999929219, 3035053.434000000357628 ], [ 556617.123999999952503, 3035053.28400000045076 ], [ 556617.148999999975786, 3035053.209000000264496 ], [ 556617.549, 3035053.009000000543892 ], [ 556618.648999999975786, 3035053.009000000543892 ] ] ] } },
{ "type": "Feature", "properties": { "unit_id": "c00023", "method": "watershed", "label": 23 }, "geometry": { "type": "Polygon", "coordinates": [ [ [ 556635.449000000022352, 3035027.009000000543892 ], [ 556635.748999999952503, 3035027.15900000045076 ], [ 556635.848999999929219, 3035027.15900000045076 ], [ 556635.998999999952503, 3035027.259000000543892 ], [ 556636.098999999929219, 3035027.259000000543892 ], [ 556636.148999999975786, 3035027.309000000357628 ], [ 556636.348999999929219, 3035027.359000000171363 ], [ 556636.473999999929219, 3035027.484000000171363 ], [ 556636.473999999929219, 3035027.584000000264496 ], [ 556636.574000000022352, 3035027.78400000045076 ], [ 556636.574000000022352, 3035027.934000000357628 ], [ 556636.623999999952503, 3035027.984000000171363 ], [ 556636.623999999952503, 3035028.28400000045076 ], [ 556636.574000000022352, 3035028.334000000264496 ], [ 556636.574000000022352, 3035028.434000000357628 ], [ 556636.273999999975786, 3035028.834000000264496 ], [ 556636.174, 3035029.03400000045076 ], [ 556636.174, 3035029.134000000543892 ], [ 556636.123999999952503, 3035029.184000000357628 ], [ 556636.123999999952503, 3035029.53400000045076 ], [ 556636.174, 3035029.584000000264496 ], [ 556636.223999999929219, 3035029.984000000171363 ], [ 556636.273999999975786, 3035030.03400000045076 ], [ 556636.223999999929219, 3035030.334000000264496 ], [ 556635.949000000022352, 3035030.65900000045076 ], [ 556635.748999999952503, 3035030.759000000543892 ], [ 556635.498999999952503, 3035030.759000000543892 ], [ 556635.398999999975786, 3035030.709000000264496 ], [ 556634.973999999929219, 3035030.28400000045076 ], [ 556634.973999999929219, 3035030.184000000357628 ], [ 556634.924, 3035030.134000000543892 ], [ 556634.973999999929219, 3035030.084000000264496 ], [ 556634.973999999929219, 3035029.984000000171363 ], [ 556635.174, 3035029.734000000171363 ], [ 556635.174, 3035029.634000000543892 ], [ 556635.223999999929219, 3035029.584000000264496 ], [ 556635.223999999929219, 3035029.384000000543892 ], [ 556635.174, 3035029.334000000264496 ], [ 556635.174, 3035029.234000000171363 ], [ 556635.123999999952503, 3035029.134000000543892 ], [ 556634.848999999929219, 3035028.859000000171363 ], [ 556634.648999999975786, 3035028.759000000543892 ], [ 556634.324000000022352, 3035028.434000000357628 ], [ 556634.174, 3035028.134000000543892 ], [ 556634.174, 3035027.934000000357628 ], [ 556634.223999999929219, 3035027.884000000543892 ], [ 556634.223999999929219, 3035027.78400000045076 ], [ 556634.324000000022352, 3035027.684000000357628 ], [ 556634.324000000022352, 3035027.634000000543892 ], [ 556634.648999999975786, 3035027.309000000357628 ], [ 556634.699000000022352, 3035027.309000000357628 ], [ 556634.848999999929219, 3035027.15900000045076 ], [ 556635.148999999975786, 3035027.009000000543892 ], [ 556635.449000000022352, 3035027.009000000543892 ] ] ] } },
{ "type": "Feature", "properties": { "unit_id": "c00024", "method": "watershed", "label": 24 }, "geometry": { "type": "Polygon", "coordinates": [ [ [ 556635.699000000022352, 3035021.709000000264496 ], [ 556635.748999999952503, 3035021.759000000543892 ], [ 556635.848999999929219, 3035021.759000000543892 ], [ 556635.973999999929219, 3035021.884000000543892 ], [ 556636.023999999975786, 3035022.084000000264496 ], [ 556636.074000000022352, 3035022.134000000543892 ], [ 556636.074000000022352, 3035022.234000000171363 ], [ 556636.723999999929219, 3035022.984000000171363 ], [ 556636.773999999975786, 3035023.084000000264496 ], [ 556636.773999999975786, 3035023.234000000171363 ], [ 556636.824000000022352, 3035023.28400000045076 ], [ 556636.773999999975786, 3035023.334000000264496 ], [ 556636.773999999975786, 3035023.53400000045076 ], [ 556636.723999999929219, 3035023.584000000264496 ], [ 556636.723999999929219, 3035023.684000000357628 ], [ 556636.623999999952503, 3035023.884000000543892 ], [ 556635.898999999975786, 3035024.559000000357628 ], [ 556635.824000000022352, 3035024.684000000357628 ], [ 556635.824000000022352, 3035025.03400000045076 ], [ 556635.873999999952503, 3035025.134000000543892 ], [ 556635.674, 3035025.53400000045076 ], [ 556635.674, 3035025.684000000357628 ], [ 556635.623999999952503, 3035025.734000000171363 ], [ 556635.574000000022352, 3035025.934000000357628 ], [ 556635.348999999929219, 3035026.109000000171363 ], [ 556635.248999999952503, 3035026.109000000171363 ], [ 556635.199000000022352, 3035026.15900000045076 ], [ 556634.949000000022352, 3035026.15900000045076 ], [ 556634.723999999929219, 3035025.984000000171363 ], [ 556634.623999999952503, 3035025.78400000045076 ], [ 556634.623999999952503, 3035025.684000000357628 ], [ 556634.373999999952503, 3035025.184000000357628 ], [ 556634.373999999952503, 3035024.984000000171363 ], [ 556634.473999999929219, 3035024.78400000045076 ], [ 556634.674, 3035024.584000000264496 ], [ 556634.723999999929219, 3035024.484000000171363 ], [ 556634.723999999929219, 3035024.28400000045076 ], [ 556634.598999999929219, 3035024.109000000171363 ], [ 556634.398999999975786, 3035024.009000000543892 ], [ 556634.123999999952503, 3035023.734000000171363 ], [ 556634.023999999975786, 3035023.53400000045076 ], [ 556634.023999999975786, 3035023.434000000357628 ], [ 556633.924, 3035023.28400000045076 ], [ 556633.924, 3035023.134000000543892 ], [ 556633.873999999952503, 3035023.084000000264496 ], [ 556633.873999999952503, 3035022.78400000045076 ], [ 556633.824000000022352, 3035022.734000000171363 ], [ 556633.824000000022352, 3035022.634000000543892 ], [ 556633.873999999952503, 3035022.584000000264496 ], [ 556633.873999999952503, 3035022.434000000357628 ], [ 556633.924, 3035022.334000000264496 ], [ 556634.199000000022352, 3035022.059000000357628 ], [ 556634.248999999952503, 3035022.059000000357628 ], [ 556634.449000000022352, 3035021.90900000045076 ], [ 556634.549, 3035021.90900000045076 ], [ 556634.748999999952503, 3035021.809000000357628 ], [ 556634.998999999952503, 3035021.809000000357628 ], [ 556635.049, 3035021.759000000543892 ], [ 556635.398999999975786, 3035021.759000000543892 ], [ 556635.449000000022352, 3035021.709000000264496 ], [ 556635.699000000022352, 3035021.709000000264496 ] ] ] } },
{ "type": "Feature", "properties": { "unit_id": "c00025", "method": "watershed", "label": 25 }, "geometry": { "type": "Polygon", "coordinates": [ [ [ 556635.598999999929219, 3034990.559000000357628 ], [ 556635.799, 3034990.65900000045076 ], [ 556636.023999999975786, 3034990.884 ], [ 556636.174, 3034991.184000000357628 ], [ 556636.174, 3034991.484000000171363 ], [ 556636.074000000022352, 3034991.684000000357628 ], [ 556636.074000000022352, 3034992.234000000171363 ], [ 556636.223999999929219, 3034992.53400000045076 ], [ 556636.373999999952503, 3034992.684000000357628 ], [ 556636.373999999952503, 3034992.734000000171363 ], [ 556636.523999999975786, 3034992.934000000357628 ], [ 556636.574000000022352, 3034993.234000000171363 ], [ 556636.674, 3034993.434000000357628 ], [ 556636.723999999929219, 3034993.934000000357628 ], [ 556636.773999999975786, 3034993.984000000171363 ], [ 556636.773999999975786, 3034994.134 ], [ 556636.824000000022352, 3034994.184000000357628 ], [ 556636.824000000022352, 3034994.484000000171363 ], [ 556636.773999999975786, 3034994.584000000264496 ], [ 556636.549, 3034994.809000000357628 ], [ 556636.348999999929219, 3034994.859000000171363 ], [ 556636.299, 3034994.90900000045076 ], [ 556636.049, 3034994.90900000045076 ], [ 556635.998999999952503, 3034994.859000000171363 ], [ 556635.848999999929219, 3034994.859000000171363 ], [ 556635.098999999929219, 3034994.459000000264496 ], [ 556634.598999999929219, 3034994.40900000045076 ], [ 556634.398999999975786, 3034994.309000000357628 ], [ 556633.973999999929219, 3034993.884 ], [ 556633.924, 3034993.78400000045076 ], [ 556633.924, 3034993.584000000264496 ], [ 556633.973999999929219, 3034993.484000000171363 ], [ 556634.549, 3034992.90900000045076 ], [ 556634.848999999929219, 3034992.759 ], [ 556635.049, 3034992.759 ], [ 556635.098999999929219, 3034992.709000000264496 ], [ 556635.199000000022352, 3034992.709000000264496 ], [ 556635.373999999952503, 3034992.584000000264496 ], [ 556635.424, 3034992.384 ], [ 556635.324000000022352, 3034992.184000000357628 ], [ 556634.973999999929219, 3034991.834000000264496 ], [ 556634.873999999952503, 3034991.634 ], [ 556634.873999999952503, 3034991.484000000171363 ], [ 556634.824000000022352, 3034991.434000000357628 ], [ 556634.824000000022352, 3034990.934000000357628 ], [ 556634.998999999952503, 3034990.709000000264496 ], [ 556635.299, 3034990.559000000357628 ], [ 556635.598999999929219, 3034990.559000000357628 ] ] ] } },
{ "type": "Feature", "properties": { "unit_id": "c00026", "method": "watershed", "label": 26 }, "geometry": { "type": "Polygon", "coordinates": [ [ [ 556613.448999999905936, 3034958.209000000264496 ], [ 556613.573999999905936, 3034958.28400000045076 ], [ 556613.924, 3034958.634 ], [ 556613.973999999929219, 3034958.734000000171363 ], [ 556613.973999999929219, 3034958.934000000357628 ], [ 556613.873999999952503, 3034959.084000000264496 ], [ 556613.873999999952503, 3034959.184000000357628 ], [ 556614.023999999975786, 3034959.384 ], [ 556614.023999999975786, 3034959.684000000357628 ], [ 556613.873999999952503, 3034959.984000000171363 ], [ 556613.573999999905936, 3034960.28400000045076 ], [ 556613.523999999975786, 3034960.384 ], [ 556613.523999999975786, 3034960.634 ], [ 556614.174, 3034961.234000000171363 ], [ 556614.373999999952503, 3034961.634 ], [ 556614.373999999952503, 3034961.884 ], [ 556614.323999999905936, 3034961.984000000171363 ], [ 556614.123999999952503, 3034962.184000000357628 ], [ 556614.023999999975786, 3034962.384 ], [ 556613.648999999975786, 3034962.759 ], [ 556613.448999999905936, 3034962.859000000171363 ], [ 556613.299, 3034963.009 ], [ 556613.098999999929219, 3034963.109000000171363 ], [ 556612.998999999952503, 3034963.109000000171363 ], [ 556612.948999999905936, 3034963.15900000045076 ], [ 556612.748999999952503, 3034963.15900000045076 ], [ 556612.698999999905936, 3034963.209000000264496 ], [ 556612.598999999929219, 3034963.209000000264496 ], [ 556612.348999999929219, 3034963.359000000171363 ], [ 556612.049, 3034963.359000000171363 ], [ 556611.823999999905936, 3034963.084000000264496 ], [ 556611.723999999929219, 3034962.684000000357628 ], [ 556611.398999999975786, 3034962.359000000171363 ], [ 556611.348999999929219, 3034962.359000000171363 ], [ 556611.198999999905936, 3034962.209000000264496 ], [ 556611.148999999975786, 3034962.209000000264496 ], [ 556610.873999999952503, 3034961.934000000357628 ], [ 556610.773999999975786, 3034961.734000000171363 ], [ 556610.773999999975786, 3034961.584000000264496 ], [ 556610.723999999929219, 3034961.53400000045076 ], [ 556610.773999999975786, 3034961.234000000171363 ], [ 556610.873999999952503, 3034961.03400000045076 ], [ 556610.973999999929219, 3034960.934000000357628 ], [ 556611.073999999905936, 3034960.734000000171363 ], [ 556611.073999999905936, 3034960.634 ], [ 556611.123999999952503, 3034960.584000000264496 ], [ 556611.123999999952503, 3034959.684000000357628 ], [ 556611.174, 3034959.634 ], [ 556611.174, 3034958.584000000264496 ], [ 556611.123999999952503, 3034958.53400000045076 ], [ 556611.123999999952503, 3034958.28400000045076 ], [ 556612.598999999929219, 3034958.259 ], [ 556612.648999999975786, 3034958.309000000357628 ], [ 556612.799, 3034958.309000000357628 ], [ 556612.848999999929219, 3034958.359000000171363 ], [ 556613.198999999905936, 3034958.359000000171363 ], [ 556613.348999999929219, 3034958.209000000264496 ], [ 556613.448999999905936, 3034958.209000000264496 ] ] ] } },
{ "type": "Feature", "properties": { "unit_id": "c00027", "method": "watershed", "label": 27 }, "geometry": { "type": "Polygon", "coordinates": [ [ [ 556635.598999999929219, 3034997.209000000264496 ], [ 556635.623999999952503, 3034997.334000000264496 ], [ 556635.748999999952503, 3034997.459000000264496 ], [ 556636.098999999929219, 3034997.509 ], [ 556636.299, 3034997.65900000045076 ], [ 556636.348999999929219, 3034997.65900000045076 ], [ 556636.674, 3034998.03400000045076 ], [ 556636.674, 3034998.084000000264496 ], [ 556636.924, 3034998.434000000357628 ], [ 556636.924, 3034999.234000000171363 ], [ 556636.824000000022352, 3034999.434000000357628 ], [ 556636.598999999929219, 3034999.609000000171363 ], [ 556636.248999999952503, 3034999.759 ], [ 556635.973999999929219, 3035000.03400000045076 ], [ 556635.949000000022352, 3035000.15900000045076 ], [ 556635.498999999952503, 3035000.15900000045076 ], [ 556635.424, 3034999.984000000171363 ], [ 556635.199000000022352, 3034999.759 ], [ 556635.098999999929219, 3034999.709000000264496 ], [ 556634.699000000022352, 3034999.709000000264496 ], [ 556634.549, 3034999.809000000357628 ], [ 556634.299, 3034999.809000000357628 ], [ 556634.074000000022352, 3034999.584000000264496 ], [ 556633.924, 3034999.28400000045076 ], [ 556633.924, 3034999.184000000357628 ], [ 556633.873999999952503, 3034999.134 ], [ 556633.873999999952503, 3034998.884 ], [ 556633.973999999929219, 3034998.684000000357628 ], [ 556634.324000000022352, 3034998.334000000264496 ], [ 556634.523999999975786, 3034997.984000000171363 ], [ 556634.824000000022352, 3034997.634 ], [ 556634.873999999952503, 3034997.53400000045076 ], [ 556634.873999999952503, 3034997.28400000045076 ], [ 556634.824000000022352, 3034997.234000000171363 ], [ 556635.598999999929219, 3034997.209000000264496 ] ] ] } },
{ "type": "Feature", "properties": { "unit_id": "c00028", "method": "watershed", "label": 28 }, "geometry": { "type": "Polygon", "coordinates": [ [ [ 556628.148999999975786, 3034934.15900000045076 ], [ 556628.199000000022352, 3034934.209000000264496 ], [ 556628.299, 3034934.209000000264496 ], [ 556628.598999999929219, 3034934.359000000171363 ], [ 556628.873999999952503, 3034934.634 ], [ 556628.873999999952503, 3034934.734000000171363 ], [ 556628.924, 3034934.78400000045076 ], [ 556628.873999999952503, 3034935.084000000264496 ], [ 556628.824000000022352, 3034935.134 ], [ 556628.824000000022352, 3034935.234000000171363 ], [ 556628.674, 3034935.53400000045076 ], [ 556628.473999999929219, 3034935.78400000045076 ], [ 556628.473999999929219, 3034935.934000000357628 ], [ 556628.574000000022352, 3034936.134 ], [ 556628.699000000022352, 3034936.259 ], [ 556628.748999999952503, 3034936.259 ], [ 556629.049, 3034936.559000000357628 ], [ 556629.398999999975786, 3034936.759 ], [ 556629.723999999929219, 3034937.084000000264496 ], [ 556629.723999999929219, 3034937.184000000357628 ], [ 556629.773999999975786, 3034937.234000000171363 ], [ 556629.773999999975786, 3034937.53400000045076 ], [ 556629.824000000022352, 3034937.584000000264496 ], [ 556629.824000000022352, 3034937.934000000357628 ], [ 556629.773999999975786, 3034937.984000000171363 ], [ 556629.773999999975786, 3034938.384 ], [ 556629.723999999929219, 3034938.484000000171363 ], [ 556629.623999999952503, 3034938.584000000264496 ], [ 556629.623999999952503, 3034938.634 ], [ 556629.273999999975786, 3034938.984000000171363 ], [ 556629.174, 3034939.184000000357628 ], [ 556629.174, 3034939.334000000264496 ], [ 556629.123999999952503, 3034939.384 ], [ 556629.174, 3034939.634 ], [ 556629.123999999952503, 3034939.684000000357628 ], [ 556629.123999999952503, 3034939.984000000171363 ], [ 556629.074000000022352, 3034940.03400000045076 ], [ 556629.074000000022352, 3034940.184000000357628 ], [ 556629.023999999975786, 3034940.234000000171363 ], [ 556628.973999999929219, 3034940.434000000357628 ], [ 556628.674, 3034940.734000000171363 ], [ 556628.674, 3034940.834000000264496 ], [ 556628.623999999952503, 3034940.884 ], [ 556628.674, 3034941.084000000264496 ], [ 556628.299, 3034941.109000000171363 ], [ 556628.098999999929219, 3034941.209000000264496 ], [ 556627.949000000022352, 3034941.209000000264496 ], [ 556627.748999999952503, 3034941.109000000171363 ], [ 556627.299, 3034941.109000000171363 ], [ 556627.223999999929219, 3034940.934000000357628 ], [ 556627.098999999929219, 3034940.809000000357628 ], [ 556626.648999999975786, 3034940.609000000171363 ], [ 556626.373999999952503, 3034940.334000000264496 ], [ 556626.324000000022352, 3034940.234000000171363 ], [ 556626.324000000022352, 3034939.634 ], [ 556626.373999999952503, 3034939.584000000264496 ], [ 556626.373999999952503, 3034939.384 ], [ 556626.424, 3034939.334000000264496 ], [ 556626.424, 3034939.234000000171363 ], [ 556626.773999999975786, 3034938.884 ], [ 556626.773999999975786, 3034938.834000000264496 ], [ 556626.873999999952503, 3034938.734000000171363 ], [ 556626.873999999952503, 3034938.584000000264496 ], [ 556626.924, 3034938.53400000045076 ], [ 556626.873999999952503, 3034938.234000000171363 ], [ 556626.473999999929219, 3034937.584000000264496 ], [ 556626.473999999929219, 3034937.184000000357628 ], [ 556626.574000000022352, 3034936.984000000171363 ], [ 556626.898999999975786, 3034936.65900000045076 ], [ 556627.549, 3034936.359000000171363 ], [ 556627.824000000022352, 3034936.134 ], [ 556627.824000000022352, 3034935.984000000171363 ], [ 556627.574000000022352, 3034935.584000000264496 ], [ 556627.574000000022352, 3034935.03400000045076 ], [ 556627.523999999975786, 3034934.984000000171363 ], [ 556627.523999999975786, 3034934.884 ], [ 556627.574000000022352, 3034934.834000000264496 ], [ 556627.574000000022352, 3034934.684000000357628 ], [ 556627.674, 3034934.584000000264496 ], [ 556627.773999999975786, 3034934.384 ], [ 556627.998999999952503, 3034934.15900000045076 ], [ 556628.148999999975786, 3034934.15900000045076 ] ] ] } },
{ "type": "Feature", "properties": { "unit_id": "c00029", "method": "watershed", "label": 29 }, "geometry": { "type": "Polygon", "coordinates": [ [ [ 556643.199000000022352, 3035026.809000000357628 ], [ 556643.598999999929219, 3035027.009000000543892 ], [ 556644.123999999952503, 3035027.584000000264496 ], [ 556644.223999999929219, 3035027.78400000045076 ], [ 556644.223999999929219, 3035027.934000000357628 ], [ 556644.273999999975786, 3035027.984000000171363 ], [ 556644.273999999975786, 3035028.334000000264496 ], [ 556644.324000000022352, 3035028.384000000543892 ], [ 556644.273999999975786, 3035028.884000000543892 ], [ 556644.223999999929219, 3035028.934000000357628 ], [ 556644.174, 3035029.134000000543892 ], [ 556644.049, 3035029.259000000543892 ], [ 556643.949000000022352, 3035029.259000000543892 ], [ 556643.898999999975786, 3035029.309000000357628 ], [ 556643.598999999929219, 3035029.309000000357628 ], [ 556643.549, 3035029.259000000543892 ], [ 556643.498999999952503, 3035029.309000000357628 ], [ 556643.248999999952503, 3035029.309000000357628 ], [ 556643.049, 3035029.40900000045076 ], [ 556642.498999999952503, 3035029.40900000045076 ], [ 556642.299, 3035029.259000000543892 ], [ 556642.248999999952503, 3035029.259000000543892 ], [ 556641.973999999929219, 3035028.934000000357628 ], [ 556641.924, 3035028.734000000171363 ], [ 556641.873999999952503, 3035028.684000000357628 ], [ 556641.873999999952503, 3035028.584000000264496 ], [ 556641.824000000022352, 3035028.53400000045076 ], [ 556641.824000000022352, 3035028.434000000357628 ], [ 556641.574000000022352, 3035028.03400000045076 ], [ 556641.523999999975786, 3035027.78400000045076 ], [ 556641.574000000022352, 3035027.734000000171363 ], [ 556641.623999999952503, 3035027.53400000045076 ], [ 556642.049, 3035027.109000000171363 ], [ 556642.148999999975786, 3035027.109000000171363 ], [ 556642.299, 3035027.009000000543892 ], [ 556642.398999999975786, 3035027.009000000543892 ], [ 556642.799, 3035026.809000000357628 ], [ 556643.199000000022352, 3035026.809000000357628 ] ] ] } },
{ "type": "Feature", "properties": { "unit_id": "c00030", "method": "watershed", "label": 30 }, "geometry": { "type": "Polygon", "coordinates": [ [ [ 556613.698999999905936, 3034938.359000000171363 ], [ 556613.723999999929219, 3034938.634 ], [ 556613.773999999975786, 3034938.684000000357628 ], [ 556613.823999999905936, 3034938.934000000357628 ], [ 556614.023999999975786, 3034939.28400000045076 ], [ 556614.123999999952503, 3034939.384 ], [ 556614.223999999929219, 3034939.584000000264496 ], [ 556614.223999999929219, 3034939.684000000357628 ], [ 556614.273999999975786, 3034939.734000000171363 ], [ 556614.273999999975786, 3034939.934000000357628 ], [ 556614.223999999929219, 3034939.984000000171363 ], [ 556614.174, 3034940.234000000171363 ], [ 556614.023999999975786, 3034940.484000000171363 ], [ 556613.973999999929219, 3034940.734000000171363 ], [ 556613.873999999952503, 3034940.884 ], [ 556613.823999999905936, 3034941.134 ], [ 556613.098999999929219, 3034941.15900000045076 ], [ 556613.049, 3034941.209000000264496 ], [ 556612.898999999975786, 3034941.209000000264496 ], [ 556612.848999999929219, 3034941.259 ], [ 556612.698999999905936, 3034941.259 ], [ 556612.648999999975786, 3034941.309000000357628 ], [ 556612.248999999952503, 3034941.309000000357628 ], [ 556611.948999999905936, 3034941.509 ], [ 556611.498999999952503, 3034941.509 ], [ 556611.473999999929219, 3034941.384 ], [ 556611.273999999975786, 3034940.984000000171363 ], [ 556611.174, 3034940.884 ], [ 556611.174, 3034940.834000000264496 ], [ 556610.723999999929219, 3034940.384 ], [ 556610.573999999905936, 3034940.084000000264496 ], [ 556610.773999999975786, 3034939.234000000171363 ], [ 556611.023999999975786, 3034938.834000000264496 ], [ 556611.023999999975786, 3034938.734000000171363 ], [ 556611.073999999905936, 3034938.684000000357628 ], [ 556611.123999999952503, 3034938.484000000171363 ], [ 556612.848999999929219, 3034938.459000000264496 ], [ 556612.898999999975786, 3034938.40900000045076 ], [ 556613.049, 3034938.40900000045076 ], [ 556613.098999999929219, 3034938.359000000171363 ], [ 556613.698999999905936, 3034938.359000000171363 ] ] ] } },
{ "type": "Feature", "properties": { "unit_id": "c00031", "method": "watershed", "label": 31 }, "geometry": { "type": "Polygon", "coordinates": [ [ [ 556628.049, 3034992.259 ], [ 556628.248999999952503, 3034992.509 ], [ 556628.348999999929219, 3034992.559000000357628 ], [ 556628.498999999952503, 3034992.559000000357628 ], [ 556628.549, 3034992.609000000171363 ], [ 556628.748999999952503, 3034992.609000000171363 ], [ 556628.799, 3034992.65900000045076 ], [ 556628.898999999975786, 3034992.65900000045076 ], [ 556629.324000000022352, 3034993.03400000045076 ], [ 556629.373999999952503, 3034993.234000000171363 ], [ 556629.424, 3034993.28400000045076 ], [ 556629.424, 3034993.734000000171363 ], [ 556629.273999999975786, 3034993.934000000357628 ], [ 556629.273999999975786, 3034993.984000000171363 ], [ 556629.123999999952503, 3034994.134 ], [ 556629.074000000022352, 3034994.28400000045076 ], [ 556628.674, 3034994.78400000045076 ], [ 556628.773999999975786, 3034995.03400000045076 ], [ 556628.973999999929219, 3034995.234000000171363 ], [ 556629.074000000022352, 3034995.434000000357628 ], [ 556629.174, 3034995.53400000045076 ], [ 556629.223999999929219, 3034995.834000000264496 ], [ 556629.273999999975786, 3034995.884 ], [ 556629.223999999929219, 3034996.184000000357628 ], [ 556629.074000000022352, 3034996.384 ], [ 556629.074000000022352, 3034996.434000000357628 ], [ 556628.924, 3034996.584000000264496 ], [ 556628.924, 3034996.634 ], [ 556628.748999999952503, 3034996.809000000357628 ], [ 556628.549, 3034996.90900000045076 ], [ 556628.273999999975786, 3034997.184000000357628 ], [ 556628.223999999929219, 3034997.28400000045076 ], [ 556628.223999999929219, 3034997.484000000171363 ], [ 556628.273999999975786, 3034997.53400000045076 ], [ 556628.248999999952503, 3034997.559000000357628 ], [ 556627.748999999952503, 3034997.559000000357628 ], [ 556627.699000000022352, 3034997.509 ], [ 556627.498999999952503, 3034997.509 ], [ 556627.398999999975786, 3034997.459000000264496 ], [ 556627.373999999952503, 3034997.434000000357628 ], [ 556627.424, 3034997.384 ], [ 556627.424, 3034997.184000000357628 ], [ 556627.373999999952503, 3034997.134 ], [ 556627.373999999952503, 3034997.03400000045076 ], [ 556627.098999999929219, 3034996.759 ], [ 556626.748999999952503, 3034996.559000000357628 ], [ 556626.648999999975786, 3034996.459000000264496 ], [ 556626.598999999929219, 3034996.459000000264496 ], [ 556626.223999999929219, 3034996.084000000264496 ], [ 556626.074000000022352, 3034995.78400000045076 ], [ 556626.074000000022352, 3034995.584000000264496 ], [ 556626.123999999952503, 3034995.53400000045076 ], [ 556626.174, 3034995.184000000357628 ], [ 556626.223999999929219, 3034995.134 ], [ 556626.273999999975786, 3034994.53400000045076 ], [ 556626.324000000022352, 3034994.484000000171363 ], [ 556626.273999999975786, 3034993.634 ], [ 556626.424, 3034993.334000000264496 ], [ 556626.824000000022352, 3034992.78400000045076 ], [ 556626.873999999952503, 3034992.584000000264496 ], [ 556626.924, 3034992.53400000045076 ], [ 556626.924, 3034992.434000000357628 ], [ 556626.973999999929219, 3034992.384 ], [ 556626.973999999929219, 3034992.28400000045076 ], [ 556628.049, 3034992.259 ] ] ] } },
{ "type": "Feature", "properties": { "unit_id": "c00032", "method": "watershed", "label": 32 }, "geometry": { "type": "Polygon", "coordinates": [ [ [ 556612.299, 3034925.759 ], [ 556612.348999999929219, 3034925.809000000357628 ], [ 556613.299, 3034925.809000000357628 ], [ 556613.348999999929219, 3034925.859000000171363 ], [ 556613.448999999905936, 3034925.859000000171363 ], [ 556613.523999999975786, 3034925.934000000357628 ], [ 556613.523999999975786, 3034926.03400000045076 ], [ 556614.073999999905936, 3034926.584000000264496 ], [ 556614.174, 3034926.78400000045076 ], [ 556614.273999999975786, 3034927.184000000357628 ], [ 556614.223999999929219, 3034927.234000000171363 ], [ 556614.223999999929219, 3034927.434000000357628 ], [ 556614.123999999952503, 3034927.634 ], [ 556614.123999999952503, 3034927.734000000171363 ], [ 556614.023999999975786, 3034927.934000000357628 ], [ 556614.023999999975786, 3034928.134 ], [ 556613.973999999929219, 3034928.184000000357628 ], [ 556613.973999999929219, 3034928.434000000357628 ], [ 556614.073999999905936, 3034928.584000000264496 ], [ 556614.049, 3034928.65900000045076 ], [ 556611.398999999975786, 3034928.65900000045076 ], [ 556611.273999999975786, 3034928.434000000357628 ], [ 556611.174, 3034928.334000000264496 ], [ 556611.174, 3034928.28400000045076 ], [ 556611.073999999905936, 3034928.184000000357628 ], [ 556610.973999999929219, 3034927.984000000171363 ], [ 556610.973999999929219, 3034927.884 ], [ 556610.924, 3034927.834000000264496 ], [ 556610.924, 3034927.734000000171363 ], [ 556610.873999999952503, 3034927.684000000357628 ], [ 556610.873999999952503, 3034927.53400000045076 ], [ 556610.823999999905936, 3034927.484000000171363 ], [ 556610.823999999905936, 3034927.184000000357628 ], [ 556611.123999999952503, 3034926.684000000357628 ], [ 556611.273999999975786, 3034926.28400000045076 ], [ 556611.373999999952503, 3034926.184000000357628 ], [ 556611.523999999975786, 3034925.834000000264496 ], [ 556611.598999999929219, 3034925.759 ], [ 556612.299, 3034925.759 ] ] ] } },
{ "type": "Feature", "properties": { "unit_id": "c00033", "method": "watershed", "label": 33 }, "geometry": { "type": "Polygon", "coordinates": [ [ [ 556635.299, 3034931.259 ], [ 556635.348999999929219, 3034931.309000000357628 ], [ 556635.549, 3034931.359000000171363 ], [ 556635.748999999952503, 3034931.509 ], [ 556635.949000000022352, 3034931.509 ], [ 556635.998999999952503, 3034931.559000000357628 ], [ 556636.348999999929219, 3034931.559000000357628 ], [ 556636.373999999952503, 3034931.684000000357628 ], [ 556636.424, 3034931.734000000171363 ], [ 556636.424, 3034931.834000000264496 ], [ 556636.674, 3034932.134 ], [ 556637.023999999975786, 3034932.834000000264496 ], [ 556637.023999999975786, 3034933.28400000045076 ], [ 556636.973999999929219, 3034933.334000000264496 ], [ 556636.924, 3034933.634 ], [ 556636.773999999975786, 3034933.884 ], [ 556636.748999999952503, 3034934.009 ], [ 556634.373999999952503, 3034933.984000000171363 ], [ 556634.424, 3034933.934000000357628 ], [ 556634.424, 3034933.334000000264496 ], [ 556634.373999999952503, 3034933.28400000045076 ], [ 556634.373999999952503, 3034933.184000000357628 ], [ 556634.273999999975786, 3034932.984000000171363 ], [ 556634.174, 3034932.884 ], [ 556633.973999999929219, 3034932.53400000045076 ], [ 556633.973999999929219, 3034932.28400000045076 ], [ 556634.148999999975786, 3034932.009 ], [ 556634.824000000022352, 3034931.434000000357628 ], [ 556634.898999999975786, 3034931.259 ], [ 556635.299, 3034931.259 ] ] ] } },
{ "type": "Feature", "properties": { "unit_id": "c00034", "method": "watershed", "label": 34 }, "geometry": { "type": "Polygon", "coordinates": [ [ [ 556666.248999999952503, 3034987.059000000357628 ], [ 556666.349000000045635, 3034987.209000000264496 ], [ 556666.849000000045635, 3034987.459000000264496 ], [ 556667.023999999975786, 3034987.684000000357628 ], [ 556667.074000000022352, 3034988.584000000264496 ], [ 556667.023999999975786, 3034988.634 ], [ 556667.023999999975786, 3034988.884 ], [ 556666.974000000045635, 3034988.934000000357628 ], [ 556666.974000000045635, 3034989.084000000264496 ], [ 556666.924, 3034989.134 ], [ 556666.924, 3034989.384 ], [ 556666.498999999952503, 3034989.40900000045076 ], [ 556666.449000000022352, 3034989.359000000171363 ], [ 556666.349000000045635, 3034989.359000000171363 ], [ 556666.299, 3034989.40900000045076 ], [ 556666.049, 3034989.40900000045076 ], [ 556665.849000000045635, 3034989.509 ], [ 556665.648999999975786, 3034989.509 ], [ 556665.599000000045635, 3034989.559000000357628 ], [ 556665.299, 3034989.559000000357628 ], [ 556664.924, 3034989.084000000264496 ], [ 556664.674, 3034988.634 ], [ 556664.674, 3034988.28400000045076 ], [ 556664.724000000045635, 3034988.234000000171363 ], [ 556664.724000000045635, 3034988.084000000264496 ], [ 556664.773999999975786, 3034988.03400000045076 ], [ 556664.824000000022352, 3034987.734000000171363 ], [ 556664.998999999952503, 3034987.459000000264496 ], [ 556665.049, 3034987.459000000264496 ], [ 556665.248999999952503, 3034987.309000000357628 ], [ 556665.349000000045635, 3034987.309000000357628 ], [ 556665.549, 3034987.209000000264496 ], [ 556665.599000000045635, 3034987.059000000357628 ], [ 556666.248999999952503, 3034987.059000000357628 ] ] ] } },
{ "type": "Feature", "properties": { "unit_id": "c00035", "method": "watershed", "label": 35 }, "geometry": { "type": "Polygon", "coordinates": [ [ [ 556613.948999999905936, 3034916.509 ], [ 556613.973999999929219, 3034916.584000000264496 ], [ 556614.098999999929219, 3034916.709000000264496 ], [ 556614.148999999975786, 3034916.709000000264496 ], [ 556614.473999999929219, 3034917.03400000045076 ], [ 556614.473999999929219, 3034917.084000000264496 ], [ 556614.573999999905936, 3034917.184000000357628 ], [ 556614.573999999905936, 3034917.484000000171363 ], [ 556614.523999999975786, 3034917.53400000045076 ], [ 556614.523999999975786, 3034917.634 ], [ 556614.424, 3034917.834000000264496 ], [ 556614.424, 3034917.984000000171363 ], [ 556614.373999999952503, 3034918.03400000045076 ], [ 556614.323999999905936, 3034918.28400000045076 ], [ 556613.924, 3034918.734000000171363 ], [ 556613.848999999929219, 3034919.009 ], [ 556613.098999999929219, 3034919.009 ], [ 556613.049, 3034918.959000000264496 ], [ 556612.898999999975786, 3034918.959000000264496 ], [ 556612.698999999905936, 3034918.859000000171363 ], [ 556611.023999999975786, 3034918.834000000264496 ], [ 556611.023999999975786, 3034918.684000000357628 ], [ 556611.073999999905936, 3034918.634 ], [ 556611.073999999905936, 3034918.28400000045076 ], [ 556611.023999999975786, 3034918.234000000171363 ], [ 556611.023999999975786, 3034918.084000000264496 ], [ 556610.973999999929219, 3034918.03400000045076 ], [ 556610.873999999952503, 3034917.634 ], [ 556610.823999999905936, 3034917.584000000264496 ], [ 556610.848999999929219, 3034916.559000000357628 ], [ 556612.998999999952503, 3034916.559000000357628 ], [ 556613.049, 3034916.509 ], [ 556613.948999999905936, 3034916.509 ] ] ] } },
{ "type": "Feature", "properties": { "unit_id": "c00036", "method": "watershed", "label": 36 }, "geometry": { "type": "Polygon", "coordinates": [ [ [ 556658.648999999975786, 3034999.859000000171363 ], [ 556658.949000000022352, 3035000.009 ], [ 556659.074000000022352, 3035000.134 ], [ 556659.174, 3035000.334000000264496 ], [ 556659.474000000045635, 3035000.634 ], [ 556659.474000000045635, 3035000.684000000357628 ], [ 556659.574000000022352, 3035000.78400000045076 ], [ 556659.623999999952503, 3035001.084000000264496 ], [ 556659.574000000022352, 3035001.134 ], [ 556659.574000000022352, 3035001.234000000171363 ], [ 556659.474000000045635, 3035001.434000000357628 ], [ 556659.349000000045635, 3035001.559000000357628 ], [ 556659.299, 3035001.559000000357628 ], [ 556659.148999999975786, 3035001.709000000264496 ], [ 556658.799, 3035001.90900000045076 ], [ 556658.623999999952503, 3035002.084000000264496 ], [ 556658.623999999952503, 3035002.334000000264496 ], [ 556658.974000000045635, 3035002.734000000171363 ], [ 556659.074000000022352, 3035002.934000000357628 ], [ 556659.074000000022352, 3035003.03400000045076 ], [ 556659.123999999952503, 3035003.084000000264496 ], [ 556659.074000000022352, 3035003.384 ], [ 556658.674, 3035003.884 ], [ 556658.648999999975786, 3035004.059000000357628 ], [ 556657.998999999952503, 3035004.109000000171363 ], [ 556657.974000000045635, 3035004.03400000045076 ], [ 556657.523999999975786, 3035003.584000000264496 ], [ 556657.474000000045635, 3035003.484000000171363 ], [ 556657.474000000045635, 3035002.884 ], [ 556657.523999999975786, 3035002.834000000264496 ], [ 556657.574000000022352, 3035002.484000000171363 ], [ 556657.674, 3035002.28400000045076 ], [ 556657.674, 3035002.084000000264496 ], [ 556657.324000000022352, 3035001.53400000045076 ], [ 556657.324000000022352, 3035001.434000000357628 ], [ 556657.273999999975786, 3035001.384 ], [ 556657.273999999975786, 3035000.884 ], [ 556657.523999999975786, 3035000.384 ], [ 556657.748999999952503, 3035000.15900000045076 ], [ 556657.949000000022352, 3035000.109000000171363 ], [ 556657.998999999952503, 3035000.059000000357628 ], [ 556658.248999999952503, 3035000.059000000357628 ], [ 556658.648999999975786, 3034999.859000000171363 ] ] ] } },
{ "type": "Feature", "properties": { "unit_id": "c00037", "method": "watershed", "label": 37 }, "geometry": { "type": "Polygon", "coordinates": [ [ [ 556611.098999999929219, 3035023.859000000171363 ], [ 556613.174, 3035023.884000000543892 ], [ 556613.073999999905936, 3035024.03400000045076 ], [ 556613.123999999952503, 3035024.084000000264496 ], [ 556613.123999999952503, 3035024.184000000357628 ], [ 556613.573999999905936, 3035024.684000000357628 ], [ 556613.573999999905936, 3035024.734000000171363 ], [ 556613.823999999905936, 3035025.03400000045076 ], [ 556613.924, 3035025.234000000171363 ], [ 556613.924, 3035025.484000000171363 ], [ 556613.873999999952503, 3035025.53400000045076 ], [ 556613.823999999905936, 3035025.884000000543892 ], [ 556613.773999999975786, 3035025.934000000357628 ], [ 556613.773999999975786, 3035026.084000000264496 ], [ 556613.674, 3035026.28400000045076 ], [ 556613.373999999952503, 3035026.584000000264496 ], [ 556613.373999999952503, 3035026.634000000543892 ], [ 556613.123999999952503, 3035026.934000000357628 ], [ 556613.023999999975786, 3035027.134000000543892 ], [ 556612.998999999952503, 3035027.359000000171363 ], [ 556612.049, 3035027.359000000171363 ], [ 556611.873999999952503, 3035027.53400000045076 ], [ 556611.823999999905936, 3035027.684000000357628 ], [ 556611.748999999952503, 3035027.759000000543892 ], [ 556611.049, 3035027.759000000543892 ], [ 556611.023999999975786, 3035027.334000000264496 ], [ 556610.973999999929219, 3035027.28400000045076 ], [ 556610.973999999929219, 3035027.134000000543892 ], [ 556610.924, 3035027.03400000045076 ], [ 556610.698999999905936, 3035026.809000000357628 ], [ 556610.498999999952503, 3035026.709000000264496 ], [ 556610.223999999929219, 3035026.434000000357628 ], [ 556610.174, 3035026.234000000171363 ], [ 556610.123999999952503, 3035026.184000000357628 ], [ 556610.174, 3035025.78400000045076 ], [ 556610.223999999929219, 3035025.734000000171363 ], [ 556610.223999999929219, 3035025.53400000045076 ], [ 556610.273999999975786, 3035025.484000000171363 ], [ 556610.273999999975786, 3035025.334000000264496 ], [ 556610.323999999905936, 3035025.28400000045076 ], [ 556610.373999999952503, 3035025.084000000264496 ], [ 556610.823999999905936, 3035024.584000000264496 ], [ 556611.023999999975786, 3035024.184000000357628 ], [ 556611.023999999975786, 3035023.984000000171363 ], [ 556611.098999999929219, 3035023.859000000171363 ] ] ] } },
{ "type": "Feature", "properties": { "unit_id": "c00038", "method": "watershed", "label": 38 }, "geometry": { "type": "Polygon", "coordinates": [ [ [ 556666.248999999952503, 3034985.309000000357628 ], [ 556666.299, 3034985.359000000171363 ], [ 556666.449000000022352, 3034985.359000000171363 ], [ 556666.648999999975786, 3034985.459000000264496 ], [ 556666.924, 3034985.684000000357628 ], [ 556667.023999999975786, 3034985.884 ], [ 556667.023999999975786, 3034986.184000000357628 ], [ 556666.974000000045635, 3034986.234000000171363 ], [ 556666.974000000045635, 3034986.334000000264496 ], [ 556666.873999999952503, 3034986.434000000357628 ], [ 556666.873999999952503, 3034986.484000000171363 ], [ 556666.549, 3034986.809000000357628 ], [ 556666.349000000045635, 3034986.90900000045076 ], [ 556666.248999999952503, 3034987.059000000357628 ], [ 556665.599000000045635, 3034987.059000000357628 ], [ 556665.574000000022352, 3034986.934000000357628 ], [ 556665.373999999952503, 3034986.734000000171363 ], [ 556665.373999999952503, 3034986.684000000357628 ], [ 556665.224000000045635, 3034986.484000000171363 ], [ 556665.224000000045635, 3034986.134 ], [ 556665.273999999975786, 3034986.084000000264496 ], [ 556665.273999999975786, 3034985.984000000171363 ], [ 556665.523999999975786, 3034985.684000000357628 ], [ 556665.799, 3034985.459000000264496 ], [ 556666.099000000045635, 3034985.309000000357628 ], [ 556666.248999999952503, 3034985.309000000357628 ] ] ] } },
{ "type": "Feature", "properties": { "unit_id": "c00039", "method": "watershed", "label": 39 }, "geometry": { "type": "Polygon", "coordinates": [ [ [ 556650.949000000022352, 3034991.15900000045076 ], [ 556650.998999999952503, 3034991.209000000264496 ], [ 556651.148999999975786, 3034991.209000000264496 ], [ 556651.348999999929219, 3034991.309000000357628 ], [ 556651.574000000022352, 3034991.53400000045076 ], [ 556651.773999999975786, 3034991.934000000357628 ], [ 556651.773999999975786, 3034992.234000000171363 ], [ 556651.723999999929219, 3034992.28400000045076 ], [ 556651.723999999929219, 3034992.384 ], [ 556651.623999999952503, 3034992.53400000045076 ], [ 556651.623999999952503, 3034992.634 ], [ 556651.424, 3034993.03400000045076 ], [ 556651.098999999929219, 3034993.359000000171363 ], [ 556651.049, 3034993.359000000171363 ], [ 556650.924, 3034993.53400000045076 ], [ 556650.924, 3034993.634 ], [ 556651.123999999952503, 3034993.834000000264496 ], [ 556651.123999999952503, 3034993.884 ], [ 556651.324000000022352, 3034994.084000000264496 ], [ 556651.373999999952503, 3034994.184000000357628 ], [ 556651.424, 3034994.384 ], [ 556651.473999999929219, 3034994.434000000357628 ], [ 556651.473999999929219, 3034994.634 ], [ 556651.373999999952503, 3034994.834000000264496 ], [ 556651.098999999929219, 3034995.109000000171363 ], [ 556650.799, 3034995.15900000045076 ], [ 556650.748999999952503, 3034995.109000000171363 ], [ 556650.398999999975786, 3034995.059000000357628 ], [ 556650.199000000022352, 3034994.959000000264496 ], [ 556649.873999999952503, 3034994.634 ], [ 556649.873999999952503, 3034994.584000000264496 ], [ 556649.773999999975786, 3034994.484000000171363 ], [ 556649.773999999975786, 3034994.384 ], [ 556649.723999999929219, 3034994.334000000264496 ], [ 556649.723999999929219, 3034994.084000000264496 ], [ 556649.773999999975786, 3034993.984000000171363 ], [ 556650.324000000022352, 3034993.484000000171363 ], [ 556650.324000000022352, 3034993.084000000264496 ], [ 556650.273999999975786, 3034993.03400000045076 ], [ 556650.273999999975786, 3034992.934000000357628 ], [ 556650.174, 3034992.734000000171363 ], [ 556649.473999999929219, 3034992.134 ], [ 556649.424, 3034992.03400000045076 ], [ 556649.424, 3034991.734000000171363 ], [ 556649.598999999929219, 3034991.509 ], [ 556649.648999999975786, 3034991.509 ], [ 556649.848999999929219, 3034991.359000000171363 ], [ 556649.998999999952503, 3034991.359000000171363 ], [ 556650.049, 3034991.309000000357628 ], [ 556650.299, 3034991.309000000357628 ], [ 556650.498999999952503, 3034991.209000000264496 ], [ 556650.598999999929219, 3034991.209000000264496 ], [ 556650.648999999975786, 3034991.15900000045076 ], [ 556650.949000000022352, 3034991.15900000045076 ] ] ] } },
{ "type": "Feature", "properties": { "unit_id": "c00040", "method": "watershed", "label": 40 }, "geometry": { "type": "Polygon", "coordinates": [ [ [ 556650.848999999929219, 3034982.709000000264496 ], [ 556650.898999999975786, 3034982.759 ], [ 556650.998999999952503, 3034982.759 ], [ 556651.299, 3034982.90900000045076 ], [ 556651.498999999952503, 3034982.959000000264496 ], [ 556651.723999999929219, 3034983.184000000357628 ], [ 556651.873999999952503, 3034983.484000000171363 ], [ 556651.873999999952503, 3034983.984000000171363 ], [ 556651.773999999975786, 3034984.184000000357628 ], [ 556651.598999999929219, 3034984.359000000171363 ], [ 556651.199000000022352, 3034984.559000000357628 ], [ 556650.799, 3034984.65900000045076 ], [ 556650.748999999952503, 3034984.609000000171363 ], [ 556650.598999999929219, 3034984.609000000171363 ], [ 556650.549, 3034984.559000000357628 ], [ 556650.449000000022352, 3034984.559000000357628 ], [ 556650.248999999952503, 3034984.459000000264496 ], [ 556649.873999999952503, 3034984.134 ], [ 556649.824000000022352, 3034983.934000000357628 ], [ 556649.773999999975786, 3034983.884 ], [ 556649.773999999975786, 3034983.234000000171363 ], [ 556649.873999999952503, 3034983.03400000045076 ], [ 556650.049, 3034982.859000000171363 ], [ 556650.348999999929219, 3034982.709000000264496 ], [ 556650.848999999929219, 3034982.709000000264496 ] ] ] } },
{ "type": "Feature", "properties": { "unit_id": "c00041", "method": "watershed", "label": 41 }, "geometry": { "type": "Polygon", "coordinates": [ [ [ 556658.648999999975786, 3035004.059000000357628 ], [ 556659.324000000022352, 3035004.734000000171363 ], [ 556659.424, 3035004.934000000357628 ], [ 556659.424, 3035005.584000000264496 ], [ 556659.273999999975786, 3035005.884 ], [ 556659.174, 3035005.984000000171363 ], [ 556659.123999999952503, 3035006.134 ], [ 556658.674, 3035006.53400000045076 ], [ 556658.674, 3035006.684000000357628 ], [ 556658.873999999952503, 3035007.03400000045076 ], [ 556658.873999999952503, 3035007.53400000045076 ], [ 556658.824000000022352, 3035007.634 ], [ 556658.599000000045635, 3035007.859000000171363 ], [ 556658.549, 3035007.859000000171363 ], [ 556658.148999999975786, 3035008.209000000264496 ], [ 556657.898999999975786, 3035008.209000000264496 ], [ 556657.773999999975786, 3035008.084000000264496 ], [ 556657.724000000045635, 3035007.984000000171363 ], [ 556657.724000000045635, 3035007.834000000264496 ], [ 556657.674, 3035007.78400000045076 ], [ 556657.674, 3035007.184000000357628 ], [ 556657.824000000022352, 3035006.984000000171363 ], [ 556657.873999999952503, 3035006.834000000264496 ], [ 556657.974000000045635, 3035006.734000000171363 ], [ 556657.974000000045635, 3035006.434000000357628 ], [ 556657.824000000022352, 3035006.234000000171363 ], [ 556657.824000000022352, 3035006.184000000357628 ], [ 556657.523999999975786, 3035005.834000000264496 ], [ 556657.373999999952503, 3035005.53400000045076 ], [ 556657.373999999952503, 3035004.984000000171363 ], [ 556657.574000000022352, 3035004.634 ], [ 556657.924, 3035004.334000000264496 ], [ 556657.998999999952503, 3035004.109000000171363 ], [ 556658.648999999975786, 3035004.059000000357628 ] ] ] } },
{ "type": "Feature", "properties": { "unit_id": "c00042", "method": "watershed", "label": 42 }, "geometry": { "type": "Polygon", "coordinates": [ [ [ 556612.748999999952503, 3035033.90900000045076 ], [ 556612.924, 3035034.084000000264496 ], [ 556612.973999999929219, 3035034.234000000171363 ], [ 556613.174, 3035034.484000000171363 ], [ 556613.223999999929219, 3035034.684000000357628 ], [ 556613.373999999952503, 3035034.984000000171363 ], [ 556613.523999999975786, 3035035.134000000543892 ], [ 556613.773999999975786, 3035035.584000000264496 ], [ 556613.773999999975786, 3035035.984000000171363 ], [ 556613.723999999929219, 3035036.084000000264496 ], [ 556613.398999999975786, 3035036.359000000171363 ], [ 556613.148999999975786, 3035036.459000000264496 ], [ 556612.848999999929219, 3035036.759000000543892 ], [ 556612.648999999975786, 3035036.859000000171363 ], [ 556612.448999999905936, 3035036.859000000171363 ], [ 556612.398999999975786, 3035036.90900000045076 ], [ 556611.748999999952503, 3035036.809000000357628 ], [ 556611.598999999929219, 3035036.709000000264496 ], [ 556611.498999999952503, 3035036.709000000264496 ], [ 556611.198999999905936, 3035036.559000000357628 ], [ 556610.873999999952503, 3035036.234000000171363 ], [ 556610.773999999975786, 3035036.03400000045076 ], [ 556610.523999999975786, 3035035.734000000171363 ], [ 556610.373999999952503, 3035035.434000000357628 ], [ 556610.323999999905936, 3035034.934000000357628 ], [ 556610.373999999952503, 3035034.884000000543892 ], [ 556610.424, 3035034.634000000543892 ], [ 556610.573999999905936, 3035034.434000000357628 ], [ 556610.573999999905936, 3035034.334000000264496 ], [ 556610.723999999929219, 3035034.03400000045076 ], [ 556611.498999999952503, 3035034.009000000543892 ], [ 556611.549, 3035034.059000000357628 ], [ 556612.049, 3035034.059000000357628 ], [ 556612.098999999929219, 3035034.009000000543892 ], [ 556612.348999999929219, 3035034.009000000543892 ], [ 556612.398999999975786, 3035033.959000000264496 ], [ 556612.598999999929219, 3035033.959000000264496 ], [ 556612.648999999975786, 3035033.90900000045076 ], [ 556612.748999999952503, 3035033.90900000045076 ] ] ] } },
{ "type": "Feature", "properties": { "unit_id": "c00043", "method": "watershed", "label": 43 }, "geometry": { "type": "Polygon", "coordinates": [ [ [ 556612.799, 3035000.209000000264496 ], [ 556612.998999999952503, 3035000.309000000357628 ], [ 556613.223999999929219, 3035000.53400000045076 ], [ 556613.323999999905936, 3035000.734000000171363 ], [ 556613.323999999905936, 3035000.884 ], [ 556613.424, 3035001.084000000264496 ], [ 556613.424, 3035001.234000000171363 ], [ 556613.473999999929219, 3035001.28400000045076 ], [ 556613.373999999952503, 3035001.584000000264496 ], [ 556613.198999999905936, 3035001.759 ], [ 556612.848999999929219, 3035001.90900000045076 ], [ 556612.823999999905936, 3035001.984000000171363 ], [ 556612.948999999905936, 3035002.109000000171363 ], [ 556613.448999999905936, 3035002.359000000171363 ], [ 556613.773999999975786, 3035002.734000000171363 ], [ 556613.823999999905936, 3035002.834000000264496 ], [ 556613.823999999905936, 3035002.984000000171363 ], [ 556613.873999999952503, 3035003.03400000045076 ], [ 556613.873999999952503, 3035003.134 ], [ 556613.823999999905936, 3035003.184000000357628 ], [ 556613.823999999905936, 3035004.184000000357628 ], [ 556613.674, 3035004.484000000171363 ], [ 556613.498999999952503, 3035004.65900000045076 ], [ 556612.998999999952503, 3035004.65900000045076 ], [ 556612.948999999905936, 3035004.609000000171363 ], [ 556612.698999999905936, 3035004.609000000171363 ], [ 556612.049, 3035004.259 ], [ 556611.049, 3035004.259 ], [ 556610.973999999929219, 3035003.834000000264496 ], [ 556610.773999999975786, 3035003.484000000171363 ], [ 556610.573999999905936, 3035003.234000000171363 ], [ 556610.573999999905936, 3035003.134 ], [ 556610.523999999975786, 3035003.084000000264496 ], [ 556610.523999999975786, 3035002.684000000357628 ], [ 556610.573999999905936, 3035002.634 ], [ 556610.573999999905936, 3035002.434000000357628 ], [ 556610.623999999952503, 3035002.384 ], [ 556610.674, 3035002.134 ], [ 556610.773999999975786, 3035001.984000000171363 ], [ 556610.823999999905936, 3035001.734000000171363 ], [ 556610.873999999952503, 3035001.684000000357628 ], [ 556610.924, 3035001.334000000264496 ], [ 556611.073999999905936, 3035001.03400000045076 ], [ 556611.273999999975786, 3035000.78400000045076 ], [ 556611.273999999975786, 3035000.734000000171363 ], [ 556611.424, 3035000.584000000264496 ], [ 556611.424, 3035000.53400000045076 ], [ 556611.848999999929219, 3035000.209000000264496 ], [ 556612.799, 3035000.209000000264496 ] ] ] } },
{ "type": "Feature", "properties": { "unit_id": "c00044", "method": "watershed", "label": 44 }, "geometry": { "type": "Polygon", "coordinates": [ [ [ 556658.648999999975786, 3034970.009 ], [ 556658.699000000022352, 3034970.059000000357628 ], [ 556659.324000000022352, 3034970.084000000264496 ], [ 556659.324000000022352, 3034970.134 ], [ 556659.523999999975786, 3034970.334000000264496 ], [ 556659.523999999975786, 3034970.434000000357628 ], [ 556659.574000000022352, 3034970.484000000171363 ], [ 556659.574000000022352, 3034970.734000000171363 ], [ 556659.623999999952503, 3034970.78400000045076 ], [ 556659.623999999952503, 3034970.984000000171363 ], [ 556659.674, 3034971.03400000045076 ], [ 556659.674, 3034971.28400000045076 ], [ 556659.623999999952503, 3034971.334000000264496 ], [ 556659.623999999952503, 3034971.484000000171363 ], [ 556659.574000000022352, 3034971.584000000264496 ], [ 556659.074000000022352, 3034972.134 ], [ 556659.023999999975786, 3034972.234000000171363 ], [ 556659.023999999975786, 3034972.384 ], [ 556658.974000000045635, 3034972.434000000357628 ], [ 556659.023999999975786, 3034972.78400000045076 ], [ 556659.074000000022352, 3034972.834000000264496 ], [ 556659.074000000022352, 3034972.934000000357628 ], [ 556659.174, 3034973.134 ], [ 556659.174, 3034973.384 ], [ 556659.123999999952503, 3034973.434000000357628 ], [ 556659.123999999952503, 3034973.53400000045076 ], [ 556659.074000000022352, 3034973.634 ], [ 556658.849000000045635, 3034973.859000000171363 ], [ 556658.748999999952503, 3034973.90900000045076 ], [ 556658.449000000022352, 3034973.90900000045076 ], [ 556658.248999999952503, 3034973.809000000357628 ], [ 556658.049, 3034973.609000000171363 ], [ 556657.849000000045635, 3034973.509 ], [ 556657.699000000022352, 3034973.509 ], [ 556657.599000000045635, 3034973.459000000264496 ], [ 556657.424, 3034973.28400000045076 ], [ 556657.373999999952503, 3034973.184000000357628 ], [ 556657.373999999952503, 3034973.03400000045076 ], [ 556657.599000000045635, 3034972.759 ], [ 556657.799, 3034972.65900000045076 ], [ 556658.123999999952503, 3034972.334000000264496 ], [ 556658.174, 3034972.234000000171363 ], [ 556658.174, 3034972.134 ], [ 556658.099000000045635, 3034972.009 ], [ 556657.849000000045635, 3034971.90900000045076 ], [ 556657.574000000022352, 3034971.634 ], [ 556657.474000000045635, 3034971.434000000357628 ], [ 556657.474000000045635, 3034971.234000000171363 ], [ 556657.523999999975786, 3034971.184000000357628 ], [ 556657.523999999975786, 3034971.084000000264496 ], [ 556657.623999999952503, 3034970.884 ], [ 556657.924, 3034970.484000000171363 ], [ 556657.924, 3034970.434000000357628 ], [ 556658.023999999975786, 3034970.334000000264496 ], [ 556658.148999999975786, 3034970.009 ], [ 556658.648999999975786, 3034970.009 ] ] ] } },
{ "type": "Feature", "properties": { "unit_id": "c00045", "method": "watershed", "label": 45 }, "geometry": { "type": "Polygon", "coordinates": [ [ [ 556612.698999999905936, 3034918.859000000171363 ], [ 556612.898999999975786, 3034918.959000000264496 ], [ 556613.049, 3034918.959000000264496 ], [ 556613.098999999929219, 3034919.009 ], [ 556613.848999999929219, 3034919.009 ], [ 556613.973999999929219, 3034919.234000000171363 ], [ 556614.273999999975786, 3034919.53400000045076 ], [ 556614.273999999975786, 3034919.584000000264496 ], [ 556614.523999999975786, 3034919.834000000264496 ], [ 556614.573999999905936, 3034919.934000000357628 ], [ 556614.623999999952503, 3034920.234000000171363 ], [ 556614.674, 3034920.28400000045076 ], [ 556614.674, 3034920.684000000357628 ], [ 556614.549, 3034920.859000000171363 ], [ 556614.348999999929219, 3034920.959000000264496 ], [ 556614.198999999905936, 3034920.959000000264496 ], [ 556614.148999999975786, 3034921.009 ], [ 556613.898999999975786, 3034921.059000000357628 ], [ 556613.598999999929219, 3034921.209000000264496 ], [ 556613.448999999905936, 3034921.209000000264496 ], [ 556613.398999999975786, 3034921.259 ], [ 556612.998999999952503, 3034921.259 ], [ 556612.773999999975786, 3034921.434000000357628 ], [ 556612.823999999905936, 3034921.53400000045076 ], [ 556612.799, 3034921.559000000357628 ], [ 556612.498999999952503, 3034921.559000000357628 ], [ 556612.299, 3034921.65900000045076 ], [ 556612.148999999975786, 3034921.65900000045076 ], [ 556612.098999999929219, 3034921.709000000264496 ], [ 556611.299, 3034921.709000000264496 ], [ 556611.273999999975786, 3034921.584000000264496 ], [ 556611.223999999929219, 3034921.53400000045076 ], [ 556611.223999999929219, 3034921.434000000357628 ], [ 556611.174, 3034921.384 ], [ 556611.174, 3034921.28400000045076 ], [ 556611.123999999952503, 3034921.234000000171363 ], [ 556611.123999999952503, 3034921.134 ], [ 556611.023999999975786, 3034920.984000000171363 ], [ 556611.023999999975786, 3034920.78400000045076 ], [ 556610.973999999929219, 3034920.734000000171363 ], [ 556610.973999999929219, 3034920.434000000357628 ], [ 556610.924, 3034920.384 ], [ 556610.873999999952503, 3034920.084000000264496 ], [ 556610.823999999905936, 3034920.03400000045076 ], [ 556610.823999999905936, 3034919.884 ], [ 556610.773999999975786, 3034919.834000000264496 ], [ 556610.773999999975786, 3034919.53400000045076 ], [ 556610.924, 3034919.234000000171363 ], [ 556610.973999999929219, 3034918.984000000171363 ], [ 556611.049, 3034918.859000000171363 ], [ 556612.698999999905936, 3034918.859000000171363 ] ] ] } },
{ "type": "Feature", "properties": { "unit_id": "c00046", "method": "watershed", "label": 46 }, "geometry": { "type": "Polygon", "coordinates": [ [ [ 556621.448999999905936, 3034970.259 ], [ 556621.674, 3034970.684000000357628 ], [ 556621.723999999929219, 3034970.984000000171363 ], [ 556621.773999999975786, 3034971.03400000045076 ], [ 556621.773999999975786, 3034971.184000000357628 ], [ 556621.823999999905936, 3034971.234000000171363 ], [ 556621.823999999905936, 3034971.634 ], [ 556621.773999999975786, 3034971.684000000357628 ], [ 556621.773999999975786, 3034971.78400000045076 ], [ 556621.723999999929219, 3034971.884 ], [ 556621.448999999905936, 3034972.15900000045076 ], [ 556620.748999999952503, 3034972.509 ], [ 556620.398999999975786, 3034972.559000000357628 ], [ 556620.348999999929219, 3034972.509 ], [ 556620.198999999905936, 3034972.509 ], [ 556620.148999999975786, 3034972.459000000264496 ], [ 556619.648999999975786, 3034972.459000000264496 ], [ 556619.598999999929219, 3034972.40900000045076 ], [ 556619.348999999929219, 3034972.359000000171363 ], [ 556619.123999999952503, 3034972.134 ], [ 556618.973999999929219, 3034971.834000000264496 ], [ 556618.973999999929219, 3034971.734000000171363 ], [ 556618.924, 3034971.684000000357628 ], [ 556618.924, 3034971.28400000045076 ], [ 556619.123999999952503, 3034970.934000000357628 ], [ 556619.348999999929219, 3034970.65900000045076 ], [ 556619.398999999975786, 3034970.65900000045076 ], [ 556619.498999999952503, 3034970.559000000357628 ], [ 556619.898999999975786, 3034970.459000000264496 ], [ 556620.049, 3034970.309000000357628 ], [ 556621.448999999905936, 3034970.259 ] ] ] } },
{ "type": "Feature", "properties": { "unit_id": "c00047", "method": "watershed", "label": 47 }, "geometry": { "type": "Polygon", "coordinates": [ [ [ 556667.299, 3034938.40900000045076 ], [ 556667.373999999952503, 3034938.584000000264496 ], [ 556667.523999999975786, 3034938.78400000045076 ], [ 556667.523999999975786, 3034938.884 ], [ 556667.574000000022352, 3034938.934000000357628 ], [ 556667.574000000022352, 3034939.184000000357628 ], [ 556667.623999999952503, 3034939.234000000171363 ], [ 556667.623999999952503, 3034939.53400000045076 ], [ 556667.324000000022352, 3034940.134 ], [ 556667.324000000022352, 3034940.28400000045076 ], [ 556667.373999999952503, 3034940.384 ], [ 556666.849000000045635, 3034940.40900000045076 ], [ 556666.799, 3034940.459000000264496 ], [ 556666.299, 3034940.459000000264496 ], [ 556666.273999999975786, 3034940.334000000264496 ], [ 556666.148999999975786, 3034940.209000000264496 ], [ 556666.099000000045635, 3034940.209000000264496 ], [ 556665.998999999952503, 3034940.109000000171363 ], [ 556665.849000000045635, 3034940.059000000357628 ], [ 556665.699000000022352, 3034939.90900000045076 ], [ 556665.648999999975786, 3034939.90900000045076 ], [ 556665.424, 3034939.634 ], [ 556665.424, 3034939.484000000171363 ], [ 556665.373999999952503, 3034939.434000000357628 ], [ 556665.424, 3034939.03400000045076 ], [ 556665.523999999975786, 3034938.834000000264496 ], [ 556665.648999999975786, 3034938.709000000264496 ], [ 556665.849000000045635, 3034938.65900000045076 ], [ 556665.898999999975786, 3034938.609000000171363 ], [ 556666.099000000045635, 3034938.609000000171363 ], [ 556666.148999999975786, 3034938.559000000357628 ], [ 556666.248999999952503, 3034938.559000000357628 ], [ 556666.398999999975786, 3034938.40900000045076 ], [ 556667.299, 3034938.40900000045076 ] ] ] } },
{ "type": "Feature", "properties": { "unit_id": "c00048", "method": "watershed", "label": 48 }, "geometry": { "type": "Polygon", "coordinates": [ [ [ 556613.498999999952503, 3035046.109000000171363 ], [ 556613.523999999975786, 3035046.334000000264496 ], [ 556613.623999999952503, 3035046.53400000045076 ], [ 556613.823999999905936, 3035046.78400000045076 ], [ 556613.823999999905936, 3035047.184000000357628 ], [ 556613.723999999929219, 3035047.384000000543892 ], [ 556613.723999999929219, 3035047.484000000171363 ], [ 556613.623999999952503, 3035047.584000000264496 ], [ 556613.623999999952503, 3035047.634000000543892 ], [ 556613.498999999952503, 3035047.759000000543892 ], [ 556613.448999999905936, 3035047.759000000543892 ], [ 556612.948999999905936, 3035048.259000000543892 ], [ 556612.748999999952503, 3035048.359000000171363 ], [ 556612.648999999975786, 3035048.359000000171363 ], [ 556612.598999999929219, 3035048.40900000045076 ], [ 556611.998999999952503, 3035048.459000000264496 ], [ 556611.799, 3035048.559000000357628 ], [ 556611.698999999905936, 3035048.559000000357628 ], [ 556611.648999999975786, 3035048.609000000171363 ], [ 556611.398999999975786, 3035048.609000000171363 ], [ 556611.299, 3035048.559000000357628 ], [ 556610.948999999905936, 3035048.209000000264496 ], [ 556610.648999999975786, 3035048.059000000357628 ], [ 556610.473999999929219, 3035047.884000000543892 ], [ 556610.424, 3035047.78400000045076 ], [ 556610.424, 3035047.634000000543892 ], [ 556610.473999999929219, 3035047.584000000264496 ], [ 556610.523999999975786, 3035047.334000000264496 ], [ 556610.573999999905936, 3035047.28400000045076 ], [ 556610.573999999905936, 3035046.634000000543892 ], [ 556610.523999999975786, 3035046.584000000264496 ], [ 556610.549, 3035046.40900000045076 ], [ 556611.748999999952503, 3035046.40900000045076 ], [ 556612.348999999929219, 3035046.109000000171363 ], [ 556613.498999999952503, 3035046.109000000171363 ] ] ] } },
{ "type": "Feature", "properties": { "unit_id": "c00049", "method": "watershed", "label": 49 }, "geometry": { "type": "Polygon", "coordinates": [ [ [ 556611.848999999929219, 3035038.90900000045076 ], [ 556611.898999999975786, 3035038.959000000264496 ], [ 556612.248999999952503, 3035038.959000000264496 ], [ 556612.299, 3035039.009000000543892 ], [ 556612.698999999905936, 3035039.059000000357628 ], [ 556613.598999999929219, 3035039.509000000543892 ], [ 556613.773999999975786, 3035039.734000000171363 ], [ 556613.773999999975786, 3035040.884000000543892 ], [ 556613.723999999929219, 3035040.984000000171363 ], [ 556613.273999999975786, 3035041.434000000357628 ], [ 556613.223999999929219, 3035041.53400000045076 ], [ 556613.223999999929219, 3035041.684000000357628 ], [ 556613.323999999905936, 3035041.834000000264496 ], [ 556613.323999999905936, 3035041.934000000357628 ], [ 556613.424, 3035042.134000000543892 ], [ 556613.424, 3035042.334000000264496 ], [ 556613.473999999929219, 3035042.384000000543892 ], [ 556613.473999999929219, 3035042.584000000264496 ], [ 556613.523999999975786, 3035042.634000000543892 ], [ 556613.523999999975786, 3035042.734000000171363 ], [ 556613.473999999929219, 3035042.78400000045076 ], [ 556613.473999999929219, 3035042.884000000543892 ], [ 556613.023999999975786, 3035043.334000000264496 ], [ 556612.948999999905936, 3035043.509000000543892 ], [ 556611.299, 3035043.509000000543892 ], [ 556611.273999999975786, 3035043.434000000357628 ], [ 556611.323999999905936, 3035043.384000000543892 ], [ 556611.323999999905936, 3035043.084000000264496 ], [ 556611.273999999975786, 3035042.984000000171363 ], [ 556611.073999999905936, 3035042.78400000045076 ], [ 556610.924, 3035042.484000000171363 ], [ 556610.823999999905936, 3035042.384000000543892 ], [ 556610.674, 3035042.084000000264496 ], [ 556610.623999999952503, 3035041.78400000045076 ], [ 556610.573999999905936, 3035041.734000000171363 ], [ 556610.573999999905936, 3035041.484000000171363 ], [ 556610.523999999975786, 3035041.434000000357628 ], [ 556610.523999999975786, 3035041.234000000171363 ], [ 556610.473999999929219, 3035041.184000000357628 ], [ 556610.473999999929219, 3035041.084000000264496 ], [ 556610.373999999952503, 3035040.884000000543892 ], [ 556610.373999999952503, 3035040.684000000357628 ], [ 556610.523999999975786, 3035040.434000000357628 ], [ 556610.523999999975786, 3035040.334000000264496 ], [ 556610.623999999952503, 3035040.184000000357628 ], [ 556610.674, 3035039.934000000357628 ], [ 556610.773999999975786, 3035039.734000000171363 ], [ 556611.098999999929219, 3035039.40900000045076 ], [ 556611.198999999905936, 3035039.359000000171363 ], [ 556611.424, 3035039.134000000543892 ], [ 556611.448999999905936, 3035039.059000000357628 ], [ 556611.498999999952503, 3035039.059000000357628 ], [ 556611.598999999929219, 3035038.959000000264496 ], [ 556611.848999999929219, 3035038.90900000045076 ] ] ] } },
{ "type": "Feature", "properties": { "unit_id": "c00050", "method": "watershed", "label": 50 }, "geometry": { "type": "Polygon", "coordinates": [ [ [ 556635.748999999952503, 3034914.15900000045076 ], [ 556635.799, 3034914.209000000264496 ], [ 556635.949000000022352, 3034914.209000000264496 ], [ 556636.148999999975786, 3034914.309000000357628 ], [ 556636.248999999952503, 3034914.309000000357628 ], [ 556636.299, 3034914.359000000171363 ], [ 556636.598999999929219, 3034914.40900000045076 ], [ 556636.873999999952503, 3034914.684000000357628 ], [ 556637.023999999975786, 3034914.984000000171363 ], [ 556637.023999999975786, 3034915.134 ], [ 556637.074000000022352, 3034915.184000000357628 ], [ 556637.023999999975786, 3034916.28400000045076 ], [ 556636.973999999929219, 3034916.334000000264496 ], [ 556636.973999999929219, 3034916.434000000357628 ], [ 556636.824000000022352, 3034916.684000000357628 ], [ 556636.799, 3034916.809000000357628 ], [ 556635.949000000022352, 3034916.809000000357628 ], [ 556635.898999999975786, 3034916.759 ], [ 556635.299, 3034916.759 ], [ 556635.273999999975786, 3034916.334000000264496 ], [ 556635.023999999975786, 3034915.984000000171363 ], [ 556634.824000000022352, 3034915.53400000045076 ], [ 556634.674, 3034915.334000000264496 ], [ 556634.674, 3034915.234000000171363 ], [ 556634.623999999952503, 3034915.184000000357628 ], [ 556634.674, 3034914.934000000357628 ], [ 556634.873999999952503, 3034914.734000000171363 ], [ 556634.873999999952503, 3034914.684000000357628 ], [ 556635.023999999975786, 3034914.53400000045076 ], [ 556635.023999999975786, 3034914.484000000171363 ], [ 556635.248999999952503, 3034914.259 ], [ 556635.449000000022352, 3034914.15900000045076 ], [ 556635.748999999952503, 3034914.15900000045076 ] ] ] } },
{ "type": "Feature", "properties": { "unit_id": "c00051", "method": "watershed", "label": 51 }, "geometry": { "type": "Polygon", "coordinates": [ [ [ 556627.498999999952503, 3035038.759000000543892 ], [ 556627.549, 3035038.809000000357628 ], [ 556627.699000000022352, 3035038.809000000357628 ], [ 556628.598999999929219, 3035039.259000000543892 ], [ 556628.924, 3035039.634000000543892 ], [ 556628.924, 3035039.684000000357628 ], [ 556629.023999999975786, 3035039.78400000045076 ], [ 556629.223999999929219, 3035040.134000000543892 ], [ 556629.223999999929219, 3035040.434000000357628 ], [ 556629.174, 3035040.484000000171363 ], [ 556629.174, 3035040.634000000543892 ], [ 556629.123999999952503, 3035040.684000000357628 ], [ 556629.123999999952503, 3035040.984000000171363 ], [ 556629.074000000022352, 3035041.03400000045076 ], [ 556629.074000000022352, 3035041.134000000543892 ], [ 556628.748999999952503, 3035041.459000000264496 ], [ 556628.699000000022352, 3035041.459000000264496 ], [ 556628.623999999952503, 3035041.584000000264496 ], [ 556628.623999999952503, 3035041.834000000264496 ], [ 556628.873999999952503, 3035042.28400000045076 ], [ 556628.873999999952503, 3035042.434000000357628 ], [ 556628.924, 3035042.484000000171363 ], [ 556628.873999999952503, 3035042.584000000264496 ], [ 556628.873999999952503, 3035042.734000000171363 ], [ 556628.773999999975786, 3035042.834000000264496 ], [ 556628.723999999929219, 3035042.984000000171363 ], [ 556628.523999999975786, 3035043.184000000357628 ], [ 556628.523999999975786, 3035043.234000000171363 ], [ 556628.223999999929219, 3035043.53400000045076 ], [ 556628.199000000022352, 3035043.759000000543892 ], [ 556626.773999999975786, 3035043.734000000171363 ], [ 556626.723999999929219, 3035043.584000000264496 ], [ 556626.523999999975786, 3035043.334000000264496 ], [ 556626.424, 3035043.134000000543892 ], [ 556626.424, 3035042.984000000171363 ], [ 556626.373999999952503, 3035042.934000000357628 ], [ 556626.373999999952503, 3035042.234000000171363 ], [ 556626.424, 3035042.184000000357628 ], [ 556626.473999999929219, 3035041.584000000264496 ], [ 556626.424, 3035041.53400000045076 ], [ 556626.373999999952503, 3035041.234000000171363 ], [ 556626.223999999929219, 3035041.03400000045076 ], [ 556626.023999999975786, 3035040.634000000543892 ], [ 556626.023999999975786, 3035040.484000000171363 ], [ 556625.973999999929219, 3035040.434000000357628 ], [ 556625.973999999929219, 3035040.03400000045076 ], [ 556626.023999999975786, 3035039.984000000171363 ], [ 556626.023999999975786, 3035039.884000000543892 ], [ 556626.123999999952503, 3035039.684000000357628 ], [ 556626.549, 3035039.259000000543892 ], [ 556626.598999999929219, 3035039.259000000543892 ], [ 556626.748999999952503, 3035039.109000000171363 ], [ 556626.799, 3035039.109000000171363 ], [ 556626.998999999952503, 3035038.90900000045076 ], [ 556627.199000000022352, 3035038.809000000357628 ], [ 556627.498999999952503, 3035038.759000000543892 ] ] ] } },
{ "type": "Feature", "properties": { "unit_id": "c00052", "method": "watershed", "label": 52 }, "geometry": { "type": "Polygon", "coordinates": [ [ [ 556619.998999999952503, 3035034.059000000357628 ], [ 556620.049, 3035034.109000000171363 ], [ 556620.299, 3035034.15900000045076 ], [ 556620.598999999929219, 3035034.309000000357628 ], [ 556621.123999999952503, 3035034.834000000264496 ], [ 556621.123999999952503, 3035034.884000000543892 ], [ 556621.273999999975786, 3035035.03400000045076 ], [ 556621.373999999952503, 3035035.234000000171363 ], [ 556621.373999999952503, 3035035.334000000264496 ], [ 556621.424, 3035035.384000000543892 ], [ 556621.424, 3035035.684000000357628 ], [ 556621.373999999952503, 3035035.734000000171363 ], [ 556621.373999999952503, 3035035.934000000357628 ], [ 556621.323999999905936, 3035035.984000000171363 ], [ 556621.323999999905936, 3035036.184000000357628 ], [ 556621.198999999905936, 3035036.40900000045076 ], [ 556620.998999999952503, 3035036.509000000543892 ], [ 556620.848999999929219, 3035036.509000000543892 ], [ 556620.648999999975786, 3035036.40900000045076 ], [ 556620.549, 3035036.40900000045076 ], [ 556620.498999999952503, 3035036.359000000171363 ], [ 556620.049, 3035036.40900000045076 ], [ 556619.998999999952503, 3035036.459000000264496 ], [ 556619.398999999975786, 3035036.459000000264496 ], [ 556619.373999999952503, 3035036.334000000264496 ], [ 556619.148999999975786, 3035036.109000000171363 ], [ 556618.698999999905936, 3035035.90900000045076 ], [ 556618.573999999905936, 3035035.78400000045076 ], [ 556618.473999999929219, 3035035.584000000264496 ], [ 556618.473999999929219, 3035035.28400000045076 ], [ 556618.823999999905936, 3035034.53400000045076 ], [ 556618.848999999929219, 3035034.15900000045076 ], [ 556619.549, 3035034.15900000045076 ], [ 556619.598999999929219, 3035034.109000000171363 ], [ 556619.848999999929219, 3035034.109000000171363 ], [ 556619.898999999975786, 3035034.059000000357628 ], [ 556619.998999999952503, 3035034.059000000357628 ] ] ] } },
{ "type": "Feature", "properties": { "unit_id": "c00053", "method": "watershed", "label": 53 }, "geometry": { "type": "Polygon", "coordinates": [ [ [ 556620.198999999905936, 3034985.559000000357628 ], [ 556620.698999999905936, 3034985.809000000357628 ], [ 556620.973999999929219, 3034986.084000000264496 ], [ 556621.023999999975786, 3034986.184000000357628 ], [ 556621.023999999975786, 3034986.384 ], [ 556621.073999999905936, 3034986.434000000357628 ], [ 556621.073999999905936, 3034986.53400000045076 ], [ 556621.023999999975786, 3034986.584000000264496 ], [ 556621.023999999975786, 3034987.084000000264496 ], [ 556620.924, 3034987.184000000357628 ], [ 556620.924, 3034987.234000000171363 ], [ 556620.748999999952503, 3034987.359000000171363 ], [ 556620.498999999952503, 3034987.40900000045076 ], [ 556620.299, 3034987.509 ], [ 556620.148999999975786, 3034987.709000000264496 ], [ 556619.848999999929219, 3034987.709000000264496 ], [ 556619.799, 3034987.759 ], [ 556619.398999999975786, 3034987.759 ], [ 556618.973999999929219, 3034987.384 ], [ 556618.873999999952503, 3034987.184000000357628 ], [ 556618.823999999905936, 3034986.884 ], [ 556618.773999999975786, 3034986.834000000264496 ], [ 556618.823999999905936, 3034986.484000000171363 ], [ 556618.873999999952503, 3034986.384 ], [ 556619.198999999905936, 3034986.059000000357628 ], [ 556619.348999999929219, 3034986.009 ], [ 556619.748999999952503, 3034985.709000000264496 ], [ 556619.948999999905936, 3034985.609000000171363 ], [ 556620.049, 3034985.609000000171363 ], [ 556620.098999999929219, 3034985.559000000357628 ], [ 556620.198999999905936, 3034985.559000000357628 ] ] ] } },
{ "type": "Feature", "properties": { "unit_id": "c00054", "method": "watershed", "label": 54 }, "geometry": { "type": "Polygon", "coordinates": [ [ [ 556666.148999999975786, 3034963.859000000171363 ], [ 556666.199000000022352, 3034963.90900000045076 ], [ 556666.498999999952503, 3034963.959000000264496 ], [ 556666.599000000045635, 3034964.059000000357628 ], [ 556666.648999999975786, 3034964.059000000357628 ], [ 556666.924, 3034964.334000000264496 ], [ 556666.974000000045635, 3034964.484000000171363 ], [ 556667.074000000022352, 3034964.584000000264496 ], [ 556667.174, 3034964.78400000045076 ], [ 556667.174, 3034964.884 ], [ 556667.224000000045635, 3034964.934000000357628 ], [ 556667.224000000045635, 3034965.334000000264496 ], [ 556666.974000000045635, 3034965.834000000264496 ], [ 556666.898999999975786, 3034965.90900000045076 ], [ 556666.498999999952503, 3034965.90900000045076 ], [ 556666.449000000022352, 3034965.959000000264496 ], [ 556665.849000000045635, 3034965.959000000264496 ], [ 556665.773999999975786, 3034965.78400000045076 ], [ 556665.324000000022352, 3034965.384 ], [ 556665.123999999952503, 3034965.03400000045076 ], [ 556665.123999999952503, 3034964.934000000357628 ], [ 556665.074000000022352, 3034964.884 ], [ 556665.074000000022352, 3034964.53400000045076 ], [ 556665.174, 3034964.334000000264496 ], [ 556665.299, 3034964.209000000264496 ], [ 556665.498999999952503, 3034964.109000000171363 ], [ 556665.599000000045635, 3034964.109000000171363 ], [ 556665.949000000022352, 3034963.90900000045076 ], [ 556666.148999999975786, 3034963.859000000171363 ] ] ] } },
{ "type": "Feature", "properties": { "unit_id": "c00055", "method": "watershed", "label": 55 }, "geometry": { "type": "Polygon", "coordinates": [ [ [ 556612.748999999952503, 3034913.90900000045076 ], [ 556612.799, 3034913.959000000264496 ], [ 556612.998999999952503, 3034913.959000000264496 ], [ 556613.198999999905936, 3034914.059000000357628 ], [ 556613.299, 3034914.059000000357628 ], [ 556613.348999999929219, 3034914.109000000171363 ], [ 556613.448999999905936, 3034914.109000000171363 ], [ 556613.948999999905936, 3034914.359000000171363 ], [ 556614.273999999975786, 3034914.634 ], [ 556614.273999999975786, 3034914.734000000171363 ], [ 556614.223999999929219, 3034914.78400000045076 ], [ 556614.223999999929219, 3034915.134 ], [ 556614.174, 3034915.184000000357628 ], [ 556614.223999999929219, 3034915.234000000171363 ], [ 556614.223999999929219, 3034915.334000000264496 ], [ 556614.174, 3034915.384 ], [ 556614.174, 3034915.884 ], [ 556614.123999999952503, 3034915.934000000357628 ], [ 556614.123999999952503, 3034916.084000000264496 ], [ 556613.973999999929219, 3034916.334000000264496 ], [ 556613.973999999929219, 3034916.484000000171363 ], [ 556613.049, 3034916.509 ], [ 556612.998999999952503, 3034916.559000000357628 ], [ 556610.848999999929219, 3034916.559000000357628 ], [ 556610.823999999905936, 3034915.884 ], [ 556610.873999999952503, 3034915.834000000264496 ], [ 556610.924, 3034915.28400000045076 ], [ 556611.123999999952503, 3034914.884 ], [ 556611.398999999975786, 3034914.559000000357628 ], [ 556611.448999999905936, 3034914.559000000357628 ], [ 556611.598999999929219, 3034914.40900000045076 ], [ 556611.648999999975786, 3034914.40900000045076 ], [ 556612.148999999975786, 3034914.009 ], [ 556612.348999999929219, 3034913.959000000264496 ], [ 556612.398999999975786, 3034913.90900000045076 ], [ 556612.748999999952503, 3034913.90900000045076 ] ] ] } },
{ "type": "Feature", "properties": { "unit_id": "c00056", "method": "watershed", "label": 56 }, "geometry": { "type": "Polygon", "coordinates": [ [ [ 556666.199000000022352, 3035003.059000000357628 ], [ 556666.248999999952503, 3035003.109000000171363 ], [ 556666.599000000045635, 3035003.109000000171363 ], [ 556666.699000000022352, 3035003.15900000045076 ], [ 556666.873999999952503, 3035003.334000000264496 ], [ 556666.924, 3035003.53400000045076 ], [ 556666.974000000045635, 3035003.584000000264496 ], [ 556666.974000000045635, 3035003.834000000264496 ], [ 556666.924, 3035003.884 ], [ 556666.924, 3035003.984000000171363 ], [ 556666.623999999952503, 3035004.334000000264496 ], [ 556666.623999999952503, 3035004.634 ], [ 556666.873999999952503, 3035005.03400000045076 ], [ 556666.873999999952503, 3035005.434000000357628 ], [ 556666.824000000022352, 3035005.484000000171363 ], [ 556666.773999999975786, 3035005.734000000171363 ], [ 556666.623999999952503, 3035006.03400000045076 ], [ 556666.398999999975786, 3035006.259 ], [ 556666.199000000022352, 3035006.309000000357628 ], [ 556666.148999999975786, 3035006.359000000171363 ], [ 556665.799, 3035006.359000000171363 ], [ 556665.498999999952503, 3035006.209000000264496 ], [ 556665.273999999975786, 3035005.984000000171363 ], [ 556665.174, 3035005.78400000045076 ], [ 556665.074000000022352, 3035005.684000000357628 ], [ 556664.924, 3035005.384 ], [ 556664.924, 3035005.03400000045076 ], [ 556665.199000000022352, 3035004.759 ], [ 556665.398999999975786, 3035004.65900000045076 ], [ 556665.523999999975786, 3035004.484000000171363 ], [ 556665.523999999975786, 3035004.234000000171363 ], [ 556665.324000000022352, 3035003.834000000264496 ], [ 556665.324000000022352, 3035003.634 ], [ 556665.373999999952503, 3035003.584000000264496 ], [ 556665.424, 3035003.384 ], [ 556665.648999999975786, 3035003.15900000045076 ], [ 556665.748999999952503, 3035003.109000000171363 ], [ 556665.849000000045635, 3035003.109000000171363 ], [ 556665.898999999975786, 3035003.059000000357628 ], [ 556666.199000000022352, 3035003.059000000357628 ] ] ] } },
{ "type": "Feature", "properties": { "unit_id": "c00057", "method": "watershed", "label": 57 }, "geometry": { "type": "Polygon", "coordinates": [ [ [ 556621.049, 3034933.709000000264496 ], [ 556621.123999999952503, 3034933.984000000171363 ], [ 556621.373999999952503, 3034934.234000000171363 ], [ 556621.573999999905936, 3034934.584000000264496 ], [ 556621.573999999905936, 3034934.734000000171363 ], [ 556621.623999999952503, 3034934.78400000045076 ], [ 556621.623999999952503, 3034935.03400000045076 ], [ 556621.573999999905936, 3034935.084000000264496 ], [ 556621.573999999905936, 3034935.334000000264496 ], [ 556621.523999999975786, 3034935.384 ], [ 556621.523999999975786, 3034935.53400000045076 ], [ 556621.323999999905936, 3034935.884 ], [ 556621.299, 3034936.109000000171363 ], [ 556620.248999999952503, 3034936.109000000171363 ], [ 556619.948999999905936, 3034935.759 ], [ 556619.799, 3034935.709000000264496 ], [ 556619.698999999905936, 3034935.609000000171363 ], [ 556619.498999999952503, 3034935.509 ], [ 556619.123999999952503, 3034935.134 ], [ 556619.073999999905936, 3034934.934000000357628 ], [ 556619.023999999975786, 3034934.884 ], [ 556619.023999999975786, 3034934.78400000045076 ], [ 556619.073999999905936, 3034934.734000000171363 ], [ 556619.123999999952503, 3034934.484000000171363 ], [ 556619.323999999905936, 3034934.134 ], [ 556619.799, 3034933.709000000264496 ], [ 556621.049, 3034933.709000000264496 ] ] ] } },
{ "type": "Feature", "properties": { "unit_id": "c00058", "method": "watershed", "label": 58 }, "geometry": { "type": "Polygon", "coordinates": [ [ [ 556620.549, 3034953.90900000045076 ], [ 556620.598999999929219, 3034953.959000000264496 ], [ 556620.799, 3034954.009 ], [ 556621.023999999975786, 3034954.28400000045076 ], [ 556621.023999999975786, 3034954.584000000264496 ], [ 556620.973999999929219, 3034954.634 ], [ 556620.973999999929219, 3034954.734000000171363 ], [ 556620.873999999952503, 3034954.934000000357628 ], [ 556620.799, 3034955.009 ], [ 556620.748999999952503, 3034954.959000000264496 ], [ 556620.648999999975786, 3034954.959000000264496 ], [ 556620.573999999905936, 3034955.03400000045076 ], [ 556620.573999999905936, 3034955.084000000264496 ], [ 556620.723999999929219, 3034955.184000000357628 ], [ 556620.823999999905936, 3034955.484000000171363 ], [ 556621.148999999975786, 3034955.809000000357628 ], [ 556621.198999999905936, 3034955.809000000357628 ], [ 556621.373999999952503, 3034956.03400000045076 ], [ 556621.424, 3034956.134 ], [ 556621.424, 3034956.434000000357628 ], [ 556621.473999999929219, 3034956.484000000171363 ], [ 556621.473999999929219, 3034956.684000000357628 ], [ 556621.573999999905936, 3034956.884 ], [ 556621.623999999952503, 3034957.134 ], [ 556621.573999999905936, 3034957.184000000357628 ], [ 556621.573999999905936, 3034957.28400000045076 ], [ 556621.448999999905936, 3034957.40900000045076 ], [ 556621.248999999952503, 3034957.459000000264496 ], [ 556621.098999999929219, 3034957.559000000357628 ], [ 556620.998999999952503, 3034957.559000000357628 ], [ 556620.748999999952503, 3034957.709000000264496 ], [ 556620.549, 3034957.709000000264496 ], [ 556620.398999999975786, 3034957.609000000171363 ], [ 556620.299, 3034957.609000000171363 ], [ 556620.098999999929219, 3034957.809000000357628 ], [ 556619.898999999975786, 3034957.90900000045076 ], [ 556619.799, 3034957.90900000045076 ], [ 556619.748999999952503, 3034957.959000000264496 ], [ 556619.398999999975786, 3034957.959000000264496 ], [ 556619.348999999929219, 3034957.90900000045076 ], [ 556619.148999999975786, 3034957.859000000171363 ], [ 556618.924, 3034957.684000000357628 ], [ 556618.924, 3034957.634 ], [ 556618.773999999975786, 3034957.484000000171363 ], [ 556618.623999999952503, 3034957.184000000357628 ], [ 556618.623999999952503, 3034957.03400000045076 ], [ 556618.573999999905936, 3034956.984000000171363 ], [ 556618.573999999905936, 3034956.584000000264496 ], [ 556618.623999999952503, 3034956.53400000045076 ], [ 556618.623999999952503, 3034956.384 ], [ 556618.748999999952503, 3034956.209000000264496 ], [ 556618.998999999952503, 3034956.109000000171363 ], [ 556619.174, 3034955.934000000357628 ], [ 556619.273999999975786, 3034955.734000000171363 ], [ 556619.674, 3034955.28400000045076 ], [ 556619.723999999929219, 3034955.184000000357628 ], [ 556619.723999999929219, 3034954.334000000264496 ], [ 556619.773999999975786, 3034954.234000000171363 ], [ 556619.998999999952503, 3034954.009 ], [ 556620.198999999905936, 3034953.90900000045076 ], [ 556620.549, 3034953.90900000045076 ] ] ] } },
{ "type": "Feature", "properties": { "unit_id": "c00059", "method": "watershed", "label": 59 }, "geometry": { "type": "Polygon", "coordinates": [ [ [ 556627.648999999975786, 3035005.40900000045076 ], [ 556627.699000000022352, 3035005.459000000264496 ], [ 556627.898999999975786, 3035005.509 ], [ 556628.148999999975786, 3035005.759 ], [ 556628.199000000022352, 3035005.759 ], [ 556628.348999999929219, 3035005.90900000045076 ], [ 556628.398999999975786, 3035005.90900000045076 ], [ 556628.623999999952503, 3035006.184000000357628 ], [ 556628.574000000022352, 3035006.484000000171363 ], [ 556628.473999999929219, 3035006.584000000264496 ], [ 556628.324000000022352, 3035006.884 ], [ 556628.324000000022352, 3035007.03400000045076 ], [ 556628.373999999952503, 3035007.084000000264496 ], [ 556628.424, 3035007.28400000045076 ], [ 556628.873999999952503, 3035007.78400000045076 ], [ 556628.924, 3035007.884 ], [ 556628.924, 3035008.03400000045076 ], [ 556628.973999999929219, 3035008.084000000264496 ], [ 556628.973999999929219, 3035008.384 ], [ 556628.824000000022352, 3035008.684000000357628 ], [ 556628.273999999975786, 3035009.28400000045076 ], [ 556628.174, 3035009.484000000171363 ], [ 556628.148999999975786, 3035009.65900000045076 ], [ 556627.848999999929219, 3035009.65900000045076 ], [ 556627.799, 3035009.709000000264496 ], [ 556627.498999999952503, 3035009.709000000264496 ], [ 556627.449000000022352, 3035009.759 ], [ 556626.498999999952503, 3035009.759 ], [ 556626.473999999929219, 3035009.684000000357628 ], [ 556626.674, 3035009.434000000357628 ], [ 556626.674, 3035009.184000000357628 ], [ 556626.424, 3035008.834000000264496 ], [ 556626.273999999975786, 3035008.53400000045076 ], [ 556626.223999999929219, 3035008.234000000171363 ], [ 556626.174, 3035008.184000000357628 ], [ 556626.174, 3035007.984000000171363 ], [ 556626.123999999952503, 3035007.934000000357628 ], [ 556626.174, 3035007.884 ], [ 556626.174, 3035007.684000000357628 ], [ 556626.273999999975786, 3035007.484000000171363 ], [ 556626.473999999929219, 3035007.234000000171363 ], [ 556626.473999999929219, 3035007.184000000357628 ], [ 556626.674, 3035006.984000000171363 ], [ 556626.773999999975786, 3035006.78400000045076 ], [ 556626.773999999975786, 3035006.584000000264496 ], [ 556626.723999999929219, 3035006.53400000045076 ], [ 556626.723999999929219, 3035006.434000000357628 ], [ 556626.574000000022352, 3035006.234000000171363 ], [ 556626.574000000022352, 3035005.934000000357628 ], [ 556626.748999999952503, 3035005.759 ], [ 556627.348999999929219, 3035005.459000000264496 ], [ 556627.648999999975786, 3035005.40900000045076 ] ] ] } },
{ "type": "Feature", "properties": { "unit_id": "c00060", "method": "watershed", "label": 60 }, "geometry": { "type": "Polygon", "coordinates": [ [ [ 556619.648999999975786, 3034941.109000000171363 ], [ 556619.848999999929219, 3034941.209000000264496 ], [ 556620.748999999952503, 3034941.209000000264496 ], [ 556620.799, 3034941.15900000045076 ], [ 556621.299, 3034941.15900000045076 ], [ 556621.498999999952503, 3034941.359000000171363 ], [ 556621.549, 3034941.359000000171363 ], [ 556621.773999999975786, 3034941.634 ], [ 556621.773999999975786, 3034941.734000000171363 ], [ 556621.823999999905936, 3034941.78400000045076 ], [ 556621.823999999905936, 3034942.084000000264496 ], [ 556621.873999999952503, 3034942.134 ], [ 556621.873999999952503, 3034942.384 ], [ 556621.924, 3034942.434000000357628 ], [ 556621.873999999952503, 3034942.734000000171363 ], [ 556621.723999999929219, 3034943.03400000045076 ], [ 556621.448999999905936, 3034943.259 ], [ 556621.248999999952503, 3034943.359000000171363 ], [ 556621.148999999975786, 3034943.359000000171363 ], [ 556621.098999999929219, 3034943.40900000045076 ], [ 556620.848999999929219, 3034943.40900000045076 ], [ 556620.799, 3034943.459000000264496 ], [ 556620.299, 3034943.459000000264496 ], [ 556620.248999999952503, 3034943.40900000045076 ], [ 556619.848999999929219, 3034943.359000000171363 ], [ 556619.648999999975786, 3034943.259 ], [ 556619.348999999929219, 3034943.009 ], [ 556618.998999999952503, 3034942.859000000171363 ], [ 556618.723999999929219, 3034942.584000000264496 ], [ 556618.573999999905936, 3034942.28400000045076 ], [ 556618.573999999905936, 3034941.884 ], [ 556619.023999999975786, 3034941.334000000264496 ], [ 556619.073999999905936, 3034941.184000000357628 ], [ 556619.148999999975786, 3034941.109000000171363 ], [ 556619.648999999975786, 3034941.109000000171363 ] ] ] } },
{ "type": "Feature", "properties": { "unit_id": "c00061", "method": "watershed", "label": 61 }, "geometry": { "type": "Polygon", "coordinates": [ [ [ 556635.898999999975786, 3034916.759 ], [ 556635.949000000022352, 3034916.809000000357628 ], [ 556636.824000000022352, 3034916.834000000264496 ], [ 556636.873999999952503, 3034917.03400000045076 ], [ 556637.123999999952503, 3034917.28400000045076 ], [ 556637.223999999929219, 3034917.484000000171363 ], [ 556637.223999999929219, 3034918.084000000264496 ], [ 556637.273999999975786, 3034918.134 ], [ 556637.273999999975786, 3034918.334000000264496 ], [ 556636.924, 3034919.03400000045076 ], [ 556636.773999999975786, 3034919.234000000171363 ], [ 556636.748999999952503, 3034919.40900000045076 ], [ 556636.199000000022352, 3034919.40900000045076 ], [ 556636.148999999975786, 3034919.459000000264496 ], [ 556635.949000000022352, 3034919.459000000264496 ], [ 556635.898999999975786, 3034919.509 ], [ 556635.299, 3034919.509 ], [ 556635.123999999952503, 3034919.184000000357628 ], [ 556634.998999999952503, 3034919.059000000357628 ], [ 556634.799, 3034918.959000000264496 ], [ 556634.574000000022352, 3034918.734000000171363 ], [ 556634.473999999929219, 3034918.53400000045076 ], [ 556634.424, 3034918.28400000045076 ], [ 556634.373999999952503, 3034918.234000000171363 ], [ 556634.373999999952503, 3034917.734000000171363 ], [ 556634.574000000022352, 3034917.384 ], [ 556634.648999999975786, 3034917.359000000171363 ], [ 556634.799, 3034917.209000000264496 ], [ 556634.848999999929219, 3034917.209000000264496 ], [ 556635.223999999929219, 3034916.834000000264496 ], [ 556635.248999999952503, 3034916.759 ], [ 556635.898999999975786, 3034916.759 ] ] ] } },
{ "type": "Feature", "properties": { "unit_id": "c00062", "method": "watershed", "label": 62 }, "geometry": { "type": "Polygon", "coordinates": [ [ [ 556665.949000000022352, 3034983.059000000357628 ], [ 556665.998999999952503, 3034983.109000000171363 ], [ 556666.099000000045635, 3034983.109000000171363 ], [ 556666.299, 3034983.209000000264496 ], [ 556666.449000000022352, 3034983.359000000171363 ], [ 556666.498999999952503, 3034983.359000000171363 ], [ 556666.824000000022352, 3034983.734000000171363 ], [ 556666.924, 3034983.934000000357628 ], [ 556666.924, 3034984.384 ], [ 556666.873999999952503, 3034984.434000000357628 ], [ 556666.873999999952503, 3034984.53400000045076 ], [ 556666.549, 3034984.90900000045076 ], [ 556666.349000000045635, 3034984.959000000264496 ], [ 556666.299, 3034985.009 ], [ 556665.998999999952503, 3034985.009 ], [ 556665.949000000022352, 3034984.959000000264496 ], [ 556665.849000000045635, 3034984.959000000264496 ], [ 556665.799, 3034984.90900000045076 ], [ 556665.599000000045635, 3034984.859000000171363 ], [ 556665.224000000045635, 3034984.53400000045076 ], [ 556665.074000000022352, 3034984.234000000171363 ], [ 556665.074000000022352, 3034983.634 ], [ 556665.174, 3034983.434000000357628 ], [ 556665.549, 3034983.109000000171363 ], [ 556665.648999999975786, 3034983.109000000171363 ], [ 556665.699000000022352, 3034983.059000000357628 ], [ 556665.949000000022352, 3034983.059000000357628 ] ] ] } },
{ "type": "Feature", "properties": { "unit_id": "c00063", "method": "watershed", "label": 63 }, "geometry": { "type": "Polygon", "coordinates": [ [ [ 556620.148999999975786, 3034938.459000000264496 ], [ 556620.448999999905936, 3034938.609000000171363 ], [ 556620.648999999975786, 3034938.809000000357628 ], [ 556621.098999999929219, 3034938.809000000357628 ], [ 556621.148999999975786, 3034938.859000000171363 ], [ 556621.623999999952503, 3034938.884 ], [ 556621.623999999952503, 3034939.234000000171363 ], [ 556621.674, 3034939.28400000045076 ], [ 556621.674, 3034939.78400000045076 ], [ 556621.723999999929219, 3034939.834000000264496 ], [ 556621.723999999929219, 3034939.984000000171363 ], [ 556621.773999999975786, 3034940.03400000045076 ], [ 556621.773999999975786, 3034940.184000000357628 ], [ 556621.823999999905936, 3034940.234000000171363 ], [ 556621.873999999952503, 3034940.484000000171363 ], [ 556621.598999999929219, 3034940.709000000264496 ], [ 556621.448999999905936, 3034940.759 ], [ 556621.323999999905936, 3034940.884 ], [ 556621.273999999975786, 3034940.984000000171363 ], [ 556621.273999999975786, 3034941.084000000264496 ], [ 556621.323999999905936, 3034941.134 ], [ 556621.299, 3034941.15900000045076 ], [ 556620.799, 3034941.15900000045076 ], [ 556620.748999999952503, 3034941.209000000264496 ], [ 556619.848999999929219, 3034941.209000000264496 ], [ 556619.648999999975786, 3034941.109000000171363 ], [ 556619.123999999952503, 3034941.084000000264496 ], [ 556619.223999999929219, 3034940.884 ], [ 556619.174, 3034940.634 ], [ 556618.973999999929219, 3034940.434000000357628 ], [ 556618.973999999929219, 3034940.384 ], [ 556618.723999999929219, 3034940.084000000264496 ], [ 556618.674, 3034939.884 ], [ 556618.623999999952503, 3034939.834000000264496 ], [ 556618.623999999952503, 3034939.634 ], [ 556618.823999999905936, 3034939.28400000045076 ], [ 556619.223999999929219, 3034938.78400000045076 ], [ 556619.273999999975786, 3034938.584000000264496 ], [ 556619.348999999929219, 3034938.459000000264496 ], [ 556620.148999999975786, 3034938.459000000264496 ] ] ] } },
{ "type": "Feature", "properties": { "unit_id": "c00064", "method": "watershed", "label": 64 }, "geometry": { "type": "Polygon", "coordinates": [ [ [ 556620.299, 3035014.65900000045076 ], [ 556620.348999999929219, 3035014.709000000264496 ], [ 556620.498999999952503, 3035014.709000000264496 ], [ 556620.698999999905936, 3035014.809000000357628 ], [ 556620.973999999929219, 3035015.084000000264496 ], [ 556621.073999999905936, 3035015.28400000045076 ], [ 556621.348999999929219, 3035015.559000000357628 ], [ 556621.398999999975786, 3035015.559000000357628 ], [ 556621.623999999952503, 3035015.834000000264496 ], [ 556621.623999999952503, 3035016.03400000045076 ], [ 556621.523999999975786, 3035016.134 ], [ 556621.398999999975786, 3035016.259 ], [ 556621.098999999929219, 3035016.40900000045076 ], [ 556620.848999999929219, 3035016.65900000045076 ], [ 556620.748999999952503, 3035016.709000000264496 ], [ 556620.448999999905936, 3035016.709000000264496 ], [ 556620.398999999975786, 3035016.65900000045076 ], [ 556620.248999999952503, 3035016.65900000045076 ], [ 556620.198999999905936, 3035016.609000000171363 ], [ 556619.948999999905936, 3035016.609000000171363 ], [ 556619.648999999975786, 3035016.459000000264496 ], [ 556619.373999999952503, 3035016.184000000357628 ], [ 556619.174, 3035015.78400000045076 ], [ 556619.174, 3035015.484000000171363 ], [ 556619.223999999929219, 3035015.434000000357628 ], [ 556619.323999999905936, 3035015.03400000045076 ], [ 556619.549, 3035014.809000000357628 ], [ 556619.748999999952503, 3035014.759 ], [ 556619.799, 3035014.709000000264496 ], [ 556619.998999999952503, 3035014.709000000264496 ], [ 556620.049, 3035014.65900000045076 ], [ 556620.299, 3035014.65900000045076 ] ] ] } },
{ "type": "Feature", "properties": { "unit_id": "c00065", "method": "watershed", "label": 65 }, "geometry": { "type": "Polygon", "coordinates": [ [ [ 556658.349000000045635, 3035019.40900000045076 ], [ 556658.398999999975786, 3035019.459000000264496 ], [ 556658.498999999952503, 3035019.459000000264496 ], [ 556658.699000000022352, 3035019.559000000357628 ], [ 556658.873999999952503, 3035019.734000000171363 ], [ 556658.974000000045635, 3035019.934000000357628 ], [ 556658.974000000045635, 3035020.03400000045076 ], [ 556659.023999999975786, 3035020.084000000264496 ], [ 556659.023999999975786, 3035020.28400000045076 ], [ 556659.074000000022352, 3035020.334000000264496 ], [ 556659.074000000022352, 3035020.53400000045076 ], [ 556659.023999999975786, 3035020.584000000264496 ], [ 556659.023999999975786, 3035020.684000000357628 ], [ 556658.924, 3035020.78400000045076 ], [ 556658.699000000022352, 3035021.309000000357628 ], [ 556657.699000000022352, 3035021.259000000543892 ], [ 556657.574000000022352, 3035021.03400000045076 ], [ 556657.474000000045635, 3035020.934000000357628 ], [ 556657.474000000045635, 3035020.884000000543892 ], [ 556657.373999999952503, 3035020.78400000045076 ], [ 556657.373999999952503, 3035020.684000000357628 ], [ 556657.324000000022352, 3035020.634000000543892 ], [ 556657.324000000022352, 3035020.28400000045076 ], [ 556657.373999999952503, 3035020.234000000171363 ], [ 556657.373999999952503, 3035020.134000000543892 ], [ 556657.574000000022352, 3035019.734000000171363 ], [ 556657.748999999952503, 3035019.559000000357628 ], [ 556657.949000000022352, 3035019.459000000264496 ], [ 556658.349000000045635, 3035019.40900000045076 ] ] ] } },
{ "type": "Feature", "properties": { "unit_id": "c00066", "method": "watershed", "label": 66 }, "geometry": { "type": "Polygon", "coordinates": [ [ [ 556620.348999999929219, 3035046.209000000264496 ], [ 556620.549, 3035046.309000000357628 ], [ 556621.123999999952503, 3035046.334000000264496 ], [ 556621.123999999952503, 3035046.53400000045076 ], [ 556621.323999999905936, 3035046.934000000357628 ], [ 556621.323999999905936, 3035047.03400000045076 ], [ 556621.424, 3035047.184000000357628 ], [ 556621.424, 3035047.334000000264496 ], [ 556621.473999999929219, 3035047.384000000543892 ], [ 556621.424, 3035047.78400000045076 ], [ 556621.273999999975786, 3035048.084000000264496 ], [ 556621.049, 3035048.309000000357628 ], [ 556620.848999999929219, 3035048.40900000045076 ], [ 556620.748999999952503, 3035048.40900000045076 ], [ 556620.698999999905936, 3035048.459000000264496 ], [ 556619.799, 3035048.459000000264496 ], [ 556619.598999999929219, 3035048.359000000171363 ], [ 556619.148999999975786, 3035048.359000000171363 ], [ 556618.848999999929219, 3035048.209000000264496 ], [ 556618.523999999975786, 3035047.834000000264496 ], [ 556618.473999999929219, 3035047.634000000543892 ], [ 556618.424, 3035047.584000000264496 ], [ 556618.424, 3035047.334000000264496 ], [ 556618.473999999929219, 3035047.28400000045076 ], [ 556618.473999999929219, 3035047.134000000543892 ], [ 556618.523999999975786, 3035047.084000000264496 ], [ 556618.523999999975786, 3035046.984000000171363 ], [ 556618.623999999952503, 3035046.78400000045076 ], [ 556619.123999999952503, 3035046.334000000264496 ], [ 556619.148999999975786, 3035046.209000000264496 ], [ 556620.348999999929219, 3035046.209000000264496 ] ] ] } },
{ "type": "Feature", "properties": { "unit_id": "c00067", "method": "watershed", "label": 67 }, "geometry": { "type": "Polygon", "coordinates": [ [ [ 556667.349000000045635, 3034940.40900000045076 ], [ 556667.674, 3034940.78400000045076 ], [ 556667.773999999975786, 3034940.984000000171363 ], [ 556667.773999999975786, 3034941.434000000357628 ], [ 556667.623999999952503, 3034941.734000000171363 ], [ 556667.424, 3034941.934000000357628 ], [ 556667.424, 3034941.984000000171363 ], [ 556667.099000000045635, 3034942.209000000264496 ], [ 556666.498999999952503, 3034942.209000000264496 ], [ 556666.449000000022352, 3034942.15900000045076 ], [ 556666.049, 3034942.15900000045076 ], [ 556665.949000000022352, 3034942.109000000171363 ], [ 556665.773999999975786, 3034941.934000000357628 ], [ 556665.724000000045635, 3034941.734000000171363 ], [ 556665.674, 3034941.684000000357628 ], [ 556665.674, 3034941.334000000264496 ], [ 556665.724000000045635, 3034941.28400000045076 ], [ 556665.724000000045635, 3034941.134 ], [ 556665.824000000022352, 3034940.934000000357628 ], [ 556666.273999999975786, 3034940.53400000045076 ], [ 556666.299, 3034940.459000000264496 ], [ 556667.349000000045635, 3034940.40900000045076 ] ] ] } },
{ "type": "Feature", "properties": { "unit_id": "c00068", "method": "watershed", "label": 68 }, "geometry": { "type": "Polygon", "coordinates": [ [ [ 556658.148999999975786, 3035021.259000000543892 ], [ 556658.199000000022352, 3035021.309000000357628 ], [ 556658.724000000045635, 3035021.334000000264496 ], [ 556658.724000000045635, 3035021.484000000171363 ], [ 556658.773999999975786, 3035021.584000000264496 ], [ 556658.924, 3035021.734000000171363 ], [ 556658.924, 3035021.78400000045076 ], [ 556659.123999999952503, 3035022.03400000045076 ], [ 556659.123999999952503, 3035022.134000000543892 ], [ 556659.174, 3035022.184000000357628 ], [ 556659.174, 3035022.684000000357628 ], [ 556659.074000000022352, 3035022.884000000543892 ], [ 556658.873999999952503, 3035023.084000000264496 ], [ 556658.648999999975786, 3035023.209000000264496 ], [ 556658.424, 3035023.434000000357628 ], [ 556658.373999999952503, 3035023.734000000171363 ], [ 556658.574000000022352, 3035024.084000000264496 ], [ 556658.574000000022352, 3035024.434000000357628 ], [ 556658.424, 3035024.734000000171363 ], [ 556658.148999999975786, 3035024.959000000264496 ], [ 556657.849000000045635, 3035025.009000000543892 ], [ 556657.799, 3035024.959000000264496 ], [ 556657.599000000045635, 3035024.90900000045076 ], [ 556657.424, 3035024.734000000171363 ], [ 556657.373999999952503, 3035024.53400000045076 ], [ 556657.324000000022352, 3035024.484000000171363 ], [ 556657.324000000022352, 3035024.134000000543892 ], [ 556657.424, 3035023.934000000357628 ], [ 556657.574000000022352, 3035023.78400000045076 ], [ 556657.674, 3035023.584000000264496 ], [ 556657.674, 3035023.434000000357628 ], [ 556657.498999999952503, 3035023.209000000264496 ], [ 556657.174, 3035022.934000000357628 ], [ 556657.074000000022352, 3035022.734000000171363 ], [ 556657.074000000022352, 3035022.184000000357628 ], [ 556657.273999999975786, 3035021.78400000045076 ], [ 556657.574000000022352, 3035021.484000000171363 ], [ 556657.699000000022352, 3035021.259000000543892 ], [ 556658.148999999975786, 3035021.259000000543892 ] ] ] } },
{ "type": "Feature", "properties": { "unit_id": "c00069", "method": "watershed", "label": 69 }, "geometry": { "type": "Polygon", "coordinates": [ [ [ 556643.799, 3034952.65900000045076 ], [ 556643.848999999929219, 3034952.709000000264496 ], [ 556643.949000000022352, 3034952.709000000264496 ], [ 556644.148999999975786, 3034952.809000000357628 ], [ 556644.324000000022352, 3034953.03400000045076 ], [ 556644.373999999952503, 3034953.234000000171363 ], [ 556644.424, 3034953.28400000045076 ], [ 556644.424, 3034953.484000000171363 ], [ 556644.473999999929219, 3034953.53400000045076 ], [ 556644.473999999929219, 3034953.634 ], [ 556644.424, 3034953.684000000357628 ], [ 556644.424, 3034953.884 ], [ 556644.373999999952503, 3034953.984000000171363 ], [ 556644.148999999975786, 3034954.209000000264496 ], [ 556644.049, 3034954.259 ], [ 556643.498999999952503, 3034954.259 ], [ 556643.449000000022352, 3034954.209000000264496 ], [ 556642.848999999929219, 3034954.15900000045076 ], [ 556642.648999999975786, 3034954.059000000357628 ], [ 556642.373999999952503, 3034953.78400000045076 ], [ 556642.324000000022352, 3034953.684000000357628 ], [ 556642.324000000022352, 3034953.384 ], [ 556642.373999999952503, 3034953.28400000045076 ], [ 556642.748999999952503, 3034952.90900000045076 ], [ 556642.949000000022352, 3034952.859000000171363 ], [ 556642.998999999952503, 3034952.809000000357628 ], [ 556643.299, 3034952.759 ], [ 556643.348999999929219, 3034952.709000000264496 ], [ 556643.498999999952503, 3034952.709000000264496 ], [ 556643.549, 3034952.65900000045076 ], [ 556643.799, 3034952.65900000045076 ] ] ] } },
{ "type": "Feature", "properties": { "unit_id": "c00070", "method": "watershed", "label": 70 }, "geometry": { "type": "Polygon", "coordinates": [ [ [ 556612.148999999975786, 3034967.759 ], [ 556612.348999999929219, 3034967.859000000171363 ], [ 556612.898999999975786, 3034967.859000000171363 ], [ 556612.948999999905936, 3034967.809000000357628 ], [ 556613.348999999929219, 3034967.809000000357628 ], [ 556613.773999999975786, 3034968.234000000171363 ], [ 556613.873999999952503, 3034968.434000000357628 ], [ 556613.873999999952503, 3034968.684000000357628 ], [ 556613.823999999905936, 3034968.734000000171363 ], [ 556613.823999999905936, 3034968.834000000264496 ], [ 556613.573999999905936, 3034969.184000000357628 ], [ 556613.573999999905936, 3034969.234000000171363 ], [ 556613.198999999905936, 3034969.509 ], [ 556612.948999999905936, 3034969.509 ], [ 556612.898999999975786, 3034969.559000000357628 ], [ 556612.398999999975786, 3034969.559000000357628 ], [ 556612.248999999952503, 3034969.65900000045076 ], [ 556611.898999999975786, 3034969.65900000045076 ], [ 556611.648999999975786, 3034969.90900000045076 ], [ 556611.549, 3034969.959000000264496 ], [ 556611.248999999952503, 3034969.959000000264496 ], [ 556610.924, 3034969.53400000045076 ], [ 556610.873999999952503, 3034969.334000000264496 ], [ 556610.773999999975786, 3034969.184000000357628 ], [ 556610.773999999975786, 3034968.984000000171363 ], [ 556610.723999999929219, 3034968.934000000357628 ], [ 556610.723999999929219, 3034968.734000000171363 ], [ 556610.924, 3034968.334000000264496 ], [ 556610.924, 3034968.234000000171363 ], [ 556611.023999999975786, 3034968.084000000264496 ], [ 556611.073999999905936, 3034967.78400000045076 ], [ 556612.148999999975786, 3034967.759 ] ] ] } },
{ "type": "Feature", "properties": { "unit_id": "c00071", "method": "watershed", "label": 71 }, "geometry": { "type": "Polygon", "coordinates": [ [ [ 556627.848999999929219, 3035014.40900000045076 ], [ 556627.898999999975786, 3035014.459000000264496 ], [ 556628.098999999929219, 3035014.459000000264496 ], [ 556628.148999999975786, 3035014.509 ], [ 556628.398999999975786, 3035014.559000000357628 ], [ 556628.449000000022352, 3035014.609000000171363 ], [ 556628.549, 3035014.609000000171363 ], [ 556628.648999999975786, 3035014.709000000264496 ], [ 556628.799, 3035014.759 ], [ 556629.023999999975786, 3035014.984000000171363 ], [ 556629.174, 3035015.28400000045076 ], [ 556629.174, 3035015.53400000045076 ], [ 556629.074000000022352, 3035015.734000000171363 ], [ 556628.973999999929219, 3035015.834000000264496 ], [ 556628.973999999929219, 3035015.884 ], [ 556628.523999999975786, 3035016.334000000264496 ], [ 556628.373999999952503, 3035016.634 ], [ 556628.199000000022352, 3035016.809000000357628 ], [ 556627.949000000022352, 3035016.809000000357628 ], [ 556627.799, 3035016.709000000264496 ], [ 556627.699000000022352, 3035016.709000000264496 ], [ 556627.348999999929219, 3035016.509 ], [ 556627.248999999952503, 3035016.509 ], [ 556626.949000000022352, 3035016.359000000171363 ], [ 556626.848999999929219, 3035016.259 ], [ 556626.648999999975786, 3035016.15900000045076 ], [ 556626.223999999929219, 3035015.734000000171363 ], [ 556626.223999999929219, 3035015.684000000357628 ], [ 556626.074000000022352, 3035015.484000000171363 ], [ 556626.074000000022352, 3035015.334000000264496 ], [ 556626.023999999975786, 3035015.28400000045076 ], [ 556626.074000000022352, 3035015.234000000171363 ], [ 556626.074000000022352, 3035015.084000000264496 ], [ 556626.123999999952503, 3035014.984000000171363 ], [ 556626.398999999975786, 3035014.709000000264496 ], [ 556626.699000000022352, 3035014.559000000357628 ], [ 556626.799, 3035014.559000000357628 ], [ 556626.848999999929219, 3035014.509 ], [ 556627.098999999929219, 3035014.509 ], [ 556627.148999999975786, 3035014.459000000264496 ], [ 556627.848999999929219, 3035014.40900000045076 ] ] ] } },
{ "type": "Feature", "properties": { "unit_id": "c00072", "method": "watershed", "label": 72 }, "geometry": { "type": "Polygon", "coordinates": [ [ [ 556613.098999999929219, 3034931.359000000171363 ], [ 556613.348999999929219, 3034931.559000000357628 ], [ 556613.648999999975786, 3034931.559000000357628 ], [ 556613.748999999952503, 3034931.609000000171363 ], [ 556613.823999999905936, 3034931.684000000357628 ], [ 556613.823999999905936, 3034931.934000000357628 ], [ 556613.674, 3034932.184000000357628 ], [ 556613.623999999952503, 3034932.484000000171363 ], [ 556613.573999999905936, 3034932.53400000045076 ], [ 556613.523999999975786, 3034932.734000000171363 ], [ 556613.299, 3034932.90900000045076 ], [ 556613.148999999975786, 3034932.90900000045076 ], [ 556613.049, 3034932.959000000264496 ], [ 556612.973999999929219, 3034933.03400000045076 ], [ 556612.924, 3034933.184000000357628 ], [ 556613.148999999975786, 3034933.459000000264496 ], [ 556613.348999999929219, 3034933.509 ], [ 556613.398999999975786, 3034933.559000000357628 ], [ 556613.498999999952503, 3034933.559000000357628 ], [ 556614.049, 3034933.859000000171363 ], [ 556614.273999999975786, 3034934.084000000264496 ], [ 556614.323999999905936, 3034934.28400000045076 ], [ 556614.373999999952503, 3034934.334000000264496 ], [ 556614.323999999905936, 3034934.734000000171363 ], [ 556614.273999999975786, 3034934.78400000045076 ], [ 556614.223999999929219, 3034935.084000000264496 ], [ 556614.023999999975786, 3034935.334000000264496 ], [ 556614.023999999975786, 3034935.384 ], [ 556613.948999999905936, 3034935.40900000045076 ], [ 556613.773999999975786, 3034935.584000000264496 ], [ 556613.674, 3034935.78400000045076 ], [ 556613.723999999929219, 3034935.984000000171363 ], [ 556614.023999999975786, 3034936.334000000264496 ], [ 556614.174, 3034936.634 ], [ 556614.174, 3034936.734000000171363 ], [ 556614.223999999929219, 3034936.78400000045076 ], [ 556614.223999999929219, 3034936.984000000171363 ], [ 556614.273999999975786, 3034937.03400000045076 ], [ 556614.273999999975786, 3034937.184000000357628 ], [ 556614.174, 3034937.384 ], [ 556613.873999999952503, 3034937.734000000171363 ], [ 556613.873999999952503, 3034937.984000000171363 ], [ 556613.823999999905936, 3034938.03400000045076 ], [ 556613.823999999905936, 3034938.184000000357628 ], [ 556613.698999999905936, 3034938.359000000171363 ], [ 556613.098999999929219, 3034938.359000000171363 ], [ 556613.049, 3034938.40900000045076 ], [ 556612.898999999975786, 3034938.40900000045076 ], [ 556612.848999999929219, 3034938.459000000264496 ], [ 556611.148999999975786, 3034938.459000000264496 ], [ 556611.123999999952503, 3034938.334000000264496 ], [ 556611.073999999905936, 3034938.28400000045076 ], [ 556611.023999999975786, 3034937.484000000171363 ], [ 556610.973999999929219, 3034937.434000000357628 ], [ 556610.973999999929219, 3034936.984000000171363 ], [ 556611.023999999975786, 3034936.934000000357628 ], [ 556611.023999999975786, 3034935.984000000171363 ], [ 556611.073999999905936, 3034935.934000000357628 ], [ 556611.073999999905936, 3034935.334000000264496 ], [ 556611.123999999952503, 3034935.28400000045076 ], [ 556611.123999999952503, 3034935.03400000045076 ], [ 556611.174, 3034934.984000000171363 ], [ 556611.174, 3034934.834000000264496 ], [ 556611.424, 3034934.334000000264496 ], [ 556611.424, 3034934.184000000357628 ], [ 556611.473999999929219, 3034934.134 ], [ 556611.473999999929219, 3034933.984000000171363 ], [ 556611.523999999975786, 3034933.934000000357628 ], [ 556611.523999999975786, 3034933.434000000357628 ], [ 556611.473999999929219, 3034933.384 ], [ 556611.473999999929219, 3034933.234000000171363 ], [ 556611.424, 3034933.184000000357628 ], [ 556611.373999999952503, 3034932.934000000357628 ], [ 556611.273999999975786, 3034932.78400000045076 ], [ 556611.273999999975786, 3034932.384 ], [ 556611.373999999952503, 3034932.184000000357628 ], [ 556611.523999999975786, 3034932.03400000045076 ], [ 556611.523999999975786, 3034931.984000000171363 ], [ 556611.973999999929219, 3034931.53400000045076 ], [ 556612.049, 3034931.359000000171363 ], [ 556613.098999999929219, 3034931.359000000171363 ] ] ] } },
{ "type": "Feature", "properties": { "unit_id": "c00073", "method": "watershed", "label": 73 }, "geometry": { "type": "Polygon", "coordinates": [ [ [ 556620.148999999975786, 3035041.359000000171363 ], [ 556620.198999999905936, 3035041.40900000045076 ], [ 556620.498999999952503, 3035041.40900000045076 ], [ 556620.549, 3035041.459000000264496 ], [ 556620.698999999905936, 3035041.459000000264496 ], [ 556620.799, 3035041.509000000543892 ], [ 556620.973999999929219, 3035041.684000000357628 ], [ 556621.073999999905936, 3035041.884000000543892 ], [ 556621.073999999905936, 3035042.184000000357628 ], [ 556621.123999999952503, 3035042.234000000171363 ], [ 556621.123999999952503, 3035042.334000000264496 ], [ 556621.073999999905936, 3035042.384000000543892 ], [ 556621.073999999905936, 3035042.634000000543892 ], [ 556621.023999999975786, 3035042.684000000357628 ], [ 556621.023999999975786, 3035042.834000000264496 ], [ 556620.823999999905936, 3035043.184000000357628 ], [ 556620.823999999905936, 3035043.28400000045076 ], [ 556620.723999999929219, 3035043.484000000171363 ], [ 556620.473999999929219, 3035043.78400000045076 ], [ 556620.473999999929219, 3035043.984000000171363 ], [ 556620.698999999905936, 3035044.209000000264496 ], [ 556621.398999999975786, 3035044.559000000357628 ], [ 556621.523999999975786, 3035044.734000000171363 ], [ 556621.523999999975786, 3035045.28400000045076 ], [ 556621.473999999929219, 3035045.334000000264496 ], [ 556621.473999999929219, 3035045.484000000171363 ], [ 556621.174, 3035045.984000000171363 ], [ 556621.098999999929219, 3035046.309000000357628 ], [ 556620.549, 3035046.309000000357628 ], [ 556620.348999999929219, 3035046.209000000264496 ], [ 556619.148999999975786, 3035046.209000000264496 ], [ 556619.073999999905936, 3035045.984000000171363 ], [ 556618.573999999905936, 3035045.484000000171363 ], [ 556618.424, 3035045.184000000357628 ], [ 556618.424, 3035044.934000000357628 ], [ 556618.473999999929219, 3035044.884000000543892 ], [ 556618.473999999929219, 3035044.78400000045076 ], [ 556618.573999999905936, 3035044.684000000357628 ], [ 556618.573999999905936, 3035044.634000000543892 ], [ 556618.973999999929219, 3035044.234000000171363 ], [ 556619.174, 3035043.834000000264496 ], [ 556619.174, 3035043.584000000264496 ], [ 556619.123999999952503, 3035043.484000000171363 ], [ 556619.023999999975786, 3035043.28400000045076 ], [ 556618.723999999929219, 3035042.934000000357628 ], [ 556618.573999999905936, 3035042.634000000543892 ], [ 556618.573999999905936, 3035042.434000000357628 ], [ 556618.523999999975786, 3035042.384000000543892 ], [ 556618.573999999905936, 3035041.984000000171363 ], [ 556618.698999999905936, 3035041.809000000357628 ], [ 556618.998999999952503, 3035041.559000000357628 ], [ 556619.398999999975786, 3035041.459000000264496 ], [ 556619.448999999905936, 3035041.40900000045076 ], [ 556619.648999999975786, 3035041.40900000045076 ], [ 556619.698999999905936, 3035041.359000000171363 ], [ 556620.148999999975786, 3035041.359000000171363 ] ] ] } },
{ "type": "Feature", "properties": { "unit_id": "c00074", "method": "watershed", "label": 74 }, "geometry": { "type": "Polygon", "coordinates": [ [ [ 556620.299, 3034992.459000000264496 ], [ 556620.348999999929219, 3034992.509 ], [ 556620.448999999905936, 3034992.509 ], [ 556620.648999999975786, 3034992.709000000264496 ], [ 556621.049, 3034992.90900000045076 ], [ 556621.373999999952503, 3034993.234000000171363 ], [ 556621.373999999952503, 3034993.28400000045076 ], [ 556621.473999999929219, 3034993.384 ], [ 556621.523999999975786, 3034993.484000000171363 ], [ 556621.523999999975786, 3034993.634 ], [ 556621.573999999905936, 3034993.684000000357628 ], [ 556621.573999999905936, 3034993.934000000357628 ], [ 556621.523999999975786, 3034993.984000000171363 ], [ 556621.523999999975786, 3034994.334000000264496 ], [ 556621.473999999929219, 3034994.384 ], [ 556621.424, 3034994.584000000264496 ], [ 556621.348999999929219, 3034994.65900000045076 ], [ 556621.148999999975786, 3034994.759 ], [ 556621.049, 3034994.759 ], [ 556620.898999999975786, 3034994.859000000171363 ], [ 556620.398999999975786, 3034994.859000000171363 ], [ 556620.248999999952503, 3034994.959000000264496 ], [ 556618.848999999929219, 3034994.959000000264496 ], [ 556618.823999999905936, 3034994.78400000045076 ], [ 556618.773999999975786, 3034994.734000000171363 ], [ 556618.773999999975786, 3034994.234000000171363 ], [ 556618.723999999929219, 3034994.184000000357628 ], [ 556618.723999999929219, 3034994.084000000264496 ], [ 556618.573999999905936, 3034993.78400000045076 ], [ 556618.623999999952503, 3034993.484000000171363 ], [ 556618.773999999975786, 3034993.184000000357628 ], [ 556618.998999999952503, 3034992.90900000045076 ], [ 556619.198999999905936, 3034992.809000000357628 ], [ 556619.299, 3034992.809000000357628 ], [ 556619.448999999905936, 3034992.709000000264496 ], [ 556619.549, 3034992.709000000264496 ], [ 556619.698999999905936, 3034992.609000000171363 ], [ 556619.799, 3034992.609000000171363 ], [ 556619.998999999952503, 3034992.509 ], [ 556620.299, 3034992.459000000264496 ] ] ] } },
{ "type": "Feature", "properties": { "unit_id": "c00075", "method": "watershed", "label": 75 }, "geometry": { "type": "Polygon", "coordinates": [ [ [ 556650.549, 3035036.259000000543892 ], [ 556650.949000000022352, 3035036.459000000264496 ], [ 556651.223999999929219, 3035036.734000000171363 ], [ 556651.273999999975786, 3035036.834000000264496 ], [ 556651.273999999975786, 3035037.184000000357628 ], [ 556651.074000000022352, 3035037.53400000045076 ], [ 556650.873999999952503, 3035037.78400000045076 ], [ 556650.873999999952503, 3035037.984000000171363 ], [ 556651.424, 3035038.53400000045076 ], [ 556651.473999999929219, 3035038.734000000171363 ], [ 556651.523999999975786, 3035038.78400000045076 ], [ 556651.574000000022352, 3035039.134000000543892 ], [ 556651.674, 3035039.28400000045076 ], [ 556651.674, 3035039.584000000264496 ], [ 556651.623999999952503, 3035039.684000000357628 ], [ 556651.148999999975786, 3035040.059000000357628 ], [ 556650.648999999975786, 3035040.059000000357628 ], [ 556650.598999999929219, 3035040.009000000543892 ], [ 556650.199000000022352, 3035040.009000000543892 ], [ 556650.148999999975786, 3035039.959000000264496 ], [ 556649.949000000022352, 3035039.90900000045076 ], [ 556649.674, 3035039.634000000543892 ], [ 556649.574000000022352, 3035039.434000000357628 ], [ 556649.574000000022352, 3035039.334000000264496 ], [ 556649.373999999952503, 3035038.984000000171363 ], [ 556649.373999999952503, 3035038.684000000357628 ], [ 556649.424, 3035038.584000000264496 ], [ 556649.523999999975786, 3035038.484000000171363 ], [ 556649.523999999975786, 3035038.434000000357628 ], [ 556649.873999999952503, 3035038.134000000543892 ], [ 556649.973999999929219, 3035037.934000000357628 ], [ 556649.973999999929219, 3035037.684000000357628 ], [ 556649.723999999929219, 3035037.384000000543892 ], [ 556649.623999999952503, 3035037.184000000357628 ], [ 556649.623999999952503, 3035036.634000000543892 ], [ 556649.799, 3035036.40900000045076 ], [ 556649.998999999952503, 3035036.309000000357628 ], [ 556650.148999999975786, 3035036.309000000357628 ], [ 556650.199000000022352, 3035036.259000000543892 ], [ 556650.549, 3035036.259000000543892 ] ] ] } },
{ "type": "Feature", "properties": { "unit_id": "c00076", "method": "watershed", "label": 76 }, "geometry": { "type": "Polygon", "coordinates": [ [ [ 556665.998999999952503, 3034993.709000000264496 ], [ 556666.049, 3034993.759 ], [ 556666.674, 3034993.78400000045076 ], [ 556666.674, 3034994.03400000045076 ], [ 556666.724000000045635, 3034994.084000000264496 ], [ 556666.773999999975786, 3034994.28400000045076 ], [ 556667.174, 3034994.78400000045076 ], [ 556667.174, 3034995.084000000264496 ], [ 556666.998999999952503, 3034995.259 ], [ 556666.799, 3034995.359000000171363 ], [ 556666.574000000022352, 3034995.584000000264496 ], [ 556666.424, 3034995.884 ], [ 556666.424, 3034996.28400000045076 ], [ 556666.474000000045635, 3034996.334000000264496 ], [ 556666.474000000045635, 3034996.484000000171363 ], [ 556666.523999999975786, 3034996.53400000045076 ], [ 556666.523999999975786, 3034996.78400000045076 ], [ 556666.574000000022352, 3034996.834000000264496 ], [ 556666.523999999975786, 3034996.884 ], [ 556666.523999999975786, 3034997.03400000045076 ], [ 556666.474000000045635, 3034997.134 ], [ 556666.199000000022352, 3034997.40900000045076 ], [ 556666.148999999975786, 3034997.40900000045076 ], [ 556665.949000000022352, 3034997.559000000357628 ], [ 556665.599000000045635, 3034997.559000000357628 ], [ 556665.498999999952503, 3034997.509 ], [ 556665.174, 3034997.184000000357628 ], [ 556665.174, 3034997.03400000045076 ], [ 556665.123999999952503, 3034996.984000000171363 ], [ 556665.123999999952503, 3034996.734000000171363 ], [ 556665.174, 3034996.684000000357628 ], [ 556665.224000000045635, 3034996.384 ], [ 556665.574000000022352, 3034995.984000000171363 ], [ 556665.574000000022352, 3034995.834000000264496 ], [ 556665.074000000022352, 3034995.334000000264496 ], [ 556665.074000000022352, 3034995.28400000045076 ], [ 556664.924, 3034995.084000000264496 ], [ 556664.924, 3034994.884 ], [ 556665.023999999975786, 3034994.684000000357628 ], [ 556665.224000000045635, 3034994.434000000357628 ], [ 556665.523999999975786, 3034993.78400000045076 ], [ 556665.599000000045635, 3034993.709000000264496 ], [ 556665.998999999952503, 3034993.709000000264496 ] ] ] } },
{ "type": "Feature", "properties": { "unit_id": "c00077", "method": "watershed", "label": 77 }, "geometry": { "type": "Polygon", "coordinates": [ [ [ 556612.498999999952503, 3034972.40900000045076 ], [ 556612.549, 3034972.459000000264496 ], [ 556613.448999999905936, 3034972.459000000264496 ], [ 556613.523999999975786, 3034972.53400000045076 ], [ 556613.523999999975786, 3034972.584000000264496 ], [ 556613.823999999905936, 3034972.934000000357628 ], [ 556613.924, 3034973.334000000264496 ], [ 556613.973999999929219, 3034973.384 ], [ 556613.973999999929219, 3034973.53400000045076 ], [ 556614.323999999905936, 3034974.084000000264496 ], [ 556614.323999999905936, 3034974.434000000357628 ], [ 556614.223999999929219, 3034974.634 ], [ 556613.948999999905936, 3034974.859000000171363 ], [ 556613.498999999952503, 3034974.90900000045076 ], [ 556613.448999999905936, 3034974.959000000264496 ], [ 556613.299, 3034974.959000000264496 ], [ 556613.248999999952503, 3034975.009 ], [ 556613.049, 3034975.009 ], [ 556612.998999999952503, 3034975.059000000357628 ], [ 556612.348999999929219, 3034975.059000000357628 ], [ 556612.123999999952503, 3034975.28400000045076 ], [ 556612.123999999952503, 3034975.434000000357628 ], [ 556612.299, 3034975.609000000171363 ], [ 556612.448999999905936, 3034975.609000000171363 ], [ 556612.498999999952503, 3034975.65900000045076 ], [ 556612.848999999929219, 3034975.65900000045076 ], [ 556612.898999999975786, 3034975.709000000264496 ], [ 556612.998999999952503, 3034975.709000000264496 ], [ 556613.198999999905936, 3034975.809000000357628 ], [ 556613.373999999952503, 3034975.984000000171363 ], [ 556613.373999999952503, 3034976.334000000264496 ], [ 556613.323999999905936, 3034976.384 ], [ 556613.323999999905936, 3034976.53400000045076 ], [ 556613.174, 3034976.834000000264496 ], [ 556612.848999999929219, 3034977.15900000045076 ], [ 556612.748999999952503, 3034977.209000000264496 ], [ 556612.648999999975786, 3034977.209000000264496 ], [ 556612.598999999929219, 3034977.259 ], [ 556612.398999999975786, 3034977.259 ], [ 556612.348999999929219, 3034977.309000000357628 ], [ 556612.148999999975786, 3034977.309000000357628 ], [ 556612.023999999975786, 3034977.184000000357628 ], [ 556611.973999999929219, 3034976.934000000357628 ], [ 556611.723999999929219, 3034976.484000000171363 ], [ 556611.723999999929219, 3034976.334000000264496 ], [ 556611.674, 3034976.28400000045076 ], [ 556611.674, 3034976.03400000045076 ], [ 556611.723999999929219, 3034975.984000000171363 ], [ 556611.773999999975786, 3034975.734000000171363 ], [ 556611.873999999952503, 3034975.584000000264496 ], [ 556611.873999999952503, 3034975.334000000264496 ], [ 556611.748999999952503, 3034975.209000000264496 ], [ 556611.549, 3034975.109000000171363 ], [ 556610.848999999929219, 3034975.009 ], [ 556610.748999999952503, 3034974.959000000264496 ], [ 556610.523999999975786, 3034974.734000000171363 ], [ 556610.523999999975786, 3034974.634 ], [ 556610.473999999929219, 3034974.584000000264496 ], [ 556610.473999999929219, 3034973.434000000357628 ], [ 556610.523999999975786, 3034973.384 ], [ 556610.523999999975786, 3034973.234000000171363 ], [ 556610.573999999905936, 3034973.184000000357628 ], [ 556610.623999999952503, 3034972.984000000171363 ], [ 556610.924, 3034972.634 ], [ 556611.049, 3034972.40900000045076 ], [ 556612.498999999952503, 3034972.40900000045076 ] ] ] } },
{ "type": "Feature", "properties": { "unit_id": "c00078", "method": "watershed", "label": 78 }, "geometry": { "type": "Polygon", "coordinates": [ [ [ 556666.898999999975786, 3034965.90900000045076 ], [ 556666.974000000045635, 3034966.334000000264496 ], [ 556667.123999999952503, 3034966.53400000045076 ], [ 556667.273999999975786, 3034966.834000000264496 ], [ 556667.273999999975786, 3034967.234000000171363 ], [ 556667.174, 3034967.434000000357628 ], [ 556666.799, 3034967.759 ], [ 556666.599000000045635, 3034967.809000000357628 ], [ 556666.299, 3034967.959000000264496 ], [ 556665.949000000022352, 3034967.959000000264496 ], [ 556665.748999999952503, 3034967.859000000171363 ], [ 556665.324000000022352, 3034967.484000000171363 ], [ 556665.224000000045635, 3034967.28400000045076 ], [ 556665.224000000045635, 3034966.78400000045076 ], [ 556665.273999999975786, 3034966.734000000171363 ], [ 556665.324000000022352, 3034966.53400000045076 ], [ 556665.773999999975786, 3034966.084000000264496 ], [ 556665.773999999975786, 3034966.03400000045076 ], [ 556665.849000000045635, 3034965.959000000264496 ], [ 556666.449000000022352, 3034965.959000000264496 ], [ 556666.498999999952503, 3034965.90900000045076 ], [ 556666.898999999975786, 3034965.90900000045076 ] ] ] } },
{ "type": "Feature", "properties": { "unit_id": "c00079", "method": "watershed", "label": 79 }, "geometry": { "type": "Polygon", "coordinates": [ [ [ 556643.449000000022352, 3035032.40900000045076 ], [ 556643.648999999975786, 3035032.509000000543892 ], [ 556643.924, 3035032.834000000264496 ], [ 556643.973999999929219, 3035033.03400000045076 ], [ 556644.023999999975786, 3035033.084000000264496 ], [ 556644.023999999975786, 3035033.28400000045076 ], [ 556643.973999999929219, 3035033.334000000264496 ], [ 556643.973999999929219, 3035033.434000000357628 ], [ 556643.873999999952503, 3035033.634000000543892 ], [ 556643.748999999952503, 3035033.759000000543892 ], [ 556643.549, 3035033.859000000171363 ], [ 556643.449000000022352, 3035033.859000000171363 ], [ 556643.398999999975786, 3035033.90900000045076 ], [ 556643.098999999929219, 3035033.90900000045076 ], [ 556643.049, 3035033.859000000171363 ], [ 556642.949000000022352, 3035033.859000000171363 ], [ 556642.648999999975786, 3035033.709000000264496 ], [ 556642.324000000022352, 3035033.434000000357628 ], [ 556642.223999999929219, 3035033.234000000171363 ], [ 556642.223999999929219, 3035032.934000000357628 ], [ 556642.348999999929219, 3035032.709000000264496 ], [ 556642.449000000022352, 3035032.609000000171363 ], [ 556642.648999999975786, 3035032.509000000543892 ], [ 556642.799, 3035032.509000000543892 ], [ 556642.998999999952503, 3035032.40900000045076 ], [ 556643.449000000022352, 3035032.40900000045076 ] ] ] } },
{ "type": "Feature", "properties": { "unit_id": "c00080", "method": "watershed", "label": 80 }, "geometry": { "type": "Polygon", "coordinates": [ [ [ 556658.599000000045635, 3035017.009 ], [ 556658.623999999952503, 3035017.184000000357628 ], [ 556658.773999999975786, 3035017.384 ], [ 556658.773999999975786, 3035017.434000000357628 ], [ 556658.849000000045635, 3035017.509 ], [ 556658.898999999975786, 3035017.509 ], [ 556659.273999999975786, 3035017.884 ], [ 556659.373999999952503, 3035018.084000000264496 ], [ 556659.373999999952503, 3035018.484000000171363 ], [ 556659.324000000022352, 3035018.53400000045076 ], [ 556659.273999999975786, 3035018.78400000045076 ], [ 556658.998999999952503, 3035019.009000000543892 ], [ 556657.849000000045635, 3035019.009000000543892 ], [ 556657.648999999975786, 3035018.90900000045076 ], [ 556657.474000000045635, 3035018.734000000171363 ], [ 556657.373999999952503, 3035018.53400000045076 ], [ 556657.373999999952503, 3035018.434000000357628 ], [ 556657.324000000022352, 3035018.384000000543892 ], [ 556657.324000000022352, 3035017.984000000171363 ], [ 556657.373999999952503, 3035017.934000000357628 ], [ 556657.373999999952503, 3035017.834000000264496 ], [ 556657.474000000045635, 3035017.684000000357628 ], [ 556657.474000000045635, 3035017.584000000264496 ], [ 556657.674, 3035017.334000000264496 ], [ 556657.674, 3035017.28400000045076 ], [ 556657.799, 3035017.15900000045076 ], [ 556657.873999999952503, 3035017.134 ], [ 556657.873999999952503, 3035017.084000000264496 ], [ 556657.949000000022352, 3035017.009 ], [ 556658.599000000045635, 3035017.009 ] ] ] } },
{ "type": "Feature", "properties": { "unit_id": "c00081", "method": "watershed", "label": 81 }, "geometry": { "type": "Polygon", "coordinates": [ [ [ 556658.699000000022352, 3035014.809000000357628 ], [ 556658.773999999975786, 3035015.03400000045076 ], [ 556659.023999999975786, 3035015.334000000264496 ], [ 556659.074000000022352, 3035015.484000000171363 ], [ 556659.224000000045635, 3035015.684000000357628 ], [ 556659.224000000045635, 3035015.78400000045076 ], [ 556659.273999999975786, 3035015.834000000264496 ], [ 556659.273999999975786, 3035016.134 ], [ 556659.123999999952503, 3035016.334000000264496 ], [ 556659.123999999952503, 3035016.384 ], [ 556658.674, 3035016.834000000264496 ], [ 556658.674, 3035016.934000000357628 ], [ 556658.599000000045635, 3035017.009 ], [ 556657.949000000022352, 3035017.009 ], [ 556657.898999999975786, 3035016.859000000171363 ], [ 556657.498999999952503, 3035016.759 ], [ 556657.273999999975786, 3035016.584000000264496 ], [ 556657.074000000022352, 3035016.234000000171363 ], [ 556657.074000000022352, 3035015.934000000357628 ], [ 556657.324000000022352, 3035015.484000000171363 ], [ 556657.599000000045635, 3035015.209000000264496 ], [ 556657.748999999952503, 3035015.15900000045076 ], [ 556657.949000000022352, 3035015.009 ], [ 556657.998999999952503, 3035014.809000000357628 ], [ 556658.699000000022352, 3035014.809000000357628 ] ] ] } },
{ "type": "Feature", "properties": { "unit_id": "c00082", "method": "watershed", "label": 82 }, "geometry": { "type": "Polygon", "coordinates": [ [ [ 556636.098999999929219, 3034949.15900000045076 ], [ 556636.148999999975786, 3034949.209000000264496 ], [ 556636.248999999952503, 3034949.209000000264496 ], [ 556636.549, 3034949.359000000171363 ], [ 556636.773999999975786, 3034949.53400000045076 ], [ 556636.824000000022352, 3034949.634 ], [ 556636.824000000022352, 3034950.03400000045076 ], [ 556636.674, 3034950.334000000264496 ], [ 556636.324000000022352, 3034950.834000000264496 ], [ 556636.324000000022352, 3034951.184000000357628 ], [ 556636.473999999929219, 3034951.384 ], [ 556636.473999999929219, 3034951.434000000357628 ], [ 556636.873999999952503, 3034951.934000000357628 ], [ 556636.873999999952503, 3034952.03400000045076 ], [ 556636.973999999929219, 3034952.184000000357628 ], [ 556636.973999999929219, 3034952.28400000045076 ], [ 556637.074000000022352, 3034952.484000000171363 ], [ 556637.074000000022352, 3034952.78400000045076 ], [ 556636.824000000022352, 3034953.134 ], [ 556636.824000000022352, 3034953.184000000357628 ], [ 556636.398999999975786, 3034953.609000000171363 ], [ 556636.049, 3034953.809000000357628 ], [ 556635.699000000022352, 3034953.809000000357628 ], [ 556635.398999999975786, 3034953.65900000045076 ], [ 556635.248999999952503, 3034953.509 ], [ 556634.848999999929219, 3034953.309000000357628 ], [ 556634.598999999929219, 3034953.259 ], [ 556634.498999999952503, 3034953.15900000045076 ], [ 556634.449000000022352, 3034953.15900000045076 ], [ 556634.174, 3034952.834000000264496 ], [ 556634.174, 3034952.734000000171363 ], [ 556634.123999999952503, 3034952.684000000357628 ], [ 556634.123999999952503, 3034952.384 ], [ 556634.373999999952503, 3034951.834000000264496 ], [ 556634.773999999975786, 3034951.384 ], [ 556634.973999999929219, 3034950.984000000171363 ], [ 556634.973999999929219, 3034950.834000000264496 ], [ 556634.773999999975786, 3034950.434000000357628 ], [ 556634.773999999975786, 3034950.134 ], [ 556634.824000000022352, 3034950.084000000264496 ], [ 556634.824000000022352, 3034949.984000000171363 ], [ 556635.098999999929219, 3034949.65900000045076 ], [ 556635.148999999975786, 3034949.65900000045076 ], [ 556635.299, 3034949.509 ], [ 556635.449000000022352, 3034949.459000000264496 ], [ 556635.748999999952503, 3034949.15900000045076 ], [ 556636.098999999929219, 3034949.15900000045076 ] ] ] } },
{ "type": "Feature", "properties": { "unit_id": "c00083", "method": "watershed", "label": 83 }, "geometry": { "type": "Polygon", "coordinates": [ [ [ 556628.699000000022352, 3034941.109000000171363 ], [ 556629.023999999975786, 3034941.484000000171363 ], [ 556629.074000000022352, 3034941.684000000357628 ], [ 556629.174, 3034941.834000000264496 ], [ 556629.174, 3034941.984000000171363 ], [ 556629.223999999929219, 3034942.03400000045076 ], [ 556629.223999999929219, 3034942.634 ], [ 556629.174, 3034942.684000000357628 ], [ 556629.123999999952503, 3034942.934000000357628 ], [ 556628.973999999929219, 3034943.084000000264496 ], [ 556628.973999999929219, 3034943.134 ], [ 556628.498999999952503, 3034943.509 ], [ 556628.049, 3034943.709000000264496 ], [ 556627.924, 3034943.834000000264496 ], [ 556627.924, 3034943.984000000171363 ], [ 556627.973999999929219, 3034944.084000000264496 ], [ 556628.199000000022352, 3034944.309000000357628 ], [ 556628.248999999952503, 3034944.309000000357628 ], [ 556628.598999999929219, 3034944.65900000045076 ], [ 556628.949000000022352, 3034944.809000000357628 ], [ 556629.123999999952503, 3034944.984000000171363 ], [ 556629.123999999952503, 3034945.28400000045076 ], [ 556629.074000000022352, 3034945.334000000264496 ], [ 556629.074000000022352, 3034945.53400000045076 ], [ 556629.023999999975786, 3034945.584000000264496 ], [ 556629.023999999975786, 3034945.684000000357628 ], [ 556628.949000000022352, 3034945.809000000357628 ], [ 556628.848999999929219, 3034945.859000000171363 ], [ 556628.098999999929219, 3034945.859000000171363 ], [ 556628.049, 3034945.809000000357628 ], [ 556627.799, 3034945.759 ], [ 556627.648999999975786, 3034945.65900000045076 ], [ 556627.398999999975786, 3034945.609000000171363 ], [ 556627.199000000022352, 3034945.509 ], [ 556626.924, 3034945.234000000171363 ], [ 556626.873999999952503, 3034945.134 ], [ 556626.873999999952503, 3034945.03400000045076 ], [ 556626.824000000022352, 3034944.984000000171363 ], [ 556626.873999999952503, 3034944.53400000045076 ], [ 556626.924, 3034944.484000000171363 ], [ 556626.973999999929219, 3034944.184000000357628 ], [ 556627.123999999952503, 3034943.934000000357628 ], [ 556627.174, 3034943.684000000357628 ], [ 556627.023999999975786, 3034943.384 ], [ 556626.924, 3034943.28400000045076 ], [ 556626.924, 3034943.184000000357628 ], [ 556626.824000000022352, 3034942.984000000171363 ], [ 556626.824000000022352, 3034942.28400000045076 ], [ 556626.873999999952503, 3034942.234000000171363 ], [ 556626.873999999952503, 3034941.984000000171363 ], [ 556627.223999999929219, 3034941.334000000264496 ], [ 556627.223999999929219, 3034941.234000000171363 ], [ 556627.299, 3034941.109000000171363 ], [ 556627.748999999952503, 3034941.109000000171363 ], [ 556627.949000000022352, 3034941.209000000264496 ], [ 556628.098999999929219, 3034941.209000000264496 ], [ 556628.299, 3034941.109000000171363 ], [ 556628.699000000022352, 3034941.109000000171363 ] ] ] } },
{ "type": "Feature", "properties": { "unit_id": "c00084", "method": "watershed", "label": 84 }, "geometry": { "type": "Polygon", "coordinates": [ [ [ 556650.848999999929219, 3035004.059000000357628 ], [ 556650.898999999975786, 3035004.109000000171363 ], [ 556650.998999999952503, 3035004.109000000171363 ], [ 556651.248999999952503, 3035004.309000000357628 ], [ 556651.299, 3035004.309000000357628 ], [ 556651.674, 3035004.684000000357628 ], [ 556651.723999999929219, 3035004.78400000045076 ], [ 556651.723999999929219, 3035004.984000000171363 ], [ 556651.623999999952503, 3035005.184000000357628 ], [ 556651.248999999952503, 3035005.609000000171363 ], [ 556651.199000000022352, 3035005.609000000171363 ], [ 556651.098999999929219, 3035005.709000000264496 ], [ 556650.748999999952503, 3035005.759 ], [ 556650.699000000022352, 3035005.709000000264496 ], [ 556650.449000000022352, 3035005.709000000264496 ], [ 556650.248999999952503, 3035005.609000000171363 ], [ 556649.973999999929219, 3035005.334000000264496 ], [ 556649.824000000022352, 3035005.03400000045076 ], [ 556649.773999999975786, 3035004.78400000045076 ], [ 556649.824000000022352, 3035004.734000000171363 ], [ 556649.873999999952503, 3035004.53400000045076 ], [ 556650.199000000022352, 3035004.209000000264496 ], [ 556650.398999999975786, 3035004.109000000171363 ], [ 556650.498999999952503, 3035004.109000000171363 ], [ 556650.549, 3035004.059000000357628 ], [ 556650.848999999929219, 3035004.059000000357628 ] ] ] } },
{ "type": "Feature", "properties": { "unit_id": "c00085", "method": "watershed", "label": 85 }, "geometry": { "type": "Polygon", "coordinates": [ [ [ 556612.498999999952503, 3034965.309000000357628 ], [ 556612.549, 3034965.359000000171363 ], [ 556613.098999999929219, 3034965.359000000171363 ], [ 556613.148999999975786, 3034965.40900000045076 ], [ 556613.248999999952503, 3034965.40900000045076 ], [ 556613.698999999905936, 3034965.65900000045076 ], [ 556614.023999999975786, 3034966.03400000045076 ], [ 556614.073999999905936, 3034966.234000000171363 ], [ 556614.123999999952503, 3034966.28400000045076 ], [ 556614.123999999952503, 3034966.434000000357628 ], [ 556614.073999999905936, 3034966.484000000171363 ], [ 556614.023999999975786, 3034966.684000000357628 ], [ 556613.924, 3034966.78400000045076 ], [ 556613.823999999905936, 3034966.984000000171363 ], [ 556613.823999999905936, 3034967.084000000264496 ], [ 556613.674, 3034967.384 ], [ 556613.373999999952503, 3034967.684000000357628 ], [ 556613.348999999929219, 3034967.809000000357628 ], [ 556612.948999999905936, 3034967.809000000357628 ], [ 556612.898999999975786, 3034967.859000000171363 ], [ 556612.348999999929219, 3034967.859000000171363 ], [ 556612.148999999975786, 3034967.759 ], [ 556611.148999999975786, 3034967.759 ], [ 556611.123999999952503, 3034967.234000000171363 ], [ 556611.073999999905936, 3034967.184000000357628 ], [ 556611.023999999975786, 3034966.934000000357628 ], [ 556610.973999999929219, 3034966.884 ], [ 556610.973999999929219, 3034966.434000000357628 ], [ 556611.123999999952503, 3034966.134 ], [ 556611.424, 3034965.78400000045076 ], [ 556611.424, 3034965.734000000171363 ], [ 556611.698999999905936, 3034965.509 ], [ 556611.898999999975786, 3034965.40900000045076 ], [ 556611.998999999952503, 3034965.40900000045076 ], [ 556612.049, 3034965.359000000171363 ], [ 556612.198999999905936, 3034965.359000000171363 ], [ 556612.248999999952503, 3034965.309000000357628 ], [ 556612.498999999952503, 3034965.309000000357628 ] ] ] } },
{ "type": "Feature", "properties": { "unit_id": "c00086", "method": "watershed", "label": 86 }, "geometry": { "type": "Polygon", "coordinates": [ [ [ 556619.998999999952503, 3035036.459000000264496 ], [ 556620.299, 3035036.609000000171363 ], [ 556620.398999999975786, 3035036.709000000264496 ], [ 556620.748999999952503, 3035036.859000000171363 ], [ 556620.973999999929219, 3035037.084000000264496 ], [ 556620.973999999929219, 3035037.134000000543892 ], [ 556621.073999999905936, 3035037.234000000171363 ], [ 556621.123999999952503, 3035037.384000000543892 ], [ 556621.223999999929219, 3035037.484000000171363 ], [ 556621.323999999905936, 3035037.684000000357628 ], [ 556621.323999999905936, 3035037.984000000171363 ], [ 556621.273999999975786, 3035038.03400000045076 ], [ 556621.223999999929219, 3035038.234000000171363 ], [ 556621.123999999952503, 3035038.334000000264496 ], [ 556621.123999999952503, 3035038.384000000543892 ], [ 556620.674, 3035038.834000000264496 ], [ 556620.623999999952503, 3035038.934000000357628 ], [ 556620.623999999952503, 3035039.184000000357628 ], [ 556620.773999999975786, 3035039.384000000543892 ], [ 556620.823999999905936, 3035039.53400000045076 ], [ 556620.924, 3035039.634000000543892 ], [ 556620.973999999929219, 3035039.834000000264496 ], [ 556621.023999999975786, 3035039.884000000543892 ], [ 556621.023999999975786, 3035040.384000000543892 ], [ 556620.973999999929219, 3035040.434000000357628 ], [ 556620.973999999929219, 3035040.584000000264496 ], [ 556620.898999999975786, 3035040.709000000264496 ], [ 556620.698999999905936, 3035040.859000000171363 ], [ 556620.398999999975786, 3035040.859000000171363 ], [ 556620.348999999929219, 3035040.809000000357628 ], [ 556619.948999999905936, 3035040.759000000543892 ], [ 556619.799, 3035040.65900000045076 ], [ 556619.698999999905936, 3035040.65900000045076 ], [ 556619.549, 3035040.559000000357628 ], [ 556619.448999999905936, 3035040.559000000357628 ], [ 556619.248999999952503, 3035040.459000000264496 ], [ 556618.973999999929219, 3035040.184000000357628 ], [ 556618.924, 3035040.084000000264496 ], [ 556618.924, 3035039.684000000357628 ], [ 556618.973999999929219, 3035039.634000000543892 ], [ 556618.973999999929219, 3035039.484000000171363 ], [ 556619.073999999905936, 3035039.28400000045076 ], [ 556619.123999999952503, 3035039.03400000045076 ], [ 556619.174, 3035038.984000000171363 ], [ 556619.174, 3035038.834000000264496 ], [ 556619.049, 3035038.65900000045076 ], [ 556618.998999999952503, 3035038.65900000045076 ], [ 556618.848999999929219, 3035038.509000000543892 ], [ 556618.648999999975786, 3035038.40900000045076 ], [ 556618.373999999952503, 3035038.134000000543892 ], [ 556618.373999999952503, 3035038.084000000264496 ], [ 556618.223999999929219, 3035037.884000000543892 ], [ 556618.223999999929219, 3035037.634000000543892 ], [ 556618.273999999975786, 3035037.53400000045076 ], [ 556618.648999999975786, 3035037.15900000045076 ], [ 556618.998999999952503, 3035036.959000000264496 ], [ 556619.098999999929219, 3035036.859000000171363 ], [ 556619.148999999975786, 3035036.859000000171363 ], [ 556619.373999999952503, 3035036.634000000543892 ], [ 556619.373999999952503, 3035036.53400000045076 ], [ 556619.448999999905936, 3035036.459000000264496 ], [ 556619.998999999952503, 3035036.459000000264496 ] ] ] } },
{ "type": "Feature", "properties": { "unit_id": "c00087", "method": "watershed", "label": 87 }, "geometry": { "type": "Polygon", "coordinates": [ [ [ 556665.898999999975786, 3035028.309000000357628 ], [ 556666.248999999952503, 3035028.509000000543892 ], [ 556666.574000000022352, 3035028.834000000264496 ], [ 556666.574000000022352, 3035028.884000000543892 ], [ 556666.724000000045635, 3035029.084000000264496 ], [ 556666.724000000045635, 3035029.184000000357628 ], [ 556666.773999999975786, 3035029.234000000171363 ], [ 556666.773999999975786, 3035029.434000000357628 ], [ 556666.724000000045635, 3035029.484000000171363 ], [ 556666.724000000045635, 3035029.584000000264496 ], [ 556666.574000000022352, 3035029.78400000045076 ], [ 556666.498999999952503, 3035029.809000000357628 ], [ 556666.373999999952503, 3035029.934000000357628 ], [ 556666.324000000022352, 3035030.084000000264496 ], [ 556666.824000000022352, 3035030.634000000543892 ], [ 556666.824000000022352, 3035030.734000000171363 ], [ 556666.873999999952503, 3035030.78400000045076 ], [ 556666.873999999952503, 3035031.084000000264496 ], [ 556666.824000000022352, 3035031.134000000543892 ], [ 556666.824000000022352, 3035031.234000000171363 ], [ 556666.724000000045635, 3035031.434000000357628 ], [ 556666.449000000022352, 3035031.759000000543892 ], [ 556666.398999999975786, 3035031.759000000543892 ], [ 556666.148999999975786, 3035031.959000000264496 ], [ 556665.949000000022352, 3035032.059000000357628 ], [ 556665.648999999975786, 3035032.109000000171363 ], [ 556665.373999999952503, 3035031.934000000357628 ], [ 556665.373999999952503, 3035031.884000000543892 ], [ 556664.974000000045635, 3035031.484000000171363 ], [ 556664.974000000045635, 3035031.434000000357628 ], [ 556664.873999999952503, 3035031.334000000264496 ], [ 556664.824000000022352, 3035031.234000000171363 ], [ 556664.824000000022352, 3035031.084000000264496 ], [ 556664.773999999975786, 3035031.03400000045076 ], [ 556664.773999999975786, 3035030.78400000045076 ], [ 556664.824000000022352, 3035030.734000000171363 ], [ 556664.873999999952503, 3035030.53400000045076 ], [ 556664.998999999952503, 3035030.40900000045076 ], [ 556665.199000000022352, 3035030.309000000357628 ], [ 556665.299, 3035030.309000000357628 ], [ 556665.349000000045635, 3035030.259000000543892 ], [ 556665.699000000022352, 3035030.209000000264496 ], [ 556665.924, 3035030.03400000045076 ], [ 556665.849000000045635, 3035029.959000000264496 ], [ 556665.748999999952503, 3035029.959000000264496 ], [ 556665.349000000045635, 3035029.759000000543892 ], [ 556665.123999999952503, 3035029.53400000045076 ], [ 556665.023999999975786, 3035029.334000000264496 ], [ 556665.023999999975786, 3035029.03400000045076 ], [ 556665.074000000022352, 3035028.984000000171363 ], [ 556665.074000000022352, 3035028.78400000045076 ], [ 556665.123999999952503, 3035028.734000000171363 ], [ 556665.174, 3035028.53400000045076 ], [ 556665.299, 3035028.40900000045076 ], [ 556665.498999999952503, 3035028.309000000357628 ], [ 556665.898999999975786, 3035028.309000000357628 ] ] ] } },
{ "type": "Feature", "properties": { "unit_id": "c00088", "method": "watershed", "label": 88 }, "geometry": { "type": "Polygon", "coordinates": [ [ [ 556666.398999999975786, 3035017.059000000357628 ], [ 556666.474000000045635, 3035017.134 ], [ 556666.474000000045635, 3035017.234000000171363 ], [ 556666.773999999975786, 3035017.584000000264496 ], [ 556666.873999999952503, 3035017.78400000045076 ], [ 556666.873999999952503, 3035017.884 ], [ 556666.924, 3035017.934000000357628 ], [ 556666.924, 3035018.434000000357628 ], [ 556666.674, 3035018.884000000543892 ], [ 556666.449000000022352, 3035019.109000000171363 ], [ 556666.349000000045635, 3035019.109000000171363 ], [ 556666.299, 3035019.15900000045076 ], [ 556665.949000000022352, 3035019.15900000045076 ], [ 556665.898999999975786, 3035019.209000000264496 ], [ 556665.549, 3035019.209000000264496 ], [ 556665.349000000045635, 3035019.109000000171363 ], [ 556664.974000000045635, 3035018.734000000171363 ], [ 556664.924, 3035018.634000000543892 ], [ 556664.924, 3035018.28400000045076 ], [ 556665.074000000022352, 3035017.984000000171363 ], [ 556665.123999999952503, 3035017.684000000357628 ], [ 556665.449000000022352, 3035017.059000000357628 ], [ 556666.398999999975786, 3035017.059000000357628 ] ] ] } },
{ "type": "Feature", "properties": { "unit_id": "c00089", "method": "watershed", "label": 89 }, "geometry": { "type": "Polygon", "coordinates": [ [ [ 556658.599000000045635, 3035012.859000000171363 ], [ 556658.648999999975786, 3035012.90900000045076 ], [ 556658.799, 3035012.90900000045076 ], [ 556659.099000000045635, 3035013.059000000357628 ], [ 556659.324000000022352, 3035013.28400000045076 ], [ 556659.373999999952503, 3035013.384 ], [ 556659.373999999952503, 3035013.984000000171363 ], [ 556659.273999999975786, 3035014.184000000357628 ], [ 556658.773999999975786, 3035014.634 ], [ 556658.699000000022352, 3035014.809000000357628 ], [ 556657.998999999952503, 3035014.809000000357628 ], [ 556657.898999999975786, 3035014.65900000045076 ], [ 556657.849000000045635, 3035014.65900000045076 ], [ 556657.699000000022352, 3035014.509 ], [ 556657.648999999975786, 3035014.509 ], [ 556657.424, 3035014.28400000045076 ], [ 556657.224000000045635, 3035013.934000000357628 ], [ 556657.174, 3035013.634 ], [ 556657.224000000045635, 3035013.584000000264496 ], [ 556657.224000000045635, 3035013.484000000171363 ], [ 556657.324000000022352, 3035013.28400000045076 ], [ 556657.599000000045635, 3035013.009 ], [ 556657.799, 3035012.959000000264496 ], [ 556657.849000000045635, 3035012.90900000045076 ], [ 556657.998999999952503, 3035012.90900000045076 ], [ 556658.049, 3035012.859000000171363 ], [ 556658.599000000045635, 3035012.859000000171363 ] ] ] } },
{ "type": "Feature", "properties": { "unit_id": "c00090", "method": "watershed", "label": 90 }, "geometry": { "type": "Polygon", "coordinates": [ [ [ 556665.849000000045635, 3035042.859000000171363 ], [ 556666.049, 3035042.959000000264496 ], [ 556666.224000000045635, 3035043.134000000543892 ], [ 556666.224000000045635, 3035043.184000000357628 ], [ 556666.424, 3035043.384000000543892 ], [ 556666.424, 3035043.434000000357628 ], [ 556666.623999999952503, 3035043.684000000357628 ], [ 556666.773999999975786, 3035043.984000000171363 ], [ 556666.773999999975786, 3035044.28400000045076 ], [ 556666.549, 3035044.559000000357628 ], [ 556666.349000000045635, 3035044.609000000171363 ], [ 556666.299, 3035044.65900000045076 ], [ 556665.699000000022352, 3035044.65900000045076 ], [ 556665.648999999975786, 3035044.709000000264496 ], [ 556665.248999999952503, 3035044.65900000045076 ], [ 556664.949000000022352, 3035044.509000000543892 ], [ 556664.724000000045635, 3035044.28400000045076 ], [ 556664.724000000045635, 3035043.684000000357628 ], [ 556664.873999999952503, 3035043.484000000171363 ], [ 556664.873999999952503, 3035043.434000000357628 ], [ 556665.148999999975786, 3035043.15900000045076 ], [ 556665.699000000022352, 3035042.859000000171363 ], [ 556665.849000000045635, 3035042.859000000171363 ] ] ] } },
{ "type": "Feature", "properties": { "unit_id": "c00091", "method": "watershed", "label": 91 }, "geometry": { "type": "Polygon", "coordinates": [ [ [ 556666.498999999952503, 3034951.15900000045076 ], [ 556666.549, 3034951.209000000264496 ], [ 556667.023999999975786, 3034951.234000000171363 ], [ 556667.023999999975786, 3034951.384 ], [ 556667.123999999952503, 3034951.53400000045076 ], [ 556667.123999999952503, 3034951.634 ], [ 556667.224000000045635, 3034951.78400000045076 ], [ 556667.224000000045635, 3034951.934000000357628 ], [ 556667.273999999975786, 3034951.984000000171363 ], [ 556667.273999999975786, 3034952.184000000357628 ], [ 556667.174, 3034952.384 ], [ 556667.074000000022352, 3034952.484000000171363 ], [ 556667.074000000022352, 3034952.53400000045076 ], [ 556666.998999999952503, 3034952.559000000357628 ], [ 556666.849000000045635, 3034952.709000000264496 ], [ 556666.648999999975786, 3034952.759 ], [ 556666.599000000045635, 3034952.809000000357628 ], [ 556666.248999999952503, 3034952.809000000357628 ], [ 556666.199000000022352, 3034952.859000000171363 ], [ 556665.949000000022352, 3034952.859000000171363 ], [ 556665.898999999975786, 3034952.809000000357628 ], [ 556665.799, 3034952.809000000357628 ], [ 556665.599000000045635, 3034952.709000000264496 ], [ 556665.324000000022352, 3034952.484000000171363 ], [ 556665.324000000022352, 3034952.434000000357628 ], [ 556665.174, 3034952.234000000171363 ], [ 556665.174, 3034951.984000000171363 ], [ 556665.224000000045635, 3034951.934000000357628 ], [ 556665.273999999975786, 3034951.734000000171363 ], [ 556665.373999999952503, 3034951.634 ], [ 556665.474000000045635, 3034951.434000000357628 ], [ 556665.799, 3034951.15900000045076 ], [ 556666.498999999952503, 3034951.15900000045076 ] ] ] } },
{ "type": "Feature", "properties": { "unit_id": "c00092", "method": "watershed", "label": 92 }, "geometry": { "type": "Polygon", "coordinates": [ [ [ 556666.349000000045635, 3034957.459000000264496 ], [ 556666.398999999975786, 3034957.509 ], [ 556666.549, 3034957.509 ], [ 556666.898999999975786, 3034957.709000000264496 ], [ 556667.324000000022352, 3034958.134 ], [ 556667.474000000045635, 3034958.434000000357628 ], [ 556667.474000000045635, 3034958.734000000171363 ], [ 556667.373999999952503, 3034958.934000000357628 ], [ 556667.199000000022352, 3034959.109000000171363 ], [ 556666.648999999975786, 3034959.40900000045076 ], [ 556665.949000000022352, 3034959.40900000045076 ], [ 556665.898999999975786, 3034959.359000000171363 ], [ 556665.799, 3034959.359000000171363 ], [ 556665.599000000045635, 3034959.259 ], [ 556665.324000000022352, 3034958.984000000171363 ], [ 556665.324000000022352, 3034958.934000000357628 ], [ 556665.174, 3034958.734000000171363 ], [ 556665.174, 3034958.28400000045076 ], [ 556665.324000000022352, 3034958.084000000264496 ], [ 556665.324000000022352, 3034958.03400000045076 ], [ 556665.648999999975786, 3034957.709000000264496 ], [ 556665.949000000022352, 3034957.559000000357628 ], [ 556666.049, 3034957.559000000357628 ], [ 556666.099000000045635, 3034957.509 ], [ 556666.299, 3034957.509 ], [ 556666.349000000045635, 3034957.459000000264496 ] ] ] } },
{ "type": "Feature", "properties": { "unit_id": "c00093", "method": "watershed", "label": 93 }, "geometry": { "type": "Polygon", "coordinates": [ [ [ 556651.199000000022352, 3035042.609000000171363 ], [ 556651.473999999929219, 3035042.884000000543892 ], [ 556651.523999999975786, 3035042.984000000171363 ], [ 556651.523999999975786, 3035043.234000000171363 ], [ 556651.174, 3035043.934000000357628 ], [ 556650.949000000022352, 3035044.15900000045076 ], [ 556650.748999999952503, 3035044.209000000264496 ], [ 556650.699000000022352, 3035044.259000000543892 ], [ 556650.199000000022352, 3035044.259000000543892 ], [ 556650.098999999929219, 3035044.209000000264496 ], [ 556649.674, 3035043.734000000171363 ], [ 556649.523999999975786, 3035043.434000000357628 ], [ 556649.523999999975786, 3035043.334000000264496 ], [ 556649.473999999929219, 3035043.28400000045076 ], [ 556649.473999999929219, 3035043.084000000264496 ], [ 556649.523999999975786, 3035043.03400000045076 ], [ 556649.523999999975786, 3035042.934000000357628 ], [ 556649.648999999975786, 3035042.809000000357628 ], [ 556649.748999999952503, 3035042.809000000357628 ], [ 556649.799, 3035042.759000000543892 ], [ 556650.148999999975786, 3035042.759000000543892 ], [ 556650.348999999929219, 3035042.65900000045076 ], [ 556650.449000000022352, 3035042.65900000045076 ], [ 556650.498999999952503, 3035042.609000000171363 ], [ 556651.199000000022352, 3035042.609000000171363 ] ] ] } },
{ "type": "Feature", "properties": { "unit_id": "c00094", "method": "watershed", "label": 94 }, "geometry": { "type": "Polygon", "coordinates": [ [ [ 556620.098999999929219, 3034968.359000000171363 ], [ 556620.148999999975786, 3034968.40900000045076 ], [ 556620.549, 3034968.40900000045076 ], [ 556620.598999999929219, 3034968.459000000264496 ], [ 556620.698999999905936, 3034968.459000000264496 ], [ 556620.898999999975786, 3034968.559000000357628 ], [ 556621.023999999975786, 3034968.684000000357628 ], [ 556621.174, 3034968.984000000171363 ], [ 556621.174, 3034969.084000000264496 ], [ 556621.323999999905936, 3034969.334000000264496 ], [ 556621.323999999905936, 3034969.434000000357628 ], [ 556621.373999999952503, 3034969.484000000171363 ], [ 556621.373999999952503, 3034969.884 ], [ 556621.424, 3034969.934000000357628 ], [ 556621.424, 3034970.184000000357628 ], [ 556621.473999999929219, 3034970.234000000171363 ], [ 556621.448999999905936, 3034970.259 ], [ 556620.049, 3034970.309000000357628 ], [ 556620.023999999975786, 3034970.184000000357628 ], [ 556619.674, 3034969.884 ], [ 556619.674, 3034969.834000000264496 ], [ 556619.523999999975786, 3034969.684000000357628 ], [ 556619.523999999975786, 3034969.634 ], [ 556619.373999999952503, 3034969.484000000171363 ], [ 556619.373999999952503, 3034969.434000000357628 ], [ 556619.273999999975786, 3034969.334000000264496 ], [ 556619.273999999975786, 3034968.934000000357628 ], [ 556619.323999999905936, 3034968.884 ], [ 556619.323999999905936, 3034968.734000000171363 ], [ 556619.373999999952503, 3034968.634 ], [ 556619.648999999975786, 3034968.40900000045076 ], [ 556619.748999999952503, 3034968.40900000045076 ], [ 556619.799, 3034968.359000000171363 ], [ 556620.098999999929219, 3034968.359000000171363 ] ] ] } },
{ "type": "Feature", "properties": { "unit_id": "c00095", "method": "watershed", "label": 95 }, "geometry": { "type": "Polygon", "coordinates": [ [ [ 556659.099000000045635, 3034946.759 ], [ 556659.199000000022352, 3034946.809000000357628 ], [ 556659.474000000045635, 3034947.084000000264496 ], [ 556659.574000000022352, 3034947.28400000045076 ], [ 556659.574000000022352, 3034947.384 ], [ 556659.623999999952503, 3034947.434000000357628 ], [ 556659.623999999952503, 3034947.584000000264496 ], [ 556659.674, 3034947.634 ], [ 556659.674, 3034947.884 ], [ 556659.574000000022352, 3034948.084000000264496 ], [ 556659.299, 3034948.359000000171363 ], [ 556659.199000000022352, 3034948.40900000045076 ], [ 556659.099000000045635, 3034948.40900000045076 ], [ 556659.049, 3034948.459000000264496 ], [ 556658.599000000045635, 3034948.459000000264496 ], [ 556658.549, 3034948.40900000045076 ], [ 556658.449000000022352, 3034948.40900000045076 ], [ 556658.123999999952503, 3034948.134 ], [ 556658.023999999975786, 3034947.934000000357628 ], [ 556658.023999999975786, 3034947.78400000045076 ], [ 556657.974000000045635, 3034947.734000000171363 ], [ 556657.974000000045635, 3034947.53400000045076 ], [ 556658.023999999975786, 3034947.484000000171363 ], [ 556658.023999999975786, 3034947.384 ], [ 556658.074000000022352, 3034947.28400000045076 ], [ 556658.373999999952503, 3034946.984000000171363 ], [ 556658.549, 3034946.859000000171363 ], [ 556658.748999999952503, 3034946.809000000357628 ], [ 556658.799, 3034946.759 ], [ 556659.099000000045635, 3034946.759 ] ] ] } },
{ "type": "Feature", "properties": { "unit_id": "c00096", "method": "watershed", "label": 96 }, "geometry": { "type": "Polygon", "coordinates": [ [ [ 556658.648999999975786, 3034987.259 ], [ 556658.824000000022352, 3034987.434000000357628 ], [ 556658.873999999952503, 3034987.584000000264496 ], [ 556659.023999999975786, 3034987.734000000171363 ], [ 556659.023999999975786, 3034987.78400000045076 ], [ 556659.373999999952503, 3034988.134 ], [ 556659.424, 3034988.234000000171363 ], [ 556659.424, 3034988.434000000357628 ], [ 556659.324000000022352, 3034988.53400000045076 ], [ 556659.324000000022352, 3034988.584000000264496 ], [ 556659.248999999952503, 3034988.609000000171363 ], [ 556658.924, 3034988.934000000357628 ], [ 556658.799, 3034989.259 ], [ 556658.299, 3034989.259 ], [ 556658.224000000045635, 3034989.184000000357628 ], [ 556658.174, 3034989.03400000045076 ], [ 556657.898999999975786, 3034988.809000000357628 ], [ 556657.849000000045635, 3034988.809000000357628 ], [ 556657.574000000022352, 3034988.484000000171363 ], [ 556657.574000000022352, 3034988.384 ], [ 556657.523999999975786, 3034988.334000000264496 ], [ 556657.523999999975786, 3034988.084000000264496 ], [ 556657.574000000022352, 3034988.03400000045076 ], [ 556657.574000000022352, 3034987.884 ], [ 556657.623999999952503, 3034987.78400000045076 ], [ 556657.898999999975786, 3034987.509 ], [ 556658.099000000045635, 3034987.40900000045076 ], [ 556658.199000000022352, 3034987.40900000045076 ], [ 556658.299, 3034987.309000000357628 ], [ 556658.398999999975786, 3034987.309000000357628 ], [ 556658.449000000022352, 3034987.259 ], [ 556658.648999999975786, 3034987.259 ] ] ] } },
{ "type": "Feature", "properties": { "unit_id": "c00097", "method": "watershed", "label": 97 }, "geometry": { "type": "Polygon", "coordinates": [ [ [ 556635.199000000022352, 3035036.309000000357628 ], [ 556635.598999999929219, 3035036.759000000543892 ], [ 556635.723999999929219, 3035036.78400000045076 ], [ 556635.674, 3035036.934000000357628 ], [ 556635.973999999929219, 3035037.434000000357628 ], [ 556635.973999999929219, 3035037.884000000543892 ], [ 556635.873999999952503, 3035038.084000000264496 ], [ 556635.549, 3035038.40900000045076 ], [ 556635.498999999952503, 3035038.40900000045076 ], [ 556635.398999999975786, 3035038.509000000543892 ], [ 556635.199000000022352, 3035038.559000000357628 ], [ 556635.049, 3035038.65900000045076 ], [ 556634.699000000022352, 3035038.65900000045076 ], [ 556634.549, 3035038.559000000357628 ], [ 556634.398999999975786, 3035038.559000000357628 ], [ 556634.199000000022352, 3035038.40900000045076 ], [ 556634.148999999975786, 3035038.40900000045076 ], [ 556634.023999999975786, 3035038.184000000357628 ], [ 556634.023999999975786, 3035037.934000000357628 ], [ 556633.973999999929219, 3035037.884000000543892 ], [ 556633.973999999929219, 3035037.78400000045076 ], [ 556634.023999999975786, 3035037.734000000171363 ], [ 556634.023999999975786, 3035036.884000000543892 ], [ 556634.074000000022352, 3035036.834000000264496 ], [ 556634.074000000022352, 3035036.334000000264496 ], [ 556635.199000000022352, 3035036.309000000357628 ] ] ] } },
{ "type": "Feature", "properties": { "unit_id": "c00098", "method": "watershed", "label": 98 }, "geometry": { "type": "Polygon", "coordinates": [ [ [ 556621.299, 3034936.109000000171363 ], [ 556621.323999999905936, 3034936.234000000171363 ], [ 556621.373999999952503, 3034936.28400000045076 ], [ 556621.373999999952503, 3034936.384 ], [ 556621.573999999905936, 3034936.78400000045076 ], [ 556621.773999999975786, 3034936.984000000171363 ], [ 556621.773999999975786, 3034937.03400000045076 ], [ 556621.924, 3034937.234000000171363 ], [ 556621.924, 3034938.03400000045076 ], [ 556621.873999999952503, 3034938.084000000264496 ], [ 556621.873999999952503, 3034938.234000000171363 ], [ 556621.674, 3034938.584000000264496 ], [ 556621.623999999952503, 3034938.834000000264496 ], [ 556621.148999999975786, 3034938.859000000171363 ], [ 556621.098999999929219, 3034938.809000000357628 ], [ 556620.648999999975786, 3034938.809000000357628 ], [ 556620.448999999905936, 3034938.609000000171363 ], [ 556620.148999999975786, 3034938.459000000264496 ], [ 556619.348999999929219, 3034938.459000000264496 ], [ 556619.323999999905936, 3034938.434000000357628 ], [ 556619.373999999952503, 3034938.384 ], [ 556619.373999999952503, 3034937.934000000357628 ], [ 556619.323999999905936, 3034937.884 ], [ 556619.323999999905936, 3034937.734000000171363 ], [ 556619.273999999975786, 3034937.684000000357628 ], [ 556619.273999999975786, 3034937.584000000264496 ], [ 556619.174, 3034937.384 ], [ 556619.174, 3034937.084000000264496 ], [ 556619.273999999975786, 3034936.984000000171363 ], [ 556619.273999999975786, 3034936.934000000357628 ], [ 556619.498999999952503, 3034936.759 ], [ 556619.698999999905936, 3034936.65900000045076 ], [ 556619.799, 3034936.65900000045076 ], [ 556619.898999999975786, 3034936.559000000357628 ], [ 556619.948999999905936, 3034936.559000000357628 ], [ 556620.123999999952503, 3034936.384 ], [ 556620.248999999952503, 3034936.109000000171363 ], [ 556621.299, 3034936.109000000171363 ] ] ] } },
{ "type": "Feature", "properties": { "unit_id": "c00099", "method": "watershed", "label": 99 }, "geometry": { "type": "Polygon", "coordinates": [ [ [ 556628.148999999975786, 3034987.609000000171363 ], [ 556628.223999999929219, 3034987.78400000045076 ], [ 556628.299, 3034987.859000000171363 ], [ 556628.648999999975786, 3034988.059000000357628 ], [ 556628.773999999975786, 3034988.184000000357628 ], [ 556628.924, 3034988.484000000171363 ], [ 556628.924, 3034988.734000000171363 ], [ 556628.873999999952503, 3034988.78400000045076 ], [ 556628.824000000022352, 3034989.03400000045076 ], [ 556628.723999999929219, 3034989.234000000171363 ], [ 556628.523999999975786, 3034989.434000000357628 ], [ 556628.523999999975786, 3034989.484000000171363 ], [ 556628.324000000022352, 3034989.734000000171363 ], [ 556628.324000000022352, 3034989.984000000171363 ], [ 556628.373999999952503, 3034990.03400000045076 ], [ 556628.373999999952503, 3034990.184000000357628 ], [ 556628.424, 3034990.234000000171363 ], [ 556628.424, 3034990.434000000357628 ], [ 556628.473999999929219, 3034990.484000000171363 ], [ 556628.473999999929219, 3034990.684000000357628 ], [ 556628.523999999975786, 3034990.734000000171363 ], [ 556628.523999999975786, 3034990.834000000264496 ], [ 556628.574000000022352, 3034990.884 ], [ 556628.623999999952503, 3034991.234000000171363 ], [ 556628.473999999929219, 3034991.434000000357628 ], [ 556628.473999999929219, 3034991.484000000171363 ], [ 556628.223999999929219, 3034991.734000000171363 ], [ 556628.123999999952503, 3034991.934000000357628 ], [ 556628.049, 3034992.259 ], [ 556626.998999999952503, 3034992.259 ], [ 556626.973999999929219, 3034991.434000000357628 ], [ 556626.924, 3034991.384 ], [ 556626.924, 3034991.184000000357628 ], [ 556626.873999999952503, 3034991.134 ], [ 556626.873999999952503, 3034990.53400000045076 ], [ 556626.824000000022352, 3034990.484000000171363 ], [ 556626.824000000022352, 3034990.234000000171363 ], [ 556626.773999999975786, 3034990.184000000357628 ], [ 556626.773999999975786, 3034990.03400000045076 ], [ 556626.574000000022352, 3034989.634 ], [ 556626.473999999929219, 3034989.53400000045076 ], [ 556626.424, 3034989.234000000171363 ], [ 556626.373999999952503, 3034989.184000000357628 ], [ 556626.424, 3034988.684000000357628 ], [ 556626.473999999929219, 3034988.634 ], [ 556626.473999999929219, 3034988.53400000045076 ], [ 556626.574000000022352, 3034988.334000000264496 ], [ 556626.924, 3034987.934000000357628 ], [ 556626.924, 3034987.834000000264496 ], [ 556626.973999999929219, 3034987.78400000045076 ], [ 556626.924, 3034987.684000000357628 ], [ 556626.998999999952503, 3034987.609000000171363 ], [ 556628.148999999975786, 3034987.609000000171363 ] ] ] } },
{ "type": "Feature", "properties": { "unit_id": "c00100", "method": "watershed", "label": 100 }, "geometry": { "type": "Polygon", "coordinates": [ [ [ 556628.248999999952503, 3035043.759000000543892 ], [ 556628.348999999929219, 3035043.859000000171363 ], [ 556628.598999999929219, 3035043.959000000264496 ], [ 556628.873999999952503, 3035044.234000000171363 ], [ 556628.924, 3035044.334000000264496 ], [ 556628.973999999929219, 3035044.634000000543892 ], [ 556629.023999999975786, 3035044.684000000357628 ], [ 556629.074000000022352, 3035044.934000000357628 ], [ 556629.123999999952503, 3035044.984000000171363 ], [ 556629.123999999952503, 3035045.134000000543892 ], [ 556629.174, 3035045.184000000357628 ], [ 556629.174, 3035045.434000000357628 ], [ 556629.123999999952503, 3035045.484000000171363 ], [ 556629.123999999952503, 3035045.684000000357628 ], [ 556629.074000000022352, 3035045.78400000045076 ], [ 556628.848999999929219, 3035045.959000000264496 ], [ 556628.549, 3035046.109000000171363 ], [ 556628.299, 3035046.109000000171363 ], [ 556628.248999999952503, 3035046.15900000045076 ], [ 556627.748999999952503, 3035046.15900000045076 ], [ 556627.699000000022352, 3035046.209000000264496 ], [ 556627.398999999975786, 3035046.209000000264496 ], [ 556627.348999999929219, 3035046.259000000543892 ], [ 556626.949000000022352, 3035046.259000000543892 ], [ 556626.898999999975786, 3035046.209000000264496 ], [ 556626.748999999952503, 3035046.209000000264496 ], [ 556626.299, 3035045.959000000264496 ], [ 556626.123999999952503, 3035045.734000000171363 ], [ 556626.123999999952503, 3035045.584000000264496 ], [ 556626.223999999929219, 3035045.384000000543892 ], [ 556626.273999999975786, 3035045.134000000543892 ], [ 556626.373999999952503, 3035044.984000000171363 ], [ 556626.373999999952503, 3035044.884000000543892 ], [ 556626.723999999929219, 3035044.28400000045076 ], [ 556626.723999999929219, 3035044.184000000357628 ], [ 556626.773999999975786, 3035044.134000000543892 ], [ 556626.773999999975786, 3035043.78400000045076 ], [ 556628.248999999952503, 3035043.759000000543892 ] ] ] } },
{ "type": "Feature", "properties": { "unit_id": "c00101", "method": "watershed", "label": 101 }, "geometry": { "type": "Polygon", "coordinates": [ [ [ 556659.299, 3034967.959000000264496 ], [ 556659.474000000045635, 3034968.384 ], [ 556659.674, 3034968.634 ], [ 556659.773999999975786, 3034968.884 ], [ 556659.474000000045635, 3034969.53400000045076 ], [ 556659.373999999952503, 3034969.634 ], [ 556659.273999999975786, 3034969.834000000264496 ], [ 556659.273999999975786, 3034970.03400000045076 ], [ 556658.699000000022352, 3034970.059000000357628 ], [ 556658.648999999975786, 3034970.009 ], [ 556658.148999999975786, 3034970.009 ], [ 556658.074000000022352, 3034969.934000000357628 ], [ 556658.074000000022352, 3034969.884 ], [ 556657.824000000022352, 3034969.634 ], [ 556657.424, 3034969.28400000045076 ], [ 556657.373999999952503, 3034969.184000000357628 ], [ 556657.373999999952503, 3034968.78400000045076 ], [ 556657.424, 3034968.734000000171363 ], [ 556657.474000000045635, 3034968.53400000045076 ], [ 556657.699000000022352, 3034968.309000000357628 ], [ 556657.748999999952503, 3034968.309000000357628 ], [ 556658.148999999975786, 3034967.959000000264496 ], [ 556659.299, 3034967.959000000264496 ] ] ] } },
{ "type": "Feature", "properties": { "unit_id": "c00102", "method": "watershed", "label": 102 }, "geometry": { "type": "Polygon", "coordinates": [ [ [ 556628.699000000022352, 3034968.15900000045076 ], [ 556628.973999999929219, 3034968.484000000171363 ], [ 556629.074000000022352, 3034968.684000000357628 ], [ 556629.723999999929219, 3034969.334000000264496 ], [ 556629.723999999929219, 3034969.434000000357628 ], [ 556629.773999999975786, 3034969.484000000171363 ], [ 556629.723999999929219, 3034969.684000000357628 ], [ 556629.398999999975786, 3034970.009 ], [ 556629.049, 3034970.15900000045076 ], [ 556628.824000000022352, 3034970.384 ], [ 556628.773999999975786, 3034970.53400000045076 ], [ 556628.699000000022352, 3034970.609000000171363 ], [ 556628.148999999975786, 3034970.609000000171363 ], [ 556628.098999999929219, 3034970.65900000045076 ], [ 556626.949000000022352, 3034970.65900000045076 ], [ 556626.924, 3034970.584000000264496 ], [ 556626.973999999929219, 3034970.53400000045076 ], [ 556626.973999999929219, 3034970.28400000045076 ], [ 556626.924, 3034970.184000000357628 ], [ 556626.623999999952503, 3034969.884 ], [ 556626.623999999952503, 3034969.834000000264496 ], [ 556626.473999999929219, 3034969.634 ], [ 556626.473999999929219, 3034969.184000000357628 ], [ 556626.523999999975786, 3034969.134 ], [ 556626.523999999975786, 3034968.884 ], [ 556626.574000000022352, 3034968.834000000264496 ], [ 556626.574000000022352, 3034968.484000000171363 ], [ 556626.623999999952503, 3034968.434000000357628 ], [ 556626.623999999952503, 3034968.28400000045076 ], [ 556627.898999999975786, 3034968.259 ], [ 556627.949000000022352, 3034968.209000000264496 ], [ 556628.098999999929219, 3034968.209000000264496 ], [ 556628.148999999975786, 3034968.15900000045076 ], [ 556628.699000000022352, 3034968.15900000045076 ] ] ] } },
{ "type": "Feature", "properties": { "unit_id": "c00103", "method": "watershed", "label": 103 }, "geometry": { "type": "Polygon", "coordinates": [ [ [ 556666.599000000045635, 3034991.609000000171363 ], [ 556666.623999999952503, 3034991.934000000357628 ], [ 556666.724000000045635, 3034992.134 ], [ 556666.824000000022352, 3034992.234000000171363 ], [ 556666.924, 3034992.434000000357628 ], [ 556666.924, 3034992.584000000264496 ], [ 556666.974000000045635, 3034992.634 ], [ 556666.924, 3034993.03400000045076 ], [ 556666.724000000045635, 3034993.384 ], [ 556666.724000000045635, 3034993.484000000171363 ], [ 556666.674, 3034993.53400000045076 ], [ 556666.674, 3034993.734000000171363 ], [ 556666.049, 3034993.759 ], [ 556665.998999999952503, 3034993.709000000264496 ], [ 556665.599000000045635, 3034993.709000000264496 ], [ 556665.574000000022352, 3034993.334000000264496 ], [ 556665.523999999975786, 3034993.28400000045076 ], [ 556665.523999999975786, 3034993.184000000357628 ], [ 556665.424, 3034992.984000000171363 ], [ 556665.123999999952503, 3034992.684000000357628 ], [ 556665.074000000022352, 3034992.584000000264496 ], [ 556665.074000000022352, 3034992.334000000264496 ], [ 556665.174, 3034992.134 ], [ 556665.498999999952503, 3034991.859000000171363 ], [ 556665.549, 3034991.859000000171363 ], [ 556665.724000000045635, 3034991.684000000357628 ], [ 556665.748999999952503, 3034991.609000000171363 ], [ 556666.599000000045635, 3034991.609000000171363 ] ] ] } },
{ "type": "Feature", "properties": { "unit_id": "c00104", "method": "watershed", "label": 104 }, "geometry": { "type": "Polygon", "coordinates": [ [ [ 556666.648999999975786, 3034936.15900000045076 ], [ 556666.998999999952503, 3034936.40900000045076 ], [ 556667.349000000045635, 3034936.559000000357628 ], [ 556667.523999999975786, 3034936.734000000171363 ], [ 556667.674, 3034937.03400000045076 ], [ 556667.674, 3034937.384 ], [ 556667.474000000045635, 3034937.734000000171363 ], [ 556667.273999999975786, 3034937.984000000171363 ], [ 556667.273999999975786, 3034938.134 ], [ 556667.224000000045635, 3034938.184000000357628 ], [ 556667.273999999975786, 3034938.234000000171363 ], [ 556667.248999999952503, 3034938.40900000045076 ], [ 556666.398999999975786, 3034938.40900000045076 ], [ 556666.373999999952503, 3034938.28400000045076 ], [ 556666.199000000022352, 3034938.109000000171363 ], [ 556665.699000000022352, 3034937.90900000045076 ], [ 556665.373999999952503, 3034937.584000000264496 ], [ 556665.373999999952503, 3034937.484000000171363 ], [ 556665.324000000022352, 3034937.434000000357628 ], [ 556665.324000000022352, 3034937.28400000045076 ], [ 556665.273999999975786, 3034937.184000000357628 ], [ 556665.324000000022352, 3034937.134 ], [ 556665.373999999952503, 3034936.934000000357628 ], [ 556665.799, 3034936.509 ], [ 556665.849000000045635, 3034936.509 ], [ 556666.148999999975786, 3034936.259 ], [ 556666.349000000045635, 3034936.15900000045076 ], [ 556666.648999999975786, 3034936.15900000045076 ] ] ] } },
{ "type": "Feature", "properties": { "unit_id": "c00105", "method": "watershed", "label": 105 }, "geometry": { "type": "Polygon", "coordinates": [ [ [ 556627.998999999952503, 3034931.809000000357628 ], [ 556628.049, 3034931.859000000171363 ], [ 556628.348999999929219, 3034931.90900000045076 ], [ 556628.549, 3034932.059000000357628 ], [ 556628.598999999929219, 3034932.059000000357628 ], [ 556628.873999999952503, 3034932.334000000264496 ], [ 556629.074000000022352, 3034932.684000000357628 ], [ 556629.273999999975786, 3034932.934000000357628 ], [ 556629.273999999975786, 3034933.234000000171363 ], [ 556629.123999999952503, 3034933.53400000045076 ], [ 556628.949000000022352, 3034933.759 ], [ 556628.748999999952503, 3034933.859000000171363 ], [ 556628.299, 3034933.859000000171363 ], [ 556628.098999999929219, 3034933.959000000264496 ], [ 556627.799, 3034933.959000000264496 ], [ 556627.748999999952503, 3034933.90900000045076 ], [ 556627.498999999952503, 3034933.90900000045076 ], [ 556627.449000000022352, 3034933.859000000171363 ], [ 556627.348999999929219, 3034933.859000000171363 ], [ 556627.148999999975786, 3034933.709000000264496 ], [ 556627.098999999929219, 3034933.709000000264496 ], [ 556626.523999999975786, 3034933.084000000264496 ], [ 556626.473999999929219, 3034932.984000000171363 ], [ 556626.473999999929219, 3034932.734000000171363 ], [ 556626.574000000022352, 3034932.53400000045076 ], [ 556626.674, 3034932.434000000357628 ], [ 556626.674, 3034932.384 ], [ 556626.998999999952503, 3034932.059000000357628 ], [ 556627.498999999952503, 3034931.809000000357628 ], [ 556627.998999999952503, 3034931.809000000357628 ] ] ] } },
{ "type": "Feature", "properties": { "unit_id": "c00106", "method": "watershed", "label": 106 }, "geometry": { "type": "Polygon", "coordinates": [ [ [ 556642.799, 3035036.90900000045076 ], [ 556642.848999999929219, 3035036.959000000264496 ], [ 556642.998999999952503, 3035036.959000000264496 ], [ 556643.098999999929219, 3035037.009000000543892 ], [ 556643.324000000022352, 3035037.234000000171363 ], [ 556643.373999999952503, 3035037.334000000264496 ], [ 556643.373999999952503, 3035037.634000000543892 ], [ 556643.324000000022352, 3035037.684000000357628 ], [ 556643.324000000022352, 3035037.78400000045076 ], [ 556643.273999999975786, 3035037.834000000264496 ], [ 556643.223999999929219, 3035038.03400000045076 ], [ 556642.998999999952503, 3035038.259000000543892 ], [ 556642.799, 3035038.309000000357628 ], [ 556642.748999999952503, 3035038.359000000171363 ], [ 556642.648999999975786, 3035038.359000000171363 ], [ 556642.598999999929219, 3035038.309000000357628 ], [ 556642.449000000022352, 3035038.309000000357628 ], [ 556642.148999999975786, 3035038.15900000045076 ], [ 556641.873999999952503, 3035037.884000000543892 ], [ 556641.873999999952503, 3035037.53400000045076 ], [ 556642.023999999975786, 3035037.234000000171363 ], [ 556642.248999999952503, 3035037.009000000543892 ], [ 556642.449000000022352, 3035036.959000000264496 ], [ 556642.498999999952503, 3035036.90900000045076 ], [ 556642.799, 3035036.90900000045076 ] ] ] } },
{ "type": "Feature", "properties": { "unit_id": "c00107", "method": "watershed", "label": 107 }, "geometry": { "type": "Polygon", "coordinates": [ [ [ 556659.349000000045635, 3034923.009 ], [ 556659.373999999952503, 3034923.134 ], [ 556659.873999999952503, 3034923.584000000264496 ], [ 556659.974000000045635, 3034923.78400000045076 ], [ 556659.974000000045635, 3034923.884 ], [ 556660.023999999975786, 3034923.934000000357628 ], [ 556659.974000000045635, 3034924.28400000045076 ], [ 556659.824000000022352, 3034924.584000000264496 ], [ 556659.599000000045635, 3034924.809000000357628 ], [ 556659.498999999952503, 3034924.859000000171363 ], [ 556658.599000000045635, 3034924.859000000171363 ], [ 556658.148999999975786, 3034924.609000000171363 ], [ 556657.924, 3034924.384 ], [ 556657.873999999952503, 3034924.28400000045076 ], [ 556657.873999999952503, 3034923.934000000357628 ], [ 556657.974000000045635, 3034923.734000000171363 ], [ 556658.748999999952503, 3034923.009 ], [ 556659.349000000045635, 3034923.009 ] ] ] } },
{ "type": "Feature", "properties": { "unit_id": "c00108", "method": "watershed", "label": 108 }, "geometry": { "type": "Polygon", "coordinates": [ [ [ 556658.998999999952503, 3034959.309000000357628 ], [ 556659.023999999975786, 3034959.384 ], [ 556659.148999999975786, 3034959.509 ], [ 556659.199000000022352, 3034959.509 ], [ 556659.449000000022352, 3034959.759 ], [ 556659.498999999952503, 3034959.759 ], [ 556659.773999999975786, 3034960.084000000264496 ], [ 556659.773999999975786, 3034960.134 ], [ 556659.873999999952503, 3034960.234000000171363 ], [ 556659.924, 3034960.484000000171363 ], [ 556659.873999999952503, 3034960.53400000045076 ], [ 556659.873999999952503, 3034960.634 ], [ 556659.599000000045635, 3034960.959000000264496 ], [ 556659.549, 3034960.959000000264496 ], [ 556659.349000000045635, 3034961.109000000171363 ], [ 556659.148999999975786, 3034961.15900000045076 ], [ 556658.974000000045635, 3034961.334000000264496 ], [ 556658.974000000045635, 3034961.53400000045076 ], [ 556659.273999999975786, 3034961.884 ], [ 556659.273999999975786, 3034961.934000000357628 ], [ 556659.424, 3034962.134 ], [ 556659.424, 3034962.434000000357628 ], [ 556659.373999999952503, 3034962.484000000171363 ], [ 556659.373999999952503, 3034962.584000000264496 ], [ 556659.049, 3034962.90900000045076 ], [ 556658.748999999952503, 3034963.059000000357628 ], [ 556658.299, 3034963.059000000357628 ], [ 556657.799, 3034962.809000000357628 ], [ 556657.623999999952503, 3034962.634 ], [ 556657.574000000022352, 3034962.434000000357628 ], [ 556657.523999999975786, 3034962.384 ], [ 556657.574000000022352, 3034962.084000000264496 ], [ 556657.674, 3034961.884 ], [ 556657.924, 3034961.584000000264496 ], [ 556657.924, 3034961.384 ], [ 556657.724000000045635, 3034961.03400000045076 ], [ 556657.724000000045635, 3034960.584000000264496 ], [ 556657.773999999975786, 3034960.53400000045076 ], [ 556657.773999999975786, 3034960.334000000264496 ], [ 556657.824000000022352, 3034960.28400000045076 ], [ 556657.824000000022352, 3034960.134 ], [ 556657.873999999952503, 3034960.03400000045076 ], [ 556658.474000000045635, 3034959.484000000171363 ], [ 556658.474000000045635, 3034959.384 ], [ 556658.699000000022352, 3034959.359000000171363 ], [ 556658.748999999952503, 3034959.309000000357628 ], [ 556658.998999999952503, 3034959.309000000357628 ] ] ] } },
{ "type": "Feature", "properties": { "unit_id": "c00109", "method": "watershed", "label": 109 }, "geometry": { "type": "Polygon", "coordinates": [ [ [ 556666.449000000022352, 3034989.359000000171363 ], [ 556666.498999999952503, 3034989.40900000045076 ], [ 556666.924, 3034989.434000000357628 ], [ 556666.924, 3034989.984000000171363 ], [ 556666.974000000045635, 3034990.03400000045076 ], [ 556666.974000000045635, 3034990.584000000264496 ], [ 556667.023999999975786, 3034990.634 ], [ 556667.023999999975786, 3034990.884 ], [ 556666.974000000045635, 3034990.934000000357628 ], [ 556666.974000000045635, 3034991.084000000264496 ], [ 556666.599000000045635, 3034991.609000000171363 ], [ 556665.748999999952503, 3034991.609000000171363 ], [ 556665.724000000045635, 3034991.53400000045076 ], [ 556665.549, 3034991.359000000171363 ], [ 556665.148999999975786, 3034991.15900000045076 ], [ 556664.924, 3034990.934000000357628 ], [ 556664.924, 3034990.834000000264496 ], [ 556664.873999999952503, 3034990.78400000045076 ], [ 556664.873999999952503, 3034990.334000000264496 ], [ 556665.023999999975786, 3034990.03400000045076 ], [ 556665.224000000045635, 3034989.834000000264496 ], [ 556665.299, 3034989.559000000357628 ], [ 556665.599000000045635, 3034989.559000000357628 ], [ 556665.648999999975786, 3034989.509 ], [ 556665.849000000045635, 3034989.509 ], [ 556666.049, 3034989.40900000045076 ], [ 556666.299, 3034989.40900000045076 ], [ 556666.349000000045635, 3034989.359000000171363 ], [ 556666.449000000022352, 3034989.359000000171363 ] ] ] } },
{ "type": "Feature", "properties": { "unit_id": "c00110", "method": "watershed", "label": 110 }, "geometry": { "type": "Polygon", "coordinates": [ [ [ 556620.398999999975786, 3034994.859000000171363 ], [ 556620.873999999952503, 3034994.884 ], [ 556620.823999999905936, 3034994.934000000357628 ], [ 556620.823999999905936, 3034995.184000000357628 ], [ 556621.174, 3034995.78400000045076 ], [ 556621.174, 3034996.334000000264496 ], [ 556621.123999999952503, 3034996.434000000357628 ], [ 556620.648999999975786, 3034996.90900000045076 ], [ 556620.598999999929219, 3034996.90900000045076 ], [ 556620.448999999905936, 3034997.059000000357628 ], [ 556620.248999999952503, 3034997.15900000045076 ], [ 556619.948999999905936, 3034997.15900000045076 ], [ 556619.898999999975786, 3034997.109000000171363 ], [ 556619.748999999952503, 3034997.109000000171363 ], [ 556619.698999999905936, 3034997.059000000357628 ], [ 556619.448999999905936, 3034997.009 ], [ 556619.348999999929219, 3034996.90900000045076 ], [ 556619.299, 3034996.90900000045076 ], [ 556619.023999999975786, 3034996.634 ], [ 556619.023999999975786, 3034996.53400000045076 ], [ 556618.973999999929219, 3034996.484000000171363 ], [ 556618.924, 3034995.984000000171363 ], [ 556618.873999999952503, 3034995.934000000357628 ], [ 556618.873999999952503, 3034995.03400000045076 ], [ 556618.823999999905936, 3034994.984000000171363 ], [ 556620.248999999952503, 3034994.959000000264496 ], [ 556620.398999999975786, 3034994.859000000171363 ] ] ] } },
{ "type": "Feature", "properties": { "unit_id": "c00111", "method": "watershed", "label": 111 }, "geometry": { "type": "Polygon", "coordinates": [ [ [ 556613.498999999952503, 3034948.609000000171363 ], [ 556613.523999999975786, 3034948.684000000357628 ], [ 556613.873999999952503, 3034949.03400000045076 ], [ 556613.924, 3034949.134 ], [ 556613.924, 3034949.384 ], [ 556613.873999999952503, 3034949.434000000357628 ], [ 556613.873999999952503, 3034950.03400000045076 ], [ 556613.823999999905936, 3034950.134 ], [ 556613.598999999929219, 3034950.359000000171363 ], [ 556613.299, 3034950.509 ], [ 556613.198999999905936, 3034950.509 ], [ 556613.148999999975786, 3034950.559000000357628 ], [ 556612.948999999905936, 3034950.609000000171363 ], [ 556612.823999999905936, 3034950.734000000171363 ], [ 556612.799, 3034950.809000000357628 ], [ 556612.248999999952503, 3034950.809000000357628 ], [ 556611.998999999952503, 3034950.65900000045076 ], [ 556611.549, 3034950.65900000045076 ], [ 556611.323999999905936, 3034950.434000000357628 ], [ 556611.323999999905936, 3034950.384 ], [ 556611.174, 3034950.234000000171363 ], [ 556611.174, 3034949.884 ], [ 556611.323999999905936, 3034949.634 ], [ 556611.323999999905936, 3034949.53400000045076 ], [ 556611.424, 3034949.334000000264496 ], [ 556611.424, 3034949.184000000357628 ], [ 556611.373999999952503, 3034949.134 ], [ 556611.373999999952503, 3034948.984000000171363 ], [ 556611.273999999975786, 3034948.78400000045076 ], [ 556611.174, 3034948.684000000357628 ], [ 556611.198999999905936, 3034948.609000000171363 ], [ 556613.498999999952503, 3034948.609000000171363 ] ] ] } },
{ "type": "Feature", "properties": { "unit_id": "c00112", "method": "watershed", "label": 112 }, "geometry": { "type": "Polygon", "coordinates": [ [ [ 556612.799, 3034921.559000000357628 ], [ 556613.299, 3034921.809000000357628 ], [ 556613.598999999929219, 3034922.059000000357628 ], [ 556613.648999999975786, 3034922.059000000357628 ], [ 556613.674, 3034922.134 ], [ 556613.823999999905936, 3034922.28400000045076 ], [ 556614.023999999975786, 3034922.684000000357628 ], [ 556614.023999999975786, 3034923.03400000045076 ], [ 556613.973999999929219, 3034923.134 ], [ 556613.523999999975786, 3034923.53400000045076 ], [ 556613.498999999952503, 3034923.609000000171363 ], [ 556613.198999999905936, 3034923.609000000171363 ], [ 556613.148999999975786, 3034923.559000000357628 ], [ 556612.698999999905936, 3034923.509 ], [ 556612.498999999952503, 3034923.40900000045076 ], [ 556611.748999999952503, 3034923.40900000045076 ], [ 556611.674, 3034923.28400000045076 ], [ 556611.674, 3034923.134 ], [ 556611.573999999905936, 3034922.934000000357628 ], [ 556611.573999999905936, 3034922.734000000171363 ], [ 556611.523999999975786, 3034922.684000000357628 ], [ 556611.523999999975786, 3034922.334000000264496 ], [ 556611.473999999929219, 3034922.28400000045076 ], [ 556611.473999999929219, 3034922.084000000264496 ], [ 556611.373999999952503, 3034921.934000000357628 ], [ 556611.323999999905936, 3034921.734000000171363 ], [ 556612.098999999929219, 3034921.709000000264496 ], [ 556612.148999999975786, 3034921.65900000045076 ], [ 556612.448999999905936, 3034921.609000000171363 ], [ 556612.498999999952503, 3034921.559000000357628 ], [ 556612.799, 3034921.559000000357628 ] ] ] } },
{ "type": "Feature", "properties": { "unit_id": "c00113", "method": "watershed", "label": 113 }, "geometry": { "type": "Polygon", "coordinates": [ [ [ 556658.748999999952503, 3034966.109000000171363 ], [ 556658.799, 3034966.15900000045076 ], [ 556658.949000000022352, 3034966.15900000045076 ], [ 556659.248999999952503, 3034966.309000000357628 ], [ 556659.474000000045635, 3034966.53400000045076 ], [ 556659.623999999952503, 3034966.834000000264496 ], [ 556659.623999999952503, 3034967.134 ], [ 556659.324000000022352, 3034967.734000000171363 ], [ 556659.299, 3034967.959000000264496 ], [ 556658.199000000022352, 3034967.959000000264496 ], [ 556658.174, 3034967.884 ], [ 556658.224000000045635, 3034967.834000000264496 ], [ 556658.224000000045635, 3034967.584000000264496 ], [ 556658.123999999952503, 3034967.384 ], [ 556658.023999999975786, 3034967.28400000045076 ], [ 556657.924, 3034967.03400000045076 ], [ 556657.824000000022352, 3034966.934000000357628 ], [ 556657.824000000022352, 3034966.834000000264496 ], [ 556657.773999999975786, 3034966.78400000045076 ], [ 556657.773999999975786, 3034966.484000000171363 ], [ 556657.873999999952503, 3034966.28400000045076 ], [ 556657.998999999952503, 3034966.15900000045076 ], [ 556658.099000000045635, 3034966.109000000171363 ], [ 556658.748999999952503, 3034966.109000000171363 ] ] ] } },
{ "type": "Feature", "properties": { "unit_id": "c00114", "method": "watershed", "label": 114 }, "geometry": { "type": "Polygon", "coordinates": [ [ [ 556628.348999999929219, 3034999.559000000357628 ], [ 556628.449000000022352, 3034999.65900000045076 ], [ 556628.598999999929219, 3034999.709000000264496 ], [ 556629.373999999952503, 3035000.484000000171363 ], [ 556629.424, 3035000.584000000264496 ], [ 556629.424, 3035000.78400000045076 ], [ 556629.324000000022352, 3035000.984000000171363 ], [ 556629.174, 3035001.134 ], [ 556629.023999999975786, 3035001.434000000357628 ], [ 556628.848999999929219, 3035001.609000000171363 ], [ 556628.748999999952503, 3035001.609000000171363 ], [ 556628.699000000022352, 3035001.65900000045076 ], [ 556628.148999999975786, 3035001.65900000045076 ], [ 556627.949000000022352, 3035001.759 ], [ 556627.748999999952503, 3035001.759 ], [ 556627.699000000022352, 3035001.809000000357628 ], [ 556627.398999999975786, 3035001.809000000357628 ], [ 556627.348999999929219, 3035001.759 ], [ 556627.199000000022352, 3035001.759 ], [ 556626.998999999952503, 3035001.65900000045076 ], [ 556626.723999999929219, 3035001.384 ], [ 556626.623999999952503, 3035001.184000000357628 ], [ 556626.623999999952503, 3035000.884 ], [ 556626.674, 3035000.834000000264496 ], [ 556626.674, 3035000.734000000171363 ], [ 556626.824000000022352, 3035000.434000000357628 ], [ 556627.074000000022352, 3035000.084000000264496 ], [ 556627.174, 3034999.78400000045076 ], [ 556627.248999999952503, 3034999.709000000264496 ], [ 556628.049, 3034999.709000000264496 ], [ 556628.348999999929219, 3034999.559000000357628 ] ] ] } },
{ "type": "Feature", "properties": { "unit_id": "c00115", "method": "watershed", "label": 115 }, "geometry": { "type": "Polygon", "coordinates": [ [ [ 556628.199000000022352, 3035009.65900000045076 ], [ 556628.348999999929219, 3035009.809000000357628 ], [ 556628.648999999975786, 3035009.959000000264496 ], [ 556628.848999999929219, 3035010.009 ], [ 556629.023999999975786, 3035010.184000000357628 ], [ 556629.123999999952503, 3035010.384 ], [ 556629.123999999952503, 3035010.834000000264496 ], [ 556629.074000000022352, 3035010.884 ], [ 556629.074000000022352, 3035010.984000000171363 ], [ 556628.848999999929219, 3035011.209000000264496 ], [ 556628.699000000022352, 3035011.259 ], [ 556628.473999999929219, 3035011.484000000171363 ], [ 556628.424, 3035011.634 ], [ 556628.248999999952503, 3035011.809000000357628 ], [ 556627.748999999952503, 3035012.059000000357628 ], [ 556627.648999999975786, 3035012.059000000357628 ], [ 556627.348999999929219, 3035011.90900000045076 ], [ 556626.799, 3035011.90900000045076 ], [ 556626.723999999929219, 3035011.634 ], [ 556626.373999999952503, 3035011.234000000171363 ], [ 556626.273999999975786, 3035011.03400000045076 ], [ 556626.273999999975786, 3035010.934000000357628 ], [ 556626.174, 3035010.78400000045076 ], [ 556626.174, 3035010.28400000045076 ], [ 556626.273999999975786, 3035010.134 ], [ 556626.273999999975786, 3035010.03400000045076 ], [ 556626.373999999952503, 3035009.834000000264496 ], [ 556626.449000000022352, 3035009.759 ], [ 556627.449000000022352, 3035009.759 ], [ 556627.498999999952503, 3035009.709000000264496 ], [ 556627.799, 3035009.709000000264496 ], [ 556627.848999999929219, 3035009.65900000045076 ], [ 556628.199000000022352, 3035009.65900000045076 ] ] ] } },
{ "type": "Feature", "properties": { "unit_id": "c00116", "method": "watershed", "label": 116 }, "geometry": { "type": "Polygon", "coordinates": [ [ [ 556666.148999999975786, 3035008.809000000357628 ], [ 556666.349000000045635, 3035009.009 ], [ 556666.549, 3035009.109000000171363 ], [ 556666.773999999975786, 3035009.334000000264496 ], [ 556666.773999999975786, 3035009.53400000045076 ], [ 556666.674, 3035009.684000000357628 ], [ 556666.674, 3035009.78400000045076 ], [ 556666.574000000022352, 3035009.934000000357628 ], [ 556666.574000000022352, 3035010.03400000045076 ], [ 556666.373999999952503, 3035010.384 ], [ 556666.148999999975786, 3035010.609000000171363 ], [ 556665.998999999952503, 3035010.65900000045076 ], [ 556665.724000000045635, 3035010.434000000357628 ], [ 556665.724000000045635, 3035010.384 ], [ 556665.324000000022352, 3035009.934000000357628 ], [ 556665.174, 3035009.634 ], [ 556665.174, 3035009.53400000045076 ], [ 556665.123999999952503, 3035009.484000000171363 ], [ 556665.123999999952503, 3035009.184000000357628 ], [ 556665.299, 3035009.009 ], [ 556665.498999999952503, 3035008.959000000264496 ], [ 556665.549, 3035008.90900000045076 ], [ 556665.648999999975786, 3035008.90900000045076 ], [ 556665.748999999952503, 3035008.809000000357628 ], [ 556666.148999999975786, 3035008.809000000357628 ] ] ] } },
{ "type": "Feature", "properties": { "unit_id": "c00117", "method": "watershed", "label": 117 }, "geometry": { "type": "Polygon", "coordinates": [ [ [ 556628.549, 3034972.809000000357628 ], [ 556628.623999999952503, 3034972.984000000171363 ], [ 556628.898999999975786, 3034973.259 ], [ 556628.973999999929219, 3034973.28400000045076 ], [ 556628.973999999929219, 3034973.334000000264496 ], [ 556629.074000000022352, 3034973.434000000357628 ], [ 556629.074000000022352, 3034973.584000000264496 ], [ 556629.123999999952503, 3034973.634 ], [ 556629.074000000022352, 3034973.684000000357628 ], [ 556629.074000000022352, 3034973.984000000171363 ], [ 556629.023999999975786, 3034974.03400000045076 ], [ 556629.023999999975786, 3034974.434000000357628 ], [ 556628.973999999929219, 3034974.53400000045076 ], [ 556628.348999999929219, 3034975.15900000045076 ], [ 556628.299, 3034975.15900000045076 ], [ 556627.998999999952503, 3034975.40900000045076 ], [ 556627.898999999975786, 3034975.40900000045076 ], [ 556627.848999999929219, 3034975.459000000264496 ], [ 556627.449000000022352, 3034975.459000000264496 ], [ 556627.398999999975786, 3034975.40900000045076 ], [ 556627.199000000022352, 3034975.359000000171363 ], [ 556627.098999999929219, 3034975.259 ], [ 556626.949000000022352, 3034975.209000000264496 ], [ 556626.623999999952503, 3034974.884 ], [ 556626.523999999975786, 3034974.684000000357628 ], [ 556626.523999999975786, 3034974.484000000171363 ], [ 556626.473999999929219, 3034974.434000000357628 ], [ 556626.574000000022352, 3034973.834000000264496 ], [ 556626.773999999975786, 3034973.484000000171363 ], [ 556626.924, 3034973.334000000264496 ], [ 556627.023999999975786, 3034973.134 ], [ 556627.023999999975786, 3034973.03400000045076 ], [ 556627.074000000022352, 3034972.984000000171363 ], [ 556627.074000000022352, 3034972.834000000264496 ], [ 556628.549, 3034972.809000000357628 ] ] ] } },
{ "type": "Feature", "properties": { "unit_id": "c00118", "method": "watershed", "label": 118 }, "geometry": { "type": "Polygon", "coordinates": [ [ [ 556627.598999999929219, 3035019.809000000357628 ], [ 556627.648999999975786, 3035019.859000000171363 ], [ 556627.898999999975786, 3035019.90900000045076 ], [ 556628.098999999929219, 3035020.009000000543892 ], [ 556628.473999999929219, 3035020.384000000543892 ], [ 556628.473999999929219, 3035020.434000000357628 ], [ 556628.574000000022352, 3035020.53400000045076 ], [ 556628.574000000022352, 3035020.634000000543892 ], [ 556628.674, 3035020.834000000264496 ], [ 556628.674, 3035021.134000000543892 ], [ 556628.373999999952503, 3035021.53400000045076 ], [ 556628.373999999952503, 3035021.834000000264496 ], [ 556628.598999999929219, 3035022.109000000171363 ], [ 556628.848999999929219, 3035022.209000000264496 ], [ 556629.049, 3035022.40900000045076 ], [ 556629.098999999929219, 3035022.40900000045076 ], [ 556629.273999999975786, 3035022.684000000357628 ], [ 556629.273999999975786, 3035023.03400000045076 ], [ 556629.223999999929219, 3035023.084000000264496 ], [ 556629.223999999929219, 3035023.28400000045076 ], [ 556629.174, 3035023.334000000264496 ], [ 556629.123999999952503, 3035023.53400000045076 ], [ 556628.799, 3035023.90900000045076 ], [ 556628.398999999975786, 3035024.109000000171363 ], [ 556627.848999999929219, 3035024.109000000171363 ], [ 556627.799, 3035024.059000000357628 ], [ 556627.449000000022352, 3035024.009000000543892 ], [ 556627.398999999975786, 3035023.959000000264496 ], [ 556626.898999999975786, 3035023.959000000264496 ], [ 556626.848999999929219, 3035023.90900000045076 ], [ 556626.699000000022352, 3035023.90900000045076 ], [ 556626.348999999929219, 3035023.609000000171363 ], [ 556626.299, 3035023.609000000171363 ], [ 556626.023999999975786, 3035023.334000000264496 ], [ 556625.924, 3035023.134000000543892 ], [ 556625.973999999929219, 3035022.834000000264496 ], [ 556626.174, 3035022.434000000357628 ], [ 556626.723999999929219, 3035021.834000000264496 ], [ 556626.873999999952503, 3035021.53400000045076 ], [ 556626.824000000022352, 3035021.134000000543892 ], [ 556626.623999999952503, 3035020.884000000543892 ], [ 556626.623999999952503, 3035020.834000000264496 ], [ 556626.473999999929219, 3035020.684000000357628 ], [ 556626.473999999929219, 3035020.384000000543892 ], [ 556626.848999999929219, 3035019.959000000264496 ], [ 556627.049, 3035019.859000000171363 ], [ 556627.148999999975786, 3035019.859000000171363 ], [ 556627.199000000022352, 3035019.809000000357628 ], [ 556627.598999999929219, 3035019.809000000357628 ] ] ] } },
{ "type": "Feature", "properties": { "unit_id": "c00119", "method": "watershed", "label": 119 }, "geometry": { "type": "Polygon", "coordinates": [ [ [ 556634.949000000022352, 3035044.309000000357628 ], [ 556634.998999999952503, 3035044.359000000171363 ], [ 556635.348999999929219, 3035044.40900000045076 ], [ 556635.398999999975786, 3035044.459000000264496 ], [ 556635.498999999952503, 3035044.459000000264496 ], [ 556635.549, 3035044.509000000543892 ], [ 556635.748999999952503, 3035044.559000000357628 ], [ 556635.973999999929219, 3035044.834000000264496 ], [ 556635.973999999929219, 3035045.28400000045076 ], [ 556636.023999999975786, 3035045.334000000264496 ], [ 556636.023999999975786, 3035045.684000000357628 ], [ 556635.924, 3035045.884000000543892 ], [ 556635.648999999975786, 3035046.15900000045076 ], [ 556635.498999999952503, 3035046.15900000045076 ], [ 556635.449000000022352, 3035046.209000000264496 ], [ 556634.799, 3035046.209000000264496 ], [ 556634.748999999952503, 3035046.15900000045076 ], [ 556634.648999999975786, 3035046.15900000045076 ], [ 556634.449000000022352, 3035046.059000000357628 ], [ 556634.123999999952503, 3035045.734000000171363 ], [ 556634.074000000022352, 3035045.634000000543892 ], [ 556634.074000000022352, 3035045.28400000045076 ], [ 556634.174, 3035045.084000000264496 ], [ 556634.174, 3035044.984000000171363 ], [ 556634.373999999952503, 3035044.584000000264496 ], [ 556634.598999999929219, 3035044.359000000171363 ], [ 556634.699000000022352, 3035044.309000000357628 ], [ 556634.949000000022352, 3035044.309000000357628 ] ] ] } },
{ "type": "Feature", "properties": { "unit_id": "c00120", "method": "watershed", "label": 120 }, "geometry": { "type": "Polygon", "coordinates": [ [ [ 556666.199000000022352, 3034931.759 ], [ 556667.023999999975786, 3034931.78400000045076 ], [ 556666.974000000045635, 3034931.834000000264496 ], [ 556666.974000000045635, 3034932.03400000045076 ], [ 556667.373999999952503, 3034932.484000000171363 ], [ 556667.373999999952503, 3034932.53400000045076 ], [ 556667.523999999975786, 3034932.684000000357628 ], [ 556667.623999999952503, 3034932.884 ], [ 556667.623999999952503, 3034933.184000000357628 ], [ 556667.574000000022352, 3034933.234000000171363 ], [ 556667.574000000022352, 3034933.334000000264496 ], [ 556667.424, 3034933.634 ], [ 556667.023999999975786, 3034934.134 ], [ 556667.023999999975786, 3034934.234000000171363 ], [ 556667.324000000022352, 3034934.734000000171363 ], [ 556667.324000000022352, 3034934.834000000264496 ], [ 556667.373999999952503, 3034934.884 ], [ 556667.373999999952503, 3034935.134 ], [ 556667.324000000022352, 3034935.234000000171363 ], [ 556667.099000000045635, 3034935.459000000264496 ], [ 556666.949000000022352, 3034935.509 ], [ 556666.849000000045635, 3034935.609000000171363 ], [ 556666.599000000045635, 3034935.65900000045076 ], [ 556666.549, 3034935.709000000264496 ], [ 556666.299, 3034935.709000000264496 ], [ 556665.898999999975786, 3034935.509 ], [ 556665.773999999975786, 3034935.28400000045076 ], [ 556665.773999999975786, 3034934.834000000264496 ], [ 556665.873999999952503, 3034934.634 ], [ 556666.174, 3034934.28400000045076 ], [ 556666.224000000045635, 3034934.184000000357628 ], [ 556666.224000000045635, 3034933.984000000171363 ], [ 556666.174, 3034933.884 ], [ 556665.724000000045635, 3034933.434000000357628 ], [ 556665.724000000045635, 3034933.384 ], [ 556665.623999999952503, 3034933.28400000045076 ], [ 556665.523999999975786, 3034933.084000000264496 ], [ 556665.523999999975786, 3034932.984000000171363 ], [ 556665.474000000045635, 3034932.934000000357628 ], [ 556665.474000000045635, 3034932.78400000045076 ], [ 556665.523999999975786, 3034932.734000000171363 ], [ 556665.523999999975786, 3034932.634 ], [ 556665.724000000045635, 3034932.384 ], [ 556665.724000000045635, 3034932.334000000264496 ], [ 556666.074000000022352, 3034931.984000000171363 ], [ 556666.123999999952503, 3034931.834000000264496 ], [ 556666.199000000022352, 3034931.759 ] ] ] } },
{ "type": "Feature", "properties": { "unit_id": "c00121", "method": "watershed", "label": 121 }, "geometry": { "type": "Polygon", "coordinates": [ [ [ 556666.398999999975786, 3034976.759 ], [ 556666.599000000045635, 3034976.859000000171363 ], [ 556666.748999999952503, 3034977.009 ], [ 556666.799, 3034977.009 ], [ 556667.074000000022352, 3034977.28400000045076 ], [ 556667.174, 3034977.484000000171363 ], [ 556667.174, 3034977.584000000264496 ], [ 556667.224000000045635, 3034977.634 ], [ 556667.224000000045635, 3034977.884 ], [ 556667.174, 3034977.934000000357628 ], [ 556667.174, 3034978.03400000045076 ], [ 556666.898999999975786, 3034978.359000000171363 ], [ 556666.699000000022352, 3034978.459000000264496 ], [ 556666.599000000045635, 3034978.459000000264496 ], [ 556666.549, 3034978.509 ], [ 556666.449000000022352, 3034978.509 ], [ 556666.148999999975786, 3034978.65900000045076 ], [ 556665.949000000022352, 3034978.65900000045076 ], [ 556665.898999999975786, 3034978.609000000171363 ], [ 556665.599000000045635, 3034978.559000000357628 ], [ 556665.349000000045635, 3034978.359000000171363 ], [ 556665.299, 3034978.359000000171363 ], [ 556665.074000000022352, 3034978.134 ], [ 556665.023999999975786, 3034977.934000000357628 ], [ 556664.974000000045635, 3034977.884 ], [ 556665.023999999975786, 3034977.634 ], [ 556665.123999999952503, 3034977.434000000357628 ], [ 556665.449000000022352, 3034977.109000000171363 ], [ 556665.498999999952503, 3034977.109000000171363 ], [ 556665.599000000045635, 3034977.009 ], [ 556665.849000000045635, 3034976.90900000045076 ], [ 556666.049, 3034976.759 ], [ 556666.398999999975786, 3034976.759 ] ] ] } },
{ "type": "Feature", "properties": { "unit_id": "c00122", "method": "watershed", "label": 122 }, "geometry": { "type": "Polygon", "coordinates": [ [ [ 556635.748999999952503, 3034929.059000000357628 ], [ 556635.949000000022352, 3034929.15900000045076 ], [ 556636.223999999929219, 3034929.434000000357628 ], [ 556636.373999999952503, 3034929.734000000171363 ], [ 556636.549, 3034929.90900000045076 ], [ 556636.648999999975786, 3034929.90900000045076 ], [ 556636.848999999929219, 3034930.009 ], [ 556637.074000000022352, 3034930.28400000045076 ], [ 556637.023999999975786, 3034930.584000000264496 ], [ 556636.773999999975786, 3034930.884 ], [ 556636.773999999975786, 3034930.934000000357628 ], [ 556636.574000000022352, 3034931.134 ], [ 556636.574000000022352, 3034931.184000000357628 ], [ 556636.373999999952503, 3034931.384 ], [ 556636.348999999929219, 3034931.559000000357628 ], [ 556635.998999999952503, 3034931.559000000357628 ], [ 556635.949000000022352, 3034931.509 ], [ 556635.748999999952503, 3034931.509 ], [ 556635.449000000022352, 3034931.309000000357628 ], [ 556635.348999999929219, 3034931.309000000357628 ], [ 556635.299, 3034931.259 ], [ 556634.924, 3034931.234000000171363 ], [ 556634.924, 3034930.78400000045076 ], [ 556634.873999999952503, 3034930.734000000171363 ], [ 556634.873999999952503, 3034930.484000000171363 ], [ 556634.824000000022352, 3034930.434000000357628 ], [ 556634.824000000022352, 3034929.78400000045076 ], [ 556634.873999999952503, 3034929.734000000171363 ], [ 556634.873999999952503, 3034929.634 ], [ 556635.098999999929219, 3034929.359000000171363 ], [ 556635.148999999975786, 3034929.359000000171363 ], [ 556635.348999999929219, 3034929.15900000045076 ], [ 556635.549, 3034929.059000000357628 ], [ 556635.748999999952503, 3034929.059000000357628 ] ] ] } },
{ "type": "Feature", "properties": { "unit_id": "c00123", "method": "watershed", "label": 123 }, "geometry": { "type": "Polygon", "coordinates": [ [ [ 556651.348999999929219, 3034918.65900000045076 ], [ 556651.699000000022352, 3034918.959000000264496 ], [ 556651.748999999952503, 3034918.959000000264496 ], [ 556652.074000000022352, 3034919.28400000045076 ], [ 556652.174, 3034919.484000000171363 ], [ 556652.174, 3034919.584000000264496 ], [ 556652.223999999929219, 3034919.634 ], [ 556652.223999999929219, 3034919.78400000045076 ], [ 556652.174, 3034919.834000000264496 ], [ 556652.123999999952503, 3034920.03400000045076 ], [ 556651.898999999975786, 3034920.259 ], [ 556651.699000000022352, 3034920.359000000171363 ], [ 556651.199000000022352, 3034920.359000000171363 ], [ 556651.049, 3034920.259 ], [ 556650.949000000022352, 3034920.259 ], [ 556650.623999999952503, 3034919.984000000171363 ], [ 556650.574000000022352, 3034919.78400000045076 ], [ 556650.523999999975786, 3034919.734000000171363 ], [ 556650.523999999975786, 3034919.484000000171363 ], [ 556650.623999999952503, 3034919.28400000045076 ], [ 556651.199000000022352, 3034918.709000000264496 ], [ 556651.348999999929219, 3034918.65900000045076 ] ] ] } },
{ "type": "Feature", "properties": { "unit_id": "c00124", "method": "watershed", "label": 124 }, "geometry": { "type": "Polygon", "coordinates": [ [ [ 556665.949000000022352, 3035010.959000000264496 ], [ 556666.248999999952503, 3035011.109000000171363 ], [ 556666.498999999952503, 3035011.15900000045076 ], [ 556666.674, 3035011.28400000045076 ], [ 556666.974000000045635, 3035011.884 ], [ 556666.974000000045635, 3035012.134 ], [ 556666.748999999952503, 3035012.40900000045076 ], [ 556666.599000000045635, 3035012.459000000264496 ], [ 556666.373999999952503, 3035012.634 ], [ 556666.273999999975786, 3035012.834000000264496 ], [ 556666.273999999975786, 3035013.03400000045076 ], [ 556666.324000000022352, 3035013.084000000264496 ], [ 556666.299, 3035013.15900000045076 ], [ 556665.549, 3035013.15900000045076 ], [ 556665.424, 3035012.884 ], [ 556665.224000000045635, 3035012.684000000357628 ], [ 556665.123999999952503, 3035012.484000000171363 ], [ 556664.974000000045635, 3035011.684000000357628 ], [ 556665.023999999975786, 3035011.634 ], [ 556665.023999999975786, 3035011.53400000045076 ], [ 556665.174, 3035011.384 ], [ 556665.174, 3035011.334000000264496 ], [ 556665.498999999952503, 3035011.059000000357628 ], [ 556665.699000000022352, 3035010.959000000264496 ], [ 556665.949000000022352, 3035010.959000000264496 ] ] ] } },
{ "type": "Feature", "properties": { "unit_id": "c00125", "method": "watershed", "label": 125 }, "geometry": { "type": "Polygon", "coordinates": [ [ [ 556636.549, 3034924.15900000045076 ], [ 556636.799, 3034924.359000000171363 ], [ 556636.848999999929219, 3034924.359000000171363 ], [ 556637.273999999975786, 3034924.78400000045076 ], [ 556637.373999999952503, 3034924.984000000171363 ], [ 556637.373999999952503, 3034925.334000000264496 ], [ 556637.223999999929219, 3034925.634 ], [ 556637.074000000022352, 3034925.78400000045076 ], [ 556636.924, 3034926.134 ], [ 556636.473999999929219, 3034926.684000000357628 ], [ 556636.424, 3034926.884 ], [ 556636.223999999929219, 3034927.28400000045076 ], [ 556636.223999999929219, 3034927.434000000357628 ], [ 556636.174, 3034927.484000000171363 ], [ 556636.123999999952503, 3034927.78400000045076 ], [ 556636.023999999975786, 3034927.884 ], [ 556636.023999999975786, 3034927.934000000357628 ], [ 556635.799, 3034928.15900000045076 ], [ 556635.598999999929219, 3034928.259 ], [ 556635.199000000022352, 3034928.259 ], [ 556635.148999999975786, 3034928.209000000264496 ], [ 556635.049, 3034928.209000000264496 ], [ 556634.824000000022352, 3034927.934000000357628 ], [ 556634.824000000022352, 3034927.484000000171363 ], [ 556634.924, 3034927.334000000264496 ], [ 556634.924, 3034927.234000000171363 ], [ 556635.023999999975786, 3034927.03400000045076 ], [ 556635.023999999975786, 3034926.384 ], [ 556634.973999999929219, 3034926.334000000264496 ], [ 556634.973999999929219, 3034926.184000000357628 ], [ 556634.924, 3034926.134 ], [ 556634.924, 3034925.984000000171363 ], [ 556634.873999999952503, 3034925.934000000357628 ], [ 556634.873999999952503, 3034925.734000000171363 ], [ 556634.824000000022352, 3034925.684000000357628 ], [ 556634.824000000022352, 3034925.484000000171363 ], [ 556634.773999999975786, 3034925.434000000357628 ], [ 556634.773999999975786, 3034925.234000000171363 ], [ 556634.824000000022352, 3034925.184000000357628 ], [ 556634.824000000022352, 3034925.084000000264496 ], [ 556634.973999999929219, 3034924.884 ], [ 556634.973999999929219, 3034924.834000000264496 ], [ 556635.123999999952503, 3034924.684000000357628 ], [ 556635.248999999952503, 3034924.359000000171363 ], [ 556635.898999999975786, 3034924.359000000171363 ], [ 556636.148999999975786, 3034924.209000000264496 ], [ 556636.498999999952503, 3034924.209000000264496 ], [ 556636.549, 3034924.15900000045076 ] ] ] } },
{ "type": "Feature", "properties": { "unit_id": "c00126", "method": "watershed", "label": 126 }, "geometry": { "type": "Polygon", "coordinates": [ [ [ 556635.998999999952503, 3035002.259 ], [ 556636.049, 3035002.309000000357628 ], [ 556636.273999999975786, 3035002.334000000264496 ], [ 556636.123999999952503, 3035002.734000000171363 ], [ 556636.174, 3035002.78400000045076 ], [ 556636.174, 3035002.934000000357628 ], [ 556636.324000000022352, 3035003.184000000357628 ], [ 556636.324000000022352, 3035003.28400000045076 ], [ 556636.473999999929219, 3035003.584000000264496 ], [ 556636.473999999929219, 3035004.03400000045076 ], [ 556636.324000000022352, 3035004.334000000264496 ], [ 556636.273999999975786, 3035004.584000000264496 ], [ 556636.174, 3035004.734000000171363 ], [ 556636.174, 3035004.884 ], [ 556636.123999999952503, 3035004.934000000357628 ], [ 556636.123999999952503, 3035005.28400000045076 ], [ 556636.574000000022352, 3035005.684000000357628 ], [ 556636.574000000022352, 3035005.834000000264496 ], [ 556636.623999999952503, 3035005.934000000357628 ], [ 556636.574000000022352, 3035005.984000000171363 ], [ 556636.574000000022352, 3035006.134 ], [ 556636.148999999975786, 3035006.65900000045076 ], [ 556636.098999999929219, 3035006.65900000045076 ], [ 556635.898999999975786, 3035006.809000000357628 ], [ 556635.498999999952503, 3035006.809000000357628 ], [ 556635.398999999975786, 3035006.709000000264496 ], [ 556635.348999999929219, 3035006.709000000264496 ], [ 556635.324000000022352, 3035006.634 ], [ 556635.148999999975786, 3035006.459000000264496 ], [ 556635.098999999929219, 3035006.459000000264496 ], [ 556634.998999999952503, 3035006.359000000171363 ], [ 556634.699000000022352, 3035006.359000000171363 ], [ 556634.648999999975786, 3035006.40900000045076 ], [ 556634.398999999975786, 3035006.459000000264496 ], [ 556634.273999999975786, 3035006.334000000264496 ], [ 556634.223999999929219, 3035006.234000000171363 ], [ 556634.223999999929219, 3035005.984000000171363 ], [ 556634.273999999975786, 3035005.934000000357628 ], [ 556634.273999999975786, 3035005.78400000045076 ], [ 556634.324000000022352, 3035005.734000000171363 ], [ 556634.324000000022352, 3035005.53400000045076 ], [ 556634.373999999952503, 3035005.484000000171363 ], [ 556634.424, 3035004.934000000357628 ], [ 556634.273999999975786, 3035004.634 ], [ 556634.223999999929219, 3035004.434000000357628 ], [ 556634.273999999975786, 3035004.384 ], [ 556634.273999999975786, 3035004.28400000045076 ], [ 556634.373999999952503, 3035004.084000000264496 ], [ 556634.373999999952503, 3035003.584000000264496 ], [ 556634.424, 3035003.53400000045076 ], [ 556634.424, 3035003.434000000357628 ], [ 556634.523999999975786, 3035003.234000000171363 ], [ 556634.848999999929219, 3035002.90900000045076 ], [ 556634.898999999975786, 3035002.90900000045076 ], [ 556634.998999999952503, 3035002.809000000357628 ], [ 556635.549, 3035002.559000000357628 ], [ 556635.674, 3035002.434000000357628 ], [ 556635.748999999952503, 3035002.259 ], [ 556635.998999999952503, 3035002.259 ] ] ] } },
{ "type": "Feature", "properties": { "unit_id": "c00127", "method": "watershed", "label": 127 }, "geometry": { "type": "Polygon", "coordinates": [ [ [ 556613.598999999929219, 3034956.40900000045076 ], [ 556613.623999999952503, 3034956.484000000171363 ], [ 556613.573999999905936, 3034956.53400000045076 ], [ 556613.573999999905936, 3034956.684000000357628 ], [ 556613.523999999975786, 3034956.734000000171363 ], [ 556613.573999999905936, 3034957.28400000045076 ], [ 556613.523999999975786, 3034957.334000000264496 ], [ 556613.473999999929219, 3034957.584000000264496 ], [ 556613.323999999905936, 3034957.834000000264496 ], [ 556613.323999999905936, 3034958.084000000264496 ], [ 556613.373999999952503, 3034958.184000000357628 ], [ 556613.198999999905936, 3034958.359000000171363 ], [ 556612.848999999929219, 3034958.359000000171363 ], [ 556612.799, 3034958.309000000357628 ], [ 556612.648999999975786, 3034958.309000000357628 ], [ 556612.598999999929219, 3034958.259 ], [ 556611.148999999975786, 3034958.259 ], [ 556611.073999999905936, 3034958.184000000357628 ], [ 556611.073999999905936, 3034957.984000000171363 ], [ 556611.023999999975786, 3034957.934000000357628 ], [ 556611.023999999975786, 3034957.78400000045076 ], [ 556610.973999999929219, 3034957.734000000171363 ], [ 556610.973999999929219, 3034957.584000000264496 ], [ 556610.924, 3034957.53400000045076 ], [ 556610.924, 3034957.184000000357628 ], [ 556611.023999999975786, 3034956.984000000171363 ], [ 556611.023999999975786, 3034956.834000000264496 ], [ 556611.073999999905936, 3034956.78400000045076 ], [ 556611.098999999929219, 3034956.459000000264496 ], [ 556612.648999999975786, 3034956.459000000264496 ], [ 556612.698999999905936, 3034956.40900000045076 ], [ 556613.598999999929219, 3034956.40900000045076 ] ] ] } },
{ "type": "Feature", "properties": { "unit_id": "c00128", "method": "watershed", "label": 128 }, "geometry": { "type": "Polygon", "coordinates": [ [ [ 556658.199000000022352, 3035032.15900000045076 ], [ 556658.248999999952503, 3035032.209000000264496 ], [ 556658.398999999975786, 3035032.209000000264496 ], [ 556658.599000000045635, 3035032.309000000357628 ], [ 556658.974000000045635, 3035032.684000000357628 ], [ 556659.074000000022352, 3035032.884000000543892 ], [ 556659.074000000022352, 3035033.03400000045076 ], [ 556659.123999999952503, 3035033.084000000264496 ], [ 556659.074000000022352, 3035033.434000000357628 ], [ 556658.849000000045635, 3035033.709000000264496 ], [ 556658.748999999952503, 3035033.709000000264496 ], [ 556658.549, 3035033.809000000357628 ], [ 556658.398999999975786, 3035033.809000000357628 ], [ 556658.349000000045635, 3035033.859000000171363 ], [ 556657.998999999952503, 3035033.859000000171363 ], [ 556657.949000000022352, 3035033.90900000045076 ], [ 556657.748999999952503, 3035033.90900000045076 ], [ 556657.648999999975786, 3035033.859000000171363 ], [ 556657.424, 3035033.634000000543892 ], [ 556657.324000000022352, 3035033.234000000171363 ], [ 556657.123999999952503, 3035032.884000000543892 ], [ 556657.123999999952503, 3035032.78400000045076 ], [ 556657.174, 3035032.734000000171363 ], [ 556657.174, 3035032.634000000543892 ], [ 556657.498999999952503, 3035032.359000000171363 ], [ 556657.799, 3035032.209000000264496 ], [ 556658.199000000022352, 3035032.15900000045076 ] ] ] } },
{ "type": "Feature", "properties": { "unit_id": "c00129", "method": "watershed", "label": 129 }, "geometry": { "type": "Polygon", "coordinates": [ [ [ 556619.799, 3035021.859000000171363 ], [ 556619.848999999929219, 3035021.90900000045076 ], [ 556620.148999999975786, 3035021.90900000045076 ], [ 556620.198999999905936, 3035021.959000000264496 ], [ 556620.924, 3035021.984000000171363 ], [ 556620.873999999952503, 3035022.084000000264496 ], [ 556620.924, 3035022.134000000543892 ], [ 556620.924, 3035022.28400000045076 ], [ 556621.273999999975786, 3035022.984000000171363 ], [ 556621.273999999975786, 3035023.384000000543892 ], [ 556621.023999999975786, 3035023.834000000264496 ], [ 556620.973999999929219, 3035024.234000000171363 ], [ 556620.148999999975786, 3035024.259000000543892 ], [ 556620.098999999929219, 3035024.209000000264496 ], [ 556619.698999999905936, 3035024.209000000264496 ], [ 556619.648999999975786, 3035024.259000000543892 ], [ 556619.248999999952503, 3035024.259000000543892 ], [ 556619.198999999905936, 3035024.209000000264496 ], [ 556618.498999999952503, 3035024.209000000264496 ], [ 556618.473999999929219, 3035023.984000000171363 ], [ 556618.323999999905936, 3035023.734000000171363 ], [ 556618.273999999975786, 3035023.484000000171363 ], [ 556618.323999999905936, 3035023.434000000357628 ], [ 556618.373999999952503, 3035023.03400000045076 ], [ 556618.523999999975786, 3035022.734000000171363 ], [ 556618.674, 3035022.584000000264496 ], [ 556618.773999999975786, 3035022.384000000543892 ], [ 556618.773999999975786, 3035022.134000000543892 ], [ 556618.723999999929219, 3035022.03400000045076 ], [ 556618.898999999975786, 3035021.90900000045076 ], [ 556619.498999999952503, 3035021.90900000045076 ], [ 556619.549, 3035021.859000000171363 ], [ 556619.799, 3035021.859000000171363 ] ] ] } },
{ "type": "Feature", "properties": { "unit_id": "c00130", "method": "watershed", "label": 130 }, "geometry": { "type": "Polygon", "coordinates": [ [ [ 556612.049, 3035004.259 ], [ 556612.698999999905936, 3035004.609000000171363 ], [ 556612.948999999905936, 3035004.609000000171363 ], [ 556612.998999999952503, 3035004.65900000045076 ], [ 556613.498999999952503, 3035004.65900000045076 ], [ 556613.523999999975786, 3035004.684000000357628 ], [ 556613.473999999929219, 3035004.734000000171363 ], [ 556613.473999999929219, 3035004.884 ], [ 556613.773999999975786, 3035005.334000000264496 ], [ 556613.773999999975786, 3035005.734000000171363 ], [ 556613.723999999929219, 3035005.78400000045076 ], [ 556613.723999999929219, 3035005.984000000171363 ], [ 556613.773999999975786, 3035006.03400000045076 ], [ 556613.773999999975786, 3035006.434000000357628 ], [ 556613.723999999929219, 3035006.53400000045076 ], [ 556613.198999999905936, 3035007.109000000171363 ], [ 556612.998999999952503, 3035007.15900000045076 ], [ 556612.948999999905936, 3035007.209000000264496 ], [ 556612.848999999929219, 3035007.209000000264496 ], [ 556612.623999999952503, 3035007.384 ], [ 556612.674, 3035007.584000000264496 ], [ 556612.948999999905936, 3035007.809000000357628 ], [ 556612.998999999952503, 3035007.809000000357628 ], [ 556613.123999999952503, 3035007.984000000171363 ], [ 556613.273999999975786, 3035008.28400000045076 ], [ 556613.273999999975786, 3035008.634 ], [ 556613.148999999975786, 3035008.809000000357628 ], [ 556612.948999999905936, 3035008.959000000264496 ], [ 556612.748999999952503, 3035009.009 ], [ 556612.698999999905936, 3035009.059000000357628 ], [ 556612.598999999929219, 3035009.059000000357628 ], [ 556612.549, 3035009.109000000171363 ], [ 556612.299, 3035009.109000000171363 ], [ 556612.248999999952503, 3035009.059000000357628 ], [ 556612.148999999975786, 3035009.059000000357628 ], [ 556612.049, 3035008.959000000264496 ], [ 556611.998999999952503, 3035008.959000000264496 ], [ 556611.623999999952503, 3035008.584000000264496 ], [ 556611.523999999975786, 3035008.384 ], [ 556611.523999999975786, 3035007.984000000171363 ], [ 556611.773999999975786, 3035007.53400000045076 ], [ 556611.773999999975786, 3035007.184000000357628 ], [ 556611.498999999952503, 3035006.859000000171363 ], [ 556611.448999999905936, 3035006.859000000171363 ], [ 556611.174, 3035006.584000000264496 ], [ 556611.174, 3035006.53400000045076 ], [ 556611.023999999975786, 3035006.384 ], [ 556611.023999999975786, 3035006.334000000264496 ], [ 556610.873999999952503, 3035006.134 ], [ 556610.873999999952503, 3035005.684000000357628 ], [ 556611.023999999975786, 3035005.384 ], [ 556611.023999999975786, 3035004.28400000045076 ], [ 556612.049, 3035004.259 ] ] ] } },
{ "type": "Feature", "properties": { "unit_id": "c00131", "method": "watershed", "label": 131 }, "geometry": { "type": "Polygon", "coordinates": [ [ [ 556651.098999999929219, 3034961.559000000357628 ], [ 556651.148999999975786, 3034961.609000000171363 ], [ 556651.398999999975786, 3034961.609000000171363 ], [ 556651.598999999929219, 3034961.709000000264496 ], [ 556651.723999999929219, 3034961.834000000264496 ], [ 556651.873999999952503, 3034962.134 ], [ 556651.873999999952503, 3034962.484000000171363 ], [ 556651.773999999975786, 3034962.684000000357628 ], [ 556651.498999999952503, 3034962.959000000264496 ], [ 556651.398999999975786, 3034963.009 ], [ 556651.049, 3034963.009 ], [ 556650.949000000022352, 3034962.959000000264496 ], [ 556650.574000000022352, 3034962.53400000045076 ], [ 556650.523999999975786, 3034962.434000000357628 ], [ 556650.523999999975786, 3034962.28400000045076 ], [ 556650.473999999929219, 3034962.234000000171363 ], [ 556650.473999999929219, 3034961.734000000171363 ], [ 556650.699000000022352, 3034961.559000000357628 ], [ 556651.098999999929219, 3034961.559000000357628 ] ] ] } },
{ "type": "Feature", "properties": { "unit_id": "c00132", "method": "watershed", "label": 132 }, "geometry": { "type": "Polygon", "coordinates": [ [ [ 556627.998999999952503, 3034919.459000000264496 ], [ 556628.098999999929219, 3034919.509 ], [ 556628.348999999929219, 3034919.759 ], [ 556628.648999999975786, 3034919.90900000045076 ], [ 556628.799, 3034920.059000000357628 ], [ 556628.848999999929219, 3034920.059000000357628 ], [ 556629.174, 3034920.384 ], [ 556629.223999999929219, 3034920.634 ], [ 556629.174, 3034920.684000000357628 ], [ 556629.123999999952503, 3034921.084000000264496 ], [ 556628.973999999929219, 3034921.384 ], [ 556628.873999999952503, 3034921.484000000171363 ], [ 556628.799, 3034921.859000000171363 ], [ 556627.049, 3034921.859000000171363 ], [ 556627.023999999975786, 3034921.684000000357628 ], [ 556626.973999999929219, 3034921.634 ], [ 556626.973999999929219, 3034921.484000000171363 ], [ 556626.924, 3034921.434000000357628 ], [ 556626.924, 3034921.28400000045076 ], [ 556626.873999999952503, 3034921.234000000171363 ], [ 556626.873999999952503, 3034920.834000000264496 ], [ 556626.924, 3034920.78400000045076 ], [ 556626.973999999929219, 3034920.384 ], [ 556627.074000000022352, 3034920.184000000357628 ], [ 556627.699000000022352, 3034919.509 ], [ 556627.799, 3034919.459000000264496 ], [ 556627.998999999952503, 3034919.459000000264496 ] ] ] } },
{ "type": "Feature", "properties": { "unit_id": "c00133", "method": "watershed", "label": 133 }, "geometry": { "type": "Polygon", "coordinates": [ [ [ 556651.449000000022352, 3034948.559000000357628 ], [ 556651.648999999975786, 3034948.65900000045076 ], [ 556651.924, 3034948.934000000357628 ], [ 556651.973999999929219, 3034949.134 ], [ 556652.023999999975786, 3034949.184000000357628 ], [ 556652.023999999975786, 3034949.334000000264496 ], [ 556652.074000000022352, 3034949.384 ], [ 556652.123999999952503, 3034949.834000000264496 ], [ 556651.949000000022352, 3034950.109000000171363 ], [ 556651.898999999975786, 3034950.109000000171363 ], [ 556651.699000000022352, 3034950.259 ], [ 556651.549, 3034950.259 ], [ 556651.498999999952503, 3034950.309000000357628 ], [ 556651.299, 3034950.309000000357628 ], [ 556651.248999999952503, 3034950.259 ], [ 556651.049, 3034950.259 ], [ 556650.998999999952503, 3034950.209000000264496 ], [ 556650.699000000022352, 3034950.15900000045076 ], [ 556650.373999999952503, 3034949.884 ], [ 556650.174, 3034949.484000000171363 ], [ 556650.174, 3034949.384 ], [ 556650.123999999952503, 3034949.334000000264496 ], [ 556650.123999999952503, 3034949.134 ], [ 556650.174, 3034949.084000000264496 ], [ 556650.174, 3034948.984000000171363 ], [ 556650.398999999975786, 3034948.759 ], [ 556650.598999999929219, 3034948.65900000045076 ], [ 556650.748999999952503, 3034948.65900000045076 ], [ 556650.949000000022352, 3034948.559000000357628 ], [ 556651.449000000022352, 3034948.559000000357628 ] ] ] } },
{ "type": "Feature", "properties": { "unit_id": "c00134", "method": "watershed", "label": 134 }, "geometry": { "type": "Polygon", "coordinates": [ [ [ 556635.199000000022352, 3034971.809000000357628 ], [ 556635.248999999952503, 3034971.859000000171363 ], [ 556635.398999999975786, 3034971.859000000171363 ], [ 556635.574000000022352, 3034971.984000000171363 ], [ 556635.574000000022352, 3034972.28400000045076 ], [ 556635.523999999975786, 3034972.334000000264496 ], [ 556635.523999999975786, 3034972.53400000045076 ], [ 556635.473999999929219, 3034972.584000000264496 ], [ 556635.523999999975786, 3034972.78400000045076 ], [ 556635.648999999975786, 3034972.90900000045076 ], [ 556636.148999999975786, 3034973.15900000045076 ], [ 556636.473999999929219, 3034973.53400000045076 ], [ 556636.523999999975786, 3034973.734000000171363 ], [ 556636.674, 3034974.03400000045076 ], [ 556636.674, 3034974.134 ], [ 556636.723999999929219, 3034974.184000000357628 ], [ 556636.723999999929219, 3034974.484000000171363 ], [ 556636.773999999975786, 3034974.53400000045076 ], [ 556636.723999999929219, 3034974.584000000264496 ], [ 556636.723999999929219, 3034974.834000000264496 ], [ 556636.623999999952503, 3034975.03400000045076 ], [ 556635.824000000022352, 3034975.884 ], [ 556635.773999999975786, 3034975.984000000171363 ], [ 556635.773999999975786, 3034976.134 ], [ 556635.973999999929219, 3034976.484000000171363 ], [ 556635.973999999929219, 3034976.634 ], [ 556636.023999999975786, 3034976.684000000357628 ], [ 556636.023999999975786, 3034977.03400000045076 ], [ 556635.848999999929219, 3034977.259 ], [ 556635.748999999952503, 3034977.309000000357628 ], [ 556635.398999999975786, 3034977.309000000357628 ], [ 556635.223999999929219, 3034977.184000000357628 ], [ 556635.123999999952503, 3034976.984000000171363 ], [ 556635.123999999952503, 3034976.884 ], [ 556635.023999999975786, 3034976.734000000171363 ], [ 556635.023999999975786, 3034976.634 ], [ 556634.824000000022352, 3034976.28400000045076 ], [ 556634.824000000022352, 3034975.734000000171363 ], [ 556634.773999999975786, 3034975.634 ], [ 556634.598999999929219, 3034975.509 ], [ 556634.348999999929219, 3034975.509 ], [ 556634.299, 3034975.459000000264496 ], [ 556634.199000000022352, 3034975.459000000264496 ], [ 556633.998999999952503, 3034975.359000000171363 ], [ 556633.674, 3034975.03400000045076 ], [ 556633.574000000022352, 3034974.834000000264496 ], [ 556633.574000000022352, 3034974.734000000171363 ], [ 556633.523999999975786, 3034974.684000000357628 ], [ 556633.523999999975786, 3034974.28400000045076 ], [ 556633.773999999975786, 3034973.78400000045076 ], [ 556634.074000000022352, 3034973.434000000357628 ], [ 556634.074000000022352, 3034973.384 ], [ 556634.773999999975786, 3034972.734000000171363 ], [ 556634.773999999975786, 3034972.484000000171363 ], [ 556634.674, 3034972.28400000045076 ], [ 556634.674, 3034972.134 ], [ 556634.623999999952503, 3034972.084000000264496 ], [ 556634.623999999952503, 3034971.834000000264496 ], [ 556635.199000000022352, 3034971.809000000357628 ] ] ] } },
{ "type": "Feature", "properties": { "unit_id": "c00135", "method": "watershed", "label": 135 }, "geometry": { "type": "Polygon", "coordinates": [ [ [ 556665.998999999952503, 3035036.559000000357628 ], [ 556666.049, 3035036.609000000171363 ], [ 556666.523999999975786, 3035036.634000000543892 ], [ 556666.523999999975786, 3035036.734000000171363 ], [ 556666.623999999952503, 3035036.884000000543892 ], [ 556666.724000000045635, 3035037.28400000045076 ], [ 556666.824000000022352, 3035037.484000000171363 ], [ 556666.824000000022352, 3035037.834000000264496 ], [ 556666.773999999975786, 3035037.884000000543892 ], [ 556666.773999999975786, 3035037.984000000171363 ], [ 556666.623999999952503, 3035038.28400000045076 ], [ 556666.349000000045635, 3035038.559000000357628 ], [ 556665.699000000022352, 3035038.859000000171363 ], [ 556665.299, 3035038.859000000171363 ], [ 556665.248999999952503, 3035038.809000000357628 ], [ 556665.148999999975786, 3035038.809000000357628 ], [ 556664.974000000045635, 3035038.684000000357628 ], [ 556664.773999999975786, 3035038.434000000357628 ], [ 556664.724000000045635, 3035038.134000000543892 ], [ 556664.523999999975786, 3035037.78400000045076 ], [ 556664.523999999975786, 3035037.484000000171363 ], [ 556664.574000000022352, 3035037.384000000543892 ], [ 556665.099000000045635, 3035036.859000000171363 ], [ 556665.299, 3035036.759000000543892 ], [ 556665.498999999952503, 3035036.559000000357628 ], [ 556665.998999999952503, 3035036.559000000357628 ] ] ] } },
{ "type": "Feature", "properties": { "unit_id": "c00136", "method": "watershed", "label": 136 }, "geometry": { "type": "Polygon", "coordinates": [ [ [ 556635.199000000022352, 3035007.109000000171363 ], [ 556635.248999999952503, 3035007.15900000045076 ], [ 556635.348999999929219, 3035007.15900000045076 ], [ 556635.799, 3035007.709000000264496 ], [ 556635.848999999929219, 3035007.709000000264496 ], [ 556636.174, 3035007.984000000171363 ], [ 556636.273999999975786, 3035008.184000000357628 ], [ 556636.273999999975786, 3035008.53400000045076 ], [ 556636.324000000022352, 3035008.584000000264496 ], [ 556636.324000000022352, 3035008.734000000171363 ], [ 556636.273999999975786, 3035008.78400000045076 ], [ 556636.273999999975786, 3035008.884 ], [ 556636.148999999975786, 3035009.009 ], [ 556635.949000000022352, 3035009.059000000357628 ], [ 556635.898999999975786, 3035009.109000000171363 ], [ 556635.748999999952503, 3035009.109000000171363 ], [ 556635.348999999929219, 3035009.359000000171363 ], [ 556635.248999999952503, 3035009.359000000171363 ], [ 556634.949000000022352, 3035009.509 ], [ 556634.799, 3035009.65900000045076 ], [ 556634.348999999929219, 3035009.65900000045076 ], [ 556634.324000000022352, 3035009.484000000171363 ], [ 556634.223999999929219, 3035009.28400000045076 ], [ 556634.223999999929219, 3035009.184000000357628 ], [ 556634.023999999975786, 3035008.78400000045076 ], [ 556634.023999999975786, 3035008.334000000264496 ], [ 556634.273999999975786, 3035007.834000000264496 ], [ 556634.848999999929219, 3035007.259 ], [ 556635.049, 3035007.15900000045076 ], [ 556635.148999999975786, 3035007.15900000045076 ], [ 556635.199000000022352, 3035007.109000000171363 ] ] ] } },
{ "type": "Feature", "properties": { "unit_id": "c00137", "method": "watershed", "label": 137 }, "geometry": { "type": "Polygon", "coordinates": [ [ [ 556658.949000000022352, 3034935.959000000264496 ], [ 556659.148999999975786, 3034936.059000000357628 ], [ 556659.549, 3034936.109000000171363 ], [ 556659.824000000022352, 3034936.334000000264496 ], [ 556659.873999999952503, 3034936.434000000357628 ], [ 556659.873999999952503, 3034936.584000000264496 ], [ 556659.924, 3034936.634 ], [ 556659.924, 3034937.334000000264496 ], [ 556659.873999999952503, 3034937.384 ], [ 556659.873999999952503, 3034937.53400000045076 ], [ 556659.824000000022352, 3034937.584000000264496 ], [ 556659.773999999975786, 3034937.78400000045076 ], [ 556659.424, 3034938.184000000357628 ], [ 556659.424, 3034938.484000000171363 ], [ 556659.523999999975786, 3034938.684000000357628 ], [ 556659.523999999975786, 3034939.084000000264496 ], [ 556659.474000000045635, 3034939.184000000357628 ], [ 556659.248999999952503, 3034939.40900000045076 ], [ 556658.748999999952503, 3034939.65900000045076 ], [ 556658.599000000045635, 3034939.65900000045076 ], [ 556658.498999999952503, 3034939.709000000264496 ], [ 556658.449000000022352, 3034939.65900000045076 ], [ 556658.299, 3034939.65900000045076 ], [ 556658.099000000045635, 3034939.509 ], [ 556658.049, 3034939.509 ], [ 556657.924, 3034939.28400000045076 ], [ 556657.924, 3034938.984000000171363 ], [ 556658.023999999975786, 3034938.78400000045076 ], [ 556658.373999999952503, 3034938.434000000357628 ], [ 556658.424, 3034938.334000000264496 ], [ 556658.424, 3034938.184000000357628 ], [ 556658.199000000022352, 3034937.959000000264496 ], [ 556657.998999999952503, 3034937.859000000171363 ], [ 556657.724000000045635, 3034937.584000000264496 ], [ 556657.724000000045635, 3034937.484000000171363 ], [ 556657.674, 3034937.434000000357628 ], [ 556657.674, 3034936.934000000357628 ], [ 556657.773999999975786, 3034936.734000000171363 ], [ 556658.224000000045635, 3034936.28400000045076 ], [ 556658.224000000045635, 3034936.234000000171363 ], [ 556658.299, 3034936.209000000264496 ], [ 556658.498999999952503, 3034936.009 ], [ 556658.599000000045635, 3034935.959000000264496 ], [ 556658.949000000022352, 3034935.959000000264496 ] ] ] } },
{ "type": "Feature", "properties": { "unit_id": "c00138", "method": "watershed", "label": 138 }, "geometry": { "type": "Polygon", "coordinates": [ [ [ 556634.848999999929219, 3035032.209000000264496 ], [ 556634.898999999975786, 3035032.259000000543892 ], [ 556634.998999999952503, 3035032.259000000543892 ], [ 556635.098999999929219, 3035032.359000000171363 ], [ 556635.299, 3035032.459000000264496 ], [ 556635.398999999975786, 3035032.459000000264496 ], [ 556635.449000000022352, 3035032.509000000543892 ], [ 556635.648999999975786, 3035032.559000000357628 ], [ 556635.773999999975786, 3035032.684000000357628 ], [ 556635.824000000022352, 3035032.834000000264496 ], [ 556636.123999999952503, 3035033.084000000264496 ], [ 556636.123999999952503, 3035033.53400000045076 ], [ 556636.174, 3035033.584000000264496 ], [ 556636.174, 3035033.78400000045076 ], [ 556636.123999999952503, 3035033.834000000264496 ], [ 556636.123999999952503, 3035033.934000000357628 ], [ 556636.023999999975786, 3035034.134000000543892 ], [ 556635.873999999952503, 3035034.334000000264496 ], [ 556635.873999999952503, 3035034.734000000171363 ], [ 556635.973999999929219, 3035034.934000000357628 ], [ 556636.324000000022352, 3035035.28400000045076 ], [ 556636.523999999975786, 3035035.684000000357628 ], [ 556636.523999999975786, 3035035.984000000171363 ], [ 556636.473999999929219, 3035036.03400000045076 ], [ 556636.473999999929219, 3035036.334000000264496 ], [ 556636.424, 3035036.434000000357628 ], [ 556636.348999999929219, 3035036.509000000543892 ], [ 556636.148999999975786, 3035036.609000000171363 ], [ 556636.049, 3035036.609000000171363 ], [ 556635.799, 3035036.759000000543892 ], [ 556635.598999999929219, 3035036.759000000543892 ], [ 556635.199000000022352, 3035036.309000000357628 ], [ 556634.098999999929219, 3035036.309000000357628 ], [ 556634.074000000022352, 3035036.184000000357628 ], [ 556634.023999999975786, 3035036.134000000543892 ], [ 556634.023999999975786, 3035035.934000000357628 ], [ 556633.973999999929219, 3035035.884000000543892 ], [ 556633.973999999929219, 3035035.78400000045076 ], [ 556633.873999999952503, 3035035.634000000543892 ], [ 556633.873999999952503, 3035035.53400000045076 ], [ 556633.773999999975786, 3035035.334000000264496 ], [ 556633.773999999975786, 3035035.084000000264496 ], [ 556633.824000000022352, 3035035.03400000045076 ], [ 556633.824000000022352, 3035034.884000000543892 ], [ 556634.023999999975786, 3035034.484000000171363 ], [ 556634.023999999975786, 3035034.334000000264496 ], [ 556634.074000000022352, 3035034.28400000045076 ], [ 556634.074000000022352, 3035033.984000000171363 ], [ 556634.023999999975786, 3035033.934000000357628 ], [ 556633.973999999929219, 3035033.584000000264496 ], [ 556633.924, 3035033.53400000045076 ], [ 556633.873999999952503, 3035033.234000000171363 ], [ 556633.824000000022352, 3035033.184000000357628 ], [ 556633.824000000022352, 3035032.884000000543892 ], [ 556633.924, 3035032.684000000357628 ], [ 556634.074000000022352, 3035032.53400000045076 ], [ 556634.074000000022352, 3035032.484000000171363 ], [ 556634.299, 3035032.309000000357628 ], [ 556634.498999999952503, 3035032.259000000543892 ], [ 556634.549, 3035032.209000000264496 ], [ 556634.848999999929219, 3035032.209000000264496 ] ] ] } },
{ "type": "Feature", "properties": { "unit_id": "c00139", "method": "watershed", "label": 139 }, "geometry": { "type": "Polygon", "coordinates": [ [ [ 556651.498999999952503, 3034955.109000000171363 ], [ 556651.549, 3034955.15900000045076 ], [ 556651.748999999952503, 3034955.209000000264496 ], [ 556651.898999999975786, 3034955.359000000171363 ], [ 556651.949000000022352, 3034955.359000000171363 ], [ 556652.324000000022352, 3034955.734000000171363 ], [ 556652.373999999952503, 3034955.834000000264496 ], [ 556652.373999999952503, 3034956.03400000045076 ], [ 556652.324000000022352, 3034956.084000000264496 ], [ 556652.324000000022352, 3034956.184000000357628 ], [ 556652.123999999952503, 3034956.584000000264496 ], [ 556651.998999999952503, 3034956.709000000264496 ], [ 556651.699000000022352, 3034956.859000000171363 ], [ 556651.049, 3034956.859000000171363 ], [ 556650.998999999952503, 3034956.809000000357628 ], [ 556650.848999999929219, 3034956.809000000357628 ], [ 556650.498999999952503, 3034956.609000000171363 ], [ 556650.273999999975786, 3034956.334000000264496 ], [ 556650.273999999975786, 3034956.234000000171363 ], [ 556650.174, 3034956.03400000045076 ], [ 556650.174, 3034955.834000000264496 ], [ 556650.398999999975786, 3034955.509 ], [ 556650.449000000022352, 3034955.509 ], [ 556650.748999999952503, 3034955.259 ], [ 556651.049, 3034955.109000000171363 ], [ 556651.498999999952503, 3034955.109000000171363 ] ] ] } },
{ "type": "Feature", "properties": { "unit_id": "c00140", "method": "watershed", "label": 140 }, "geometry": { "type": "Polygon", "coordinates": [ [ [ 556650.199000000022352, 3035027.609000000171363 ], [ 556650.248999999952503, 3035027.65900000045076 ], [ 556650.549, 3035027.65900000045076 ], [ 556650.699000000022352, 3035027.759000000543892 ], [ 556650.799, 3035027.759000000543892 ], [ 556651.098999999929219, 3035027.90900000045076 ], [ 556651.223999999929219, 3035028.134000000543892 ], [ 556651.223999999929219, 3035028.584000000264496 ], [ 556651.174, 3035028.634000000543892 ], [ 556651.174, 3035028.78400000045076 ], [ 556651.123999999952503, 3035028.884000000543892 ], [ 556650.623999999952503, 3035029.384000000543892 ], [ 556650.598999999929219, 3035029.509000000543892 ], [ 556650.098999999929219, 3035029.509000000543892 ], [ 556649.924, 3035029.28400000045076 ], [ 556649.873999999952503, 3035029.134000000543892 ], [ 556649.773999999975786, 3035029.03400000045076 ], [ 556649.723999999929219, 3035028.884000000543892 ], [ 556649.623999999952503, 3035028.78400000045076 ], [ 556649.574000000022352, 3035028.584000000264496 ], [ 556649.523999999975786, 3035028.53400000045076 ], [ 556649.574000000022352, 3035028.484000000171363 ], [ 556649.574000000022352, 3035028.384000000543892 ], [ 556649.623999999952503, 3035028.334000000264496 ], [ 556649.623999999952503, 3035028.234000000171363 ], [ 556649.723999999929219, 3035028.03400000045076 ], [ 556649.723999999929219, 3035027.834000000264496 ], [ 556649.998999999952503, 3035027.609000000171363 ], [ 556650.199000000022352, 3035027.609000000171363 ] ] ] } },
{ "type": "Feature", "properties": { "unit_id": "c00141", "method": "watershed", "label": 141 }, "geometry": { "type": "Polygon", "coordinates": [ [ [ 556613.898999999975786, 3034969.15900000045076 ], [ 556613.948999999905936, 3034969.209000000264496 ], [ 556614.049, 3034969.209000000264496 ], [ 556614.174, 3034969.334000000264496 ], [ 556614.223999999929219, 3034969.53400000045076 ], [ 556614.273999999975786, 3034969.584000000264496 ], [ 556614.273999999975786, 3034969.684000000357628 ], [ 556614.223999999929219, 3034969.734000000171363 ], [ 556614.174, 3034969.934000000357628 ], [ 556613.998999999952503, 3034970.059000000357628 ], [ 556613.848999999929219, 3034970.109000000171363 ], [ 556613.723999999929219, 3034970.28400000045076 ], [ 556613.723999999929219, 3034970.634 ], [ 556613.773999999975786, 3034970.734000000171363 ], [ 556614.123999999952503, 3034971.084000000264496 ], [ 556614.123999999952503, 3034971.384 ], [ 556614.073999999905936, 3034971.434000000357628 ], [ 556614.073999999905936, 3034971.53400000045076 ], [ 556614.023999999975786, 3034971.584000000264496 ], [ 556614.023999999975786, 3034971.684000000357628 ], [ 556613.924, 3034971.884 ], [ 556613.473999999929219, 3034972.28400000045076 ], [ 556613.424, 3034972.384 ], [ 556613.473999999929219, 3034972.434000000357628 ], [ 556612.549, 3034972.459000000264496 ], [ 556612.498999999952503, 3034972.40900000045076 ], [ 556611.098999999929219, 3034972.40900000045076 ], [ 556611.073999999905936, 3034972.28400000045076 ], [ 556611.123999999952503, 3034972.234000000171363 ], [ 556611.123999999952503, 3034972.134 ], [ 556611.174, 3034972.084000000264496 ], [ 556611.174, 3034971.884 ], [ 556611.223999999929219, 3034971.834000000264496 ], [ 556611.223999999929219, 3034971.03400000045076 ], [ 556611.323999999905936, 3034970.834000000264496 ], [ 556611.323999999905936, 3034970.634 ], [ 556611.373999999952503, 3034970.584000000264496 ], [ 556611.373999999952503, 3034970.334000000264496 ], [ 556611.323999999905936, 3034970.28400000045076 ], [ 556611.323999999905936, 3034970.134 ], [ 556611.223999999929219, 3034969.984000000171363 ], [ 556611.549, 3034969.959000000264496 ], [ 556611.648999999975786, 3034969.90900000045076 ], [ 556611.898999999975786, 3034969.65900000045076 ], [ 556612.248999999952503, 3034969.65900000045076 ], [ 556612.398999999975786, 3034969.559000000357628 ], [ 556612.898999999975786, 3034969.559000000357628 ], [ 556612.948999999905936, 3034969.509 ], [ 556613.198999999905936, 3034969.509 ], [ 556613.598999999929219, 3034969.209000000264496 ], [ 556613.648999999975786, 3034969.259 ], [ 556613.698999999905936, 3034969.209000000264496 ], [ 556613.848999999929219, 3034969.209000000264496 ], [ 556613.898999999975786, 3034969.15900000045076 ] ] ] } },
{ "type": "Feature", "properties": { "unit_id": "c00142", "method": "watershed", "label": 142 }, "geometry": { "type": "Polygon", "coordinates": [ [ [ 556636.748999999952503, 3034919.40900000045076 ], [ 556636.773999999975786, 3034919.53400000045076 ], [ 556636.873999999952503, 3034919.684000000357628 ], [ 556636.873999999952503, 3034919.834000000264496 ], [ 556636.924, 3034919.884 ], [ 556636.924, 3034920.134 ], [ 556636.973999999929219, 3034920.184000000357628 ], [ 556636.973999999929219, 3034920.834000000264496 ], [ 556636.873999999952503, 3034920.984000000171363 ], [ 556636.873999999952503, 3034921.084000000264496 ], [ 556636.824000000022352, 3034921.134 ], [ 556636.824000000022352, 3034921.234000000171363 ], [ 556636.773999999975786, 3034921.28400000045076 ], [ 556636.723999999929219, 3034921.484000000171363 ], [ 556636.498999999952503, 3034921.65900000045076 ], [ 556636.449000000022352, 3034921.65900000045076 ], [ 556636.348999999929219, 3034921.809000000357628 ], [ 556635.949000000022352, 3034921.809000000357628 ], [ 556635.898999999975786, 3034921.859000000171363 ], [ 556635.248999999952503, 3034921.859000000171363 ], [ 556635.223999999929219, 3034921.684000000357628 ], [ 556635.023999999975786, 3034921.334000000264496 ], [ 556635.023999999975786, 3034921.184000000357628 ], [ 556634.973999999929219, 3034921.134 ], [ 556634.973999999929219, 3034920.834000000264496 ], [ 556635.023999999975786, 3034920.78400000045076 ], [ 556635.023999999975786, 3034920.53400000045076 ], [ 556635.074000000022352, 3034920.484000000171363 ], [ 556635.074000000022352, 3034920.334000000264496 ], [ 556635.174, 3034920.134 ], [ 556635.174, 3034920.03400000045076 ], [ 556635.223999999929219, 3034919.984000000171363 ], [ 556635.223999999929219, 3034919.884 ], [ 556635.273999999975786, 3034919.834000000264496 ], [ 556635.273999999975786, 3034919.53400000045076 ], [ 556635.898999999975786, 3034919.509 ], [ 556635.949000000022352, 3034919.459000000264496 ], [ 556636.148999999975786, 3034919.459000000264496 ], [ 556636.199000000022352, 3034919.40900000045076 ], [ 556636.748999999952503, 3034919.40900000045076 ] ] ] } },
{ "type": "Feature", "properties": { "unit_id": "c00143", "method": "watershed", "label": 143 }, "geometry": { "type": "Polygon", "coordinates": [ [ [ 556627.998999999952503, 3034881.359000000171363 ], [ 556628.049, 3034881.409 ], [ 556628.248999999952503, 3034881.459000000264496 ], [ 556628.723999999929219, 3034881.884 ], [ 556628.773999999975786, 3034882.084000000264496 ], [ 556628.824000000022352, 3034882.134 ], [ 556628.824000000022352, 3034882.234000000171363 ], [ 556628.973999999929219, 3034882.484000000171363 ], [ 556628.973999999929219, 3034883.084000000264496 ], [ 556628.723999999929219, 3034883.584000000264496 ], [ 556628.723999999929219, 3034884.134 ], [ 556628.674, 3034884.184000000357628 ], [ 556628.674, 3034884.284 ], [ 556628.449000000022352, 3034884.509 ], [ 556628.248999999952503, 3034884.609000000171363 ], [ 556627.898999999975786, 3034884.959000000264496 ], [ 556627.799, 3034884.959000000264496 ], [ 556627.674, 3034884.784 ], [ 556627.674, 3034884.684000000357628 ], [ 556627.574000000022352, 3034884.484000000171363 ], [ 556627.223999999929219, 3034884.134 ], [ 556627.023999999975786, 3034883.784 ], [ 556626.973999999929219, 3034883.584000000264496 ], [ 556626.623999999952503, 3034883.134 ], [ 556626.574000000022352, 3034882.934000000357628 ], [ 556626.523999999975786, 3034882.884 ], [ 556626.523999999975786, 3034882.484000000171363 ], [ 556626.574000000022352, 3034882.434000000357628 ], [ 556626.674, 3034882.034 ], [ 556626.824000000022352, 3034881.734000000171363 ], [ 556626.949000000022352, 3034881.609000000171363 ], [ 556626.998999999952503, 3034881.609000000171363 ], [ 556627.098999999929219, 3034881.509 ], [ 556627.348999999929219, 3034881.459000000264496 ], [ 556627.398999999975786, 3034881.409 ], [ 556627.549, 3034881.409 ], [ 556627.598999999929219, 3034881.359000000171363 ], [ 556627.998999999952503, 3034881.359000000171363 ] ] ] } },
{ "type": "Feature", "properties": { "unit_id": "c00144", "method": "watershed", "label": 144 }, "geometry": { "type": "Polygon", "coordinates": [ [ [ 556650.848999999929219, 3034963.459000000264496 ], [ 556651.049, 3034963.559000000357628 ], [ 556651.148999999975786, 3034963.65900000045076 ], [ 556651.498999999952503, 3034963.809000000357628 ], [ 556651.773999999975786, 3034964.084000000264496 ], [ 556651.824000000022352, 3034964.28400000045076 ], [ 556651.873999999952503, 3034964.334000000264496 ], [ 556651.873999999952503, 3034964.684000000357628 ], [ 556651.824000000022352, 3034964.734000000171363 ], [ 556651.773999999975786, 3034964.934000000357628 ], [ 556651.549, 3034965.15900000045076 ], [ 556651.348999999929219, 3034965.259 ], [ 556650.949000000022352, 3034965.259 ], [ 556650.898999999975786, 3034965.209000000264496 ], [ 556650.799, 3034965.209000000264496 ], [ 556650.498999999952503, 3034965.059000000357628 ], [ 556650.123999999952503, 3034964.684000000357628 ], [ 556650.123999999952503, 3034964.584000000264496 ], [ 556650.074000000022352, 3034964.53400000045076 ], [ 556650.123999999952503, 3034964.234000000171363 ], [ 556650.324000000022352, 3034963.834000000264496 ], [ 556650.424, 3034963.734000000171363 ], [ 556650.473999999929219, 3034963.584000000264496 ], [ 556650.598999999929219, 3034963.459000000264496 ], [ 556650.848999999929219, 3034963.459000000264496 ] ] ] } },
{ "type": "Feature", "properties": { "unit_id": "c00145", "method": "watershed", "label": 145 }, "geometry": { "type": "Polygon", "coordinates": [ [ [ 556658.949000000022352, 3034948.90900000045076 ], [ 556658.998999999952503, 3034948.959000000264496 ], [ 556659.248999999952503, 3034949.009 ], [ 556659.574000000022352, 3034949.28400000045076 ], [ 556659.674, 3034949.484000000171363 ], [ 556659.724000000045635, 3034949.884 ], [ 556659.674, 3034949.934000000357628 ], [ 556659.623999999952503, 3034950.134 ], [ 556659.299, 3034950.459000000264496 ], [ 556658.998999999952503, 3034950.609000000171363 ], [ 556658.898999999975786, 3034950.609000000171363 ], [ 556658.849000000045635, 3034950.65900000045076 ], [ 556658.498999999952503, 3034950.65900000045076 ], [ 556658.449000000022352, 3034950.609000000171363 ], [ 556658.248999999952503, 3034950.559000000357628 ], [ 556657.974000000045635, 3034950.28400000045076 ], [ 556657.924, 3034950.184000000357628 ], [ 556657.924, 3034949.884 ], [ 556657.974000000045635, 3034949.834000000264496 ], [ 556657.974000000045635, 3034949.684000000357628 ], [ 556658.074000000022352, 3034949.484000000171363 ], [ 556658.498999999952503, 3034949.059000000357628 ], [ 556658.549, 3034949.059000000357628 ], [ 556658.648999999975786, 3034948.959000000264496 ], [ 556658.949000000022352, 3034948.90900000045076 ] ] ] } },
{ "type": "Feature", "properties": { "unit_id": "c00146", "method": "watershed", "label": 146 }, "geometry": { "type": "Polygon", "coordinates": [ [ [ 556620.148999999975786, 3034926.309000000357628 ], [ 556620.198999999905936, 3034926.359000000171363 ], [ 556620.448999999905936, 3034926.40900000045076 ], [ 556620.498999999952503, 3034926.459000000264496 ], [ 556620.698999999905936, 3034926.459000000264496 ], [ 556620.748999999952503, 3034926.509 ], [ 556621.348999999929219, 3034926.509 ], [ 556621.398999999975786, 3034926.559000000357628 ], [ 556621.498999999952503, 3034926.559000000357628 ], [ 556621.773999999975786, 3034926.834000000264496 ], [ 556621.873999999952503, 3034927.03400000045076 ], [ 556621.873999999952503, 3034927.884 ], [ 556621.723999999929219, 3034928.084000000264496 ], [ 556621.723999999929219, 3034928.134 ], [ 556621.424, 3034928.484000000171363 ], [ 556621.373999999952503, 3034928.684000000357628 ], [ 556621.248999999952503, 3034928.859000000171363 ], [ 556620.348999999929219, 3034928.809000000357628 ], [ 556620.299, 3034928.759 ], [ 556619.948999999905936, 3034928.709000000264496 ], [ 556619.924, 3034928.684000000357628 ], [ 556619.973999999929219, 3034928.634 ], [ 556619.973999999929219, 3034928.334000000264496 ], [ 556619.873999999952503, 3034928.134 ], [ 556619.223999999929219, 3034927.484000000171363 ], [ 556619.223999999929219, 3034927.434000000357628 ], [ 556619.123999999952503, 3034927.334000000264496 ], [ 556619.123999999952503, 3034927.234000000171363 ], [ 556619.073999999905936, 3034927.184000000357628 ], [ 556619.123999999952503, 3034926.984000000171363 ], [ 556619.174, 3034926.884 ], [ 556619.498999999952503, 3034926.559000000357628 ], [ 556619.748999999952503, 3034926.359000000171363 ], [ 556619.848999999929219, 3034926.359000000171363 ], [ 556619.898999999975786, 3034926.309000000357628 ], [ 556620.148999999975786, 3034926.309000000357628 ] ] ] } },
{ "type": "Feature", "properties": { "unit_id": "c00147", "method": "watershed", "label": 147 }, "geometry": { "type": "Polygon", "coordinates": [ [ [ 556635.199000000022352, 3034982.809000000357628 ], [ 556635.598999999929219, 3034983.059000000357628 ], [ 556635.848999999929219, 3034983.059000000357628 ], [ 556635.898999999975786, 3034983.009 ], [ 556636.299, 3034983.009 ], [ 556636.398999999975786, 3034983.059000000357628 ], [ 556636.623999999952503, 3034983.28400000045076 ], [ 556636.674, 3034983.484000000171363 ], [ 556636.723999999929219, 3034983.53400000045076 ], [ 556636.723999999929219, 3034983.984000000171363 ], [ 556636.674, 3034984.03400000045076 ], [ 556636.674, 3034984.184000000357628 ], [ 556636.623999999952503, 3034984.234000000171363 ], [ 556636.623999999952503, 3034984.334000000264496 ], [ 556636.574000000022352, 3034984.384 ], [ 556636.574000000022352, 3034984.484000000171363 ], [ 556636.473999999929219, 3034984.684000000357628 ], [ 556636.473999999929219, 3034984.834000000264496 ], [ 556636.373999999952503, 3034985.03400000045076 ], [ 556636.049, 3034985.309000000357628 ], [ 556635.748999999952503, 3034985.459000000264496 ], [ 556635.648999999975786, 3034985.459000000264496 ], [ 556635.449000000022352, 3034985.359000000171363 ], [ 556635.123999999952503, 3034985.03400000045076 ], [ 556635.074000000022352, 3034984.934000000357628 ], [ 556635.023999999975786, 3034984.684000000357628 ], [ 556635.174, 3034984.384 ], [ 556635.174, 3034984.234000000171363 ], [ 556635.074000000022352, 3034984.03400000045076 ], [ 556634.799, 3034983.809000000357628 ], [ 556634.449000000022352, 3034983.809000000357628 ], [ 556634.348999999929219, 3034983.759 ], [ 556634.223999999929219, 3034983.53400000045076 ], [ 556634.223999999929219, 3034983.334000000264496 ], [ 556634.449000000022352, 3034983.059000000357628 ], [ 556634.898999999975786, 3034982.809000000357628 ], [ 556635.199000000022352, 3034982.809000000357628 ] ] ] } },
{ "type": "Feature", "properties": { "unit_id": "c00148", "method": "watershed", "label": 148 }, "geometry": { "type": "Polygon", "coordinates": [ [ [ 556614.098999999929219, 3034928.65900000045076 ], [ 556614.373999999952503, 3034928.934000000357628 ], [ 556614.573999999905936, 3034929.28400000045076 ], [ 556614.523999999975786, 3034929.584000000264496 ], [ 556614.373999999952503, 3034929.78400000045076 ], [ 556614.174, 3034930.184000000357628 ], [ 556613.723999999929219, 3034930.584000000264496 ], [ 556613.523999999975786, 3034930.78400000045076 ], [ 556613.498999999952503, 3034930.859000000171363 ], [ 556613.448999999905936, 3034930.859000000171363 ], [ 556613.123999999952503, 3034931.134 ], [ 556613.073999999905936, 3034931.234000000171363 ], [ 556613.123999999952503, 3034931.28400000045076 ], [ 556613.098999999929219, 3034931.359000000171363 ], [ 556612.049, 3034931.359000000171363 ], [ 556612.023999999975786, 3034931.28400000045076 ], [ 556611.848999999929219, 3034931.109000000171363 ], [ 556611.598999999929219, 3034931.009 ], [ 556611.323999999905936, 3034930.78400000045076 ], [ 556611.323999999905936, 3034930.734000000171363 ], [ 556611.174, 3034930.53400000045076 ], [ 556611.174, 3034930.334000000264496 ], [ 556611.123999999952503, 3034930.28400000045076 ], [ 556611.123999999952503, 3034929.53400000045076 ], [ 556611.424, 3034928.934000000357628 ], [ 556611.424, 3034928.734000000171363 ], [ 556611.373999999952503, 3034928.684000000357628 ], [ 556611.398999999975786, 3034928.65900000045076 ], [ 556614.098999999929219, 3034928.65900000045076 ] ] ] } },
{ "type": "Feature", "properties": { "unit_id": "c00149", "method": "watershed", "label": 149 }, "geometry": { "type": "Polygon", "coordinates": [ [ [ 556651.598999999929219, 3034925.309000000357628 ], [ 556651.648999999975786, 3034925.359000000171363 ], [ 556651.848999999929219, 3034925.359000000171363 ], [ 556652.123999999952503, 3034925.53400000045076 ], [ 556652.223999999929219, 3034925.734000000171363 ], [ 556652.223999999929219, 3034926.03400000045076 ], [ 556652.174, 3034926.084000000264496 ], [ 556652.123999999952503, 3034926.334000000264496 ], [ 556651.848999999929219, 3034926.65900000045076 ], [ 556651.748999999952503, 3034926.709000000264496 ], [ 556651.248999999952503, 3034926.709000000264496 ], [ 556651.148999999975786, 3034926.65900000045076 ], [ 556650.873999999952503, 3034926.384 ], [ 556650.773999999975786, 3034926.184000000357628 ], [ 556650.773999999975786, 3034926.03400000045076 ], [ 556650.824000000022352, 3034925.984000000171363 ], [ 556650.824000000022352, 3034925.884 ], [ 556650.924, 3034925.684000000357628 ], [ 556651.098999999929219, 3034925.459000000264496 ], [ 556651.398999999975786, 3034925.309000000357628 ], [ 556651.598999999929219, 3034925.309000000357628 ] ] ] } },
{ "type": "Feature", "properties": { "unit_id": "c00150", "method": "watershed", "label": 150 }, "geometry": { "type": "Polygon", "coordinates": [ [ [ 556666.699000000022352, 3034949.059000000357628 ], [ 556667.099000000045635, 3034949.259 ], [ 556667.373999999952503, 3034949.634 ], [ 556667.424, 3034949.834000000264496 ], [ 556667.474000000045635, 3034949.884 ], [ 556667.474000000045635, 3034949.984000000171363 ], [ 556667.523999999975786, 3034950.03400000045076 ], [ 556667.523999999975786, 3034950.28400000045076 ], [ 556667.474000000045635, 3034950.334000000264496 ], [ 556667.474000000045635, 3034950.434000000357628 ], [ 556667.324000000022352, 3034950.634 ], [ 556667.324000000022352, 3034950.684000000357628 ], [ 556667.074000000022352, 3034950.934000000357628 ], [ 556666.998999999952503, 3034951.209000000264496 ], [ 556666.549, 3034951.209000000264496 ], [ 556666.498999999952503, 3034951.15900000045076 ], [ 556665.849000000045635, 3034951.15900000045076 ], [ 556665.773999999975786, 3034950.934000000357628 ], [ 556665.474000000045635, 3034950.634 ], [ 556665.474000000045635, 3034950.53400000045076 ], [ 556665.424, 3034950.484000000171363 ], [ 556665.424, 3034949.78400000045076 ], [ 556665.474000000045635, 3034949.734000000171363 ], [ 556665.474000000045635, 3034949.634 ], [ 556665.748999999952503, 3034949.259 ], [ 556666.099000000045635, 3034949.059000000357628 ], [ 556666.699000000022352, 3034949.059000000357628 ] ] ] } },
{ "type": "Feature", "properties": { "unit_id": "c00151", "method": "watershed", "label": 151 }, "geometry": { "type": "Polygon", "coordinates": [ [ [ 556659.049, 3034978.559000000357628 ], [ 556659.199000000022352, 3034978.759 ], [ 556659.674, 3034979.184000000357628 ], [ 556659.674, 3034979.28400000045076 ], [ 556659.724000000045635, 3034979.334000000264496 ], [ 556659.724000000045635, 3034979.734000000171363 ], [ 556659.674, 3034979.78400000045076 ], [ 556659.674, 3034979.934000000357628 ], [ 556659.424, 3034980.484000000171363 ], [ 556659.248999999952503, 3034980.65900000045076 ], [ 556659.049, 3034980.709000000264496 ], [ 556658.998999999952503, 3034980.759 ], [ 556658.799, 3034980.759 ], [ 556658.748999999952503, 3034980.809000000357628 ], [ 556658.299, 3034980.809000000357628 ], [ 556658.199000000022352, 3034980.759 ], [ 556657.974000000045635, 3034980.53400000045076 ], [ 556657.974000000045635, 3034980.484000000171363 ], [ 556657.873999999952503, 3034980.384 ], [ 556657.873999999952503, 3034980.334000000264496 ], [ 556657.674, 3034980.084000000264496 ], [ 556657.574000000022352, 3034979.884 ], [ 556657.574000000022352, 3034979.28400000045076 ], [ 556657.674, 3034979.084000000264496 ], [ 556657.849000000045635, 3034978.90900000045076 ], [ 556658.049, 3034978.809000000357628 ], [ 556658.224000000045635, 3034978.634 ], [ 556658.248999999952503, 3034978.559000000357628 ], [ 556659.049, 3034978.559000000357628 ] ] ] } },
{ "type": "Feature", "properties": { "unit_id": "c00152", "method": "watershed", "label": 152 }, "geometry": { "type": "Polygon", "coordinates": [ [ [ 556659.049, 3034929.609000000171363 ], [ 556659.324000000022352, 3034929.834000000264496 ], [ 556659.474000000045635, 3034930.134 ], [ 556659.523999999975786, 3034930.434000000357628 ], [ 556659.574000000022352, 3034930.484000000171363 ], [ 556659.574000000022352, 3034930.884 ], [ 556659.523999999975786, 3034930.984000000171363 ], [ 556659.248999999952503, 3034931.259 ], [ 556658.998999999952503, 3034931.309000000357628 ], [ 556658.949000000022352, 3034931.359000000171363 ], [ 556658.349000000045635, 3034931.359000000171363 ], [ 556658.299, 3034931.309000000357628 ], [ 556658.049, 3034931.309000000357628 ], [ 556657.824000000022352, 3034931.084000000264496 ], [ 556657.724000000045635, 3034930.884 ], [ 556657.724000000045635, 3034930.78400000045076 ], [ 556657.674, 3034930.734000000171363 ], [ 556657.674, 3034930.334000000264496 ], [ 556657.724000000045635, 3034930.28400000045076 ], [ 556657.724000000045635, 3034930.184000000357628 ], [ 556657.898999999975786, 3034929.959000000264496 ], [ 556657.949000000022352, 3034929.959000000264496 ], [ 556658.148999999975786, 3034929.759 ], [ 556658.349000000045635, 3034929.65900000045076 ], [ 556658.449000000022352, 3034929.65900000045076 ], [ 556658.498999999952503, 3034929.609000000171363 ], [ 556659.049, 3034929.609000000171363 ] ] ] } },
{ "type": "Feature", "properties": { "unit_id": "c00153", "method": "watershed", "label": 153 }, "geometry": { "type": "Polygon", "coordinates": [ [ [ 556658.148999999975786, 3035036.209000000264496 ], [ 556658.349000000045635, 3035036.359000000171363 ], [ 556658.398999999975786, 3035036.359000000171363 ], [ 556658.574000000022352, 3035036.53400000045076 ], [ 556658.574000000022352, 3035036.584000000264496 ], [ 556658.724000000045635, 3035036.734000000171363 ], [ 556658.824000000022352, 3035036.934000000357628 ], [ 556658.824000000022352, 3035037.384000000543892 ], [ 556658.773999999975786, 3035037.434000000357628 ], [ 556658.773999999975786, 3035037.634000000543892 ], [ 556658.648999999975786, 3035037.809000000357628 ], [ 556658.549, 3035037.859000000171363 ], [ 556657.699000000022352, 3035037.859000000171363 ], [ 556657.648999999975786, 3035037.809000000357628 ], [ 556657.498999999952503, 3035037.809000000357628 ], [ 556657.449000000022352, 3035037.759000000543892 ], [ 556657.248999999952503, 3035037.709000000264496 ], [ 556657.074000000022352, 3035037.53400000045076 ], [ 556657.023999999975786, 3035037.434000000357628 ], [ 556657.023999999975786, 3035037.28400000045076 ], [ 556656.974000000045635, 3035037.234000000171363 ], [ 556656.974000000045635, 3035036.934000000357628 ], [ 556657.023999999975786, 3035036.884000000543892 ], [ 556657.023999999975786, 3035036.734000000171363 ], [ 556657.074000000022352, 3035036.634000000543892 ], [ 556657.248999999952503, 3035036.40900000045076 ], [ 556657.299, 3035036.40900000045076 ], [ 556657.498999999952503, 3035036.259000000543892 ], [ 556657.648999999975786, 3035036.259000000543892 ], [ 556657.699000000022352, 3035036.209000000264496 ], [ 556658.148999999975786, 3035036.209000000264496 ] ] ] } },
{ "type": "Feature", "properties": { "unit_id": "c00154", "method": "watershed", "label": 154 }, "geometry": { "type": "Polygon", "coordinates": [ [ [ 556658.648999999975786, 3034953.359000000171363 ], [ 556658.699000000022352, 3034953.40900000045076 ], [ 556658.898999999975786, 3034953.40900000045076 ], [ 556658.949000000022352, 3034953.459000000264496 ], [ 556659.099000000045635, 3034953.459000000264496 ], [ 556659.199000000022352, 3034953.509 ], [ 556659.424, 3034953.734000000171363 ], [ 556659.523999999975786, 3034953.934000000357628 ], [ 556659.523999999975786, 3034954.184000000357628 ], [ 556659.424, 3034954.384 ], [ 556659.099000000045635, 3034954.709000000264496 ], [ 556658.898999999975786, 3034954.809000000357628 ], [ 556658.799, 3034954.809000000357628 ], [ 556658.748999999952503, 3034954.859000000171363 ], [ 556658.549, 3034954.859000000171363 ], [ 556658.498999999952503, 3034954.809000000357628 ], [ 556658.248999999952503, 3034954.759 ], [ 556657.748999999952503, 3034954.509 ], [ 556657.523999999975786, 3034954.234000000171363 ], [ 556657.523999999975786, 3034953.934000000357628 ], [ 556657.574000000022352, 3034953.834000000264496 ], [ 556657.799, 3034953.609000000171363 ], [ 556657.998999999952503, 3034953.509 ], [ 556658.248999999952503, 3034953.459000000264496 ], [ 556658.299, 3034953.40900000045076 ], [ 556658.648999999975786, 3034953.359000000171363 ] ] ] } },
{ "type": "Feature", "properties": { "unit_id": "c00155", "method": "watershed", "label": 155 }, "geometry": { "type": "Polygon", "coordinates": [ [ [ 556611.898999999975786, 3035014.40900000045076 ], [ 556611.924, 3035014.53400000045076 ], [ 556612.198999999905936, 3035014.759 ], [ 556612.299, 3035014.759 ], [ 556612.448999999905936, 3035014.859000000171363 ], [ 556612.598999999929219, 3035014.859000000171363 ], [ 556612.648999999975786, 3035014.90900000045076 ], [ 556613.098999999929219, 3035014.959000000264496 ], [ 556613.323999999905936, 3035015.134 ], [ 556613.473999999929219, 3035015.434000000357628 ], [ 556613.523999999975786, 3035015.734000000171363 ], [ 556613.623999999952503, 3035015.884 ], [ 556613.623999999952503, 3035016.28400000045076 ], [ 556613.373999999952503, 3035016.53400000045076 ], [ 556613.323999999905936, 3035016.684000000357628 ], [ 556613.248999999952503, 3035016.759 ], [ 556612.098999999929219, 3035016.759 ], [ 556612.049, 3035016.809000000357628 ], [ 556611.948999999905936, 3035016.809000000357628 ], [ 556611.748999999952503, 3035016.90900000045076 ], [ 556610.549, 3035016.90900000045076 ], [ 556610.523999999975786, 3035016.884 ], [ 556610.573999999905936, 3035016.834000000264496 ], [ 556610.573999999905936, 3035016.684000000357628 ], [ 556610.623999999952503, 3035016.634 ], [ 556610.674, 3035016.334000000264496 ], [ 556610.723999999929219, 3035016.28400000045076 ], [ 556610.723999999929219, 3035015.934000000357628 ], [ 556610.773999999975786, 3035015.884 ], [ 556610.773999999975786, 3035015.634 ], [ 556610.873999999952503, 3035015.484000000171363 ], [ 556610.873999999952503, 3035015.384 ], [ 556611.174, 3035014.78400000045076 ], [ 556611.273999999975786, 3035014.684000000357628 ], [ 556611.323999999905936, 3035014.53400000045076 ], [ 556611.448999999905936, 3035014.40900000045076 ], [ 556611.898999999975786, 3035014.40900000045076 ] ] ] } },
{ "type": "Feature", "properties": { "unit_id": "c00156", "method": "watershed", "label": 156 }, "geometry": { "type": "Polygon", "coordinates": [ [ [ 556658.799, 3034920.90900000045076 ], [ 556658.849000000045635, 3034920.959000000264496 ], [ 556658.998999999952503, 3034920.959000000264496 ], [ 556659.099000000045635, 3034921.009 ], [ 556659.299, 3034921.209000000264496 ], [ 556659.349000000045635, 3034921.209000000264496 ], [ 556659.724000000045635, 3034921.634 ], [ 556659.773999999975786, 3034921.834000000264496 ], [ 556659.824000000022352, 3034921.884 ], [ 556659.824000000022352, 3034922.28400000045076 ], [ 556659.724000000045635, 3034922.484000000171363 ], [ 556659.373999999952503, 3034922.884 ], [ 556659.349000000045635, 3034923.009 ], [ 556658.748999999952503, 3034923.009 ], [ 556658.674, 3034922.78400000045076 ], [ 556658.123999999952503, 3034922.28400000045076 ], [ 556658.074000000022352, 3034922.084000000264496 ], [ 556658.023999999975786, 3034922.03400000045076 ], [ 556658.023999999975786, 3034921.634 ], [ 556658.123999999952503, 3034921.434000000357628 ], [ 556658.398999999975786, 3034921.109000000171363 ], [ 556658.449000000022352, 3034921.109000000171363 ], [ 556658.599000000045635, 3034920.959000000264496 ], [ 556658.748999999952503, 3034920.959000000264496 ], [ 556658.799, 3034920.90900000045076 ] ] ] } },
{ "type": "Feature", "properties": { "unit_id": "c00157", "method": "watershed", "label": 157 }, "geometry": { "type": "Polygon", "coordinates": [ [ [ 556635.699000000022352, 3035039.259000000543892 ], [ 556635.924, 3035039.434000000357628 ], [ 556636.273999999975786, 3035040.184000000357628 ], [ 556636.273999999975786, 3035040.484000000171363 ], [ 556636.174, 3035040.684000000357628 ], [ 556635.824000000022352, 3035041.084000000264496 ], [ 556635.723999999929219, 3035041.28400000045076 ], [ 556635.723999999929219, 3035041.484000000171363 ], [ 556634.348999999929219, 3035041.509000000543892 ], [ 556634.324000000022352, 3035041.484000000171363 ], [ 556634.373999999952503, 3035041.434000000357628 ], [ 556634.373999999952503, 3035041.084000000264496 ], [ 556634.324000000022352, 3035041.03400000045076 ], [ 556634.223999999929219, 3035040.634000000543892 ], [ 556634.174, 3035040.584000000264496 ], [ 556634.174, 3035040.484000000171363 ], [ 556634.123999999952503, 3035040.434000000357628 ], [ 556634.123999999952503, 3035040.184000000357628 ], [ 556634.074000000022352, 3035040.134000000543892 ], [ 556634.123999999952503, 3035040.084000000264496 ], [ 556634.123999999952503, 3035039.78400000045076 ], [ 556634.223999999929219, 3035039.584000000264496 ], [ 556634.498999999952503, 3035039.359000000171363 ], [ 556634.748999999952503, 3035039.359000000171363 ], [ 556634.799, 3035039.309000000357628 ], [ 556635.049, 3035039.309000000357628 ], [ 556635.098999999929219, 3035039.259000000543892 ], [ 556635.699000000022352, 3035039.259000000543892 ] ] ] } },
{ "type": "Feature", "properties": { "unit_id": "c00158", "method": "watershed", "label": 158 }, "geometry": { "type": "Polygon", "coordinates": [ [ [ 556658.799, 3034989.259 ], [ 556658.824000000022352, 3034989.334000000264496 ], [ 556659.148999999975786, 3034989.65900000045076 ], [ 556659.199000000022352, 3034989.65900000045076 ], [ 556659.273999999975786, 3034989.734000000171363 ], [ 556659.273999999975786, 3034989.78400000045076 ], [ 556659.574000000022352, 3034990.134 ], [ 556659.623999999952503, 3034990.234000000171363 ], [ 556659.623999999952503, 3034990.634 ], [ 556659.474000000045635, 3034990.834000000264496 ], [ 556659.474000000045635, 3034990.884 ], [ 556659.299, 3034991.059000000357628 ], [ 556658.949000000022352, 3034991.259 ], [ 556658.748999999952503, 3034991.459000000264496 ], [ 556657.849000000045635, 3034991.40900000045076 ], [ 556657.773999999975786, 3034991.084000000264496 ], [ 556657.623999999952503, 3034990.78400000045076 ], [ 556657.623999999952503, 3034990.28400000045076 ], [ 556657.674, 3034990.234000000171363 ], [ 556657.674, 3034989.984000000171363 ], [ 556657.724000000045635, 3034989.934000000357628 ], [ 556657.724000000045635, 3034989.78400000045076 ], [ 556657.998999999952503, 3034989.509 ], [ 556658.148999999975786, 3034989.459000000264496 ], [ 556658.299, 3034989.259 ], [ 556658.799, 3034989.259 ] ] ] } },
{ "type": "Feature", "properties": { "unit_id": "c00159", "method": "watershed", "label": 159 }, "geometry": { "type": "Polygon", "coordinates": [ [ [ 556628.799, 3034921.859000000171363 ], [ 556628.924, 3034922.134 ], [ 556629.223999999929219, 3034922.484000000171363 ], [ 556629.324000000022352, 3034922.684000000357628 ], [ 556629.324000000022352, 3034922.984000000171363 ], [ 556629.223999999929219, 3034923.184000000357628 ], [ 556628.848999999929219, 3034923.609000000171363 ], [ 556628.799, 3034923.609000000171363 ], [ 556628.598999999929219, 3034923.759 ], [ 556628.098999999929219, 3034923.759 ], [ 556627.949000000022352, 3034923.65900000045076 ], [ 556627.848999999929219, 3034923.65900000045076 ], [ 556627.699000000022352, 3034923.559000000357628 ], [ 556627.598999999929219, 3034923.559000000357628 ], [ 556627.299, 3034923.40900000045076 ], [ 556627.074000000022352, 3034923.184000000357628 ], [ 556626.973999999929219, 3034922.984000000171363 ], [ 556626.924, 3034922.684000000357628 ], [ 556626.973999999929219, 3034922.634 ], [ 556626.973999999929219, 3034922.434000000357628 ], [ 556627.023999999975786, 3034922.384 ], [ 556627.023999999975786, 3034922.234000000171363 ], [ 556627.074000000022352, 3034922.184000000357628 ], [ 556627.098999999929219, 3034921.859000000171363 ], [ 556628.799, 3034921.859000000171363 ] ] ] } },
{ "type": "Feature", "properties": { "unit_id": "c00160", "method": "watershed", "label": 160 }, "geometry": { "type": "Polygon", "coordinates": [ [ [ 556620.098999999929219, 3035024.209000000264496 ], [ 556620.148999999975786, 3035024.259000000543892 ], [ 556620.948999999905936, 3035024.259000000543892 ], [ 556621.023999999975786, 3035024.334000000264496 ], [ 556621.073999999905936, 3035024.684000000357628 ], [ 556621.123999999952503, 3035024.734000000171363 ], [ 556621.123999999952503, 3035025.134000000543892 ], [ 556621.073999999905936, 3035025.184000000357628 ], [ 556621.073999999905936, 3035025.334000000264496 ], [ 556620.973999999929219, 3035025.53400000045076 ], [ 556620.924, 3035025.984000000171363 ], [ 556620.698999999905936, 3035026.15900000045076 ], [ 556620.598999999929219, 3035026.15900000045076 ], [ 556620.549, 3035026.209000000264496 ], [ 556620.348999999929219, 3035026.209000000264496 ], [ 556620.299, 3035026.259000000543892 ], [ 556619.998999999952503, 3035026.259000000543892 ], [ 556619.948999999905936, 3035026.209000000264496 ], [ 556619.799, 3035026.209000000264496 ], [ 556619.598999999929219, 3035026.109000000171363 ], [ 556619.498999999952503, 3035026.009000000543892 ], [ 556619.299, 3035025.959000000264496 ], [ 556619.098999999929219, 3035025.809000000357628 ], [ 556619.049, 3035025.809000000357628 ], [ 556618.773999999975786, 3035025.484000000171363 ], [ 556618.773999999975786, 3035025.384000000543892 ], [ 556618.674, 3035025.234000000171363 ], [ 556618.674, 3035025.134000000543892 ], [ 556618.573999999905936, 3035024.984000000171363 ], [ 556618.573999999905936, 3035024.884000000543892 ], [ 556618.473999999929219, 3035024.684000000357628 ], [ 556618.498999999952503, 3035024.209000000264496 ], [ 556619.198999999905936, 3035024.209000000264496 ], [ 556619.248999999952503, 3035024.259000000543892 ], [ 556620.098999999929219, 3035024.209000000264496 ] ] ] } },
{ "type": "Feature", "properties": { "unit_id": "c00161", "method": "watershed", "label": 161 }, "geometry": { "type": "Polygon", "coordinates": [ [ [ 556651.098999999929219, 3034987.059000000357628 ], [ 556651.148999999975786, 3034987.109000000171363 ], [ 556651.248999999952503, 3034987.109000000171363 ], [ 556651.398999999975786, 3034987.259 ], [ 556651.449000000022352, 3034987.259 ], [ 556651.873999999952503, 3034987.684000000357628 ], [ 556651.973999999929219, 3034987.884 ], [ 556651.973999999929219, 3034988.184000000357628 ], [ 556651.924, 3034988.234000000171363 ], [ 556651.924, 3034988.334000000264496 ], [ 556651.648999999975786, 3034988.609000000171363 ], [ 556651.549, 3034988.609000000171363 ], [ 556651.498999999952503, 3034988.65900000045076 ], [ 556651.199000000022352, 3034988.609000000171363 ], [ 556651.049, 3034988.509 ], [ 556650.898999999975786, 3034988.509 ], [ 556650.848999999929219, 3034988.459000000264496 ], [ 556650.699000000022352, 3034988.459000000264496 ], [ 556650.648999999975786, 3034988.40900000045076 ], [ 556650.498999999952503, 3034988.40900000045076 ], [ 556650.449000000022352, 3034988.359000000171363 ], [ 556650.299, 3034988.359000000171363 ], [ 556650.199000000022352, 3034988.309000000357628 ], [ 556649.924, 3034988.03400000045076 ], [ 556649.873999999952503, 3034987.834000000264496 ], [ 556649.824000000022352, 3034987.78400000045076 ], [ 556649.824000000022352, 3034987.584000000264496 ], [ 556649.949000000022352, 3034987.40900000045076 ], [ 556650.699000000022352, 3034987.059000000357628 ], [ 556651.098999999929219, 3034987.059000000357628 ] ] ] } },
{ "type": "Feature", "properties": { "unit_id": "c00162", "method": "watershed", "label": 162 }, "geometry": { "type": "Polygon", "coordinates": [ [ [ 556635.498999999952503, 3035012.259 ], [ 556635.549, 3035012.309000000357628 ], [ 556635.648999999975786, 3035012.309000000357628 ], [ 556635.824000000022352, 3035012.484000000171363 ], [ 556635.824000000022352, 3035012.884 ], [ 556635.873999999952503, 3035012.934000000357628 ], [ 556635.873999999952503, 3035013.234000000171363 ], [ 556635.924, 3035013.28400000045076 ], [ 556635.924, 3035013.684000000357628 ], [ 556635.748999999952503, 3035013.859000000171363 ], [ 556635.398999999975786, 3035014.009 ], [ 556635.273999999975786, 3035014.134 ], [ 556635.273999999975786, 3035014.234000000171363 ], [ 556635.348999999929219, 3035014.309000000357628 ], [ 556635.549, 3035014.359000000171363 ], [ 556635.648999999975786, 3035014.459000000264496 ], [ 556635.699000000022352, 3035014.459000000264496 ], [ 556636.074000000022352, 3035014.934000000357628 ], [ 556636.223999999929219, 3035015.234000000171363 ], [ 556636.273999999975786, 3035015.484000000171363 ], [ 556636.324000000022352, 3035015.53400000045076 ], [ 556636.324000000022352, 3035016.334000000264496 ], [ 556636.273999999975786, 3035016.384 ], [ 556636.273999999975786, 3035016.53400000045076 ], [ 556636.098999999929219, 3035016.709000000264496 ], [ 556635.549, 3035016.709000000264496 ], [ 556635.498999999952503, 3035016.759 ], [ 556635.248999999952503, 3035016.759 ], [ 556635.199000000022352, 3035016.709000000264496 ], [ 556635.098999999929219, 3035016.709000000264496 ], [ 556634.898999999975786, 3035016.609000000171363 ], [ 556634.449000000022352, 3035016.209000000264496 ], [ 556634.049, 3035016.009 ], [ 556633.973999999929219, 3035015.884 ], [ 556633.973999999929219, 3035015.584000000264496 ], [ 556634.023999999975786, 3035015.53400000045076 ], [ 556634.023999999975786, 3035015.234000000171363 ], [ 556634.074000000022352, 3035015.184000000357628 ], [ 556634.074000000022352, 3035015.084000000264496 ], [ 556634.174, 3035014.884 ], [ 556634.498999999952503, 3035014.559000000357628 ], [ 556634.799, 3035014.40900000045076 ], [ 556634.973999999929219, 3035014.184000000357628 ], [ 556634.973999999929219, 3035014.084000000264496 ], [ 556634.924, 3035014.03400000045076 ], [ 556634.873999999952503, 3035013.834000000264496 ], [ 556634.574000000022352, 3035013.384 ], [ 556634.574000000022352, 3035012.634 ], [ 556634.648999999975786, 3035012.509 ], [ 556634.848999999929219, 3035012.40900000045076 ], [ 556635.098999999929219, 3035012.359000000171363 ], [ 556635.148999999975786, 3035012.309000000357628 ], [ 556635.299, 3035012.309000000357628 ], [ 556635.348999999929219, 3035012.259 ], [ 556635.498999999952503, 3035012.259 ] ] ] } },
{ "type": "Feature", "properties": { "unit_id": "c00163", "method": "watershed", "label": 163 }, "geometry": { "type": "Polygon", "coordinates": [ [ [ 556635.699000000022352, 3035041.509000000543892 ], [ 556635.848999999929219, 3035041.65900000045076 ], [ 556636.098999999929219, 3035041.759000000543892 ], [ 556636.174, 3035041.834000000264496 ], [ 556636.223999999929219, 3035042.03400000045076 ], [ 556636.273999999975786, 3035042.084000000264496 ], [ 556636.273999999975786, 3035042.884000000543892 ], [ 556636.174, 3035043.084000000264496 ], [ 556635.648999999975786, 3035043.65900000045076 ], [ 556635.449000000022352, 3035043.759000000543892 ], [ 556635.199000000022352, 3035043.759000000543892 ], [ 556635.098999999929219, 3035043.809000000357628 ], [ 556635.049, 3035043.759000000543892 ], [ 556634.498999999952503, 3035043.759000000543892 ], [ 556634.398999999975786, 3035043.709000000264496 ], [ 556634.223999999929219, 3035043.53400000045076 ], [ 556634.123999999952503, 3035043.334000000264496 ], [ 556634.074000000022352, 3035042.884000000543892 ], [ 556634.023999999975786, 3035042.834000000264496 ], [ 556634.023999999975786, 3035042.684000000357628 ], [ 556633.973999999929219, 3035042.634000000543892 ], [ 556633.973999999929219, 3035042.234000000171363 ], [ 556634.123999999952503, 3035041.934000000357628 ], [ 556634.223999999929219, 3035041.834000000264496 ], [ 556634.324000000022352, 3035041.634000000543892 ], [ 556634.324000000022352, 3035041.53400000045076 ], [ 556635.699000000022352, 3035041.509000000543892 ] ] ] } },
{ "type": "Feature", "properties": { "unit_id": "c00164", "method": "watershed", "label": 164 }, "geometry": { "type": "Polygon", "coordinates": [ [ [ 556651.348999999929219, 3034970.109000000171363 ], [ 556651.598999999929219, 3034970.309000000357628 ], [ 556651.648999999975786, 3034970.309000000357628 ], [ 556651.824000000022352, 3034970.53400000045076 ], [ 556651.873999999952503, 3034970.734000000171363 ], [ 556651.924, 3034970.78400000045076 ], [ 556651.924, 3034970.984000000171363 ], [ 556651.723999999929219, 3034971.384 ], [ 556651.449000000022352, 3034971.65900000045076 ], [ 556651.348999999929219, 3034971.709000000264496 ], [ 556651.049, 3034971.709000000264496 ], [ 556650.998999999952503, 3034971.65900000045076 ], [ 556650.898999999975786, 3034971.65900000045076 ], [ 556650.598999999929219, 3034971.509 ], [ 556650.449000000022352, 3034971.359000000171363 ], [ 556650.373999999952503, 3034971.334000000264496 ], [ 556650.273999999975786, 3034971.134 ], [ 556650.273999999975786, 3034970.684000000357628 ], [ 556650.324000000022352, 3034970.634 ], [ 556650.373999999952503, 3034970.434000000357628 ], [ 556650.598999999929219, 3034970.209000000264496 ], [ 556650.699000000022352, 3034970.209000000264496 ], [ 556650.898999999975786, 3034970.109000000171363 ], [ 556651.348999999929219, 3034970.109000000171363 ] ] ] } },
{ "type": "Feature", "properties": { "unit_id": "c00165", "method": "watershed", "label": 165 }, "geometry": { "type": "Polygon", "coordinates": [ [ [ 556627.949000000022352, 3035026.709000000264496 ], [ 556627.998999999952503, 3035026.759000000543892 ], [ 556628.199000000022352, 3035026.759000000543892 ], [ 556628.248999999952503, 3035026.809000000357628 ], [ 556628.348999999929219, 3035026.809000000357628 ], [ 556628.549, 3035026.90900000045076 ], [ 556628.648999999975786, 3035027.009000000543892 ], [ 556628.799, 3035027.059000000357628 ], [ 556629.023999999975786, 3035027.234000000171363 ], [ 556629.023999999975786, 3035027.484000000171363 ], [ 556628.723999999929219, 3035027.78400000045076 ], [ 556628.674, 3035027.884000000543892 ], [ 556628.674, 3035028.084000000264496 ], [ 556628.623999999952503, 3035028.134000000543892 ], [ 556628.623999999952503, 3035028.634000000543892 ], [ 556628.523999999975786, 3035028.834000000264496 ], [ 556628.398999999975786, 3035028.90900000045076 ], [ 556628.098999999929219, 3035028.90900000045076 ], [ 556627.898999999975786, 3035028.809000000357628 ], [ 556627.648999999975786, 3035028.759000000543892 ], [ 556627.598999999929219, 3035028.709000000264496 ], [ 556627.049, 3035028.709000000264496 ], [ 556626.848999999929219, 3035028.609000000171363 ], [ 556626.523999999975786, 3035028.28400000045076 ], [ 556626.523999999975786, 3035028.234000000171363 ], [ 556626.424, 3035028.134000000543892 ], [ 556626.424, 3035027.634000000543892 ], [ 556626.574000000022352, 3035027.334000000264496 ], [ 556626.848999999929219, 3035027.059000000357628 ], [ 556626.898999999975786, 3035027.059000000357628 ], [ 556627.148999999975786, 3035026.859000000171363 ], [ 556627.348999999929219, 3035026.759000000543892 ], [ 556627.449000000022352, 3035026.759000000543892 ], [ 556627.498999999952503, 3035026.709000000264496 ], [ 556627.949000000022352, 3035026.709000000264496 ] ] ] } },
{ "type": "Feature", "properties": { "unit_id": "c00166", "method": "watershed", "label": 166 }, "geometry": { "type": "Polygon", "coordinates": [ [ [ 556665.998999999952503, 3035032.809000000357628 ], [ 556666.224000000045635, 3035033.03400000045076 ], [ 556666.273999999975786, 3035033.134000000543892 ], [ 556666.273999999975786, 3035033.484000000171363 ], [ 556666.174, 3035033.634000000543892 ], [ 556666.174, 3035033.734000000171363 ], [ 556666.123999999952503, 3035033.78400000045076 ], [ 556666.123999999952503, 3035033.984000000171363 ], [ 556666.074000000022352, 3035034.03400000045076 ], [ 556666.123999999952503, 3035034.234000000171363 ], [ 556666.574000000022352, 3035034.634000000543892 ], [ 556666.773999999975786, 3035034.984000000171363 ], [ 556666.773999999975786, 3035035.434000000357628 ], [ 556666.724000000045635, 3035035.484000000171363 ], [ 556666.724000000045635, 3035035.584000000264496 ], [ 556666.574000000022352, 3035035.884000000543892 ], [ 556666.574000000022352, 3035036.084000000264496 ], [ 556666.523999999975786, 3035036.134000000543892 ], [ 556666.523999999975786, 3035036.334000000264496 ], [ 556666.474000000045635, 3035036.384000000543892 ], [ 556666.449000000022352, 3035036.609000000171363 ], [ 556666.049, 3035036.609000000171363 ], [ 556665.998999999952503, 3035036.559000000357628 ], [ 556665.498999999952503, 3035036.559000000357628 ], [ 556665.474000000045635, 3035036.434000000357628 ], [ 556665.373999999952503, 3035036.334000000264496 ], [ 556665.373999999952503, 3035036.28400000045076 ], [ 556665.299, 3035036.259000000543892 ], [ 556665.023999999975786, 3035035.984000000171363 ], [ 556665.023999999975786, 3035035.934000000357628 ], [ 556664.924, 3035035.834000000264496 ], [ 556664.873999999952503, 3035035.634000000543892 ], [ 556664.824000000022352, 3035035.584000000264496 ], [ 556664.824000000022352, 3035035.484000000171363 ], [ 556664.773999999975786, 3035035.434000000357628 ], [ 556664.773999999975786, 3035034.934000000357628 ], [ 556664.824000000022352, 3035034.834000000264496 ], [ 556665.049, 3035034.559000000357628 ], [ 556665.398999999975786, 3035034.359000000171363 ], [ 556665.523999999975786, 3035034.234000000171363 ], [ 556665.623999999952503, 3035034.03400000045076 ], [ 556665.623999999952503, 3035033.684000000357628 ], [ 556665.474000000045635, 3035033.384000000543892 ], [ 556665.474000000045635, 3035033.134000000543892 ], [ 556665.748999999952503, 3035032.859000000171363 ], [ 556665.849000000045635, 3035032.809000000357628 ], [ 556665.998999999952503, 3035032.809000000357628 ] ] ] } },
{ "type": "Feature", "properties": { "unit_id": "c00167", "method": "watershed", "label": 167 }, "geometry": { "type": "Polygon", "coordinates": [ [ [ 556666.949000000022352, 3034930.009 ], [ 556667.324000000022352, 3034930.334000000264496 ], [ 556667.324000000022352, 3034930.384 ], [ 556667.474000000045635, 3034930.584000000264496 ], [ 556667.474000000045635, 3034930.684000000357628 ], [ 556667.523999999975786, 3034930.734000000171363 ], [ 556667.523999999975786, 3034931.134 ], [ 556667.474000000045635, 3034931.184000000357628 ], [ 556667.474000000045635, 3034931.28400000045076 ], [ 556667.424, 3034931.384 ], [ 556667.049, 3034931.759 ], [ 556666.199000000022352, 3034931.759 ], [ 556666.123999999952503, 3034931.684000000357628 ], [ 556666.074000000022352, 3034931.484000000171363 ], [ 556665.924, 3034931.334000000264496 ], [ 556665.873999999952503, 3034931.134 ], [ 556665.824000000022352, 3034931.084000000264496 ], [ 556665.824000000022352, 3034930.834000000264496 ], [ 556665.773999999975786, 3034930.78400000045076 ], [ 556665.824000000022352, 3034930.484000000171363 ], [ 556666.148999999975786, 3034930.15900000045076 ], [ 556666.349000000045635, 3034930.059000000357628 ], [ 556666.449000000022352, 3034930.059000000357628 ], [ 556666.498999999952503, 3034930.009 ], [ 556666.949000000022352, 3034930.009 ] ] ] } },
{ "type": "Feature", "properties": { "unit_id": "c00168", "method": "watershed", "label": 168 }, "geometry": { "type": "Polygon", "coordinates": [ [ [ 556659.199000000022352, 3034931.809000000357628 ], [ 556659.248999999952503, 3034931.859000000171363 ], [ 556659.349000000045635, 3034931.859000000171363 ], [ 556659.873999999952503, 3034932.434000000357628 ], [ 556659.974000000045635, 3034932.634 ], [ 556659.974000000045635, 3034932.984000000171363 ], [ 556659.824000000022352, 3034933.184000000357628 ], [ 556659.824000000022352, 3034933.234000000171363 ], [ 556659.599000000045635, 3034933.459000000264496 ], [ 556659.248999999952503, 3034933.65900000045076 ], [ 556659.148999999975786, 3034933.65900000045076 ], [ 556659.099000000045635, 3034933.709000000264496 ], [ 556658.898999999975786, 3034933.709000000264496 ], [ 556658.849000000045635, 3034933.65900000045076 ], [ 556658.599000000045635, 3034933.609000000171363 ], [ 556658.299, 3034933.359000000171363 ], [ 556658.248999999952503, 3034933.359000000171363 ], [ 556658.074000000022352, 3034933.084000000264496 ], [ 556658.023999999975786, 3034932.834000000264496 ], [ 556658.074000000022352, 3034932.78400000045076 ], [ 556658.074000000022352, 3034932.634 ], [ 556658.174, 3034932.434000000357628 ], [ 556658.498999999952503, 3034932.109000000171363 ], [ 556658.549, 3034932.109000000171363 ], [ 556658.898999999975786, 3034931.859000000171363 ], [ 556659.199000000022352, 3034931.809000000357628 ] ] ] } },
{ "type": "Feature", "properties": { "unit_id": "c00169", "method": "watershed", "label": 169 }, "geometry": { "type": "Polygon", "coordinates": [ [ [ 556658.349000000045635, 3035045.059000000357628 ], [ 556658.549, 3035045.15900000045076 ], [ 556658.824000000022352, 3035045.484000000171363 ], [ 556658.873999999952503, 3035045.584000000264496 ], [ 556658.873999999952503, 3035046.084000000264496 ], [ 556658.748999999952503, 3035046.259000000543892 ], [ 556658.099000000045635, 3035046.609000000171363 ], [ 556657.998999999952503, 3035046.609000000171363 ], [ 556657.949000000022352, 3035046.65900000045076 ], [ 556657.648999999975786, 3035046.609000000171363 ], [ 556657.373999999952503, 3035046.334000000264496 ], [ 556657.324000000022352, 3035046.234000000171363 ], [ 556657.324000000022352, 3035045.834000000264496 ], [ 556657.474000000045635, 3035045.634000000543892 ], [ 556657.474000000045635, 3035045.584000000264496 ], [ 556657.898999999975786, 3035045.15900000045076 ], [ 556658.099000000045635, 3035045.059000000357628 ], [ 556658.349000000045635, 3035045.059000000357628 ] ] ] } },
{ "type": "Feature", "properties": { "unit_id": "c00170", "method": "watershed", "label": 170 }, "geometry": { "type": "Polygon", "coordinates": [ [ [ 556650.848999999929219, 3035021.15900000045076 ], [ 556650.873999999952503, 3035021.28400000045076 ], [ 556651.174, 3035021.884000000543892 ], [ 556651.174, 3035022.28400000045076 ], [ 556650.924, 3035022.734000000171363 ], [ 556650.924, 3035023.134000000543892 ], [ 556651.174, 3035023.634000000543892 ], [ 556651.623999999952503, 3035024.184000000357628 ], [ 556651.674, 3035024.28400000045076 ], [ 556651.674, 3035024.584000000264496 ], [ 556651.623999999952503, 3035024.684000000357628 ], [ 556651.398999999975786, 3035024.90900000045076 ], [ 556651.199000000022352, 3035025.009000000543892 ], [ 556650.598999999929219, 3035025.059000000357628 ], [ 556650.549, 3035025.009000000543892 ], [ 556650.199000000022352, 3035025.009000000543892 ], [ 556650.098999999929219, 3035024.959000000264496 ], [ 556649.998999999952503, 3035024.859000000171363 ], [ 556649.949000000022352, 3035024.859000000171363 ], [ 556649.523999999975786, 3035024.434000000357628 ], [ 556649.523999999975786, 3035024.134000000543892 ], [ 556649.674, 3035023.934000000357628 ], [ 556649.674, 3035023.834000000264496 ], [ 556649.723999999929219, 3035023.78400000045076 ], [ 556649.723999999929219, 3035023.584000000264496 ], [ 556649.873999999952503, 3035023.384000000543892 ], [ 556649.924, 3035023.184000000357628 ], [ 556649.973999999929219, 3035023.134000000543892 ], [ 556649.924, 3035023.084000000264496 ], [ 556649.873999999952503, 3035022.884000000543892 ], [ 556649.674, 3035022.684000000357628 ], [ 556649.674, 3035022.634000000543892 ], [ 556649.523999999975786, 3035022.434000000357628 ], [ 556649.473999999929219, 3035022.03400000045076 ], [ 556649.648999999975786, 3035021.809000000357628 ], [ 556649.748999999952503, 3035021.809000000357628 ], [ 556649.799, 3035021.759000000543892 ], [ 556649.998999999952503, 3035021.709000000264496 ], [ 556650.223999999929219, 3035021.484000000171363 ], [ 556650.273999999975786, 3035021.28400000045076 ], [ 556650.324000000022352, 3035021.234000000171363 ], [ 556650.273999999975786, 3035021.184000000357628 ], [ 556650.299, 3035021.15900000045076 ], [ 556650.848999999929219, 3035021.15900000045076 ] ] ] } },
{ "type": "Feature", "properties": { "unit_id": "c00171", "method": "watershed", "label": 171 }, "geometry": { "type": "Polygon", "coordinates": [ [ [ 556612.748999999952503, 3034982.509 ], [ 556613.049, 3034982.709000000264496 ], [ 556613.299, 3034982.759 ], [ 556613.698999999905936, 3034982.959000000264496 ], [ 556613.873999999952503, 3034983.134 ], [ 556613.873999999952503, 3034983.184000000357628 ], [ 556614.023999999975786, 3034983.384 ], [ 556614.023999999975786, 3034983.584000000264496 ], [ 556614.073999999905936, 3034983.634 ], [ 556614.023999999975786, 3034983.684000000357628 ], [ 556614.023999999975786, 3034983.884 ], [ 556613.823999999905936, 3034984.234000000171363 ], [ 556613.823999999905936, 3034984.934000000357628 ], [ 556613.873999999952503, 3034984.984000000171363 ], [ 556613.873999999952503, 3034985.184000000357628 ], [ 556613.823999999905936, 3034985.234000000171363 ], [ 556613.823999999905936, 3034985.384 ], [ 556613.623999999952503, 3034985.734000000171363 ], [ 556613.623999999952503, 3034986.384 ], [ 556613.424, 3034986.634 ], [ 556613.424, 3034986.684000000357628 ], [ 556613.348999999929219, 3034986.709000000264496 ], [ 556613.148999999975786, 3034986.90900000045076 ], [ 556613.098999999929219, 3034986.90900000045076 ], [ 556612.898999999975786, 3034987.109000000171363 ], [ 556612.848999999929219, 3034987.109000000171363 ], [ 556612.773999999975786, 3034987.184000000357628 ], [ 556612.698999999905936, 3034987.359000000171363 ], [ 556611.948999999905936, 3034987.40900000045076 ], [ 556611.924, 3034987.184000000357628 ], [ 556611.873999999952503, 3034987.084000000264496 ], [ 556611.373999999952503, 3034986.434000000357628 ], [ 556611.273999999975786, 3034986.234000000171363 ], [ 556611.273999999975786, 3034986.134 ], [ 556611.223999999929219, 3034986.084000000264496 ], [ 556611.223999999929219, 3034984.984000000171363 ], [ 556611.174, 3034984.934000000357628 ], [ 556611.174, 3034984.684000000357628 ], [ 556611.123999999952503, 3034984.634 ], [ 556611.123999999952503, 3034984.434000000357628 ], [ 556611.073999999905936, 3034984.384 ], [ 556611.698999999905936, 3034984.359000000171363 ], [ 556611.998999999952503, 3034984.209000000264496 ], [ 556612.098999999929219, 3034984.209000000264496 ], [ 556612.248999999952503, 3034984.109000000171363 ], [ 556612.498999999952503, 3034984.059000000357628 ], [ 556612.773999999975786, 3034983.834000000264496 ], [ 556612.723999999929219, 3034983.78400000045076 ], [ 556612.748999999952503, 3034982.509 ] ] ] } },
{ "type": "Feature", "properties": { "unit_id": "c00172", "method": "watershed", "label": 172 }, "geometry": { "type": "Polygon", "coordinates": [ [ [ 556620.549, 3035004.959000000264496 ], [ 556620.623999999952503, 3035005.03400000045076 ], [ 556620.623999999952503, 3035005.084000000264496 ], [ 556621.023999999975786, 3035005.484000000171363 ], [ 556621.023999999975786, 3035005.53400000045076 ], [ 556621.098999999929219, 3035005.559000000357628 ], [ 556621.373999999952503, 3035005.834000000264496 ], [ 556621.473999999929219, 3035005.984000000171363 ], [ 556621.473999999929219, 3035006.134 ], [ 556621.424, 3035006.234000000171363 ], [ 556621.023999999975786, 3035006.684000000357628 ], [ 556620.773999999975786, 3035007.234000000171363 ], [ 556620.698999999905936, 3035007.309000000357628 ], [ 556619.948999999905936, 3035007.309000000357628 ], [ 556619.799, 3035007.209000000264496 ], [ 556619.549, 3035007.209000000264496 ], [ 556619.498999999952503, 3035007.259 ], [ 556618.748999999952503, 3035007.259 ], [ 556618.723999999929219, 3035007.134 ], [ 556618.674, 3035007.084000000264496 ], [ 556618.674, 3035006.984000000171363 ], [ 556618.473999999929219, 3035006.634 ], [ 556618.473999999929219, 3035006.434000000357628 ], [ 556618.424, 3035006.384 ], [ 556618.424, 3035005.684000000357628 ], [ 556618.473999999929219, 3035005.634 ], [ 556618.523999999975786, 3035005.384 ], [ 556618.573999999905936, 3035005.334000000264496 ], [ 556618.573999999905936, 3035005.134 ], [ 556619.348999999929219, 3035005.109000000171363 ], [ 556619.549, 3035005.009 ], [ 556620.098999999929219, 3035005.009 ], [ 556620.148999999975786, 3035004.959000000264496 ], [ 556620.549, 3035004.959000000264496 ] ] ] } },
{ "type": "Feature", "properties": { "unit_id": "c00173", "method": "watershed", "label": 173 }, "geometry": { "type": "Polygon", "coordinates": [ [ [ 556658.398999999975786, 3034993.709000000264496 ], [ 556658.898999999975786, 3034993.959000000264496 ], [ 556659.224000000045635, 3034994.28400000045076 ], [ 556659.373999999952503, 3034994.584000000264496 ], [ 556659.373999999952503, 3034994.684000000357628 ], [ 556659.324000000022352, 3034994.734000000171363 ], [ 556659.324000000022352, 3034994.834000000264496 ], [ 556659.224000000045635, 3034995.03400000045076 ], [ 556658.949000000022352, 3034995.309000000357628 ], [ 556658.799, 3034995.359000000171363 ], [ 556658.523999999975786, 3034995.634 ], [ 556658.523999999975786, 3034995.78400000045076 ], [ 556658.574000000022352, 3034995.884 ], [ 556658.799, 3034996.009 ], [ 556658.974000000045635, 3034996.184000000357628 ], [ 556658.974000000045635, 3034996.28400000045076 ], [ 556659.023999999975786, 3034996.334000000264496 ], [ 556658.974000000045635, 3034996.434000000357628 ], [ 556658.974000000045635, 3034996.634 ], [ 556658.924, 3034996.684000000357628 ], [ 556658.924, 3034996.884 ], [ 556658.873999999952503, 3034996.934000000357628 ], [ 556658.873999999952503, 3034997.03400000045076 ], [ 556658.699000000022352, 3034997.259 ], [ 556658.599000000045635, 3034997.309000000357628 ], [ 556658.349000000045635, 3034997.309000000357628 ], [ 556658.299, 3034997.259 ], [ 556658.199000000022352, 3034997.259 ], [ 556657.949000000022352, 3034997.059000000357628 ], [ 556657.898999999975786, 3034997.059000000357628 ], [ 556657.574000000022352, 3034996.734000000171363 ], [ 556657.523999999975786, 3034996.634 ], [ 556657.523999999975786, 3034996.334000000264496 ], [ 556657.724000000045635, 3034995.934000000357628 ], [ 556657.724000000045635, 3034995.584000000264496 ], [ 556657.674, 3034995.484000000171363 ], [ 556657.324000000022352, 3034995.134 ], [ 556657.224000000045635, 3034994.934000000357628 ], [ 556657.224000000045635, 3034994.734000000171363 ], [ 556657.174, 3034994.684000000357628 ], [ 556657.174, 3034994.384 ], [ 556657.224000000045635, 3034994.334000000264496 ], [ 556657.224000000045635, 3034994.234000000171363 ], [ 556657.398999999975786, 3034994.009 ], [ 556657.748999999952503, 3034993.809000000357628 ], [ 556657.998999999952503, 3034993.759 ], [ 556658.049, 3034993.709000000264496 ], [ 556658.398999999975786, 3034993.709000000264496 ] ] ] } },
{ "type": "Feature", "properties": { "unit_id": "c00174", "method": "watershed", "label": 174 }, "geometry": { "type": "Polygon", "coordinates": [ [ [ 556635.648999999975786, 3034995.459000000264496 ], [ 556635.699000000022352, 3034995.509 ], [ 556635.848999999929219, 3034995.509 ], [ 556635.949000000022352, 3034995.559000000357628 ], [ 556636.174, 3034995.834000000264496 ], [ 556636.174, 3034995.934000000357628 ], [ 556636.324000000022352, 3034996.234000000171363 ], [ 556636.324000000022352, 3034996.584000000264496 ], [ 556636.223999999929219, 3034996.78400000045076 ], [ 556636.049, 3034996.959000000264496 ], [ 556635.699000000022352, 3034997.109000000171363 ], [ 556635.598999999929219, 3034997.209000000264496 ], [ 556634.799, 3034997.209000000264496 ], [ 556634.523999999975786, 3034996.934000000357628 ], [ 556634.523999999975786, 3034996.884 ], [ 556634.373999999952503, 3034996.684000000357628 ], [ 556634.373999999952503, 3034996.53400000045076 ], [ 556634.324000000022352, 3034996.484000000171363 ], [ 556634.373999999952503, 3034996.184000000357628 ], [ 556634.424, 3034996.084000000264496 ], [ 556634.748999999952503, 3034995.759 ], [ 556635.148999999975786, 3034995.559000000357628 ], [ 556635.648999999975786, 3034995.459000000264496 ] ] ] } },
{ "type": "Feature", "properties": { "unit_id": "c00175", "method": "watershed", "label": 175 }, "geometry": { "type": "Polygon", "coordinates": [ [ [ 556643.799, 3034929.309000000357628 ], [ 556643.848999999929219, 3034929.359000000171363 ], [ 556644.049, 3034929.40900000045076 ], [ 556644.174, 3034929.53400000045076 ], [ 556644.373999999952503, 3034929.884 ], [ 556644.373999999952503, 3034930.084000000264496 ], [ 556644.324000000022352, 3034930.134 ], [ 556644.324000000022352, 3034930.28400000045076 ], [ 556644.273999999975786, 3034930.384 ], [ 556644.049, 3034930.65900000045076 ], [ 556643.848999999929219, 3034930.759 ], [ 556643.598999999929219, 3034930.759 ], [ 556643.248999999952503, 3034930.559000000357628 ], [ 556643.148999999975786, 3034930.459000000264496 ], [ 556643.098999999929219, 3034930.459000000264496 ], [ 556642.824000000022352, 3034930.184000000357628 ], [ 556642.824000000022352, 3034929.934000000357628 ], [ 556642.924, 3034929.734000000171363 ], [ 556643.148999999975786, 3034929.509 ], [ 556643.348999999929219, 3034929.40900000045076 ], [ 556643.449000000022352, 3034929.40900000045076 ], [ 556643.498999999952503, 3034929.359000000171363 ], [ 556643.699000000022352, 3034929.359000000171363 ], [ 556643.799, 3034929.309000000357628 ] ] ] } },
{ "type": "Feature", "properties": { "unit_id": "c00176", "method": "watershed", "label": 176 }, "geometry": { "type": "Polygon", "coordinates": [ [ [ 556666.648999999975786, 3034927.759 ], [ 556666.748999999952503, 3034927.809000000357628 ], [ 556667.148999999975786, 3034928.259 ], [ 556667.199000000022352, 3034928.259 ], [ 556667.324000000022352, 3034928.384 ], [ 556667.424, 3034928.584000000264496 ], [ 556667.424, 3034928.78400000045076 ], [ 556667.373999999952503, 3034928.834000000264496 ], [ 556667.373999999952503, 3034928.934000000357628 ], [ 556667.099000000045635, 3034929.209000000264496 ], [ 556666.898999999975786, 3034929.259 ], [ 556666.849000000045635, 3034929.309000000357628 ], [ 556666.599000000045635, 3034929.259 ], [ 556666.398999999975786, 3034929.109000000171363 ], [ 556666.349000000045635, 3034929.109000000171363 ], [ 556666.023999999975786, 3034928.78400000045076 ], [ 556665.773999999975786, 3034928.28400000045076 ], [ 556665.824000000022352, 3034928.03400000045076 ], [ 556665.949000000022352, 3034927.90900000045076 ], [ 556666.148999999975786, 3034927.809000000357628 ], [ 556666.248999999952503, 3034927.809000000357628 ], [ 556666.299, 3034927.759 ], [ 556666.648999999975786, 3034927.759 ] ] ] } },
{ "type": "Feature", "properties": { "unit_id": "c00177", "method": "watershed", "label": 177 }, "geometry": { "type": "Polygon", "coordinates": [ [ [ 556658.799, 3034957.559000000357628 ], [ 556659.099000000045635, 3034957.709000000264496 ], [ 556659.199000000022352, 3034957.709000000264496 ], [ 556659.299, 3034957.809000000357628 ], [ 556659.349000000045635, 3034957.809000000357628 ], [ 556659.623999999952503, 3034958.084000000264496 ], [ 556659.674, 3034958.384 ], [ 556659.623999999952503, 3034958.434000000357628 ], [ 556659.623999999952503, 3034958.584000000264496 ], [ 556659.523999999975786, 3034958.78400000045076 ], [ 556659.398999999975786, 3034958.90900000045076 ], [ 556659.199000000022352, 3034959.009 ], [ 556658.949000000022352, 3034959.309000000357628 ], [ 556658.449000000022352, 3034959.359000000171363 ], [ 556658.349000000045635, 3034959.259 ], [ 556657.898999999975786, 3034959.059000000357628 ], [ 556657.824000000022352, 3034958.984000000171363 ], [ 556657.724000000045635, 3034958.78400000045076 ], [ 556657.724000000045635, 3034958.28400000045076 ], [ 556657.773999999975786, 3034958.234000000171363 ], [ 556657.824000000022352, 3034958.03400000045076 ], [ 556658.099000000045635, 3034957.709000000264496 ], [ 556658.398999999975786, 3034957.559000000357628 ], [ 556658.799, 3034957.559000000357628 ] ] ] } },
{ "type": "Feature", "properties": { "unit_id": "c00178", "method": "watershed", "label": 178 }, "geometry": { "type": "Polygon", "coordinates": [ [ [ 556666.148999999975786, 3035006.859000000171363 ], [ 556666.349000000045635, 3035006.959000000264496 ], [ 556666.623999999952503, 3035007.28400000045076 ], [ 556666.674, 3035007.484000000171363 ], [ 556666.724000000045635, 3035007.53400000045076 ], [ 556666.724000000045635, 3035007.634 ], [ 556666.773999999975786, 3035007.684000000357628 ], [ 556666.773999999975786, 3035007.834000000264496 ], [ 556666.674, 3035008.03400000045076 ], [ 556666.324000000022352, 3035008.384 ], [ 556666.324000000022352, 3035008.434000000357628 ], [ 556666.224000000045635, 3035008.53400000045076 ], [ 556666.224000000045635, 3035008.634 ], [ 556666.174, 3035008.684000000357628 ], [ 556666.148999999975786, 3035008.809000000357628 ], [ 556665.748999999952503, 3035008.809000000357628 ], [ 556665.724000000045635, 3035008.684000000357628 ], [ 556665.498999999952503, 3035008.459000000264496 ], [ 556665.199000000022352, 3035008.309000000357628 ], [ 556664.924, 3035008.03400000045076 ], [ 556664.924, 3035007.984000000171363 ], [ 556664.824000000022352, 3035007.884 ], [ 556664.824000000022352, 3035007.684000000357628 ], [ 556664.974000000045635, 3035007.484000000171363 ], [ 556665.023999999975786, 3035007.334000000264496 ], [ 556665.299, 3035007.059000000357628 ], [ 556665.599000000045635, 3035006.90900000045076 ], [ 556665.748999999952503, 3035006.90900000045076 ], [ 556665.799, 3035006.859000000171363 ], [ 556666.148999999975786, 3035006.859000000171363 ] ] ] } },
{ "type": "Feature", "properties": { "unit_id": "c00179", "method": "watershed", "label": 179 }, "geometry": { "type": "Polygon", "coordinates": [ [ [ 556628.248999999952503, 3034953.559000000357628 ], [ 556628.449000000022352, 3034953.65900000045076 ], [ 556628.549, 3034953.65900000045076 ], [ 556628.748999999952503, 3034953.809000000357628 ], [ 556628.799, 3034953.809000000357628 ], [ 556629.223999999929219, 3034954.234000000171363 ], [ 556629.373999999952503, 3034954.53400000045076 ], [ 556629.373999999952503, 3034954.884 ], [ 556629.273999999975786, 3034955.084000000264496 ], [ 556628.898999999975786, 3034955.40900000045076 ], [ 556628.799, 3034955.40900000045076 ], [ 556628.748999999952503, 3034955.459000000264496 ], [ 556628.549, 3034955.459000000264496 ], [ 556628.498999999952503, 3034955.509 ], [ 556627.949000000022352, 3034955.509 ], [ 556627.898999999975786, 3034955.459000000264496 ], [ 556627.648999999975786, 3034955.459000000264496 ], [ 556627.598999999929219, 3034955.40900000045076 ], [ 556627.299, 3034955.40900000045076 ], [ 556627.098999999929219, 3034955.309000000357628 ], [ 556626.973999999929219, 3034955.184000000357628 ], [ 556626.873999999952503, 3034954.984000000171363 ], [ 556626.873999999952503, 3034954.384 ], [ 556626.924, 3034954.334000000264496 ], [ 556626.973999999929219, 3034954.134 ], [ 556627.074000000022352, 3034954.03400000045076 ], [ 556627.074000000022352, 3034953.984000000171363 ], [ 556627.398999999975786, 3034953.65900000045076 ], [ 556627.498999999952503, 3034953.609000000171363 ], [ 556627.648999999975786, 3034953.609000000171363 ], [ 556627.699000000022352, 3034953.559000000357628 ], [ 556628.248999999952503, 3034953.559000000357628 ] ] ] } },
{ "type": "Feature", "properties": { "unit_id": "c00180", "method": "watershed", "label": 180 }, "geometry": { "type": "Polygon", "coordinates": [ [ [ 556650.598999999929219, 3035029.509000000543892 ], [ 556650.674, 3035029.584000000264496 ], [ 556650.674, 3035029.634000000543892 ], [ 556651.023999999975786, 3035029.934000000357628 ], [ 556651.174, 3035030.234000000171363 ], [ 556651.174, 3035030.384000000543892 ], [ 556651.223999999929219, 3035030.434000000357628 ], [ 556651.223999999929219, 3035030.884000000543892 ], [ 556651.174, 3035030.984000000171363 ], [ 556650.998999999952503, 3035031.15900000045076 ], [ 556650.898999999975786, 3035031.209000000264496 ], [ 556650.699000000022352, 3035031.209000000264496 ], [ 556650.648999999975786, 3035031.259000000543892 ], [ 556650.398999999975786, 3035031.209000000264496 ], [ 556650.098999999929219, 3035031.059000000357628 ], [ 556649.998999999952503, 3035030.959000000264496 ], [ 556649.748999999952503, 3035030.859000000171363 ], [ 556649.523999999975786, 3035030.584000000264496 ], [ 556649.523999999975786, 3035030.434000000357628 ], [ 556649.574000000022352, 3035030.384000000543892 ], [ 556649.623999999952503, 3035030.184000000357628 ], [ 556650.123999999952503, 3035029.684000000357628 ], [ 556650.123999999952503, 3035029.584000000264496 ], [ 556650.074000000022352, 3035029.53400000045076 ], [ 556650.598999999929219, 3035029.509000000543892 ] ] ] } },
{ "type": "Feature", "properties": { "unit_id": "c00181", "method": "watershed", "label": 181 }, "geometry": { "type": "Polygon", "coordinates": [ [ [ 556628.699000000022352, 3034970.609000000171363 ], [ 556628.824000000022352, 3034970.934000000357628 ], [ 556628.973999999929219, 3034971.134 ], [ 556629.023999999975786, 3034971.434000000357628 ], [ 556629.074000000022352, 3034971.484000000171363 ], [ 556629.074000000022352, 3034971.78400000045076 ], [ 556629.123999999952503, 3034971.834000000264496 ], [ 556629.123999999952503, 3034971.984000000171363 ], [ 556629.074000000022352, 3034972.03400000045076 ], [ 556629.074000000022352, 3034972.184000000357628 ], [ 556629.023999999975786, 3034972.28400000045076 ], [ 556628.623999999952503, 3034972.734000000171363 ], [ 556628.598999999929219, 3034972.809000000357628 ], [ 556627.098999999929219, 3034972.809000000357628 ], [ 556627.074000000022352, 3034972.53400000045076 ], [ 556627.023999999975786, 3034972.484000000171363 ], [ 556626.973999999929219, 3034972.234000000171363 ], [ 556626.674, 3034971.684000000357628 ], [ 556626.674, 3034971.53400000045076 ], [ 556626.623999999952503, 3034971.484000000171363 ], [ 556626.723999999929219, 3034971.084000000264496 ], [ 556626.873999999952503, 3034970.834000000264496 ], [ 556626.873999999952503, 3034970.734000000171363 ], [ 556626.949000000022352, 3034970.65900000045076 ], [ 556628.098999999929219, 3034970.65900000045076 ], [ 556628.148999999975786, 3034970.609000000171363 ], [ 556628.699000000022352, 3034970.609000000171363 ] ] ] } },
{ "type": "Feature", "properties": { "unit_id": "c00182", "method": "watershed", "label": 182 }, "geometry": { "type": "Polygon", "coordinates": [ [ [ 556651.049, 3035018.859000000171363 ], [ 556651.273999999975786, 3035019.03400000045076 ], [ 556651.373999999952503, 3035019.234000000171363 ], [ 556651.373999999952503, 3035019.384000000543892 ], [ 556651.473999999929219, 3035019.584000000264496 ], [ 556651.473999999929219, 3035019.78400000045076 ], [ 556651.523999999975786, 3035019.834000000264496 ], [ 556651.473999999929219, 3035019.934000000357628 ], [ 556651.473999999929219, 3035020.084000000264496 ], [ 556651.424, 3035020.134000000543892 ], [ 556651.424, 3035020.234000000171363 ], [ 556651.273999999975786, 3035020.53400000045076 ], [ 556650.973999999929219, 3035020.884000000543892 ], [ 556650.973999999929219, 3035020.934000000357628 ], [ 556650.873999999952503, 3035021.03400000045076 ], [ 556650.848999999929219, 3035021.15900000045076 ], [ 556650.299, 3035021.15900000045076 ], [ 556650.098999999929219, 3035020.959000000264496 ], [ 556649.748999999952503, 3035020.809000000357628 ], [ 556649.373999999952503, 3035020.434000000357628 ], [ 556649.273999999975786, 3035020.234000000171363 ], [ 556649.273999999975786, 3035019.984000000171363 ], [ 556649.324000000022352, 3035019.884000000543892 ], [ 556649.598999999929219, 3035019.609000000171363 ], [ 556649.648999999975786, 3035019.609000000171363 ], [ 556649.898999999975786, 3035019.40900000045076 ], [ 556650.648999999975786, 3035019.109000000171363 ], [ 556650.898999999975786, 3035018.859000000171363 ], [ 556651.049, 3035018.859000000171363 ] ] ] } },
{ "type": "Feature", "properties": { "unit_id": "c00183", "method": "watershed", "label": 183 }, "geometry": { "type": "Polygon", "coordinates": [ [ [ 556627.598999999929219, 3034956.009 ], [ 556627.799, 3034956.109000000171363 ], [ 556627.898999999975786, 3034956.109000000171363 ], [ 556628.248999999952503, 3034956.309000000357628 ], [ 556628.523999999975786, 3034956.634 ], [ 556628.574000000022352, 3034956.984000000171363 ], [ 556628.523999999975786, 3034957.03400000045076 ], [ 556628.523999999975786, 3034957.234000000171363 ], [ 556628.473999999929219, 3034957.28400000045076 ], [ 556628.473999999929219, 3034957.384 ], [ 556628.273999999975786, 3034957.734000000171363 ], [ 556628.273999999975786, 3034957.834000000264496 ], [ 556628.174, 3034958.03400000045076 ], [ 556628.174, 3034958.234000000171363 ], [ 556628.223999999929219, 3034958.28400000045076 ], [ 556627.998999999952503, 3034958.459000000264496 ], [ 556627.148999999975786, 3034958.459000000264496 ], [ 556626.848999999929219, 3034958.109000000171363 ], [ 556626.799, 3034958.109000000171363 ], [ 556626.648999999975786, 3034957.959000000264496 ], [ 556626.598999999929219, 3034957.959000000264496 ], [ 556626.424, 3034957.78400000045076 ], [ 556626.223999999929219, 3034957.384 ], [ 556626.174, 3034957.03400000045076 ], [ 556626.223999999929219, 3034956.984000000171363 ], [ 556626.223999999929219, 3034956.884 ], [ 556626.324000000022352, 3034956.684000000357628 ], [ 556626.549, 3034956.459000000264496 ], [ 556626.598999999929219, 3034956.459000000264496 ], [ 556626.748999999952503, 3034956.309000000357628 ], [ 556626.799, 3034956.309000000357628 ], [ 556626.998999999952503, 3034956.109000000171363 ], [ 556627.199000000022352, 3034956.009 ], [ 556627.598999999929219, 3034956.009 ] ] ] } },
{ "type": "Feature", "properties": { "unit_id": "c00184", "method": "watershed", "label": 184 }, "geometry": { "type": "Polygon", "coordinates": [ [ [ 556650.398999999975786, 3035033.90900000045076 ], [ 556650.449000000022352, 3035033.959000000264496 ], [ 556650.699000000022352, 3035033.959000000264496 ], [ 556650.748999999952503, 3035034.009000000543892 ], [ 556650.848999999929219, 3035034.009000000543892 ], [ 556651.148999999975786, 3035034.15900000045076 ], [ 556651.223999999929219, 3035034.234000000171363 ], [ 556651.273999999975786, 3035034.334000000264496 ], [ 556651.273999999975786, 3035034.734000000171363 ], [ 556651.324000000022352, 3035034.78400000045076 ], [ 556651.324000000022352, 3035034.884000000543892 ], [ 556651.273999999975786, 3035034.934000000357628 ], [ 556651.273999999975786, 3035035.084000000264496 ], [ 556651.174, 3035035.28400000045076 ], [ 556650.898999999975786, 3035035.559000000357628 ], [ 556650.598999999929219, 3035035.609000000171363 ], [ 556650.549, 3035035.65900000045076 ], [ 556650.098999999929219, 3035035.65900000045076 ], [ 556649.873999999952503, 3035035.384000000543892 ], [ 556649.873999999952503, 3035035.134000000543892 ], [ 556649.824000000022352, 3035035.084000000264496 ], [ 556649.824000000022352, 3035034.934000000357628 ], [ 556649.674, 3035034.684000000357628 ], [ 556649.674, 3035034.28400000045076 ], [ 556649.723999999929219, 3035034.234000000171363 ], [ 556649.723999999929219, 3035034.134000000543892 ], [ 556649.898999999975786, 3035033.959000000264496 ], [ 556649.998999999952503, 3035033.90900000045076 ], [ 556650.398999999975786, 3035033.90900000045076 ] ] ] } },
{ "type": "Feature", "properties": { "unit_id": "c00185", "method": "watershed", "label": 185 }, "geometry": { "type": "Polygon", "coordinates": [ [ [ 556627.449000000022352, 3034997.459000000264496 ], [ 556627.498999999952503, 3034997.509 ], [ 556627.699000000022352, 3034997.509 ], [ 556627.748999999952503, 3034997.559000000357628 ], [ 556628.248999999952503, 3034997.559000000357628 ], [ 556628.324000000022352, 3034997.634 ], [ 556628.373999999952503, 3034997.834000000264496 ], [ 556628.424, 3034997.884 ], [ 556628.473999999929219, 3034999.03400000045076 ], [ 556628.373999999952503, 3034999.234000000171363 ], [ 556628.273999999975786, 3034999.334000000264496 ], [ 556628.273999999975786, 3034999.484000000171363 ], [ 556628.324000000022352, 3034999.584000000264496 ], [ 556628.049, 3034999.709000000264496 ], [ 556627.248999999952503, 3034999.709000000264496 ], [ 556627.223999999929219, 3034999.584000000264496 ], [ 556627.273999999975786, 3034999.53400000045076 ], [ 556627.273999999975786, 3034999.334000000264496 ], [ 556627.174, 3034999.134 ], [ 556626.523999999975786, 3034998.484000000171363 ], [ 556626.424, 3034998.28400000045076 ], [ 556626.424, 3034998.134 ], [ 556626.473999999929219, 3034998.03400000045076 ], [ 556626.748999999952503, 3034997.759 ], [ 556626.799, 3034997.759 ], [ 556626.898999999975786, 3034997.65900000045076 ], [ 556626.998999999952503, 3034997.65900000045076 ], [ 556627.049, 3034997.609000000171363 ], [ 556627.248999999952503, 3034997.559000000357628 ], [ 556627.348999999929219, 3034997.459000000264496 ], [ 556627.449000000022352, 3034997.459000000264496 ] ] ] } },
{ "type": "Feature", "properties": { "unit_id": "c00186", "method": "watershed", "label": 186 }, "geometry": { "type": "Polygon", "coordinates": [ [ [ 556643.449000000022352, 3034970.059000000357628 ], [ 556643.498999999952503, 3034970.109000000171363 ], [ 556643.598999999929219, 3034970.109000000171363 ], [ 556643.648999999975786, 3034970.15900000045076 ], [ 556643.848999999929219, 3034970.209000000264496 ], [ 556643.973999999929219, 3034970.334000000264496 ], [ 556644.074000000022352, 3034970.484000000171363 ], [ 556644.123999999952503, 3034970.734000000171363 ], [ 556643.873999999952503, 3034971.234000000171363 ], [ 556643.598999999929219, 3034971.509 ], [ 556643.498999999952503, 3034971.559000000357628 ], [ 556643.248999999952503, 3034971.559000000357628 ], [ 556642.748999999952503, 3034971.309000000357628 ], [ 556642.348999999929219, 3034970.90900000045076 ], [ 556642.324000000022352, 3034970.634 ], [ 556642.424, 3034970.434000000357628 ], [ 556642.699000000022352, 3034970.209000000264496 ], [ 556642.898999999975786, 3034970.109000000171363 ], [ 556642.998999999952503, 3034970.109000000171363 ], [ 556643.049, 3034970.059000000357628 ], [ 556643.449000000022352, 3034970.059000000357628 ] ] ] } },
{ "type": "Feature", "properties": { "unit_id": "c00187", "method": "watershed", "label": 187 }, "geometry": { "type": "Polygon", "coordinates": [ [ [ 556658.248999999952503, 3034991.40900000045076 ], [ 556658.299, 3034991.459000000264496 ], [ 556658.699000000022352, 3034991.459000000264496 ], [ 556658.773999999975786, 3034991.734000000171363 ], [ 556659.074000000022352, 3034992.03400000045076 ], [ 556659.224000000045635, 3034992.334000000264496 ], [ 556659.224000000045635, 3034992.734000000171363 ], [ 556659.123999999952503, 3034992.934000000357628 ], [ 556658.974000000045635, 3034993.084000000264496 ], [ 556658.949000000022352, 3034993.15900000045076 ], [ 556658.898999999975786, 3034993.15900000045076 ], [ 556658.748999999952503, 3034993.309000000357628 ], [ 556658.549, 3034993.40900000045076 ], [ 556658.099000000045635, 3034993.40900000045076 ], [ 556658.049, 3034993.359000000171363 ], [ 556657.949000000022352, 3034993.359000000171363 ], [ 556657.648999999975786, 3034993.209000000264496 ], [ 556657.324000000022352, 3034992.884 ], [ 556657.273999999975786, 3034992.78400000045076 ], [ 556657.273999999975786, 3034992.334000000264496 ], [ 556657.474000000045635, 3034991.984000000171363 ], [ 556657.724000000045635, 3034991.684000000357628 ], [ 556657.824000000022352, 3034991.434000000357628 ], [ 556658.248999999952503, 3034991.40900000045076 ] ] ] } },
{ "type": "Feature", "properties": { "unit_id": "c00188", "method": "watershed", "label": 188 }, "geometry": { "type": "Polygon", "coordinates": [ [ [ 556636.348999999929219, 3034921.809000000357628 ], [ 556636.449000000022352, 3034921.959000000264496 ], [ 556636.799, 3034922.059000000357628 ], [ 556636.924, 3034922.234000000171363 ], [ 556636.924, 3034922.634 ], [ 556636.973999999929219, 3034922.684000000357628 ], [ 556636.973999999929219, 3034922.78400000045076 ], [ 556637.074000000022352, 3034922.984000000171363 ], [ 556637.074000000022352, 3034923.134 ], [ 556637.123999999952503, 3034923.184000000357628 ], [ 556637.074000000022352, 3034923.434000000357628 ], [ 556637.023999999975786, 3034923.53400000045076 ], [ 556636.799, 3034923.759 ], [ 556636.648999999975786, 3034923.809000000357628 ], [ 556636.523999999975786, 3034923.934000000357628 ], [ 556636.523999999975786, 3034924.084000000264496 ], [ 556636.574000000022352, 3034924.134 ], [ 556636.498999999952503, 3034924.209000000264496 ], [ 556636.148999999975786, 3034924.209000000264496 ], [ 556635.898999999975786, 3034924.359000000171363 ], [ 556635.248999999952503, 3034924.359000000171363 ], [ 556635.174, 3034923.984000000171363 ], [ 556635.023999999975786, 3034923.684000000357628 ], [ 556634.799, 3034923.459000000264496 ], [ 556634.498999999952503, 3034923.309000000357628 ], [ 556634.373999999952503, 3034923.134 ], [ 556634.373999999952503, 3034922.584000000264496 ], [ 556634.424, 3034922.53400000045076 ], [ 556634.424, 3034922.434000000357628 ], [ 556634.648999999975786, 3034922.209000000264496 ], [ 556635.049, 3034922.059000000357628 ], [ 556635.248999999952503, 3034921.859000000171363 ], [ 556635.898999999975786, 3034921.859000000171363 ], [ 556635.949000000022352, 3034921.809000000357628 ], [ 556636.348999999929219, 3034921.809000000357628 ] ] ] } },
{ "type": "Feature", "properties": { "unit_id": "c00189", "method": "watershed", "label": 189 }, "geometry": { "type": "Polygon", "coordinates": [ [ [ 556634.799, 3035009.65900000045076 ], [ 556634.998999999952503, 3035009.859000000171363 ], [ 556635.148999999975786, 3035009.859000000171363 ], [ 556635.199000000022352, 3035009.90900000045076 ], [ 556635.449000000022352, 3035009.859000000171363 ], [ 556635.498999999952503, 3035009.90900000045076 ], [ 556635.699000000022352, 3035009.90900000045076 ], [ 556635.898999999975786, 3035010.009 ], [ 556636.299, 3035010.40900000045076 ], [ 556636.373999999952503, 3035010.434000000357628 ], [ 556636.373999999952503, 3035010.484000000171363 ], [ 556636.523999999975786, 3035010.634 ], [ 556636.574000000022352, 3035010.734000000171363 ], [ 556636.574000000022352, 3035010.884 ], [ 556636.523999999975786, 3035010.984000000171363 ], [ 556636.299, 3035011.109000000171363 ], [ 556636.049, 3035011.15900000045076 ], [ 556635.598999999929219, 3035011.65900000045076 ], [ 556635.299, 3035011.65900000045076 ], [ 556634.598999999929219, 3035011.309000000357628 ], [ 556634.473999999929219, 3035011.184000000357628 ], [ 556634.373999999952503, 3035010.934000000357628 ], [ 556634.123999999952503, 3035010.634 ], [ 556634.123999999952503, 3035010.53400000045076 ], [ 556634.074000000022352, 3035010.484000000171363 ], [ 556634.074000000022352, 3035010.234000000171363 ], [ 556634.123999999952503, 3035010.184000000357628 ], [ 556634.123999999952503, 3035009.984000000171363 ], [ 556634.223999999929219, 3035009.78400000045076 ], [ 556634.348999999929219, 3035009.65900000045076 ], [ 556634.799, 3035009.65900000045076 ] ] ] } },
{ "type": "Feature", "properties": { "unit_id": "c00190", "method": "watershed", "label": 190 }, "geometry": { "type": "Polygon", "coordinates": [ [ [ 556650.598999999929219, 3035031.759000000543892 ], [ 556650.648999999975786, 3035031.809000000357628 ], [ 556650.748999999952503, 3035031.809000000357628 ], [ 556651.223999999929219, 3035032.28400000045076 ], [ 556651.273999999975786, 3035032.434000000357628 ], [ 556651.424, 3035032.634000000543892 ], [ 556651.424, 3035032.734000000171363 ], [ 556651.473999999929219, 3035032.78400000045076 ], [ 556651.473999999929219, 3035033.03400000045076 ], [ 556651.373999999952503, 3035033.184000000357628 ], [ 556651.098999999929219, 3035033.40900000045076 ], [ 556650.699000000022352, 3035033.609000000171363 ], [ 556650.398999999975786, 3035033.609000000171363 ], [ 556650.049, 3035033.40900000045076 ], [ 556649.949000000022352, 3035033.309000000357628 ], [ 556649.898999999975786, 3035033.309000000357628 ], [ 556649.623999999952503, 3035033.03400000045076 ], [ 556649.574000000022352, 3035032.934000000357628 ], [ 556649.574000000022352, 3035032.684000000357628 ], [ 556649.674, 3035032.53400000045076 ], [ 556649.674, 3035032.434000000357628 ], [ 556649.773999999975786, 3035032.234000000171363 ], [ 556649.998999999952503, 3035032.009000000543892 ], [ 556650.148999999975786, 3035031.959000000264496 ], [ 556650.348999999929219, 3035031.809000000357628 ], [ 556650.598999999929219, 3035031.759000000543892 ] ] ] } },
{ "type": "Feature", "properties": { "unit_id": "c00191", "method": "watershed", "label": 191 }, "geometry": { "type": "Polygon", "coordinates": [ [ [ 556651.449000000022352, 3034946.65900000045076 ], [ 556651.824000000022352, 3034946.834000000264496 ], [ 556651.924, 3034946.934000000357628 ], [ 556651.973999999929219, 3034947.03400000045076 ], [ 556651.973999999929219, 3034947.184000000357628 ], [ 556652.023999999975786, 3034947.234000000171363 ], [ 556651.973999999929219, 3034947.28400000045076 ], [ 556651.973999999929219, 3034947.434000000357628 ], [ 556651.873999999952503, 3034947.634 ], [ 556651.699000000022352, 3034947.859000000171363 ], [ 556651.648999999975786, 3034947.859000000171363 ], [ 556651.549, 3034947.959000000264496 ], [ 556651.248999999952503, 3034947.959000000264496 ], [ 556650.898999999975786, 3034947.759 ], [ 556650.623999999952503, 3034947.484000000171363 ], [ 556650.623999999952503, 3034947.434000000357628 ], [ 556650.473999999929219, 3034947.28400000045076 ], [ 556650.424, 3034947.084000000264496 ], [ 556650.549, 3034946.859000000171363 ], [ 556650.898999999975786, 3034946.65900000045076 ], [ 556651.449000000022352, 3034946.65900000045076 ] ] ] } },
{ "type": "Feature", "properties": { "unit_id": "c00192", "method": "watershed", "label": 192 }, "geometry": { "type": "Polygon", "coordinates": [ [ [ 556651.799, 3034942.40900000045076 ], [ 556651.848999999929219, 3034942.459000000264496 ], [ 556652.049, 3034942.509 ], [ 556652.123999999952503, 3034942.584000000264496 ], [ 556652.123999999952503, 3034942.634 ], [ 556652.223999999929219, 3034942.734000000171363 ], [ 556652.223999999929219, 3034942.884 ], [ 556652.273999999975786, 3034942.934000000357628 ], [ 556652.273999999975786, 3034943.184000000357628 ], [ 556652.074000000022352, 3034943.53400000045076 ], [ 556651.848999999929219, 3034943.759 ], [ 556651.648999999975786, 3034943.809000000357628 ], [ 556651.598999999929219, 3034943.859000000171363 ], [ 556651.248999999952503, 3034943.859000000171363 ], [ 556651.199000000022352, 3034943.809000000357628 ], [ 556650.898999999975786, 3034943.809000000357628 ], [ 556650.799, 3034943.759 ], [ 556650.674, 3034943.634 ], [ 556650.623999999952503, 3034943.53400000045076 ], [ 556650.623999999952503, 3034943.384 ], [ 556650.574000000022352, 3034943.334000000264496 ], [ 556650.574000000022352, 3034942.78400000045076 ], [ 556650.623999999952503, 3034942.734000000171363 ], [ 556650.623999999952503, 3034942.634 ], [ 556650.848999999929219, 3034942.40900000045076 ], [ 556651.799, 3034942.40900000045076 ] ] ] } },
{ "type": "Feature", "properties": { "unit_id": "c00193", "method": "watershed", "label": 193 }, "geometry": { "type": "Polygon", "coordinates": [ [ [ 556620.498999999952503, 3034998.059000000357628 ], [ 556620.549, 3034998.109000000171363 ], [ 556620.698999999905936, 3034998.109000000171363 ], [ 556620.948999999905936, 3034998.259 ], [ 556621.049, 3034998.259 ], [ 556621.223999999929219, 3034998.384 ], [ 556621.223999999929219, 3034998.584000000264496 ], [ 556621.023999999975786, 3034998.78400000045076 ], [ 556620.924, 3034998.984000000171363 ], [ 556620.924, 3034999.234000000171363 ], [ 556620.873999999952503, 3034999.28400000045076 ], [ 556620.873999999952503, 3034999.434000000357628 ], [ 556620.823999999905936, 3034999.484000000171363 ], [ 556620.823999999905936, 3034999.634 ], [ 556620.873999999952503, 3034999.684000000357628 ], [ 556620.148999999975786, 3034999.709000000264496 ], [ 556620.098999999929219, 3034999.65900000045076 ], [ 556619.848999999929219, 3034999.609000000171363 ], [ 556619.799, 3034999.559000000357628 ], [ 556619.498999999952503, 3034999.509 ], [ 556619.448999999905936, 3034999.459000000264496 ], [ 556619.248999999952503, 3034999.459000000264496 ], [ 556619.223999999929219, 3034999.434000000357628 ], [ 556619.373999999952503, 3034999.184000000357628 ], [ 556619.424, 3034998.78400000045076 ], [ 556619.473999999929219, 3034998.734000000171363 ], [ 556619.473999999929219, 3034998.634 ], [ 556619.573999999905936, 3034998.434000000357628 ], [ 556619.799, 3034998.209000000264496 ], [ 556619.998999999952503, 3034998.109000000171363 ], [ 556620.498999999952503, 3034998.059000000357628 ] ] ] } },
{ "type": "Feature", "properties": { "unit_id": "c00194", "method": "watershed", "label": 194 }, "geometry": { "type": "Polygon", "coordinates": [ [ [ 556643.648999999975786, 3034950.359000000171363 ], [ 556643.674, 3034950.434000000357628 ], [ 556644.273999999975786, 3034951.03400000045076 ], [ 556644.324000000022352, 3034951.134 ], [ 556644.324000000022352, 3034951.484000000171363 ], [ 556644.223999999929219, 3034951.684000000357628 ], [ 556643.799, 3034952.059000000357628 ], [ 556643.699000000022352, 3034952.109000000171363 ], [ 556643.449000000022352, 3034952.109000000171363 ], [ 556642.848999999929219, 3034951.809000000357628 ], [ 556642.674, 3034951.584000000264496 ], [ 556642.623999999952503, 3034951.334000000264496 ], [ 556642.674, 3034951.28400000045076 ], [ 556642.723999999929219, 3034950.984000000171363 ], [ 556642.924, 3034950.584000000264496 ], [ 556642.949000000022352, 3034950.359000000171363 ], [ 556643.648999999975786, 3034950.359000000171363 ] ] ] } },
{ "type": "Feature", "properties": { "unit_id": "c00195", "method": "watershed", "label": 195 }, "geometry": { "type": "Polygon", "coordinates": [ [ [ 556612.398999999975786, 3035011.90900000045076 ], [ 556612.448999999905936, 3035011.959000000264496 ], [ 556612.648999999975786, 3035011.959000000264496 ], [ 556612.848999999929219, 3035012.059000000357628 ], [ 556613.448999999905936, 3035012.509 ], [ 556613.648999999975786, 3035012.609000000171363 ], [ 556613.748999999952503, 3035012.609000000171363 ], [ 556613.924, 3035012.734000000171363 ], [ 556613.924, 3035012.984000000171363 ], [ 556613.773999999975786, 3035013.184000000357628 ], [ 556613.773999999975786, 3035013.28400000045076 ], [ 556613.723999999929219, 3035013.334000000264496 ], [ 556613.723999999929219, 3035013.434000000357628 ], [ 556613.773999999975786, 3035013.484000000171363 ], [ 556613.773999999975786, 3035013.734000000171363 ], [ 556613.549, 3035014.009 ], [ 556613.348999999929219, 3035014.109000000171363 ], [ 556612.748999999952503, 3035014.15900000045076 ], [ 556612.549, 3035014.259 ], [ 556612.049, 3035014.309000000357628 ], [ 556611.898999999975786, 3035014.40900000045076 ], [ 556611.448999999905936, 3035014.40900000045076 ], [ 556611.424, 3035014.384 ], [ 556611.473999999929219, 3035014.334000000264496 ], [ 556611.473999999929219, 3035014.184000000357628 ], [ 556611.424, 3035014.084000000264496 ], [ 556610.873999999952503, 3035013.53400000045076 ], [ 556610.873999999952503, 3035013.484000000171363 ], [ 556610.773999999975786, 3035013.384 ], [ 556610.723999999929219, 3035013.28400000045076 ], [ 556610.723999999929219, 3035012.984000000171363 ], [ 556610.873999999952503, 3035012.684000000357628 ], [ 556611.248999999952503, 3035012.309000000357628 ], [ 556611.448999999905936, 3035012.209000000264496 ], [ 556611.549, 3035012.109000000171363 ], [ 556611.748999999952503, 3035012.009 ], [ 556611.848999999929219, 3035012.009 ], [ 556611.898999999975786, 3035011.959000000264496 ], [ 556611.998999999952503, 3035011.959000000264496 ], [ 556612.049, 3035011.90900000045076 ], [ 556612.398999999975786, 3035011.90900000045076 ] ] ] } },
{ "type": "Feature", "properties": { "unit_id": "c00196", "method": "watershed", "label": 196 }, "geometry": { "type": "Polygon", "coordinates": [ [ [ 556611.498999999952503, 3035049.109000000171363 ], [ 556611.799, 3035049.259000000543892 ], [ 556612.174, 3035049.634000000543892 ], [ 556612.174, 3035049.734000000171363 ], [ 556612.023999999975786, 3035049.934000000357628 ], [ 556612.023999999975786, 3035050.584000000264496 ], [ 556611.973999999929219, 3035050.634000000543892 ], [ 556611.973999999929219, 3035050.734000000171363 ], [ 556611.873999999952503, 3035050.934000000357628 ], [ 556611.398999999975786, 3035051.40900000045076 ], [ 556611.098999999929219, 3035051.559000000357628 ], [ 556610.799, 3035051.559000000357628 ], [ 556610.049, 3035051.209000000264496 ], [ 556609.823999999905936, 3035050.984000000171363 ], [ 556609.773999999975786, 3035050.884000000543892 ], [ 556609.773999999975786, 3035050.484000000171363 ], [ 556610.023999999975786, 3035050.084000000264496 ], [ 556610.023999999975786, 3035049.584000000264496 ], [ 556610.123999999952503, 3035049.384000000543892 ], [ 556610.348999999929219, 3035049.259000000543892 ], [ 556610.948999999905936, 3035049.259000000543892 ], [ 556611.248999999952503, 3035049.109000000171363 ], [ 556611.498999999952503, 3035049.109000000171363 ] ] ] } },
{ "type": "Feature", "properties": { "unit_id": "c00197", "method": "watershed", "label": 197 }, "geometry": { "type": "Polygon", "coordinates": [ [ [ 556666.498999999952503, 3034917.109000000171363 ], [ 556666.549, 3034917.15900000045076 ], [ 556666.674, 3034917.184000000357628 ], [ 556667.123999999952503, 3034917.634 ], [ 556667.224000000045635, 3034917.834000000264496 ], [ 556667.224000000045635, 3034918.28400000045076 ], [ 556667.174, 3034918.384 ], [ 556666.949000000022352, 3034918.609000000171363 ], [ 556666.849000000045635, 3034918.609000000171363 ], [ 556666.799, 3034918.65900000045076 ], [ 556666.449000000022352, 3034918.65900000045076 ], [ 556666.398999999975786, 3034918.609000000171363 ], [ 556666.199000000022352, 3034918.559000000357628 ], [ 556665.998999999952503, 3034918.40900000045076 ], [ 556665.773999999975786, 3034918.134 ], [ 556665.773999999975786, 3034917.834000000264496 ], [ 556665.824000000022352, 3034917.734000000171363 ], [ 556666.349000000045635, 3034917.15900000045076 ], [ 556666.449000000022352, 3034917.15900000045076 ], [ 556666.498999999952503, 3034917.109000000171363 ] ] ] } },
{ "type": "Feature", "properties": { "unit_id": "c00198", "method": "watershed", "label": 198 }, "geometry": { "type": "Polygon", "coordinates": [ [ [ 556651.348999999929219, 3034953.15900000045076 ], [ 556651.549, 3034953.259 ], [ 556651.773999999975786, 3034953.484000000171363 ], [ 556651.873999999952503, 3034953.684000000357628 ], [ 556651.873999999952503, 3034953.834000000264496 ], [ 556651.924, 3034953.884 ], [ 556651.873999999952503, 3034953.984000000171363 ], [ 556651.873999999952503, 3034954.334000000264496 ], [ 556651.824000000022352, 3034954.384 ], [ 556651.824000000022352, 3034954.484000000171363 ], [ 556651.598999999929219, 3034954.65900000045076 ], [ 556651.248999999952503, 3034954.65900000045076 ], [ 556651.199000000022352, 3034954.609000000171363 ], [ 556651.098999999929219, 3034954.609000000171363 ], [ 556650.898999999975786, 3034954.509 ], [ 556650.748999999952503, 3034954.359000000171363 ], [ 556650.699000000022352, 3034954.359000000171363 ], [ 556650.473999999929219, 3034954.134 ], [ 556650.473999999929219, 3034953.734000000171363 ], [ 556650.623999999952503, 3034953.53400000045076 ], [ 556650.623999999952503, 3034953.484000000171363 ], [ 556650.848999999929219, 3034953.259 ], [ 556650.949000000022352, 3034953.209000000264496 ], [ 556651.049, 3034953.209000000264496 ], [ 556651.098999999929219, 3034953.15900000045076 ], [ 556651.348999999929219, 3034953.15900000045076 ] ] ] } },
{ "type": "Feature", "properties": { "unit_id": "c00199", "method": "watershed", "label": 199 }, "geometry": { "type": "Polygon", "coordinates": [ [ [ 556635.199000000022352, 3034946.459000000264496 ], [ 556635.248999999952503, 3034946.509 ], [ 556635.398999999975786, 3034946.509 ], [ 556635.598999999929219, 3034946.609000000171363 ], [ 556635.949000000022352, 3034946.609000000171363 ], [ 556636.299, 3034946.809000000357628 ], [ 556636.523999999975786, 3034947.084000000264496 ], [ 556636.574000000022352, 3034947.28400000045076 ], [ 556636.623999999952503, 3034947.334000000264496 ], [ 556636.623999999952503, 3034947.434000000357628 ], [ 556636.273999999975786, 3034947.984000000171363 ], [ 556636.273999999975786, 3034948.084000000264496 ], [ 556636.223999999929219, 3034948.134 ], [ 556636.223999999929219, 3034948.234000000171363 ], [ 556636.174, 3034948.28400000045076 ], [ 556636.123999999952503, 3034948.484000000171363 ], [ 556635.773999999975786, 3034948.834000000264496 ], [ 556635.648999999975786, 3034948.959000000264496 ], [ 556635.049, 3034949.009 ], [ 556634.949000000022352, 3034948.959000000264496 ], [ 556634.674, 3034948.684000000357628 ], [ 556634.674, 3034948.634 ], [ 556634.523999999975786, 3034948.434000000357628 ], [ 556634.523999999975786, 3034948.334000000264496 ], [ 556634.273999999975786, 3034947.884 ], [ 556634.273999999975786, 3034947.684000000357628 ], [ 556634.223999999929219, 3034947.634 ], [ 556634.223999999929219, 3034947.28400000045076 ], [ 556634.273999999975786, 3034947.234000000171363 ], [ 556634.273999999975786, 3034947.084000000264496 ], [ 556634.373999999952503, 3034946.884 ], [ 556634.598999999929219, 3034946.609000000171363 ], [ 556634.898999999975786, 3034946.459000000264496 ], [ 556635.199000000022352, 3034946.459000000264496 ] ] ] } },
{ "type": "Feature", "properties": { "unit_id": "c00200", "method": "watershed", "label": 200 }, "geometry": { "type": "Polygon", "coordinates": [ [ [ 556658.349000000045635, 3034985.359000000171363 ], [ 556658.398999999975786, 3034985.40900000045076 ], [ 556658.549, 3034985.40900000045076 ], [ 556658.748999999952503, 3034985.559000000357628 ], [ 556658.799, 3034985.559000000357628 ], [ 556658.824000000022352, 3034985.634 ], [ 556658.974000000045635, 3034985.78400000045076 ], [ 556659.023999999975786, 3034985.984000000171363 ], [ 556659.074000000022352, 3034986.03400000045076 ], [ 556659.074000000022352, 3034986.28400000045076 ], [ 556659.023999999975786, 3034986.384 ], [ 556658.748999999952503, 3034986.65900000045076 ], [ 556658.549, 3034986.759 ], [ 556658.248999999952503, 3034986.759 ], [ 556658.199000000022352, 3034986.709000000264496 ], [ 556657.898999999975786, 3034986.65900000045076 ], [ 556657.623999999952503, 3034986.434000000357628 ], [ 556657.623999999952503, 3034986.384 ], [ 556657.523999999975786, 3034986.28400000045076 ], [ 556657.523999999975786, 3034986.134 ], [ 556657.474000000045635, 3034986.084000000264496 ], [ 556657.474000000045635, 3034985.884 ], [ 556657.523999999975786, 3034985.834000000264496 ], [ 556657.523999999975786, 3034985.734000000171363 ], [ 556657.799, 3034985.459000000264496 ], [ 556658.049, 3034985.40900000045076 ], [ 556658.099000000045635, 3034985.359000000171363 ], [ 556658.349000000045635, 3034985.359000000171363 ] ] ] } },
{ "type": "Feature", "properties": { "unit_id": "c00201", "method": "watershed", "label": 201 }, "geometry": { "type": "Polygon", "coordinates": [ [ [ 556651.049, 3034974.609000000171363 ], [ 556651.098999999929219, 3034974.65900000045076 ], [ 556651.299, 3034974.65900000045076 ], [ 556651.348999999929219, 3034974.709000000264496 ], [ 556651.549, 3034974.759 ], [ 556651.773999999975786, 3034974.984000000171363 ], [ 556651.824000000022352, 3034975.084000000264496 ], [ 556651.824000000022352, 3034975.384 ], [ 556651.773999999975786, 3034975.434000000357628 ], [ 556651.723999999929219, 3034975.634 ], [ 556651.449000000022352, 3034975.90900000045076 ], [ 556651.348999999929219, 3034975.959000000264496 ], [ 556650.998999999952503, 3034975.959000000264496 ], [ 556650.648999999975786, 3034975.709000000264496 ], [ 556650.598999999929219, 3034975.709000000264496 ], [ 556650.273999999975786, 3034975.384 ], [ 556650.123999999952503, 3034975.084000000264496 ], [ 556650.123999999952503, 3034974.884 ], [ 556650.299, 3034974.65900000045076 ], [ 556650.398999999975786, 3034974.609000000171363 ], [ 556651.049, 3034974.609000000171363 ] ] ] } },
{ "type": "Feature", "properties": { "unit_id": "c00202", "method": "watershed", "label": 202 }, "geometry": { "type": "Polygon", "coordinates": [ [ [ 556612.299, 3034990.109000000171363 ], [ 556612.799, 3034990.509 ], [ 556612.898999999975786, 3034990.509 ], [ 556612.948999999905936, 3034990.559000000357628 ], [ 556613.148999999975786, 3034990.559000000357628 ], [ 556613.198999999905936, 3034990.609000000171363 ], [ 556613.299, 3034990.609000000171363 ], [ 556613.498999999952503, 3034990.709000000264496 ], [ 556613.623999999952503, 3034990.834000000264496 ], [ 556613.723999999929219, 3034991.03400000045076 ], [ 556613.723999999929219, 3034991.434000000357628 ], [ 556613.623999999952503, 3034991.634 ], [ 556613.448999999905936, 3034991.809000000357628 ], [ 556613.098999999929219, 3034991.959000000264496 ], [ 556612.998999999952503, 3034992.059000000357628 ], [ 556612.448999999905936, 3034992.059000000357628 ], [ 556612.398999999975786, 3034992.009 ], [ 556612.198999999905936, 3034992.009 ], [ 556612.148999999975786, 3034991.959000000264496 ], [ 556611.448999999905936, 3034991.959000000264496 ], [ 556611.424, 3034991.78400000045076 ], [ 556611.323999999905936, 3034991.634 ], [ 556611.323999999905936, 3034991.53400000045076 ], [ 556611.174, 3034991.28400000045076 ], [ 556611.174, 3034990.984000000171363 ], [ 556611.373999999952503, 3034990.634 ], [ 556611.799, 3034990.259 ], [ 556612.098999999929219, 3034990.109000000171363 ], [ 556612.299, 3034990.109000000171363 ] ] ] } },
{ "type": "Feature", "properties": { "unit_id": "c00203", "method": "watershed", "label": 203 }, "geometry": { "type": "Polygon", "coordinates": [ [ [ 556658.699000000022352, 3034976.559000000357628 ], [ 556658.898999999975786, 3034976.709000000264496 ], [ 556658.949000000022352, 3034976.709000000264496 ], [ 556659.324000000022352, 3034977.084000000264496 ], [ 556659.523999999975786, 3034977.434000000357628 ], [ 556659.523999999975786, 3034977.78400000045076 ], [ 556659.373999999952503, 3034977.984000000171363 ], [ 556659.373999999952503, 3034978.03400000045076 ], [ 556659.174, 3034978.234000000171363 ], [ 556659.049, 3034978.559000000357628 ], [ 556658.248999999952503, 3034978.559000000357628 ], [ 556657.773999999975786, 3034978.084000000264496 ], [ 556657.674, 3034977.884 ], [ 556657.623999999952503, 3034977.634 ], [ 556657.674, 3034977.584000000264496 ], [ 556657.674, 3034977.434000000357628 ], [ 556657.824000000022352, 3034977.134 ], [ 556658.023999999975786, 3034976.934000000357628 ], [ 556658.023999999975786, 3034976.884 ], [ 556658.449000000022352, 3034976.559000000357628 ], [ 556658.699000000022352, 3034976.559000000357628 ] ] ] } },
{ "type": "Feature", "properties": { "unit_id": "c00204", "method": "watershed", "label": 204 }, "geometry": { "type": "Polygon", "coordinates": [ [ [ 556628.398999999975786, 3034963.509 ], [ 556628.623999999952503, 3034963.634 ], [ 556628.873999999952503, 3034964.134 ], [ 556628.873999999952503, 3034964.234000000171363 ], [ 556628.973999999929219, 3034964.384 ], [ 556628.973999999929219, 3034964.584000000264496 ], [ 556629.023999999975786, 3034964.634 ], [ 556629.023999999975786, 3034964.934000000357628 ], [ 556628.924, 3034965.134 ], [ 556628.674, 3034965.384 ], [ 556628.623999999952503, 3034965.484000000171363 ], [ 556628.623999999952503, 3034965.78400000045076 ], [ 556628.674, 3034965.834000000264496 ], [ 556628.723999999929219, 3034966.084000000264496 ], [ 556628.773999999975786, 3034966.134 ], [ 556628.773999999975786, 3034966.334000000264496 ], [ 556628.824000000022352, 3034966.384 ], [ 556628.824000000022352, 3034967.134 ], [ 556628.773999999975786, 3034967.184000000357628 ], [ 556628.723999999929219, 3034967.584000000264496 ], [ 556628.674, 3034967.634 ], [ 556628.674, 3034968.084000000264496 ], [ 556628.723999999929219, 3034968.134 ], [ 556628.148999999975786, 3034968.15900000045076 ], [ 556628.098999999929219, 3034968.209000000264496 ], [ 556627.949000000022352, 3034968.209000000264496 ], [ 556627.898999999975786, 3034968.259 ], [ 556626.648999999975786, 3034968.259 ], [ 556626.574000000022352, 3034968.184000000357628 ], [ 556626.574000000022352, 3034967.684000000357628 ], [ 556626.523999999975786, 3034967.634 ], [ 556626.523999999975786, 3034967.184000000357628 ], [ 556626.473999999929219, 3034967.134 ], [ 556626.473999999929219, 3034966.834000000264496 ], [ 556626.523999999975786, 3034966.78400000045076 ], [ 556626.523999999975786, 3034966.684000000357628 ], [ 556626.623999999952503, 3034966.584000000264496 ], [ 556626.773999999975786, 3034966.28400000045076 ], [ 556626.773999999975786, 3034966.134 ], [ 556626.824000000022352, 3034966.084000000264496 ], [ 556626.824000000022352, 3034965.184000000357628 ], [ 556626.773999999975786, 3034965.134 ], [ 556626.773999999975786, 3034964.484000000171363 ], [ 556626.824000000022352, 3034964.434000000357628 ], [ 556626.824000000022352, 3034964.334000000264496 ], [ 556626.924, 3034964.234000000171363 ], [ 556627.023999999975786, 3034964.03400000045076 ], [ 556627.199000000022352, 3034963.859000000171363 ], [ 556627.248999999952503, 3034963.859000000171363 ], [ 556627.549, 3034963.609000000171363 ], [ 556627.648999999975786, 3034963.609000000171363 ], [ 556627.699000000022352, 3034963.559000000357628 ], [ 556627.898999999975786, 3034963.559000000357628 ], [ 556627.949000000022352, 3034963.509 ], [ 556628.398999999975786, 3034963.509 ] ] ] } },
{ "type": "Feature", "properties": { "unit_id": "c00205", "method": "watershed", "label": 205 }, "geometry": { "type": "Polygon", "coordinates": [ [ [ 556613.799, 3034941.15900000045076 ], [ 556613.823999999905936, 3034941.634 ], [ 556613.873999999952503, 3034941.684000000357628 ], [ 556613.873999999952503, 3034941.834000000264496 ], [ 556614.073999999905936, 3034942.234000000171363 ], [ 556614.073999999905936, 3034942.634 ], [ 556613.848999999929219, 3034942.90900000045076 ], [ 556613.748999999952503, 3034942.959000000264496 ], [ 556613.498999999952503, 3034942.959000000264496 ], [ 556613.448999999905936, 3034943.009 ], [ 556613.148999999975786, 3034943.009 ], [ 556612.948999999905936, 3034943.109000000171363 ], [ 556612.848999999929219, 3034943.109000000171363 ], [ 556612.799, 3034943.15900000045076 ], [ 556612.448999999905936, 3034943.15900000045076 ], [ 556612.398999999975786, 3034943.109000000171363 ], [ 556612.049, 3034943.109000000171363 ], [ 556611.848999999929219, 3034943.009 ], [ 556611.674, 3034942.834000000264496 ], [ 556611.523999999975786, 3034942.53400000045076 ], [ 556611.523999999975786, 3034942.234000000171363 ], [ 556611.573999999905936, 3034942.184000000357628 ], [ 556611.573999999905936, 3034941.634 ], [ 556611.523999999975786, 3034941.584000000264496 ], [ 556611.549, 3034941.509 ], [ 556611.948999999905936, 3034941.509 ], [ 556612.248999999952503, 3034941.309000000357628 ], [ 556612.648999999975786, 3034941.309000000357628 ], [ 556612.698999999905936, 3034941.259 ], [ 556612.848999999929219, 3034941.259 ], [ 556612.898999999975786, 3034941.209000000264496 ], [ 556613.049, 3034941.209000000264496 ], [ 556613.098999999929219, 3034941.15900000045076 ], [ 556613.799, 3034941.15900000045076 ] ] ] } },
{ "type": "Feature", "properties": { "unit_id": "c00206", "method": "watershed", "label": 206 }, "geometry": { "type": "Polygon", "coordinates": [ [ [ 556636.049, 3034958.809000000357628 ], [ 556636.898999999975786, 3034959.209000000264496 ], [ 556637.023999999975786, 3034959.334000000264496 ], [ 556637.023999999975786, 3034959.834000000264496 ], [ 556636.973999999929219, 3034959.884 ], [ 556636.973999999929219, 3034960.03400000045076 ], [ 556636.699000000022352, 3034960.459000000264496 ], [ 556636.648999999975786, 3034960.459000000264496 ], [ 556636.549, 3034960.559000000357628 ], [ 556636.348999999929219, 3034960.609000000171363 ], [ 556636.299, 3034960.559000000357628 ], [ 556636.148999999975786, 3034960.559000000357628 ], [ 556636.098999999929219, 3034960.509 ], [ 556635.949000000022352, 3034960.509 ], [ 556635.898999999975786, 3034960.459000000264496 ], [ 556635.398999999975786, 3034960.40900000045076 ], [ 556635.348999999929219, 3034960.359000000171363 ], [ 556635.148999999975786, 3034960.359000000171363 ], [ 556635.098999999929219, 3034960.309000000357628 ], [ 556634.898999999975786, 3034960.309000000357628 ], [ 556634.623999999952503, 3034960.134 ], [ 556634.574000000022352, 3034960.03400000045076 ], [ 556634.574000000022352, 3034959.384 ], [ 556634.799, 3034959.109000000171363 ], [ 556634.998999999952503, 3034959.009 ], [ 556635.098999999929219, 3034959.009 ], [ 556635.148999999975786, 3034958.959000000264496 ], [ 556635.398999999975786, 3034958.90900000045076 ], [ 556635.449000000022352, 3034958.859000000171363 ], [ 556635.598999999929219, 3034958.859000000171363 ], [ 556635.648999999975786, 3034958.809000000357628 ], [ 556636.049, 3034958.809000000357628 ] ] ] } },
{ "type": "Feature", "properties": { "unit_id": "c00207", "method": "watershed", "label": 207 }, "geometry": { "type": "Polygon", "coordinates": [ [ [ 556651.299, 3034959.459000000264496 ], [ 556651.348999999929219, 3034959.509 ], [ 556651.449000000022352, 3034959.509 ], [ 556651.674, 3034959.734000000171363 ], [ 556651.723999999929219, 3034959.834000000264496 ], [ 556651.723999999929219, 3034959.984000000171363 ], [ 556651.773999999975786, 3034960.03400000045076 ], [ 556651.773999999975786, 3034960.384 ], [ 556651.723999999929219, 3034960.484000000171363 ], [ 556651.498999999952503, 3034960.709000000264496 ], [ 556651.299, 3034960.809000000357628 ], [ 556650.998999999952503, 3034960.809000000357628 ], [ 556650.574000000022352, 3034960.484000000171363 ], [ 556650.424, 3034960.184000000357628 ], [ 556650.424, 3034959.984000000171363 ], [ 556650.473999999929219, 3034959.934000000357628 ], [ 556650.523999999975786, 3034959.734000000171363 ], [ 556650.648999999975786, 3034959.609000000171363 ], [ 556650.848999999929219, 3034959.509 ], [ 556650.949000000022352, 3034959.509 ], [ 556650.998999999952503, 3034959.459000000264496 ], [ 556651.299, 3034959.459000000264496 ] ] ] } },
{ "type": "Feature", "properties": { "unit_id": "c00208", "method": "watershed", "label": 208 }, "geometry": { "type": "Polygon", "coordinates": [ [ [ 556650.998999999952503, 3034997.609000000171363 ], [ 556651.098999999929219, 3034997.65900000045076 ], [ 556651.324000000022352, 3034997.884 ], [ 556651.424, 3034998.084000000264496 ], [ 556651.424, 3034998.234000000171363 ], [ 556651.473999999929219, 3034998.28400000045076 ], [ 556651.473999999929219, 3034998.584000000264496 ], [ 556651.424, 3034998.634 ], [ 556651.424, 3034998.78400000045076 ], [ 556651.273999999975786, 3034999.084000000264496 ], [ 556650.998999999952503, 3034999.359000000171363 ], [ 556650.898999999975786, 3034999.40900000045076 ], [ 556650.598999999929219, 3034999.40900000045076 ], [ 556650.299, 3034999.259 ], [ 556649.973999999929219, 3034998.984000000171363 ], [ 556649.824000000022352, 3034998.684000000357628 ], [ 556649.824000000022352, 3034998.484000000171363 ], [ 556650.023999999975786, 3034998.134 ], [ 556650.098999999929219, 3034998.059000000357628 ], [ 556650.148999999975786, 3034998.059000000357628 ], [ 556650.498999999952503, 3034997.709000000264496 ], [ 556650.549, 3034997.709000000264496 ], [ 556650.648999999975786, 3034997.609000000171363 ], [ 556650.998999999952503, 3034997.609000000171363 ] ] ] } },
{ "type": "Feature", "properties": { "unit_id": "c00209", "method": "watershed", "label": 209 }, "geometry": { "type": "Polygon", "coordinates": [ [ [ 556643.498999999952503, 3034927.359000000171363 ], [ 556643.549, 3034927.40900000045076 ], [ 556643.648999999975786, 3034927.40900000045076 ], [ 556643.973999999929219, 3034927.734000000171363 ], [ 556644.023999999975786, 3034927.884 ], [ 556644.174, 3034928.084000000264496 ], [ 556644.174, 3034928.28400000045076 ], [ 556644.098999999929219, 3034928.40900000045076 ], [ 556644.049, 3034928.40900000045076 ], [ 556643.799, 3034928.609000000171363 ], [ 556643.699000000022352, 3034928.609000000171363 ], [ 556643.648999999975786, 3034928.65900000045076 ], [ 556643.248999999952503, 3034928.65900000045076 ], [ 556643.148999999975786, 3034928.609000000171363 ], [ 556642.924, 3034928.384 ], [ 556642.824000000022352, 3034928.184000000357628 ], [ 556642.824000000022352, 3034927.78400000045076 ], [ 556642.924, 3034927.584000000264496 ], [ 556643.049, 3034927.459000000264496 ], [ 556643.248999999952503, 3034927.359000000171363 ], [ 556643.498999999952503, 3034927.359000000171363 ] ] ] } },
{ "type": "Feature", "properties": { "unit_id": "c00210", "method": "watershed", "label": 210 }, "geometry": { "type": "Polygon", "coordinates": [ [ [ 556650.898999999975786, 3035015.009 ], [ 556650.949000000022352, 3035015.059000000357628 ], [ 556651.148999999975786, 3035015.109000000171363 ], [ 556651.324000000022352, 3035015.28400000045076 ], [ 556651.373999999952503, 3035015.384 ], [ 556651.373999999952503, 3035015.584000000264496 ], [ 556651.223999999929219, 3035015.884 ], [ 556650.898999999975786, 3035016.259 ], [ 556650.848999999929219, 3035016.259 ], [ 556650.748999999952503, 3035016.359000000171363 ], [ 556650.398999999975786, 3035016.359000000171363 ], [ 556650.123999999952503, 3035016.134 ], [ 556650.123999999952503, 3035016.084000000264496 ], [ 556650.023999999975786, 3035015.984000000171363 ], [ 556649.924, 3035015.78400000045076 ], [ 556649.924, 3035015.484000000171363 ], [ 556650.148999999975786, 3035015.209000000264496 ], [ 556650.498999999952503, 3035015.009 ], [ 556650.898999999975786, 3035015.009 ] ] ] } },
{ "type": "Feature", "properties": { "unit_id": "c00211", "method": "watershed", "label": 211 }, "geometry": { "type": "Polygon", "coordinates": [ [ [ 556650.699000000022352, 3035012.709000000264496 ], [ 556650.898999999975786, 3035012.809000000357628 ], [ 556651.074000000022352, 3035012.984000000171363 ], [ 556651.174, 3035013.184000000357628 ], [ 556651.174, 3035013.634 ], [ 556650.998999999952503, 3035013.90900000045076 ], [ 556650.799, 3035014.009 ], [ 556650.449000000022352, 3035014.059000000357628 ], [ 556650.398999999975786, 3035014.009 ], [ 556650.199000000022352, 3035013.959000000264496 ], [ 556650.074000000022352, 3035013.834000000264496 ], [ 556649.973999999929219, 3035013.634 ], [ 556649.973999999929219, 3035013.28400000045076 ], [ 556650.023999999975786, 3035013.234000000171363 ], [ 556650.023999999975786, 3035013.084000000264496 ], [ 556650.074000000022352, 3035012.984000000171363 ], [ 556650.299, 3035012.759 ], [ 556650.398999999975786, 3035012.709000000264496 ], [ 556650.699000000022352, 3035012.709000000264496 ] ] ] } },
{ "type": "Feature", "properties": { "unit_id": "c00212", "method": "watershed", "label": 212 }, "geometry": { "type": "Polygon", "coordinates": [ [ [ 556620.998999999952503, 3034966.259 ], [ 556621.049, 3034966.309000000357628 ], [ 556621.248999999952503, 3034966.359000000171363 ], [ 556621.424, 3034966.53400000045076 ], [ 556621.473999999929219, 3034966.634 ], [ 556621.473999999929219, 3034966.78400000045076 ], [ 556621.523999999975786, 3034966.834000000264496 ], [ 556621.473999999929219, 3034966.934000000357628 ], [ 556621.473999999929219, 3034967.234000000171363 ], [ 556621.424, 3034967.28400000045076 ], [ 556621.424, 3034967.434000000357628 ], [ 556621.323999999905936, 3034967.634 ], [ 556621.148999999975786, 3034967.809000000357628 ], [ 556620.898999999975786, 3034967.859000000171363 ], [ 556620.848999999929219, 3034967.809000000357628 ], [ 556620.549, 3034967.759 ], [ 556620.098999999929219, 3034967.40900000045076 ], [ 556619.898999999975786, 3034967.309000000357628 ], [ 556619.698999999905936, 3034967.309000000357628 ], [ 556619.424, 3034967.184000000357628 ], [ 556619.373999999952503, 3034967.084000000264496 ], [ 556619.373999999952503, 3034966.934000000357628 ], [ 556619.424, 3034966.884 ], [ 556619.523999999975786, 3034966.484000000171363 ], [ 556619.698999999905936, 3034966.259 ], [ 556619.998999999952503, 3034966.259 ], [ 556620.049, 3034966.309000000357628 ], [ 556620.398999999975786, 3034966.309000000357628 ], [ 556620.448999999905936, 3034966.259 ], [ 556620.998999999952503, 3034966.259 ] ] ] } },
{ "type": "Feature", "properties": { "unit_id": "c00213", "method": "watershed", "label": 213 }, "geometry": { "type": "Polygon", "coordinates": [ [ [ 556666.299, 3034998.15900000045076 ], [ 556666.498999999952503, 3034998.259 ], [ 556666.648999999975786, 3034998.40900000045076 ], [ 556666.699000000022352, 3034998.40900000045076 ], [ 556666.974000000045635, 3034998.734000000171363 ], [ 556667.023999999975786, 3034998.834000000264496 ], [ 556667.023999999975786, 3034999.184000000357628 ], [ 556666.724000000045635, 3034999.734000000171363 ], [ 556666.398999999975786, 3035000.059000000357628 ], [ 556666.199000000022352, 3035000.109000000171363 ], [ 556666.148999999975786, 3035000.15900000045076 ], [ 556665.898999999975786, 3035000.15900000045076 ], [ 556665.849000000045635, 3035000.109000000171363 ], [ 556665.648999999975786, 3035000.059000000357628 ], [ 556665.324000000022352, 3034999.734000000171363 ], [ 556665.224000000045635, 3034999.53400000045076 ], [ 556665.224000000045635, 3034999.434000000357628 ], [ 556665.174, 3034999.384 ], [ 556665.174, 3034999.28400000045076 ], [ 556665.123999999952503, 3034999.234000000171363 ], [ 556665.074000000022352, 3034998.934000000357628 ], [ 556665.023999999975786, 3034998.884 ], [ 556665.023999999975786, 3034998.634 ], [ 556665.148999999975786, 3034998.459000000264496 ], [ 556665.599000000045635, 3034998.209000000264496 ], [ 556665.699000000022352, 3034998.209000000264496 ], [ 556665.748999999952503, 3034998.15900000045076 ], [ 556666.299, 3034998.15900000045076 ] ] ] } },
{ "type": "Feature", "properties": { "unit_id": "c00214", "method": "watershed", "label": 214 }, "geometry": { "type": "Polygon", "coordinates": [ [ [ 556635.549, 3034956.309000000357628 ], [ 556635.598999999929219, 3034956.359000000171363 ], [ 556635.699000000022352, 3034956.359000000171363 ], [ 556635.898999999975786, 3034956.459000000264496 ], [ 556636.299, 3034956.809000000357628 ], [ 556636.348999999929219, 3034956.809000000357628 ], [ 556636.674, 3034957.234000000171363 ], [ 556636.674, 3034957.384 ], [ 556636.623999999952503, 3034957.484000000171363 ], [ 556636.299, 3034957.809000000357628 ], [ 556636.098999999929219, 3034957.90900000045076 ], [ 556635.799, 3034957.90900000045076 ], [ 556635.748999999952503, 3034957.859000000171363 ], [ 556635.598999999929219, 3034957.859000000171363 ], [ 556635.299, 3034957.709000000264496 ], [ 556635.148999999975786, 3034957.559000000357628 ], [ 556634.949000000022352, 3034957.459000000264496 ], [ 556634.824000000022352, 3034957.28400000045076 ], [ 556634.824000000022352, 3034956.53400000045076 ], [ 556634.898999999975786, 3034956.459000000264496 ], [ 556634.998999999952503, 3034956.459000000264496 ], [ 556635.199000000022352, 3034956.359000000171363 ], [ 556635.398999999975786, 3034956.359000000171363 ], [ 556635.449000000022352, 3034956.309000000357628 ], [ 556635.549, 3034956.309000000357628 ] ] ] } },
{ "type": "Feature", "properties": { "unit_id": "c00215", "method": "watershed", "label": 215 }, "geometry": { "type": "Polygon", "coordinates": [ [ [ 556666.349000000045635, 3035013.15900000045076 ], [ 556666.373999999952503, 3035013.234000000171363 ], [ 556666.648999999975786, 3035013.459000000264496 ], [ 556666.873999999952503, 3035013.734000000171363 ], [ 556666.873999999952503, 3035014.134 ], [ 556666.824000000022352, 3035014.184000000357628 ], [ 556666.824000000022352, 3035014.28400000045076 ], [ 556666.623999999952503, 3035014.634 ], [ 556666.248999999952503, 3035015.009 ], [ 556665.648999999975786, 3035015.009 ], [ 556665.074000000022352, 3035014.484000000171363 ], [ 556665.074000000022352, 3035014.334000000264496 ], [ 556665.023999999975786, 3035014.28400000045076 ], [ 556665.074000000022352, 3035014.234000000171363 ], [ 556665.074000000022352, 3035014.084000000264496 ], [ 556665.373999999952503, 3035013.484000000171363 ], [ 556665.474000000045635, 3035013.384 ], [ 556665.549, 3035013.15900000045076 ], [ 556666.349000000045635, 3035013.15900000045076 ] ] ] } },
{ "type": "Feature", "properties": { "unit_id": "c00216", "method": "watershed", "label": 216 }, "geometry": { "type": "Polygon", "coordinates": [ [ [ 556643.598999999929219, 3034925.059000000357628 ], [ 556643.648999999975786, 3034925.109000000171363 ], [ 556643.799, 3034925.109000000171363 ], [ 556643.949000000022352, 3034925.209000000264496 ], [ 556644.148999999975786, 3034925.259 ], [ 556644.324000000022352, 3034925.434000000357628 ], [ 556644.373999999952503, 3034925.634 ], [ 556644.424, 3034925.684000000357628 ], [ 556644.424, 3034926.03400000045076 ], [ 556644.373999999952503, 3034926.134 ], [ 556644.049, 3034926.40900000045076 ], [ 556643.898999999975786, 3034926.40900000045076 ], [ 556643.799, 3034926.459000000264496 ], [ 556643.748999999952503, 3034926.40900000045076 ], [ 556643.598999999929219, 3034926.40900000045076 ], [ 556643.498999999952503, 3034926.359000000171363 ], [ 556643.123999999952503, 3034926.03400000045076 ], [ 556643.023999999975786, 3034925.834000000264496 ], [ 556643.023999999975786, 3034925.53400000045076 ], [ 556643.123999999952503, 3034925.334000000264496 ], [ 556643.348999999929219, 3034925.109000000171363 ], [ 556643.598999999929219, 3034925.059000000357628 ] ] ] } },
{ "type": "Feature", "properties": { "unit_id": "c00217", "method": "watershed", "label": 217 }, "geometry": { "type": "Polygon", "coordinates": [ [ [ 556612.098999999929219, 3034977.609000000171363 ], [ 556612.348999999929219, 3034977.809000000357628 ], [ 556612.398999999975786, 3034977.809000000357628 ], [ 556612.549, 3034977.959000000264496 ], [ 556613.148999999975786, 3034978.259 ], [ 556613.623999999952503, 3034978.734000000171363 ], [ 556613.723999999929219, 3034978.934000000357628 ], [ 556613.723999999929219, 3034979.184000000357628 ], [ 556613.674, 3034979.28400000045076 ], [ 556613.299, 3034979.65900000045076 ], [ 556613.098999999929219, 3034979.709000000264496 ], [ 556613.049, 3034979.759 ], [ 556612.948999999905936, 3034979.759 ], [ 556612.549, 3034979.959000000264496 ], [ 556612.398999999975786, 3034979.959000000264496 ], [ 556612.348999999929219, 3034980.009 ], [ 556611.948999999905936, 3034979.959000000264496 ], [ 556611.648999999975786, 3034979.809000000357628 ], [ 556611.424, 3034979.53400000045076 ], [ 556611.373999999952503, 3034979.334000000264496 ], [ 556611.323999999905936, 3034979.28400000045076 ], [ 556611.323999999905936, 3034979.184000000357628 ], [ 556611.273999999975786, 3034979.134 ], [ 556611.273999999975786, 3034978.584000000264496 ], [ 556611.323999999905936, 3034978.53400000045076 ], [ 556611.323999999905936, 3034978.434000000357628 ], [ 556611.424, 3034978.234000000171363 ], [ 556611.998999999952503, 3034977.609000000171363 ], [ 556612.098999999929219, 3034977.609000000171363 ] ] ] } },
{ "type": "Feature", "properties": { "unit_id": "c00218", "method": "watershed", "label": 218 }, "geometry": { "type": "Polygon", "coordinates": [ [ [ 556650.898999999975786, 3034999.859000000171363 ], [ 556650.949000000022352, 3034999.90900000045076 ], [ 556651.148999999975786, 3034999.959000000264496 ], [ 556651.574000000022352, 3035000.384 ], [ 556651.674, 3035000.584000000264496 ], [ 556651.674, 3035000.734000000171363 ], [ 556651.498999999952503, 3035000.959000000264496 ], [ 556651.449000000022352, 3035000.959000000264496 ], [ 556651.049, 3035001.359000000171363 ], [ 556650.949000000022352, 3035001.40900000045076 ], [ 556650.799, 3035001.40900000045076 ], [ 556650.748999999952503, 3035001.459000000264496 ], [ 556650.699000000022352, 3035001.40900000045076 ], [ 556650.498999999952503, 3035001.359000000171363 ], [ 556650.174, 3035000.984000000171363 ], [ 556650.174, 3035000.884 ], [ 556650.123999999952503, 3035000.834000000264496 ], [ 556650.123999999952503, 3035000.384 ], [ 556650.273999999975786, 3035000.184000000357628 ], [ 556650.273999999975786, 3035000.134 ], [ 556650.449000000022352, 3034999.959000000264496 ], [ 556650.648999999975786, 3034999.859000000171363 ], [ 556650.898999999975786, 3034999.859000000171363 ] ] ] } },
{ "type": "Feature", "properties": { "unit_id": "c00219", "method": "watershed", "label": 219 }, "geometry": { "type": "Polygon", "coordinates": [ [ [ 556619.799, 3035007.209000000264496 ], [ 556619.948999999905936, 3035007.309000000357628 ], [ 556620.698999999905936, 3035007.309000000357628 ], [ 556620.773999999975786, 3035007.53400000045076 ], [ 556621.073999999905936, 3035007.884 ], [ 556621.123999999952503, 3035007.984000000171363 ], [ 556621.123999999952503, 3035008.134 ], [ 556621.174, 3035008.184000000357628 ], [ 556621.174, 3035008.434000000357628 ], [ 556621.123999999952503, 3035008.484000000171363 ], [ 556621.073999999905936, 3035008.684000000357628 ], [ 556620.848999999929219, 3035008.90900000045076 ], [ 556620.448999999905936, 3035009.109000000171363 ], [ 556620.198999999905936, 3035009.359000000171363 ], [ 556620.098999999929219, 3035009.359000000171363 ], [ 556620.023999999975786, 3035009.234000000171363 ], [ 556619.948999999905936, 3035009.209000000264496 ], [ 556619.799, 3035009.059000000357628 ], [ 556619.348999999929219, 3035008.859000000171363 ], [ 556619.174, 3035008.684000000357628 ], [ 556619.073999999905936, 3035008.484000000171363 ], [ 556619.073999999905936, 3035008.334000000264496 ], [ 556619.023999999975786, 3035008.28400000045076 ], [ 556619.023999999975786, 3035008.184000000357628 ], [ 556618.924, 3035007.984000000171363 ], [ 556618.873999999952503, 3035007.684000000357628 ], [ 556618.823999999905936, 3035007.634 ], [ 556618.823999999905936, 3035007.484000000171363 ], [ 556618.773999999975786, 3035007.434000000357628 ], [ 556618.799, 3035007.259 ], [ 556619.498999999952503, 3035007.259 ], [ 556619.549, 3035007.209000000264496 ], [ 556619.799, 3035007.209000000264496 ] ] ] } },
{ "type": "Feature", "properties": { "unit_id": "c00220", "method": "watershed", "label": 220 }, "geometry": { "type": "Polygon", "coordinates": [ [ [ 556665.998999999952503, 3035021.65900000045076 ], [ 556666.049, 3035021.709000000264496 ], [ 556666.199000000022352, 3035021.709000000264496 ], [ 556666.299, 3035021.759000000543892 ], [ 556666.623999999952503, 3035022.03400000045076 ], [ 556666.623999999952503, 3035022.084000000264496 ], [ 556666.724000000045635, 3035022.184000000357628 ], [ 556666.773999999975786, 3035022.484000000171363 ], [ 556666.824000000022352, 3035022.53400000045076 ], [ 556666.824000000022352, 3035022.984000000171363 ], [ 556666.724000000045635, 3035023.184000000357628 ], [ 556666.199000000022352, 3035023.65900000045076 ], [ 556665.898999999975786, 3035023.609000000171363 ], [ 556665.873999999952503, 3035023.484000000171363 ], [ 556665.699000000022352, 3035023.309000000357628 ], [ 556665.549, 3035023.259000000543892 ], [ 556665.273999999975786, 3035022.984000000171363 ], [ 556665.174, 3035022.78400000045076 ], [ 556665.174, 3035022.684000000357628 ], [ 556665.123999999952503, 3035022.634000000543892 ], [ 556665.123999999952503, 3035021.984000000171363 ], [ 556665.299, 3035021.809000000357628 ], [ 556665.498999999952503, 3035021.709000000264496 ], [ 556665.648999999975786, 3035021.709000000264496 ], [ 556665.699000000022352, 3035021.65900000045076 ], [ 556665.998999999952503, 3035021.65900000045076 ] ] ] } },
{ "type": "Feature", "properties": { "unit_id": "c00221", "method": "watershed", "label": 221 }, "geometry": { "type": "Polygon", "coordinates": [ [ [ 556650.998999999952503, 3034965.859000000171363 ], [ 556651.049, 3034965.90900000045076 ], [ 556651.148999999975786, 3034965.90900000045076 ], [ 556651.424, 3034966.184000000357628 ], [ 556651.523999999975786, 3034966.384 ], [ 556651.574000000022352, 3034966.684000000357628 ], [ 556651.523999999975786, 3034966.734000000171363 ], [ 556651.523999999975786, 3034966.884 ], [ 556651.473999999929219, 3034966.984000000171363 ], [ 556651.348999999929219, 3034967.109000000171363 ], [ 556651.299, 3034967.109000000171363 ], [ 556651.199000000022352, 3034967.209000000264496 ], [ 556650.949000000022352, 3034967.259 ], [ 556650.898999999975786, 3034967.309000000357628 ], [ 556650.699000000022352, 3034967.309000000357628 ], [ 556650.648999999975786, 3034967.259 ], [ 556650.449000000022352, 3034967.209000000264496 ], [ 556650.174, 3034966.934000000357628 ], [ 556650.074000000022352, 3034966.734000000171363 ], [ 556650.074000000022352, 3034966.53400000045076 ], [ 556650.273999999975786, 3034966.184000000357628 ], [ 556650.348999999929219, 3034966.15900000045076 ], [ 556650.498999999952503, 3034966.009 ], [ 556650.699000000022352, 3034965.90900000045076 ], [ 556650.799, 3034965.90900000045076 ], [ 556650.848999999929219, 3034965.859000000171363 ], [ 556650.998999999952503, 3034965.859000000171363 ] ] ] } },
{ "type": "Feature", "properties": { "unit_id": "c00222", "method": "watershed", "label": 222 }, "geometry": { "type": "Polygon", "coordinates": [ [ [ 556628.398999999975786, 3034928.90900000045076 ], [ 556628.498999999952503, 3034928.959000000264496 ], [ 556628.799, 3034929.259 ], [ 556628.873999999952503, 3034929.384 ], [ 556628.924, 3034929.684000000357628 ], [ 556628.973999999929219, 3034929.734000000171363 ], [ 556628.973999999929219, 3034929.884 ], [ 556629.074000000022352, 3034930.084000000264496 ], [ 556629.074000000022352, 3034930.53400000045076 ], [ 556628.848999999929219, 3034930.759 ], [ 556628.648999999975786, 3034930.809000000357628 ], [ 556628.598999999929219, 3034930.859000000171363 ], [ 556627.648999999975786, 3034930.859000000171363 ], [ 556627.449000000022352, 3034930.759 ], [ 556627.199000000022352, 3034930.509 ], [ 556627.148999999975786, 3034930.509 ], [ 556627.123999999952503, 3034930.434000000357628 ], [ 556626.973999999929219, 3034930.28400000045076 ], [ 556626.924, 3034930.084000000264496 ], [ 556626.873999999952503, 3034930.03400000045076 ], [ 556626.924, 3034929.634 ], [ 556627.123999999952503, 3034929.28400000045076 ], [ 556627.248999999952503, 3034929.15900000045076 ], [ 556627.449000000022352, 3034929.059000000357628 ], [ 556627.549, 3034929.059000000357628 ], [ 556627.598999999929219, 3034929.009 ], [ 556627.799, 3034929.009 ], [ 556627.848999999929219, 3034928.959000000264496 ], [ 556627.998999999952503, 3034928.959000000264496 ], [ 556628.049, 3034928.90900000045076 ], [ 556628.398999999975786, 3034928.90900000045076 ] ] ] } },
{ "type": "Feature", "properties": { "unit_id": "c00223", "method": "watershed", "label": 223 }, "geometry": { "type": "Polygon", "coordinates": [ [ [ 556643.699000000022352, 3034948.059000000357628 ], [ 556643.723999999929219, 3034948.134 ], [ 556643.898999999975786, 3034948.309000000357628 ], [ 556643.949000000022352, 3034948.309000000357628 ], [ 556644.098999999929219, 3034948.459000000264496 ], [ 556644.148999999975786, 3034948.459000000264496 ], [ 556644.373999999952503, 3034948.684000000357628 ], [ 556644.473999999929219, 3034948.884 ], [ 556644.473999999929219, 3034948.984000000171363 ], [ 556644.523999999975786, 3034949.03400000045076 ], [ 556644.574000000022352, 3034949.634 ], [ 556644.523999999975786, 3034949.734000000171363 ], [ 556644.299, 3034949.959000000264496 ], [ 556643.748999999952503, 3034950.209000000264496 ], [ 556643.648999999975786, 3034950.359000000171363 ], [ 556642.949000000022352, 3034950.359000000171363 ], [ 556642.873999999952503, 3034950.28400000045076 ], [ 556642.824000000022352, 3034950.134 ], [ 556642.473999999929219, 3034949.78400000045076 ], [ 556642.473999999929219, 3034949.434000000357628 ], [ 556642.623999999952503, 3034949.134 ], [ 556642.674, 3034948.884 ], [ 556642.773999999975786, 3034948.78400000045076 ], [ 556642.773999999975786, 3034948.734000000171363 ], [ 556643.098999999929219, 3034948.40900000045076 ], [ 556643.174, 3034948.384 ], [ 556643.424, 3034948.134 ], [ 556643.449000000022352, 3034948.059000000357628 ], [ 556643.699000000022352, 3034948.059000000357628 ] ] ] } },
{ "type": "Feature", "properties": { "unit_id": "c00224", "method": "watershed", "label": 224 }, "geometry": { "type": "Polygon", "coordinates": [ [ [ 556659.199000000022352, 3034934.209000000264496 ], [ 556659.398999999975786, 3034934.309000000357628 ], [ 556659.574000000022352, 3034934.53400000045076 ], [ 556659.574000000022352, 3034934.934000000357628 ], [ 556659.523999999975786, 3034934.984000000171363 ], [ 556659.523999999975786, 3034935.084000000264496 ], [ 556659.324000000022352, 3034935.334000000264496 ], [ 556659.148999999975786, 3034935.459000000264496 ], [ 556659.049, 3034935.509 ], [ 556658.699000000022352, 3034935.509 ], [ 556658.498999999952503, 3034935.359000000171363 ], [ 556658.449000000022352, 3034935.359000000171363 ], [ 556658.224000000045635, 3034935.134 ], [ 556658.123999999952503, 3034934.934000000357628 ], [ 556658.123999999952503, 3034934.634 ], [ 556658.174, 3034934.53400000045076 ], [ 556658.398999999975786, 3034934.309000000357628 ], [ 556658.599000000045635, 3034934.209000000264496 ], [ 556659.199000000022352, 3034934.209000000264496 ] ] ] } },
{ "type": "Feature", "properties": { "unit_id": "c00225", "method": "watershed", "label": 225 }, "geometry": { "type": "Polygon", "coordinates": [ [ [ 556620.398999999975786, 3034963.459000000264496 ], [ 556620.573999999905936, 3034963.584000000264496 ], [ 556620.623999999952503, 3034963.684000000357628 ], [ 556620.924, 3034963.984000000171363 ], [ 556621.123999999952503, 3034964.384 ], [ 556621.073999999905936, 3034964.434000000357628 ], [ 556621.073999999905936, 3034964.684000000357628 ], [ 556621.023999999975786, 3034964.734000000171363 ], [ 556621.023999999975786, 3034965.084000000264496 ], [ 556620.973999999929219, 3034965.184000000357628 ], [ 556620.848999999929219, 3034965.309000000357628 ], [ 556620.648999999975786, 3034965.359000000171363 ], [ 556620.598999999929219, 3034965.40900000045076 ], [ 556620.198999999905936, 3034965.359000000171363 ], [ 556620.148999999975786, 3034965.309000000357628 ], [ 556619.998999999952503, 3034965.309000000357628 ], [ 556619.948999999905936, 3034965.259 ], [ 556619.648999999975786, 3034965.209000000264496 ], [ 556619.448999999905936, 3034965.109000000171363 ], [ 556619.198999999905936, 3034964.90900000045076 ], [ 556619.148999999975786, 3034964.90900000045076 ], [ 556618.924, 3034964.684000000357628 ], [ 556618.873999999952503, 3034964.584000000264496 ], [ 556618.873999999952503, 3034964.28400000045076 ], [ 556618.973999999929219, 3034964.084000000264496 ], [ 556619.174, 3034963.834000000264496 ], [ 556619.174, 3034963.78400000045076 ], [ 556619.448999999905936, 3034963.509 ], [ 556619.799, 3034963.609000000171363 ], [ 556620.098999999929219, 3034963.459000000264496 ], [ 556620.398999999975786, 3034963.459000000264496 ] ] ] } },
{ "type": "Feature", "properties": { "unit_id": "c00226", "method": "watershed", "label": 226 }, "geometry": { "type": "Polygon", "coordinates": [ [ [ 556666.498999999952503, 3034921.609000000171363 ], [ 556666.699000000022352, 3034921.709000000264496 ], [ 556666.949000000022352, 3034921.959000000264496 ], [ 556667.123999999952503, 3034922.234000000171363 ], [ 556667.123999999952503, 3034922.434000000357628 ], [ 556667.074000000022352, 3034922.53400000045076 ], [ 556666.949000000022352, 3034922.65900000045076 ], [ 556666.748999999952503, 3034922.759 ], [ 556666.349000000045635, 3034922.759 ], [ 556666.299, 3034922.709000000264496 ], [ 556666.099000000045635, 3034922.65900000045076 ], [ 556665.873999999952503, 3034922.434000000357628 ], [ 556665.773999999975786, 3034922.234000000171363 ], [ 556665.773999999975786, 3034921.984000000171363 ], [ 556665.824000000022352, 3034921.884 ], [ 556666.049, 3034921.65900000045076 ], [ 556666.148999999975786, 3034921.609000000171363 ], [ 556666.498999999952503, 3034921.609000000171363 ] ] ] } },
{ "type": "Feature", "properties": { "unit_id": "c00227", "method": "watershed", "label": 227 }, "geometry": { "type": "Polygon", "coordinates": [ [ [ 556658.949000000022352, 3034914.859000000171363 ], [ 556658.998999999952503, 3034914.90900000045076 ], [ 556659.248999999952503, 3034914.90900000045076 ], [ 556659.449000000022352, 3034915.009 ], [ 556659.674, 3034915.234000000171363 ], [ 556659.773999999975786, 3034915.434000000357628 ], [ 556659.773999999975786, 3034915.834000000264496 ], [ 556659.724000000045635, 3034915.884 ], [ 556659.724000000045635, 3034915.984000000171363 ], [ 556659.449000000022352, 3034916.259 ], [ 556659.248999999952503, 3034916.359000000171363 ], [ 556658.849000000045635, 3034916.359000000171363 ], [ 556658.799, 3034916.309000000357628 ], [ 556658.699000000022352, 3034916.309000000357628 ], [ 556658.424, 3034916.084000000264496 ], [ 556658.224000000045635, 3034915.684000000357628 ], [ 556658.224000000045635, 3034915.384 ], [ 556658.273999999975786, 3034915.334000000264496 ], [ 556658.273999999975786, 3034915.234000000171363 ], [ 556658.498999999952503, 3034915.009 ], [ 556658.699000000022352, 3034914.90900000045076 ], [ 556658.849000000045635, 3034914.90900000045076 ], [ 556658.949000000022352, 3034914.859000000171363 ] ] ] } },
{ "type": "Feature", "properties": { "unit_id": "c00228", "method": "watershed", "label": 228 }, "geometry": { "type": "Polygon", "coordinates": [ [ [ 556666.699000000022352, 3034945.009 ], [ 556666.898999999975786, 3034945.109000000171363 ], [ 556667.049, 3034945.259 ], [ 556667.099000000045635, 3034945.259 ], [ 556667.324000000022352, 3034945.53400000045076 ], [ 556667.373999999952503, 3034945.634 ], [ 556667.373999999952503, 3034946.03400000045076 ], [ 556667.324000000022352, 3034946.134 ], [ 556667.099000000045635, 3034946.359000000171363 ], [ 556666.898999999975786, 3034946.459000000264496 ], [ 556666.799, 3034946.459000000264496 ], [ 556666.748999999952503, 3034946.509 ], [ 556666.599000000045635, 3034946.509 ], [ 556666.549, 3034946.559000000357628 ], [ 556666.049, 3034946.559000000357628 ], [ 556665.998999999952503, 3034946.509 ], [ 556665.799, 3034946.459000000264496 ], [ 556665.674, 3034946.334000000264496 ], [ 556665.674, 3034946.234000000171363 ], [ 556665.623999999952503, 3034946.184000000357628 ], [ 556665.623999999952503, 3034945.984000000171363 ], [ 556665.674, 3034945.934000000357628 ], [ 556665.674, 3034945.434000000357628 ], [ 556665.898999999975786, 3034945.209000000264496 ], [ 556666.199000000022352, 3034945.059000000357628 ], [ 556666.349000000045635, 3034945.059000000357628 ], [ 556666.398999999975786, 3034945.009 ], [ 556666.699000000022352, 3034945.009 ] ] ] } },
{ "type": "Feature", "properties": { "unit_id": "c00229", "method": "watershed", "label": 229 }, "geometry": { "type": "Polygon", "coordinates": [ [ [ 556650.398999999975786, 3035044.90900000045076 ], [ 556650.598999999929219, 3035045.009000000543892 ], [ 556650.873999999952503, 3035045.28400000045076 ], [ 556650.873999999952503, 3035045.334000000264496 ], [ 556651.074000000022352, 3035045.584000000264496 ], [ 556651.174, 3035045.78400000045076 ], [ 556651.174, 3035046.134000000543892 ], [ 556650.998999999952503, 3035046.309000000357628 ], [ 556650.699000000022352, 3035046.459000000264496 ], [ 556650.398999999975786, 3035046.509000000543892 ], [ 556650.348999999929219, 3035046.559000000357628 ], [ 556650.199000000022352, 3035046.559000000357628 ], [ 556650.148999999975786, 3035046.509000000543892 ], [ 556649.998999999952503, 3035046.509000000543892 ], [ 556649.949000000022352, 3035046.459000000264496 ], [ 556649.748999999952503, 3035046.40900000045076 ], [ 556649.523999999975786, 3035046.184000000357628 ], [ 556649.523999999975786, 3035046.084000000264496 ], [ 556649.473999999929219, 3035046.03400000045076 ], [ 556649.473999999929219, 3035045.734000000171363 ], [ 556649.523999999975786, 3035045.684000000357628 ], [ 556649.523999999975786, 3035045.484000000171363 ], [ 556649.748999999952503, 3035045.15900000045076 ], [ 556649.799, 3035045.15900000045076 ], [ 556649.949000000022352, 3035045.009000000543892 ], [ 556650.148999999975786, 3035044.90900000045076 ], [ 556650.398999999975786, 3035044.90900000045076 ] ] ] } },
{ "type": "Feature", "properties": { "unit_id": "c00230", "method": "watershed", "label": 230 }, "geometry": { "type": "Polygon", "coordinates": [ [ [ 556666.049, 3035023.609000000171363 ], [ 556666.099000000045635, 3035023.65900000045076 ], [ 556666.224000000045635, 3035023.684000000357628 ], [ 556666.324000000022352, 3035023.934000000357628 ], [ 556666.674, 3035024.28400000045076 ], [ 556666.674, 3035024.334000000264496 ], [ 556666.773999999975786, 3035024.434000000357628 ], [ 556666.873999999952503, 3035024.634000000543892 ], [ 556666.873999999952503, 3035024.884000000543892 ], [ 556666.773999999975786, 3035025.084000000264496 ], [ 556666.449000000022352, 3035025.40900000045076 ], [ 556666.248999999952503, 3035025.509000000543892 ], [ 556665.799, 3035025.509000000543892 ], [ 556665.748999999952503, 3035025.459000000264496 ], [ 556665.648999999975786, 3035025.459000000264496 ], [ 556665.449000000022352, 3035025.359000000171363 ], [ 556665.174, 3035025.084000000264496 ], [ 556665.174, 3035024.984000000171363 ], [ 556665.123999999952503, 3035024.934000000357628 ], [ 556665.123999999952503, 3035024.734000000171363 ], [ 556665.273999999975786, 3035024.434000000357628 ], [ 556665.424, 3035024.28400000045076 ], [ 556665.574000000022352, 3035023.984000000171363 ], [ 556665.824000000022352, 3035023.684000000357628 ], [ 556665.824000000022352, 3035023.634000000543892 ], [ 556666.049, 3035023.609000000171363 ] ] ] } },
{ "type": "Feature", "properties": { "unit_id": "c00231", "method": "watershed", "label": 231 }, "geometry": { "type": "Polygon", "coordinates": [ [ [ 556612.398999999975786, 3034982.40900000045076 ], [ 556612.448999999905936, 3034982.459000000264496 ], [ 556612.648999999975786, 3034982.459000000264496 ], [ 556612.723999999929219, 3034982.53400000045076 ], [ 556612.723999999929219, 3034983.78400000045076 ], [ 556612.773999999975786, 3034983.834000000264496 ], [ 556612.498999999952503, 3034984.059000000357628 ], [ 556612.248999999952503, 3034984.109000000171363 ], [ 556612.098999999929219, 3034984.209000000264496 ], [ 556611.998999999952503, 3034984.209000000264496 ], [ 556611.698999999905936, 3034984.359000000171363 ], [ 556611.098999999929219, 3034984.359000000171363 ], [ 556611.073999999905936, 3034984.234000000171363 ], [ 556611.023999999975786, 3034984.184000000357628 ], [ 556611.023999999975786, 3034984.084000000264496 ], [ 556610.973999999929219, 3034984.03400000045076 ], [ 556610.973999999929219, 3034983.884 ], [ 556610.924, 3034983.834000000264496 ], [ 556610.924, 3034983.234000000171363 ], [ 556610.973999999929219, 3034983.134 ], [ 556611.174, 3034982.934000000357628 ], [ 556611.174, 3034982.884 ], [ 556611.598999999929219, 3034982.509 ], [ 556611.799, 3034982.459000000264496 ], [ 556611.848999999929219, 3034982.40900000045076 ], [ 556612.398999999975786, 3034982.40900000045076 ] ] ] } },
{ "type": "Feature", "properties": { "unit_id": "c00232", "method": "watershed", "label": 232 }, "geometry": { "type": "Polygon", "coordinates": [ [ [ 556635.398999999975786, 3034985.559000000357628 ], [ 556635.449000000022352, 3034985.609000000171363 ], [ 556635.598999999929219, 3034985.609000000171363 ], [ 556635.898999999975786, 3034985.859000000171363 ], [ 556636.248999999952503, 3034986.059000000357628 ], [ 556636.574000000022352, 3034986.384 ], [ 556636.623999999952503, 3034986.484000000171363 ], [ 556636.623999999952503, 3034986.934000000357628 ], [ 556636.574000000022352, 3034987.03400000045076 ], [ 556636.148999999975786, 3034987.459000000264496 ], [ 556635.898999999975786, 3034987.509 ], [ 556635.848999999929219, 3034987.459000000264496 ], [ 556635.598999999929219, 3034987.40900000045076 ], [ 556635.299, 3034987.259 ], [ 556635.148999999975786, 3034987.259 ], [ 556635.098999999929219, 3034987.209000000264496 ], [ 556634.949000000022352, 3034987.209000000264496 ], [ 556634.848999999929219, 3034987.15900000045076 ], [ 556634.623999999952503, 3034986.934000000357628 ], [ 556634.574000000022352, 3034986.78400000045076 ], [ 556634.324000000022352, 3034986.484000000171363 ], [ 556634.324000000022352, 3034986.134 ], [ 556634.549, 3034985.90900000045076 ], [ 556634.949000000022352, 3034985.709000000264496 ], [ 556635.148999999975786, 3034985.559000000357628 ], [ 556635.398999999975786, 3034985.559000000357628 ] ] ] } },
{ "type": "Feature", "properties": { "unit_id": "c00233", "method": "watershed", "label": 233 }, "geometry": { "type": "Polygon", "coordinates": [ [ [ 556658.248999999952503, 3035047.259000000543892 ], [ 556658.398999999975786, 3035047.359000000171363 ], [ 556658.498999999952503, 3035047.359000000171363 ], [ 556658.824000000022352, 3035047.634000000543892 ], [ 556658.824000000022352, 3035047.834000000264496 ], [ 556658.623999999952503, 3035048.084000000264496 ], [ 556658.623999999952503, 3035048.134000000543892 ], [ 556658.324000000022352, 3035048.434000000357628 ], [ 556658.299, 3035048.509000000543892 ], [ 556658.248999999952503, 3035048.509000000543892 ], [ 556658.148999999975786, 3035048.609000000171363 ], [ 556657.949000000022352, 3035048.609000000171363 ], [ 556657.898999999975786, 3035048.559000000357628 ], [ 556657.799, 3035048.559000000357628 ], [ 556657.549, 3035048.359000000171363 ], [ 556657.498999999952503, 3035048.359000000171363 ], [ 556657.324000000022352, 3035048.184000000357628 ], [ 556657.324000000022352, 3035048.134000000543892 ], [ 556657.224000000045635, 3035048.03400000045076 ], [ 556657.224000000045635, 3035047.734000000171363 ], [ 556657.273999999975786, 3035047.634000000543892 ], [ 556657.549, 3035047.359000000171363 ], [ 556657.748999999952503, 3035047.259000000543892 ], [ 556658.248999999952503, 3035047.259000000543892 ] ] ] } },
{ "type": "Feature", "properties": { "unit_id": "c00234", "method": "watershed", "label": 234 }, "geometry": { "type": "Polygon", "coordinates": [ [ [ 556651.598999999929219, 3034944.40900000045076 ], [ 556651.648999999975786, 3034944.459000000264496 ], [ 556651.748999999952503, 3034944.459000000264496 ], [ 556651.973999999929219, 3034944.684000000357628 ], [ 556652.023999999975786, 3034944.78400000045076 ], [ 556652.023999999975786, 3034945.184000000357628 ], [ 556651.873999999952503, 3034945.484000000171363 ], [ 556651.498999999952503, 3034945.859000000171363 ], [ 556651.398999999975786, 3034945.90900000045076 ], [ 556651.049, 3034945.90900000045076 ], [ 556650.998999999952503, 3034945.859000000171363 ], [ 556650.848999999929219, 3034945.859000000171363 ], [ 556650.799, 3034945.809000000357628 ], [ 556650.598999999929219, 3034945.759 ], [ 556650.424, 3034945.53400000045076 ], [ 556650.324000000022352, 3034945.334000000264496 ], [ 556650.324000000022352, 3034945.234000000171363 ], [ 556650.273999999975786, 3034945.184000000357628 ], [ 556650.273999999975786, 3034944.984000000171363 ], [ 556650.424, 3034944.684000000357628 ], [ 556650.598999999929219, 3034944.559000000357628 ], [ 556650.799, 3034944.459000000264496 ], [ 556650.898999999975786, 3034944.459000000264496 ], [ 556650.949000000022352, 3034944.40900000045076 ], [ 556651.598999999929219, 3034944.40900000045076 ] ] ] } },
{ "type": "Feature", "properties": { "unit_id": "c00235", "method": "watershed", "label": 235 }, "geometry": { "type": "Polygon", "coordinates": [ [ [ 556635.348999999929219, 3035046.809000000357628 ], [ 556635.398999999975786, 3035046.859000000171363 ], [ 556635.598999999929219, 3035046.90900000045076 ], [ 556635.773999999975786, 3035047.084000000264496 ], [ 556635.973999999929219, 3035047.434000000357628 ], [ 556635.973999999929219, 3035047.584000000264496 ], [ 556636.023999999975786, 3035047.634000000543892 ], [ 556636.023999999975786, 3035047.734000000171363 ], [ 556636.174, 3035048.03400000045076 ], [ 556636.174, 3035048.234000000171363 ], [ 556636.123999999952503, 3035048.334000000264496 ], [ 556635.898999999975786, 3035048.559000000357628 ], [ 556635.799, 3035048.559000000357628 ], [ 556635.748999999952503, 3035048.609000000171363 ], [ 556635.598999999929219, 3035048.609000000171363 ], [ 556635.549, 3035048.559000000357628 ], [ 556635.248999999952503, 3035048.559000000357628 ], [ 556635.199000000022352, 3035048.509000000543892 ], [ 556634.949000000022352, 3035048.509000000543892 ], [ 556634.898999999975786, 3035048.459000000264496 ], [ 556634.799, 3035048.459000000264496 ], [ 556634.449000000022352, 3035048.259000000543892 ], [ 556634.223999999929219, 3035047.984000000171363 ], [ 556634.223999999929219, 3035047.884000000543892 ], [ 556634.174, 3035047.834000000264496 ], [ 556634.174, 3035047.584000000264496 ], [ 556634.223999999929219, 3035047.484000000171363 ], [ 556634.498999999952503, 3035047.209000000264496 ], [ 556634.549, 3035047.209000000264496 ], [ 556634.799, 3035047.009000000543892 ], [ 556635.098999999929219, 3035046.859000000171363 ], [ 556635.299, 3035046.859000000171363 ], [ 556635.348999999929219, 3035046.809000000357628 ] ] ] } },
{ "type": "Feature", "properties": { "unit_id": "c00236", "method": "watershed", "label": 236 }, "geometry": { "type": "Polygon", "coordinates": [ [ [ 556643.848999999929219, 3034914.509 ], [ 556643.949000000022352, 3034914.559000000357628 ], [ 556644.223999999929219, 3034914.834000000264496 ], [ 556644.223999999929219, 3034914.934000000357628 ], [ 556644.273999999975786, 3034914.984000000171363 ], [ 556644.273999999975786, 3034915.28400000045076 ], [ 556644.223999999929219, 3034915.334000000264496 ], [ 556644.223999999929219, 3034915.434000000357628 ], [ 556644.174, 3034915.53400000045076 ], [ 556643.949000000022352, 3034915.759 ], [ 556643.748999999952503, 3034915.859000000171363 ], [ 556643.348999999929219, 3034915.859000000171363 ], [ 556643.148999999975786, 3034915.759 ], [ 556642.873999999952503, 3034915.434000000357628 ], [ 556642.873999999952503, 3034915.334000000264496 ], [ 556642.824000000022352, 3034915.28400000045076 ], [ 556642.824000000022352, 3034914.934000000357628 ], [ 556642.924, 3034914.734000000171363 ], [ 556643.098999999929219, 3034914.609000000171363 ], [ 556643.398999999975786, 3034914.559000000357628 ], [ 556643.449000000022352, 3034914.509 ], [ 556643.848999999929219, 3034914.509 ] ] ] } },
{ "type": "Feature", "properties": { "unit_id": "c00237", "method": "watershed", "label": 237 }, "geometry": { "type": "Polygon", "coordinates": [ [ [ 556627.449000000022352, 3035029.209000000264496 ], [ 556628.148999999975786, 3035029.559000000357628 ], [ 556628.398999999975786, 3035029.759000000543892 ], [ 556628.449000000022352, 3035029.759000000543892 ], [ 556628.574000000022352, 3035029.934000000357628 ], [ 556628.574000000022352, 3035030.28400000045076 ], [ 556628.523999999975786, 3035030.334000000264496 ], [ 556628.473999999929219, 3035030.734000000171363 ], [ 556628.373999999952503, 3035030.934000000357628 ], [ 556628.373999999952503, 3035031.234000000171363 ], [ 556628.148999999975786, 3035031.709000000264496 ], [ 556627.799, 3035031.709000000264496 ], [ 556627.748999999952503, 3035031.65900000045076 ], [ 556627.148999999975786, 3035031.65900000045076 ], [ 556627.123999999952503, 3035031.634000000543892 ], [ 556627.273999999975786, 3035031.384000000543892 ], [ 556627.223999999929219, 3035031.134000000543892 ], [ 556626.699000000022352, 3035030.65900000045076 ], [ 556626.648999999975786, 3035030.65900000045076 ], [ 556626.348999999929219, 3035030.359000000171363 ], [ 556626.273999999975786, 3035030.28400000045076 ], [ 556626.273999999975786, 3035030.184000000357628 ], [ 556626.223999999929219, 3035030.134000000543892 ], [ 556626.373999999952503, 3035029.834000000264496 ], [ 556626.699000000022352, 3035029.509000000543892 ], [ 556627.248999999952503, 3035029.209000000264496 ], [ 556627.449000000022352, 3035029.209000000264496 ] ] ] } },
{ "type": "Feature", "properties": { "unit_id": "c00238", "method": "watershed", "label": 238 }, "geometry": { "type": "Polygon", "coordinates": [ [ [ 556666.049, 3035026.109000000171363 ], [ 556666.099000000045635, 3035026.15900000045076 ], [ 556666.199000000022352, 3035026.15900000045076 ], [ 556666.474000000045635, 3035026.434000000357628 ], [ 556666.523999999975786, 3035026.53400000045076 ], [ 556666.523999999975786, 3035026.684000000357628 ], [ 556666.574000000022352, 3035026.734000000171363 ], [ 556666.574000000022352, 3035026.834000000264496 ], [ 556666.523999999975786, 3035026.884000000543892 ], [ 556666.523999999975786, 3035027.084000000264496 ], [ 556666.424, 3035027.28400000045076 ], [ 556666.248999999952503, 3035027.459000000264496 ], [ 556666.049, 3035027.509000000543892 ], [ 556665.998999999952503, 3035027.559000000357628 ], [ 556665.748999999952503, 3035027.559000000357628 ], [ 556665.449000000022352, 3035027.40900000045076 ], [ 556665.023999999975786, 3035026.984000000171363 ], [ 556664.974000000045635, 3035026.78400000045076 ], [ 556664.924, 3035026.734000000171363 ], [ 556664.924, 3035026.584000000264496 ], [ 556665.074000000022352, 3035026.334000000264496 ], [ 556665.349000000045635, 3035026.15900000045076 ], [ 556665.449000000022352, 3035026.15900000045076 ], [ 556665.498999999952503, 3035026.109000000171363 ], [ 556666.049, 3035026.109000000171363 ] ] ] } },
{ "type": "Feature", "properties": { "unit_id": "c00239", "method": "watershed", "label": 239 }, "geometry": { "type": "Polygon", "coordinates": [ [ [ 556666.248999999952503, 3035015.009 ], [ 556666.273999999975786, 3035015.134 ], [ 556666.773999999975786, 3035015.634 ], [ 556666.873999999952503, 3035015.834000000264496 ], [ 556666.873999999952503, 3035016.184000000357628 ], [ 556666.824000000022352, 3035016.234000000171363 ], [ 556666.824000000022352, 3035016.334000000264496 ], [ 556666.674, 3035016.634 ], [ 556666.474000000045635, 3035016.884 ], [ 556666.474000000045635, 3035016.984000000171363 ], [ 556666.398999999975786, 3035017.059000000357628 ], [ 556665.449000000022352, 3035017.059000000357628 ], [ 556665.424, 3035016.934000000357628 ], [ 556665.324000000022352, 3035016.734000000171363 ], [ 556665.224000000045635, 3035016.634 ], [ 556665.074000000022352, 3035016.334000000264496 ], [ 556665.074000000022352, 3035016.234000000171363 ], [ 556665.023999999975786, 3035016.184000000357628 ], [ 556665.023999999975786, 3035015.984000000171363 ], [ 556665.074000000022352, 3035015.934000000357628 ], [ 556665.074000000022352, 3035015.834000000264496 ], [ 556665.123999999952503, 3035015.734000000171363 ], [ 556665.349000000045635, 3035015.509 ], [ 556665.623999999952503, 3035015.28400000045076 ], [ 556665.699000000022352, 3035015.009 ], [ 556666.248999999952503, 3035015.009 ] ] ] } },
{ "type": "Feature", "properties": { "unit_id": "c00240", "method": "watershed", "label": 240 }, "geometry": { "type": "Polygon", "coordinates": [ [ [ 556658.299, 3035030.259000000543892 ], [ 556658.349000000045635, 3035030.309000000357628 ], [ 556658.449000000022352, 3035030.309000000357628 ], [ 556658.674, 3035030.484000000171363 ], [ 556658.724000000045635, 3035030.684000000357628 ], [ 556658.773999999975786, 3035030.734000000171363 ], [ 556658.724000000045635, 3035031.084000000264496 ], [ 556658.449000000022352, 3035031.359000000171363 ], [ 556658.349000000045635, 3035031.40900000045076 ], [ 556658.148999999975786, 3035031.40900000045076 ], [ 556658.099000000045635, 3035031.459000000264496 ], [ 556657.849000000045635, 3035031.459000000264496 ], [ 556657.799, 3035031.40900000045076 ], [ 556657.648999999975786, 3035031.40900000045076 ], [ 556657.474000000045635, 3035031.28400000045076 ], [ 556657.424, 3035031.184000000357628 ], [ 556657.424, 3035030.834000000264496 ], [ 556657.523999999975786, 3035030.634000000543892 ], [ 556657.849000000045635, 3035030.309000000357628 ], [ 556657.949000000022352, 3035030.259000000543892 ], [ 556658.299, 3035030.259000000543892 ] ] ] } },
{ "type": "Feature", "properties": { "unit_id": "c00241", "method": "watershed", "label": 241 }, "geometry": { "type": "Polygon", "coordinates": [ [ [ 556651.449000000022352, 3034929.359000000171363 ], [ 556651.648999999975786, 3034929.459000000264496 ], [ 556651.773999999975786, 3034929.584000000264496 ], [ 556651.773999999975786, 3034929.634 ], [ 556651.973999999929219, 3034929.884 ], [ 556652.123999999952503, 3034930.184000000357628 ], [ 556652.123999999952503, 3034930.334000000264496 ], [ 556651.973999999929219, 3034930.634 ], [ 556651.648999999975786, 3034930.959000000264496 ], [ 556651.549, 3034930.959000000264496 ], [ 556651.498999999952503, 3034931.009 ], [ 556651.299, 3034931.009 ], [ 556650.898999999975786, 3034930.809000000357628 ], [ 556650.723999999929219, 3034930.634 ], [ 556650.723999999929219, 3034930.53400000045076 ], [ 556650.674, 3034930.484000000171363 ], [ 556650.723999999929219, 3034930.434000000357628 ], [ 556650.723999999929219, 3034930.28400000045076 ], [ 556650.773999999975786, 3034930.234000000171363 ], [ 556650.773999999975786, 3034929.934000000357628 ], [ 556650.873999999952503, 3034929.734000000171363 ], [ 556651.199000000022352, 3034929.40900000045076 ], [ 556651.299, 3034929.359000000171363 ], [ 556651.449000000022352, 3034929.359000000171363 ] ] ] } },
{ "type": "Feature", "properties": { "unit_id": "c00242", "method": "watershed", "label": 242 }, "geometry": { "type": "Polygon", "coordinates": [ [ [ 556620.198999999905936, 3034987.709000000264496 ], [ 556620.248999999952503, 3034987.759 ], [ 556620.549, 3034987.759 ], [ 556620.598999999929219, 3034987.809000000357628 ], [ 556620.748999999952503, 3034987.809000000357628 ], [ 556620.948999999905936, 3034987.959000000264496 ], [ 556620.998999999952503, 3034987.959000000264496 ], [ 556621.174, 3034988.184000000357628 ], [ 556621.174, 3034988.28400000045076 ], [ 556621.223999999929219, 3034988.334000000264496 ], [ 556621.223999999929219, 3034988.984000000171363 ], [ 556621.073999999905936, 3034989.28400000045076 ], [ 556620.848999999929219, 3034989.559000000357628 ], [ 556620.648999999975786, 3034989.559000000357628 ], [ 556620.598999999929219, 3034989.509 ], [ 556620.098999999929219, 3034989.509 ], [ 556619.898999999975786, 3034989.40900000045076 ], [ 556619.748999999952503, 3034989.40900000045076 ], [ 556619.698999999905936, 3034989.359000000171363 ], [ 556619.448999999905936, 3034989.309000000357628 ], [ 556619.223999999929219, 3034989.084000000264496 ], [ 556619.174, 3034988.984000000171363 ], [ 556619.174, 3034988.634 ], [ 556619.424, 3034988.084000000264496 ], [ 556619.424, 3034987.78400000045076 ], [ 556619.799, 3034987.759 ], [ 556619.848999999929219, 3034987.709000000264496 ], [ 556620.198999999905936, 3034987.709000000264496 ] ] ] } },
{ "type": "Feature", "properties": { "unit_id": "c00243", "method": "watershed", "label": 243 }, "geometry": { "type": "Polygon", "coordinates": [ [ [ 556628.299, 3034982.90900000045076 ], [ 556628.498999999952503, 3034983.059000000357628 ], [ 556628.549, 3034983.059000000357628 ], [ 556628.674, 3034983.234000000171363 ], [ 556628.674, 3034983.684000000357628 ], [ 556628.574000000022352, 3034983.884 ], [ 556628.574000000022352, 3034984.03400000045076 ], [ 556628.523999999975786, 3034984.134 ], [ 556628.348999999929219, 3034984.309000000357628 ], [ 556628.248999999952503, 3034984.309000000357628 ], [ 556628.199000000022352, 3034984.359000000171363 ], [ 556627.848999999929219, 3034984.359000000171363 ], [ 556627.799, 3034984.40900000045076 ], [ 556627.699000000022352, 3034984.40900000045076 ], [ 556627.299, 3034984.65900000045076 ], [ 556627.148999999975786, 3034984.65900000045076 ], [ 556626.949000000022352, 3034984.559000000357628 ], [ 556626.723999999929219, 3034984.28400000045076 ], [ 556626.674, 3034984.084000000264496 ], [ 556626.623999999952503, 3034984.03400000045076 ], [ 556626.623999999952503, 3034983.684000000357628 ], [ 556626.674, 3034983.584000000264496 ], [ 556627.049, 3034983.209000000264496 ], [ 556627.098999999929219, 3034983.209000000264496 ], [ 556627.299, 3034983.059000000357628 ], [ 556627.549, 3034983.009 ], [ 556627.598999999929219, 3034982.959000000264496 ], [ 556627.748999999952503, 3034982.959000000264496 ], [ 556627.799, 3034982.90900000045076 ], [ 556628.299, 3034982.90900000045076 ] ] ] } },
{ "type": "Feature", "properties": { "unit_id": "c00244", "method": "watershed", "label": 244 }, "geometry": { "type": "Polygon", "coordinates": [ [ [ 556658.949000000022352, 3034942.859000000171363 ], [ 556658.998999999952503, 3034942.90900000045076 ], [ 556659.099000000045635, 3034942.90900000045076 ], [ 556659.299, 3034943.009 ], [ 556659.523999999975786, 3034943.184000000357628 ], [ 556659.623999999952503, 3034943.384 ], [ 556659.623999999952503, 3034943.634 ], [ 556659.449000000022352, 3034943.859000000171363 ], [ 556659.248999999952503, 3034943.959000000264496 ], [ 556659.148999999975786, 3034944.059000000357628 ], [ 556659.049, 3034944.109000000171363 ], [ 556658.898999999975786, 3034944.109000000171363 ], [ 556658.849000000045635, 3034944.15900000045076 ], [ 556658.699000000022352, 3034944.15900000045076 ], [ 556658.498999999952503, 3034944.059000000357628 ], [ 556658.398999999975786, 3034944.059000000357628 ], [ 556658.123999999952503, 3034943.834000000264496 ], [ 556658.023999999975786, 3034943.634 ], [ 556658.023999999975786, 3034943.334000000264496 ], [ 556658.099000000045635, 3034943.209000000264496 ], [ 556658.449000000022352, 3034942.90900000045076 ], [ 556658.599000000045635, 3034942.90900000045076 ], [ 556658.648999999975786, 3034942.859000000171363 ], [ 556658.949000000022352, 3034942.859000000171363 ] ] ] } },
{ "type": "Feature", "properties": { "unit_id": "c00245", "method": "watershed", "label": 245 }, "geometry": { "type": "Polygon", "coordinates": [ [ [ 556643.648999999975786, 3034946.609000000171363 ], [ 556643.699000000022352, 3034946.65900000045076 ], [ 556643.848999999929219, 3034946.65900000045076 ], [ 556643.898999999975786, 3034946.709000000264496 ], [ 556643.998999999952503, 3034946.709000000264496 ], [ 556644.199000000022352, 3034946.809000000357628 ], [ 556644.373999999952503, 3034947.03400000045076 ], [ 556644.373999999952503, 3034947.28400000045076 ], [ 556644.148999999975786, 3034947.559000000357628 ], [ 556644.098999999929219, 3034947.559000000357628 ], [ 556643.898999999975786, 3034947.759 ], [ 556643.824000000022352, 3034947.78400000045076 ], [ 556643.824000000022352, 3034947.834000000264496 ], [ 556643.723999999929219, 3034947.934000000357628 ], [ 556643.699000000022352, 3034948.059000000357628 ], [ 556643.449000000022352, 3034948.059000000357628 ], [ 556643.273999999975786, 3034947.684000000357628 ], [ 556643.174, 3034947.584000000264496 ], [ 556643.023999999975786, 3034947.28400000045076 ], [ 556643.023999999975786, 3034947.03400000045076 ], [ 556643.074000000022352, 3034946.934000000357628 ], [ 556643.299, 3034946.709000000264496 ], [ 556643.498999999952503, 3034946.65900000045076 ], [ 556643.549, 3034946.609000000171363 ], [ 556643.648999999975786, 3034946.609000000171363 ] ] ] } },
{ "type": "Feature", "properties": { "unit_id": "c00246", "method": "watershed", "label": 246 }, "geometry": { "type": "Polygon", "coordinates": [ [ [ 556643.648999999975786, 3034931.40900000045076 ], [ 556643.773999999975786, 3034931.484000000171363 ], [ 556643.773999999975786, 3034931.53400000045076 ], [ 556643.924, 3034931.684000000357628 ], [ 556643.924, 3034931.734000000171363 ], [ 556644.248999999952503, 3034932.009 ], [ 556644.373999999952503, 3034932.184000000357628 ], [ 556644.373999999952503, 3034932.484000000171363 ], [ 556644.049, 3034932.759 ], [ 556643.949000000022352, 3034932.809000000357628 ], [ 556643.799, 3034932.809000000357628 ], [ 556643.748999999952503, 3034932.859000000171363 ], [ 556643.449000000022352, 3034932.809000000357628 ], [ 556643.398999999975786, 3034932.759 ], [ 556643.199000000022352, 3034932.709000000264496 ], [ 556642.973999999929219, 3034932.484000000171363 ], [ 556642.924, 3034932.384 ], [ 556642.924, 3034931.934000000357628 ], [ 556643.023999999975786, 3034931.834000000264496 ], [ 556643.023999999975786, 3034931.78400000045076 ], [ 556643.398999999975786, 3034931.459000000264496 ], [ 556643.498999999952503, 3034931.40900000045076 ], [ 556643.648999999975786, 3034931.40900000045076 ] ] ] } },
{ "type": "Feature", "properties": { "unit_id": "c00247", "method": "watershed", "label": 247 }, "geometry": { "type": "Polygon", "coordinates": [ [ [ 556644.049, 3034937.859000000171363 ], [ 556644.098999999929219, 3034937.90900000045076 ], [ 556644.199000000022352, 3034937.90900000045076 ], [ 556644.523999999975786, 3034938.234000000171363 ], [ 556644.574000000022352, 3034938.334000000264496 ], [ 556644.574000000022352, 3034938.434000000357628 ], [ 556644.674, 3034938.634 ], [ 556644.674, 3034938.934000000357628 ], [ 556644.574000000022352, 3034939.134 ], [ 556644.398999999975786, 3034939.309000000357628 ], [ 556644.299, 3034939.359000000171363 ], [ 556644.148999999975786, 3034939.359000000171363 ], [ 556644.098999999929219, 3034939.40900000045076 ], [ 556643.949000000022352, 3034939.40900000045076 ], [ 556643.898999999975786, 3034939.359000000171363 ], [ 556643.199000000022352, 3034939.40900000045076 ], [ 556643.098999999929219, 3034939.359000000171363 ], [ 556642.924, 3034939.184000000357628 ], [ 556642.873999999952503, 3034939.084000000264496 ], [ 556642.873999999952503, 3034938.884 ], [ 556642.824000000022352, 3034938.834000000264496 ], [ 556642.873999999952503, 3034938.53400000045076 ], [ 556643.074000000022352, 3034938.134 ], [ 556643.299, 3034937.90900000045076 ], [ 556643.398999999975786, 3034937.859000000171363 ], [ 556644.049, 3034937.859000000171363 ] ] ] } },
{ "type": "Feature", "properties": { "unit_id": "c00248", "method": "watershed", "label": 248 }, "geometry": { "type": "Polygon", "coordinates": [ [ [ 556658.498999999952503, 3034998.209000000264496 ], [ 556658.898999999975786, 3034998.40900000045076 ], [ 556659.123999999952503, 3034998.634 ], [ 556659.174, 3034998.734000000171363 ], [ 556659.174, 3034998.984000000171363 ], [ 556659.123999999952503, 3034999.03400000045076 ], [ 556659.074000000022352, 3034999.234000000171363 ], [ 556658.974000000045635, 3034999.334000000264496 ], [ 556658.974000000045635, 3034999.384 ], [ 556658.648999999975786, 3034999.709000000264496 ], [ 556658.449000000022352, 3034999.709000000264496 ], [ 556658.299, 3034999.609000000171363 ], [ 556658.099000000045635, 3034999.559000000357628 ], [ 556657.824000000022352, 3034999.28400000045076 ], [ 556657.773999999975786, 3034999.184000000357628 ], [ 556657.773999999975786, 3034999.03400000045076 ], [ 556657.724000000045635, 3034998.984000000171363 ], [ 556657.773999999975786, 3034998.684000000357628 ], [ 556657.873999999952503, 3034998.484000000171363 ], [ 556658.099000000045635, 3034998.259 ], [ 556658.199000000022352, 3034998.209000000264496 ], [ 556658.498999999952503, 3034998.209000000264496 ] ] ] } },
{ "type": "Feature", "properties": { "unit_id": "c00249", "method": "watershed", "label": 249 }, "geometry": { "type": "Polygon", "coordinates": [ [ [ 556628.348999999929219, 3034961.009 ], [ 556628.924, 3034961.53400000045076 ], [ 556628.924, 3034961.884 ], [ 556628.723999999929219, 3034962.234000000171363 ], [ 556628.598999999929219, 3034962.359000000171363 ], [ 556628.398999999975786, 3034962.459000000264496 ], [ 556628.299, 3034962.459000000264496 ], [ 556628.248999999952503, 3034962.509 ], [ 556627.898999999975786, 3034962.509 ], [ 556627.299, 3034962.209000000264496 ], [ 556627.174, 3034962.03400000045076 ], [ 556627.174, 3034961.934000000357628 ], [ 556627.273999999975786, 3034961.734000000171363 ], [ 556627.949000000022352, 3034961.059000000357628 ], [ 556628.049, 3034961.009 ], [ 556628.348999999929219, 3034961.009 ] ] ] } },
{ "type": "Feature", "properties": { "unit_id": "c00250", "method": "watershed", "label": 250 }, "geometry": { "type": "Polygon", "coordinates": [ [ [ 556635.699000000022352, 3034961.509 ], [ 556636.049, 3034961.709000000264496 ], [ 556636.373999999952503, 3034962.03400000045076 ], [ 556636.373999999952503, 3034962.384 ], [ 556636.324000000022352, 3034962.434000000357628 ], [ 556636.324000000022352, 3034963.03400000045076 ], [ 556636.049, 3034963.40900000045076 ], [ 556635.799, 3034963.40900000045076 ], [ 556635.748999999952503, 3034963.359000000171363 ], [ 556635.473999999929219, 3034963.334000000264496 ], [ 556635.473999999929219, 3034963.134 ], [ 556635.373999999952503, 3034962.934000000357628 ], [ 556635.273999999975786, 3034962.834000000264496 ], [ 556635.223999999929219, 3034962.684000000357628 ], [ 556634.723999999929219, 3034961.984000000171363 ], [ 556634.723999999929219, 3034961.78400000045076 ], [ 556634.848999999929219, 3034961.65900000045076 ], [ 556635.049, 3034961.559000000357628 ], [ 556635.148999999975786, 3034961.559000000357628 ], [ 556635.199000000022352, 3034961.509 ], [ 556635.699000000022352, 3034961.509 ] ] ] } },
{ "type": "Feature", "properties": { "unit_id": "c00251", "method": "watershed", "label": 251 }, "geometry": { "type": "Polygon", "coordinates": [ [ [ 556643.898999999975786, 3034956.959000000264496 ], [ 556643.998999999952503, 3034957.009 ], [ 556644.223999999929219, 3034957.234000000171363 ], [ 556644.324000000022352, 3034957.434000000357628 ], [ 556644.324000000022352, 3034957.934000000357628 ], [ 556644.273999999975786, 3034957.984000000171363 ], [ 556644.273999999975786, 3034958.084000000264496 ], [ 556644.174, 3034958.28400000045076 ], [ 556643.949000000022352, 3034958.509 ], [ 556643.848999999929219, 3034958.509 ], [ 556643.799, 3034958.559000000357628 ], [ 556643.299, 3034958.509 ], [ 556643.248999999952503, 3034958.459000000264496 ], [ 556643.049, 3034958.40900000045076 ], [ 556642.773999999975786, 3034958.184000000357628 ], [ 556642.773999999975786, 3034958.134 ], [ 556642.623999999952503, 3034957.984000000171363 ], [ 556642.473999999929219, 3034957.684000000357628 ], [ 556642.473999999929219, 3034957.584000000264496 ], [ 556642.424, 3034957.53400000045076 ], [ 556642.473999999929219, 3034957.484000000171363 ], [ 556642.473999999929219, 3034957.384 ], [ 556642.598999999929219, 3034957.259 ], [ 556642.799, 3034957.15900000045076 ], [ 556642.898999999975786, 3034957.15900000045076 ], [ 556643.049, 3034957.059000000357628 ], [ 556643.148999999975786, 3034957.059000000357628 ], [ 556643.199000000022352, 3034957.009 ], [ 556643.348999999929219, 3034957.009 ], [ 556643.398999999975786, 3034956.959000000264496 ], [ 556643.898999999975786, 3034956.959000000264496 ] ] ] } },
{ "type": "Feature", "properties": { "unit_id": "c00252", "method": "watershed", "label": 252 }, "geometry": { "type": "Polygon", "coordinates": [ [ [ 556643.648999999975786, 3034942.15900000045076 ], [ 556643.949000000022352, 3034942.309000000357628 ], [ 556644.223999999929219, 3034942.53400000045076 ], [ 556644.324000000022352, 3034942.734000000171363 ], [ 556644.324000000022352, 3034943.134 ], [ 556644.273999999975786, 3034943.234000000171363 ], [ 556644.049, 3034943.459000000264496 ], [ 556643.949000000022352, 3034943.509 ], [ 556643.799, 3034943.509 ], [ 556643.748999999952503, 3034943.559000000357628 ], [ 556643.398999999975786, 3034943.559000000357628 ], [ 556643.348999999929219, 3034943.509 ], [ 556643.199000000022352, 3034943.509 ], [ 556643.148999999975786, 3034943.459000000264496 ], [ 556643.049, 3034943.459000000264496 ], [ 556642.848999999929219, 3034943.359000000171363 ], [ 556642.623999999952503, 3034943.084000000264496 ], [ 556642.623999999952503, 3034942.734000000171363 ], [ 556642.723999999929219, 3034942.53400000045076 ], [ 556642.949000000022352, 3034942.309000000357628 ], [ 556643.248999999952503, 3034942.15900000045076 ], [ 556643.648999999975786, 3034942.15900000045076 ] ] ] } },
{ "type": "Feature", "properties": { "unit_id": "c00253", "method": "watershed", "label": 253 }, "geometry": { "type": "Polygon", "coordinates": [ [ [ 556627.449000000022352, 3034985.859000000171363 ], [ 556627.648999999975786, 3034985.959000000264496 ], [ 556627.748999999952503, 3034986.059000000357628 ], [ 556628.348999999929219, 3034986.359000000171363 ], [ 556628.523999999975786, 3034986.584000000264496 ], [ 556628.523999999975786, 3034986.684000000357628 ], [ 556628.574000000022352, 3034986.734000000171363 ], [ 556628.523999999975786, 3034987.084000000264496 ], [ 556628.148999999975786, 3034987.609000000171363 ], [ 556626.998999999952503, 3034987.609000000171363 ], [ 556626.898999999975786, 3034987.65900000045076 ], [ 556626.799, 3034987.609000000171363 ], [ 556626.424, 3034987.234000000171363 ], [ 556626.273999999975786, 3034986.934000000357628 ], [ 556626.273999999975786, 3034986.78400000045076 ], [ 556626.223999999929219, 3034986.734000000171363 ], [ 556626.223999999929219, 3034986.234000000171363 ], [ 556626.398999999975786, 3034986.009 ], [ 556626.598999999929219, 3034985.959000000264496 ], [ 556626.648999999975786, 3034985.90900000045076 ], [ 556627.449000000022352, 3034985.859000000171363 ] ] ] } },
{ "type": "Feature", "properties": { "unit_id": "c00254", "method": "watershed", "label": 254 }, "geometry": { "type": "Polygon", "coordinates": [ [ [ 556612.498999999952503, 3034923.40900000045076 ], [ 556612.698999999905936, 3034923.509 ], [ 556613.148999999975786, 3034923.559000000357628 ], [ 556613.198999999905936, 3034923.609000000171363 ], [ 556613.448999999905936, 3034923.609000000171363 ], [ 556613.973999999929219, 3034924.134 ], [ 556613.973999999929219, 3034924.184000000357628 ], [ 556614.073999999905936, 3034924.28400000045076 ], [ 556614.073999999905936, 3034924.434000000357628 ], [ 556614.123999999952503, 3034924.53400000045076 ], [ 556614.073999999905936, 3034924.584000000264496 ], [ 556614.073999999905936, 3034924.934000000357628 ], [ 556614.023999999975786, 3034924.984000000171363 ], [ 556614.023999999975786, 3034925.384 ], [ 556613.924, 3034925.584000000264496 ], [ 556613.549, 3034925.90900000045076 ], [ 556613.348999999929219, 3034925.859000000171363 ], [ 556613.299, 3034925.809000000357628 ], [ 556612.348999999929219, 3034925.809000000357628 ], [ 556612.299, 3034925.759 ], [ 556611.573999999905936, 3034925.734000000171363 ], [ 556611.573999999905936, 3034925.134 ], [ 556611.623999999952503, 3034925.084000000264496 ], [ 556611.623999999952503, 3034924.384 ], [ 556611.674, 3034924.334000000264496 ], [ 556611.674, 3034924.084000000264496 ], [ 556611.723999999929219, 3034924.03400000045076 ], [ 556611.723999999929219, 3034923.884 ], [ 556611.773999999975786, 3034923.834000000264496 ], [ 556611.773999999975786, 3034923.53400000045076 ], [ 556611.723999999929219, 3034923.434000000357628 ], [ 556612.498999999952503, 3034923.40900000045076 ] ] ] } },
{ "type": "Feature", "properties": { "unit_id": "c00255", "method": "watershed", "label": 255 }, "geometry": { "type": "Polygon", "coordinates": [ [ [ 556665.849000000045635, 3035045.459000000264496 ], [ 556665.898999999975786, 3035045.509000000543892 ], [ 556666.099000000045635, 3035045.559000000357628 ], [ 556666.373999999952503, 3035045.834000000264496 ], [ 556666.424, 3035045.934000000357628 ], [ 556666.424, 3035046.234000000171363 ], [ 556666.373999999952503, 3035046.334000000264496 ], [ 556666.148999999975786, 3035046.559000000357628 ], [ 556665.949000000022352, 3035046.65900000045076 ], [ 556665.748999999952503, 3035046.65900000045076 ], [ 556665.549, 3035046.509000000543892 ], [ 556665.498999999952503, 3035046.509000000543892 ], [ 556665.224000000045635, 3035046.184000000357628 ], [ 556665.123999999952503, 3035045.984000000171363 ], [ 556665.123999999952503, 3035045.884000000543892 ], [ 556665.074000000022352, 3035045.834000000264496 ], [ 556665.074000000022352, 3035045.734000000171363 ], [ 556665.248999999952503, 3035045.509000000543892 ], [ 556665.349000000045635, 3035045.509000000543892 ], [ 556665.398999999975786, 3035045.459000000264496 ], [ 556665.849000000045635, 3035045.459000000264496 ] ] ] } },
{ "type": "Feature", "properties": { "unit_id": "c00256", "method": "watershed", "label": 256 }, "geometry": { "type": "Polygon", "coordinates": [ [ [ 556650.699000000022352, 3035017.209000000264496 ], [ 556650.748999999952503, 3035017.259 ], [ 556650.898999999975786, 3035017.259 ], [ 556650.998999999952503, 3035017.309000000357628 ], [ 556651.223999999929219, 3035017.53400000045076 ], [ 556651.223999999929219, 3035017.634 ], [ 556651.273999999975786, 3035017.684000000357628 ], [ 556651.223999999929219, 3035017.984000000171363 ], [ 556650.924, 3035018.334000000264496 ], [ 556650.924, 3035018.384000000543892 ], [ 556650.699000000022352, 3035018.609000000171363 ], [ 556650.299, 3035018.609000000171363 ], [ 556649.949000000022352, 3035018.40900000045076 ], [ 556649.848999999929219, 3035018.309000000357628 ], [ 556649.699000000022352, 3035018.259000000543892 ], [ 556649.574000000022352, 3035018.134000000543892 ], [ 556649.523999999975786, 3035017.934000000357628 ], [ 556649.473999999929219, 3035017.884 ], [ 556649.473999999929219, 3035017.78400000045076 ], [ 556649.699000000022352, 3035017.509 ], [ 556649.898999999975786, 3035017.459000000264496 ], [ 556650.049, 3035017.359000000171363 ], [ 556650.148999999975786, 3035017.359000000171363 ], [ 556650.299, 3035017.259 ], [ 556650.699000000022352, 3035017.209000000264496 ] ] ] } },
{ "type": "Feature", "properties": { "unit_id": "c00257", "method": "watershed", "label": 257 }, "geometry": { "type": "Polygon", "coordinates": [ [ [ 556666.449000000022352, 3034968.709000000264496 ], [ 556666.674, 3034968.884 ], [ 556666.773999999975786, 3034969.084000000264496 ], [ 556666.773999999975786, 3034969.184000000357628 ], [ 556666.824000000022352, 3034969.234000000171363 ], [ 556666.824000000022352, 3034969.584000000264496 ], [ 556666.724000000045635, 3034969.78400000045076 ], [ 556666.549, 3034969.90900000045076 ], [ 556666.248999999952503, 3034969.959000000264496 ], [ 556666.199000000022352, 3034970.009 ], [ 556665.998999999952503, 3034970.009 ], [ 556665.949000000022352, 3034969.959000000264496 ], [ 556665.849000000045635, 3034969.959000000264496 ], [ 556665.623999999952503, 3034969.78400000045076 ], [ 556665.523999999975786, 3034969.584000000264496 ], [ 556665.523999999975786, 3034969.434000000357628 ], [ 556665.724000000045635, 3034969.084000000264496 ], [ 556665.824000000022352, 3034968.984000000171363 ], [ 556665.824000000022352, 3034968.934000000357628 ], [ 556665.998999999952503, 3034968.759 ], [ 556666.099000000045635, 3034968.709000000264496 ], [ 556666.449000000022352, 3034968.709000000264496 ] ] ] } },
{ "type": "Feature", "properties": { "unit_id": "c00258", "method": "watershed", "label": 258 }, "geometry": { "type": "Polygon", "coordinates": [ [ [ 556627.998999999952503, 3034927.109000000171363 ], [ 556628.049, 3034927.15900000045076 ], [ 556628.248999999952503, 3034927.15900000045076 ], [ 556628.299, 3034927.209000000264496 ], [ 556628.398999999975786, 3034927.209000000264496 ], [ 556628.498999999952503, 3034927.309000000357628 ], [ 556628.549, 3034927.309000000357628 ], [ 556628.924, 3034927.734000000171363 ], [ 556628.973999999929219, 3034927.834000000264496 ], [ 556628.973999999929219, 3034928.084000000264496 ], [ 556628.799, 3034928.309000000357628 ], [ 556628.598999999929219, 3034928.40900000045076 ], [ 556628.498999999952503, 3034928.40900000045076 ], [ 556628.449000000022352, 3034928.459000000264496 ], [ 556627.648999999975786, 3034928.459000000264496 ], [ 556627.248999999952503, 3034928.259 ], [ 556627.023999999975786, 3034928.03400000045076 ], [ 556626.973999999929219, 3034927.934000000357628 ], [ 556626.973999999929219, 3034927.684000000357628 ], [ 556627.074000000022352, 3034927.484000000171363 ], [ 556627.248999999952503, 3034927.309000000357628 ], [ 556627.648999999975786, 3034927.109000000171363 ], [ 556627.998999999952503, 3034927.109000000171363 ] ] ] } },
{ "type": "Feature", "properties": { "unit_id": "c00259", "method": "watershed", "label": 259 }, "geometry": { "type": "Polygon", "coordinates": [ [ [ 556666.449000000022352, 3034961.809000000357628 ], [ 556666.549, 3034961.859000000171363 ], [ 556666.824000000022352, 3034962.134 ], [ 556666.974000000045635, 3034962.434000000357628 ], [ 556667.023999999975786, 3034962.78400000045076 ], [ 556666.898999999975786, 3034962.959000000264496 ], [ 556666.748999999952503, 3034963.059000000357628 ], [ 556666.648999999975786, 3034963.059000000357628 ], [ 556666.599000000045635, 3034963.109000000171363 ], [ 556666.349000000045635, 3034963.109000000171363 ], [ 556666.248999999952503, 3034963.15900000045076 ], [ 556666.199000000022352, 3034963.109000000171363 ], [ 556666.049, 3034963.109000000171363 ], [ 556665.849000000045635, 3034963.009 ], [ 556665.574000000022352, 3034962.734000000171363 ], [ 556665.474000000045635, 3034962.53400000045076 ], [ 556665.474000000045635, 3034962.384 ], [ 556665.574000000022352, 3034962.184000000357628 ], [ 556665.849000000045635, 3034961.90900000045076 ], [ 556666.049, 3034961.809000000357628 ], [ 556666.449000000022352, 3034961.809000000357628 ] ] ] } },
{ "type": "Feature", "properties": { "unit_id": "c00260", "method": "watershed", "label": 260 }, "geometry": { "type": "Polygon", "coordinates": [ [ [ 556644.148999999975786, 3034918.959000000264496 ], [ 556644.348999999929219, 3034919.109000000171363 ], [ 556644.473999999929219, 3034919.28400000045076 ], [ 556644.473999999929219, 3034919.53400000045076 ], [ 556644.248999999952503, 3034919.859000000171363 ], [ 556644.049, 3034919.959000000264496 ], [ 556643.898999999975786, 3034919.959000000264496 ], [ 556643.848999999929219, 3034919.90900000045076 ], [ 556643.699000000022352, 3034919.90900000045076 ], [ 556643.648999999975786, 3034919.859000000171363 ], [ 556643.398999999975786, 3034919.809000000357628 ], [ 556643.123999999952503, 3034919.634 ], [ 556643.023999999975786, 3034919.434000000357628 ], [ 556643.023999999975786, 3034919.28400000045076 ], [ 556643.248999999952503, 3034919.009 ], [ 556643.348999999929219, 3034918.959000000264496 ], [ 556644.148999999975786, 3034918.959000000264496 ] ] ] } },
{ "type": "Feature", "properties": { "unit_id": "c00261", "method": "watershed", "label": 261 }, "geometry": { "type": "Polygon", "coordinates": [ [ [ 556651.498999999952503, 3034931.859000000171363 ], [ 556651.549, 3034931.90900000045076 ], [ 556651.648999999975786, 3034931.90900000045076 ], [ 556651.873999999952503, 3034932.184000000357628 ], [ 556651.873999999952503, 3034932.584000000264496 ], [ 556651.748999999952503, 3034932.759 ], [ 556651.648999999975786, 3034932.809000000357628 ], [ 556651.098999999929219, 3034932.809000000357628 ], [ 556650.898999999975786, 3034932.709000000264496 ], [ 556650.623999999952503, 3034932.434000000357628 ], [ 556650.623999999952503, 3034932.28400000045076 ], [ 556650.674, 3034932.184000000357628 ], [ 556650.898999999975786, 3034931.959000000264496 ], [ 556651.148999999975786, 3034931.90900000045076 ], [ 556651.199000000022352, 3034931.859000000171363 ], [ 556651.498999999952503, 3034931.859000000171363 ] ] ] } },
{ "type": "Feature", "properties": { "unit_id": "c00262", "method": "watershed", "label": 262 }, "geometry": { "type": "Polygon", "coordinates": [ [ [ 556651.398999999975786, 3034940.15900000045076 ], [ 556651.598999999929219, 3034940.309000000357628 ], [ 556651.648999999975786, 3034940.309000000357628 ], [ 556651.824000000022352, 3034940.53400000045076 ], [ 556651.873999999952503, 3034940.634 ], [ 556651.873999999952503, 3034940.78400000045076 ], [ 556651.924, 3034940.834000000264496 ], [ 556651.924, 3034940.984000000171363 ], [ 556651.873999999952503, 3034941.03400000045076 ], [ 556651.824000000022352, 3034941.28400000045076 ], [ 556651.598999999929219, 3034941.509 ], [ 556651.498999999952503, 3034941.509 ], [ 556651.449000000022352, 3034941.559000000357628 ], [ 556651.248999999952503, 3034941.559000000357628 ], [ 556651.199000000022352, 3034941.509 ], [ 556651.098999999929219, 3034941.509 ], [ 556650.898999999975786, 3034941.40900000045076 ], [ 556650.723999999929219, 3034941.234000000171363 ], [ 556650.674, 3034941.134 ], [ 556650.674, 3034940.734000000171363 ], [ 556650.873999999952503, 3034940.384 ], [ 556650.998999999952503, 3034940.259 ], [ 556651.049, 3034940.259 ], [ 556651.148999999975786, 3034940.15900000045076 ], [ 556651.398999999975786, 3034940.15900000045076 ] ] ] } },
{ "type": "Feature", "properties": { "unit_id": "c00263", "method": "watershed", "label": 263 }, "geometry": { "type": "Polygon", "coordinates": [ [ [ 556666.498999999952503, 3034979.309000000357628 ], [ 556666.699000000022352, 3034979.40900000045076 ], [ 556666.824000000022352, 3034979.53400000045076 ], [ 556666.924, 3034979.734000000171363 ], [ 556666.924, 3034980.084000000264496 ], [ 556666.824000000022352, 3034980.28400000045076 ], [ 556666.599000000045635, 3034980.509 ], [ 556666.398999999975786, 3034980.609000000171363 ], [ 556666.299, 3034980.609000000171363 ], [ 556666.248999999952503, 3034980.65900000045076 ], [ 556665.998999999952503, 3034980.65900000045076 ], [ 556665.949000000022352, 3034980.609000000171363 ], [ 556665.748999999952503, 3034980.559000000357628 ], [ 556665.523999999975786, 3034980.28400000045076 ], [ 556665.523999999975786, 3034980.084000000264496 ], [ 556665.574000000022352, 3034980.03400000045076 ], [ 556665.623999999952503, 3034979.834000000264496 ], [ 556665.998999999952503, 3034979.40900000045076 ], [ 556666.199000000022352, 3034979.359000000171363 ], [ 556666.248999999952503, 3034979.309000000357628 ], [ 556666.498999999952503, 3034979.309000000357628 ] ] ] } },
{ "type": "Feature", "properties": { "unit_id": "c00264", "method": "watershed", "label": 264 }, "geometry": { "type": "Polygon", "coordinates": [ [ [ 556627.748999999952503, 3034946.309000000357628 ], [ 556628.148999999975786, 3034946.509 ], [ 556628.324000000022352, 3034946.734000000171363 ], [ 556628.324000000022352, 3034946.834000000264496 ], [ 556628.373999999952503, 3034946.884 ], [ 556628.324000000022352, 3034947.28400000045076 ], [ 556628.223999999929219, 3034947.484000000171363 ], [ 556628.223999999929219, 3034947.634 ], [ 556628.273999999975786, 3034947.684000000357628 ], [ 556628.273999999975786, 3034947.834000000264496 ], [ 556628.324000000022352, 3034947.884 ], [ 556628.324000000022352, 3034948.084000000264496 ], [ 556628.174, 3034948.28400000045076 ], [ 556628.174, 3034948.334000000264496 ], [ 556627.924, 3034948.584000000264496 ], [ 556627.924, 3034948.734000000171363 ], [ 556627.998999999952503, 3034948.809000000357628 ], [ 556628.398999999975786, 3034948.90900000045076 ], [ 556628.523999999975786, 3034949.084000000264496 ], [ 556628.523999999975786, 3034949.184000000357628 ], [ 556628.424, 3034949.334000000264496 ], [ 556628.424, 3034949.434000000357628 ], [ 556628.324000000022352, 3034949.584000000264496 ], [ 556628.324000000022352, 3034949.834000000264496 ], [ 556628.424, 3034950.03400000045076 ], [ 556628.424, 3034950.28400000045076 ], [ 556628.199000000022352, 3034950.40900000045076 ], [ 556627.898999999975786, 3034950.40900000045076 ], [ 556627.848999999929219, 3034950.359000000171363 ], [ 556627.748999999952503, 3034950.359000000171363 ], [ 556627.549, 3034950.259 ], [ 556627.373999999952503, 3034950.03400000045076 ], [ 556627.324000000022352, 3034949.78400000045076 ], [ 556627.273999999975786, 3034949.734000000171363 ], [ 556627.273999999975786, 3034949.584000000264496 ], [ 556627.174, 3034949.384 ], [ 556627.174, 3034948.984000000171363 ], [ 556627.273999999975786, 3034948.78400000045076 ], [ 556627.273999999975786, 3034948.53400000045076 ], [ 556627.074000000022352, 3034948.134 ], [ 556627.074000000022352, 3034947.984000000171363 ], [ 556626.973999999929219, 3034947.78400000045076 ], [ 556626.973999999929219, 3034947.634 ], [ 556626.873999999952503, 3034947.434000000357628 ], [ 556626.873999999952503, 3034947.03400000045076 ], [ 556627.023999999975786, 3034946.834000000264496 ], [ 556627.074000000022352, 3034946.684000000357628 ], [ 556627.174, 3034946.584000000264496 ], [ 556627.174, 3034946.53400000045076 ], [ 556627.398999999975786, 3034946.309000000357628 ], [ 556627.748999999952503, 3034946.309000000357628 ] ] ] } },
{ "type": "Feature", "properties": { "unit_id": "c00265", "method": "watershed", "label": 265 }, "geometry": { "type": "Polygon", "coordinates": [ [ [ 556658.449000000022352, 3035008.709000000264496 ], [ 556658.648999999975786, 3035008.859000000171363 ], [ 556658.699000000022352, 3035008.859000000171363 ], [ 556658.924, 3035009.084000000264496 ], [ 556658.974000000045635, 3035009.28400000045076 ], [ 556659.023999999975786, 3035009.334000000264496 ], [ 556658.974000000045635, 3035009.634 ], [ 556658.924, 3035009.684000000357628 ], [ 556658.873999999952503, 3035009.884 ], [ 556658.599000000045635, 3035010.15900000045076 ], [ 556658.398999999975786, 3035010.259 ], [ 556658.049, 3035010.259 ], [ 556657.849000000045635, 3035010.109000000171363 ], [ 556657.623999999952503, 3035009.834000000264496 ], [ 556657.623999999952503, 3035009.734000000171363 ], [ 556657.574000000022352, 3035009.684000000357628 ], [ 556657.623999999952503, 3035009.334000000264496 ], [ 556657.824000000022352, 3035008.934000000357628 ], [ 556658.049, 3035008.709000000264496 ], [ 556658.449000000022352, 3035008.709000000264496 ] ] ] } },
{ "type": "Feature", "properties": { "unit_id": "c00266", "method": "watershed", "label": 266 }, "geometry": { "type": "Polygon", "coordinates": [ [ [ 556635.998999999952503, 3034978.309000000357628 ], [ 556636.273999999975786, 3034978.53400000045076 ], [ 556636.373999999952503, 3034978.734000000171363 ], [ 556636.373999999952503, 3034979.234000000171363 ], [ 556636.324000000022352, 3034979.28400000045076 ], [ 556636.273999999975786, 3034979.634 ], [ 556636.223999999929219, 3034979.734000000171363 ], [ 556635.998999999952503, 3034979.959000000264496 ], [ 556635.898999999975786, 3034980.009 ], [ 556635.299, 3034980.009 ], [ 556635.248999999952503, 3034979.959000000264496 ], [ 556635.148999999975786, 3034979.959000000264496 ], [ 556634.949000000022352, 3034979.759 ], [ 556634.449000000022352, 3034979.509 ], [ 556634.273999999975786, 3034979.334000000264496 ], [ 556634.223999999929219, 3034979.234000000171363 ], [ 556634.273999999975786, 3034978.984000000171363 ], [ 556634.473999999929219, 3034978.634 ], [ 556634.648999999975786, 3034978.509 ], [ 556634.848999999929219, 3034978.40900000045076 ], [ 556635.098999999929219, 3034978.359000000171363 ], [ 556635.148999999975786, 3034978.309000000357628 ], [ 556635.998999999952503, 3034978.309000000357628 ] ] ] } },
{ "type": "Feature", "properties": { "unit_id": "c00267", "method": "watershed", "label": 267 }, "geometry": { "type": "Polygon", "coordinates": [ [ [ 556627.748999999952503, 3035031.65900000045076 ], [ 556627.799, 3035031.709000000264496 ], [ 556628.174, 3035031.734000000171363 ], [ 556628.174, 3035031.984000000171363 ], [ 556628.223999999929219, 3035032.03400000045076 ], [ 556628.223999999929219, 3035032.184000000357628 ], [ 556628.273999999975786, 3035032.234000000171363 ], [ 556628.273999999975786, 3035032.53400000045076 ], [ 556628.223999999929219, 3035032.584000000264496 ], [ 556628.223999999929219, 3035032.78400000045076 ], [ 556628.123999999952503, 3035032.984000000171363 ], [ 556627.898999999975786, 3035033.209000000264496 ], [ 556627.699000000022352, 3035033.259000000543892 ], [ 556627.648999999975786, 3035033.309000000357628 ], [ 556627.498999999952503, 3035033.309000000357628 ], [ 556627.299, 3035033.40900000045076 ], [ 556627.199000000022352, 3035033.40900000045076 ], [ 556627.049, 3035033.509000000543892 ], [ 556626.848999999929219, 3035033.509000000543892 ], [ 556626.574000000022352, 3035033.234000000171363 ], [ 556626.424, 3035032.934000000357628 ], [ 556626.424, 3035032.834000000264496 ], [ 556626.273999999975786, 3035032.53400000045076 ], [ 556626.273999999975786, 3035032.234000000171363 ], [ 556626.348999999929219, 3035032.109000000171363 ], [ 556626.648999999975786, 3035031.959000000264496 ], [ 556626.748999999952503, 3035031.959000000264496 ], [ 556627.098999999929219, 3035031.65900000045076 ], [ 556627.748999999952503, 3035031.65900000045076 ] ] ] } },
{ "type": "Feature", "properties": { "unit_id": "c00268", "method": "watershed", "label": 268 }, "geometry": { "type": "Polygon", "coordinates": [ [ [ 556621.049, 3034960.65900000045076 ], [ 556621.223999999929219, 3034960.78400000045076 ], [ 556621.473999999929219, 3034961.234000000171363 ], [ 556621.523999999975786, 3034961.584000000264496 ], [ 556621.473999999929219, 3034961.634 ], [ 556621.424, 3034961.834000000264496 ], [ 556620.973999999929219, 3034962.28400000045076 ], [ 556620.873999999952503, 3034962.484000000171363 ], [ 556620.549, 3034962.809000000357628 ], [ 556620.299, 3034962.90900000045076 ], [ 556620.049, 3034963.109000000171363 ], [ 556619.648999999975786, 3034963.109000000171363 ], [ 556619.549, 3034963.059000000357628 ], [ 556619.424, 3034962.834000000264496 ], [ 556619.373999999952503, 3034962.584000000264496 ], [ 556619.273999999975786, 3034962.434000000357628 ], [ 556619.273999999975786, 3034962.334000000264496 ], [ 556619.073999999905936, 3034961.984000000171363 ], [ 556619.073999999905936, 3034961.684000000357628 ], [ 556619.123999999952503, 3034961.584000000264496 ], [ 556619.523999999975786, 3034961.234000000171363 ], [ 556619.773999999975786, 3034960.984000000171363 ], [ 556619.799, 3034960.90900000045076 ], [ 556619.848999999929219, 3034960.90900000045076 ], [ 556619.948999999905936, 3034960.809000000357628 ], [ 556620.448999999905936, 3034960.809000000357628 ], [ 556620.698999999905936, 3034960.65900000045076 ], [ 556621.049, 3034960.65900000045076 ] ] ] } },
{ "type": "Feature", "properties": { "unit_id": "c00269", "method": "watershed", "label": 269 }, "geometry": { "type": "Polygon", "coordinates": [ [ [ 556658.748999999952503, 3034944.709000000264496 ], [ 556659.049, 3034944.859000000171363 ], [ 556659.373999999952503, 3034945.184000000357628 ], [ 556659.424, 3034945.28400000045076 ], [ 556659.424, 3034945.634 ], [ 556659.373999999952503, 3034945.734000000171363 ], [ 556659.273999999975786, 3034945.834000000264496 ], [ 556659.273999999975786, 3034945.884 ], [ 556658.949000000022352, 3034946.209000000264496 ], [ 556658.648999999975786, 3034946.209000000264496 ], [ 556658.449000000022352, 3034946.109000000171363 ], [ 556658.074000000022352, 3034945.78400000045076 ], [ 556657.974000000045635, 3034945.584000000264496 ], [ 556658.123999999952503, 3034944.984000000171363 ], [ 556658.398999999975786, 3034944.759 ], [ 556658.498999999952503, 3034944.759 ], [ 556658.549, 3034944.709000000264496 ], [ 556658.748999999952503, 3034944.709000000264496 ] ] ] } },
{ "type": "Feature", "properties": { "unit_id": "c00270", "method": "watershed", "label": 270 }, "geometry": { "type": "Polygon", "coordinates": [ [ [ 556636.098999999929219, 3034987.90900000045076 ], [ 556636.299, 3034987.959000000264496 ], [ 556636.373999999952503, 3034988.084000000264496 ], [ 556636.373999999952503, 3034988.53400000045076 ], [ 556636.174, 3034988.934000000357628 ], [ 556635.549, 3034989.509 ], [ 556635.449000000022352, 3034989.509 ], [ 556635.398999999975786, 3034989.559000000357628 ], [ 556635.098999999929219, 3034989.559000000357628 ], [ 556635.049, 3034989.509 ], [ 556634.748999999952503, 3034989.459000000264496 ], [ 556634.424, 3034989.234000000171363 ], [ 556634.424, 3034989.184000000357628 ], [ 556634.324000000022352, 3034989.084000000264496 ], [ 556634.324000000022352, 3034988.834000000264496 ], [ 556634.424, 3034988.634 ], [ 556634.549, 3034988.509 ], [ 556634.748999999952503, 3034988.40900000045076 ], [ 556634.898999999975786, 3034988.259 ], [ 556634.949000000022352, 3034988.259 ], [ 556635.148999999975786, 3034988.109000000171363 ], [ 556635.299, 3034988.109000000171363 ], [ 556635.348999999929219, 3034988.059000000357628 ], [ 556635.799, 3034988.059000000357628 ], [ 556636.098999999929219, 3034987.90900000045076 ] ] ] } },
{ "type": "Feature", "properties": { "unit_id": "c00271", "method": "watershed", "label": 271 }, "geometry": { "type": "Polygon", "coordinates": [ [ [ 556635.498999999952503, 3035017.559000000357628 ], [ 556635.773999999975786, 3035017.78400000045076 ], [ 556635.873999999952503, 3035017.984000000171363 ], [ 556635.873999999952503, 3035018.084000000264496 ], [ 556635.924, 3035018.134000000543892 ], [ 556635.924, 3035018.834000000264496 ], [ 556635.873999999952503, 3035018.884000000543892 ], [ 556635.873999999952503, 3035019.03400000045076 ], [ 556635.773999999975786, 3035019.234000000171363 ], [ 556635.648999999975786, 3035019.359000000171363 ], [ 556635.449000000022352, 3035019.459000000264496 ], [ 556635.199000000022352, 3035019.459000000264496 ], [ 556635.148999999975786, 3035019.40900000045076 ], [ 556634.898999999975786, 3035019.40900000045076 ], [ 556634.848999999929219, 3035019.359000000171363 ], [ 556634.699000000022352, 3035019.359000000171363 ], [ 556634.398999999975786, 3035019.209000000264496 ], [ 556634.074000000022352, 3035018.884000000543892 ], [ 556634.074000000022352, 3035018.834000000264496 ], [ 556633.924, 3035018.634000000543892 ], [ 556633.924, 3035018.384000000543892 ], [ 556633.973999999929219, 3035018.28400000045076 ], [ 556634.098999999929219, 3035018.109000000171363 ], [ 556634.148999999975786, 3035018.109000000171363 ], [ 556634.398999999975786, 3035017.90900000045076 ], [ 556634.549, 3035017.859000000171363 ], [ 556634.799, 3035017.65900000045076 ], [ 556634.998999999952503, 3035017.559000000357628 ], [ 556635.498999999952503, 3035017.559000000357628 ] ] ] } },
{ "type": "Feature", "properties": { "unit_id": "c00272", "method": "watershed", "label": 272 }, "geometry": { "type": "Polygon", "coordinates": [ [ [ 556651.449000000022352, 3034935.959000000264496 ], [ 556651.498999999952503, 3034936.009 ], [ 556651.598999999929219, 3034936.009 ], [ 556651.773999999975786, 3034936.184000000357628 ], [ 556651.873999999952503, 3034936.384 ], [ 556651.873999999952503, 3034936.734000000171363 ], [ 556651.699000000022352, 3034936.959000000264496 ], [ 556651.498999999952503, 3034937.059000000357628 ], [ 556651.248999999952503, 3034937.059000000357628 ], [ 556650.973999999929219, 3034936.884 ], [ 556650.873999999952503, 3034936.684000000357628 ], [ 556650.873999999952503, 3034936.384 ], [ 556650.973999999929219, 3034936.184000000357628 ], [ 556651.148999999975786, 3034936.009 ], [ 556651.449000000022352, 3034935.959000000264496 ] ] ] } },
{ "type": "Feature", "properties": { "unit_id": "c00273", "method": "watershed", "label": 273 }, "geometry": { "type": "Polygon", "coordinates": [ [ [ 556627.348999999929219, 3035011.90900000045076 ], [ 556627.723999999929219, 3035012.084000000264496 ], [ 556627.623999999952503, 3035012.28400000045076 ], [ 556627.824000000022352, 3035012.684000000357628 ], [ 556627.824000000022352, 3035012.78400000045076 ], [ 556627.924, 3035012.934000000357628 ], [ 556627.924, 3035013.334000000264496 ], [ 556627.873999999952503, 3035013.434000000357628 ], [ 556627.549, 3035013.759 ], [ 556627.348999999929219, 3035013.859000000171363 ], [ 556627.098999999929219, 3035013.859000000171363 ], [ 556626.898999999975786, 3035013.709000000264496 ], [ 556626.848999999929219, 3035013.709000000264496 ], [ 556626.324000000022352, 3035013.184000000357628 ], [ 556626.223999999929219, 3035012.984000000171363 ], [ 556626.223999999929219, 3035012.684000000357628 ], [ 556626.373999999952503, 3035012.484000000171363 ], [ 556626.373999999952503, 3035012.434000000357628 ], [ 556626.674, 3035012.134 ], [ 556626.723999999929219, 3035011.984000000171363 ], [ 556626.799, 3035011.90900000045076 ], [ 556627.348999999929219, 3035011.90900000045076 ] ] ] } },
{ "type": "Feature", "properties": { "unit_id": "c00274", "method": "watershed", "label": 274 }, "geometry": { "type": "Polygon", "coordinates": [ [ [ 556620.398999999975786, 3035012.359000000171363 ], [ 556620.799, 3035012.559000000357628 ], [ 556621.123999999952503, 3035012.884 ], [ 556621.123999999952503, 3035012.934000000357628 ], [ 556621.223999999929219, 3035013.03400000045076 ], [ 556621.223999999929219, 3035013.134 ], [ 556621.273999999975786, 3035013.184000000357628 ], [ 556621.273999999975786, 3035013.484000000171363 ], [ 556621.223999999929219, 3035013.53400000045076 ], [ 556621.223999999929219, 3035013.634 ], [ 556621.049, 3035013.859000000171363 ], [ 556620.848999999929219, 3035013.959000000264496 ], [ 556620.398999999975786, 3035014.009 ], [ 556620.348999999929219, 3035014.059000000357628 ], [ 556620.198999999905936, 3035014.059000000357628 ], [ 556620.148999999975786, 3035014.109000000171363 ], [ 556619.648999999975786, 3035014.109000000171363 ], [ 556619.424, 3035013.934000000357628 ], [ 556619.424, 3035013.834000000264496 ], [ 556619.373999999952503, 3035013.78400000045076 ], [ 556619.373999999952503, 3035013.28400000045076 ], [ 556619.424, 3035013.234000000171363 ], [ 556619.424, 3035013.084000000264496 ], [ 556619.573999999905936, 3035012.78400000045076 ], [ 556619.898999999975786, 3035012.459000000264496 ], [ 556620.098999999929219, 3035012.359000000171363 ], [ 556620.398999999975786, 3035012.359000000171363 ] ] ] } },
{ "type": "Feature", "properties": { "unit_id": "c00275", "method": "watershed", "label": 275 }, "geometry": { "type": "Polygon", "coordinates": [ [ [ 556628.199000000022352, 3034958.309000000357628 ], [ 556628.398999999975786, 3034958.40900000045076 ], [ 556628.498999999952503, 3034958.40900000045076 ], [ 556628.674, 3034958.584000000264496 ], [ 556628.723999999929219, 3034958.734000000171363 ], [ 556629.023999999975786, 3034959.134 ], [ 556629.023999999975786, 3034959.234000000171363 ], [ 556629.074000000022352, 3034959.28400000045076 ], [ 556629.074000000022352, 3034959.584000000264496 ], [ 556629.023999999975786, 3034959.634 ], [ 556629.023999999975786, 3034959.78400000045076 ], [ 556628.873999999952503, 3034960.084000000264496 ], [ 556628.598999999929219, 3034960.359000000171363 ], [ 556628.398999999975786, 3034960.459000000264496 ], [ 556627.949000000022352, 3034960.459000000264496 ], [ 556627.898999999975786, 3034960.40900000045076 ], [ 556627.699000000022352, 3034960.359000000171363 ], [ 556627.473999999929219, 3034960.134 ], [ 556627.473999999929219, 3034960.084000000264496 ], [ 556627.273999999975786, 3034959.884 ], [ 556627.273999999975786, 3034959.834000000264496 ], [ 556627.074000000022352, 3034959.584000000264496 ], [ 556627.074000000022352, 3034959.234000000171363 ], [ 556627.174, 3034959.03400000045076 ], [ 556627.174, 3034958.884 ], [ 556627.223999999929219, 3034958.834000000264496 ], [ 556627.223999999929219, 3034958.684000000357628 ], [ 556627.123999999952503, 3034958.484000000171363 ], [ 556627.998999999952503, 3034958.459000000264496 ], [ 556628.199000000022352, 3034958.309000000357628 ] ] ] } },
{ "type": "Feature", "properties": { "unit_id": "c00276", "method": "watershed", "label": 276 }, "geometry": { "type": "Polygon", "coordinates": [ [ [ 556635.949000000022352, 3035000.15900000045076 ], [ 556635.973999999929219, 3035000.28400000045076 ], [ 556636.324000000022352, 3035000.634 ], [ 556636.424, 3035000.834000000264496 ], [ 556636.424, 3035000.984000000171363 ], [ 556636.473999999929219, 3035001.03400000045076 ], [ 556636.424, 3035001.134 ], [ 556636.424, 3035001.53400000045076 ], [ 556636.373999999952503, 3035001.584000000264496 ], [ 556636.373999999952503, 3035001.684000000357628 ], [ 556636.424, 3035001.734000000171363 ], [ 556636.424, 3035002.084000000264496 ], [ 556636.299, 3035002.309000000357628 ], [ 556635.748999999952503, 3035002.259 ], [ 556635.723999999929219, 3035002.03400000045076 ], [ 556635.549, 3035001.809000000357628 ], [ 556635.498999999952503, 3035001.809000000357628 ], [ 556635.398999999975786, 3035001.709000000264496 ], [ 556635.148999999975786, 3035001.65900000045076 ], [ 556634.848999999929219, 3035001.509 ], [ 556634.723999999929219, 3035001.384 ], [ 556634.723999999929219, 3035001.28400000045076 ], [ 556634.674, 3035001.234000000171363 ], [ 556634.773999999975786, 3035000.934000000357628 ], [ 556635.424, 3035000.28400000045076 ], [ 556635.424, 3035000.234000000171363 ], [ 556635.498999999952503, 3035000.15900000045076 ], [ 556635.949000000022352, 3035000.15900000045076 ] ] ] } },
{ "type": "Feature", "properties": { "unit_id": "c00277", "method": "watershed", "label": 277 }, "geometry": { "type": "Polygon", "coordinates": [ [ [ 556658.148999999975786, 3035040.459000000264496 ], [ 556658.299, 3035040.559000000357628 ], [ 556658.523999999975786, 3035040.834000000264496 ], [ 556658.773999999975786, 3035041.334000000264496 ], [ 556658.773999999975786, 3035041.484000000171363 ], [ 556658.724000000045635, 3035041.584000000264496 ], [ 556658.398999999975786, 3035041.859000000171363 ], [ 556658.199000000022352, 3035041.959000000264496 ], [ 556658.049, 3035041.959000000264496 ], [ 556657.998999999952503, 3035042.009000000543892 ], [ 556657.748999999952503, 3035042.009000000543892 ], [ 556657.549, 3035041.90900000045076 ], [ 556657.273999999975786, 3035041.584000000264496 ], [ 556657.224000000045635, 3035041.384000000543892 ], [ 556657.174, 3035041.334000000264496 ], [ 556657.174, 3035041.234000000171363 ], [ 556657.224000000045635, 3035041.184000000357628 ], [ 556657.224000000045635, 3035041.084000000264496 ], [ 556657.748999999952503, 3035040.559000000357628 ], [ 556657.949000000022352, 3035040.459000000264496 ], [ 556658.148999999975786, 3035040.459000000264496 ] ] ] } },
{ "type": "Feature", "properties": { "unit_id": "c00278", "method": "watershed", "label": 278 }, "geometry": { "type": "Polygon", "coordinates": [ [ [ 556628.098999999929219, 3034916.559000000357628 ], [ 556628.373999999952503, 3034917.03400000045076 ], [ 556628.373999999952503, 3034917.134 ], [ 556628.449000000022352, 3034917.209000000264496 ], [ 556628.549, 3034917.259 ], [ 556628.949000000022352, 3034917.259 ], [ 556629.123999999952503, 3034917.434000000357628 ], [ 556629.123999999952503, 3034917.584000000264496 ], [ 556629.174, 3034917.634 ], [ 556629.174, 3034917.984000000171363 ], [ 556629.123999999952503, 3034918.03400000045076 ], [ 556629.123999999952503, 3034918.184000000357628 ], [ 556629.074000000022352, 3034918.28400000045076 ], [ 556628.748999999952503, 3034918.609000000171363 ], [ 556628.549, 3034918.709000000264496 ], [ 556628.299, 3034918.759 ], [ 556628.248999999952503, 3034918.809000000357628 ], [ 556628.098999999929219, 3034918.809000000357628 ], [ 556627.998999999952503, 3034918.759 ], [ 556627.123999999952503, 3034917.934000000357628 ], [ 556627.123999999952503, 3034917.634 ], [ 556627.273999999975786, 3034917.334000000264496 ], [ 556627.424, 3034917.184000000357628 ], [ 556627.424, 3034917.134 ], [ 556627.873999999952503, 3034916.684000000357628 ], [ 556627.898999999975786, 3034916.559000000357628 ], [ 556628.098999999929219, 3034916.559000000357628 ] ] ] } },
{ "type": "Feature", "properties": { "unit_id": "c00279", "method": "watershed", "label": 279 }, "geometry": { "type": "Polygon", "coordinates": [ [ [ 556627.898999999975786, 3035034.359000000171363 ], [ 556627.949000000022352, 3035034.40900000045076 ], [ 556628.199000000022352, 3035034.40900000045076 ], [ 556628.398999999975786, 3035034.509000000543892 ], [ 556628.623999999952503, 3035034.734000000171363 ], [ 556628.773999999975786, 3035035.03400000045076 ], [ 556628.773999999975786, 3035035.384000000543892 ], [ 556628.723999999929219, 3035035.484000000171363 ], [ 556628.449000000022352, 3035035.759000000543892 ], [ 556628.398999999975786, 3035035.759000000543892 ], [ 556628.199000000022352, 3035035.90900000045076 ], [ 556627.648999999975786, 3035035.90900000045076 ], [ 556627.598999999929219, 3035035.859000000171363 ], [ 556627.449000000022352, 3035035.859000000171363 ], [ 556627.098999999929219, 3035035.65900000045076 ], [ 556627.023999999975786, 3035035.53400000045076 ], [ 556627.023999999975786, 3035035.084000000264496 ], [ 556626.973999999929219, 3035034.984000000171363 ], [ 556627.123999999952503, 3035034.684000000357628 ], [ 556627.449000000022352, 3035034.459000000264496 ], [ 556627.549, 3035034.459000000264496 ], [ 556627.598999999929219, 3035034.40900000045076 ], [ 556627.799, 3035034.40900000045076 ], [ 556627.898999999975786, 3035034.359000000171363 ] ] ] } },
{ "type": "Feature", "properties": { "unit_id": "c00280", "method": "watershed", "label": 280 }, "geometry": { "type": "Polygon", "coordinates": [ [ [ 556635.748999999952503, 3034963.359000000171363 ], [ 556635.799, 3034963.40900000045076 ], [ 556636.074000000022352, 3034963.434000000357628 ], [ 556636.023999999975786, 3034963.53400000045076 ], [ 556636.373999999952503, 3034963.984000000171363 ], [ 556636.473999999929219, 3034964.184000000357628 ], [ 556636.473999999929219, 3034964.384 ], [ 556636.523999999975786, 3034964.434000000357628 ], [ 556636.473999999929219, 3034964.53400000045076 ], [ 556636.473999999929219, 3034965.084000000264496 ], [ 556636.373999999952503, 3034965.28400000045076 ], [ 556636.248999999952503, 3034965.40900000045076 ], [ 556636.148999999975786, 3034965.40900000045076 ], [ 556636.098999999929219, 3034965.459000000264496 ], [ 556635.898999999975786, 3034965.40900000045076 ], [ 556635.773999999975786, 3034965.28400000045076 ], [ 556635.824000000022352, 3034964.734000000171363 ], [ 556635.723999999929219, 3034964.53400000045076 ], [ 556635.549, 3034964.359000000171363 ], [ 556635.348999999929219, 3034964.309000000357628 ], [ 556635.299, 3034964.259 ], [ 556635.199000000022352, 3034964.259 ], [ 556635.123999999952503, 3034964.184000000357628 ], [ 556635.123999999952503, 3034963.884 ], [ 556635.223999999929219, 3034963.684000000357628 ], [ 556635.373999999952503, 3034963.53400000045076 ], [ 556635.373999999952503, 3034963.484000000171363 ], [ 556635.498999999952503, 3034963.359000000171363 ], [ 556635.748999999952503, 3034963.359000000171363 ] ] ] } },
{ "type": "Feature", "properties": { "unit_id": "c00281", "method": "watershed", "label": 281 }, "geometry": { "type": "Polygon", "coordinates": [ [ [ 556666.549, 3034915.059000000357628 ], [ 556667.199000000022352, 3034915.359000000171363 ], [ 556667.474000000045635, 3034915.634 ], [ 556667.474000000045635, 3034915.934000000357628 ], [ 556667.299, 3034916.109000000171363 ], [ 556666.898999999975786, 3034916.109000000171363 ], [ 556666.599000000045635, 3034915.959000000264496 ], [ 556666.498999999952503, 3034915.959000000264496 ], [ 556666.449000000022352, 3034915.90900000045076 ], [ 556666.248999999952503, 3034915.90900000045076 ], [ 556666.123999999952503, 3034915.834000000264496 ], [ 556666.074000000022352, 3034915.734000000171363 ], [ 556666.123999999952503, 3034915.684000000357628 ], [ 556666.123999999952503, 3034915.53400000045076 ], [ 556666.273999999975786, 3034915.234000000171363 ], [ 556666.398999999975786, 3034915.109000000171363 ], [ 556666.498999999952503, 3034915.109000000171363 ], [ 556666.549, 3034915.059000000357628 ] ] ] } },
{ "type": "Feature", "properties": { "unit_id": "c00282", "method": "watershed", "label": 282 }, "geometry": { "type": "Polygon", "coordinates": [ [ [ 556666.498999999952503, 3034947.059000000357628 ], [ 556666.699000000022352, 3034947.15900000045076 ], [ 556666.898999999975786, 3034947.40900000045076 ], [ 556666.949000000022352, 3034947.40900000045076 ], [ 556667.174, 3034947.634 ], [ 556667.224000000045635, 3034947.734000000171363 ], [ 556667.224000000045635, 3034947.934000000357628 ], [ 556667.148999999975786, 3034948.059000000357628 ], [ 556666.699000000022352, 3034948.459000000264496 ], [ 556666.599000000045635, 3034948.459000000264496 ], [ 556666.549, 3034948.509 ], [ 556666.349000000045635, 3034948.509 ], [ 556666.299, 3034948.459000000264496 ], [ 556666.199000000022352, 3034948.459000000264496 ], [ 556666.023999999975786, 3034948.28400000045076 ], [ 556665.873999999952503, 3034947.984000000171363 ], [ 556665.873999999952503, 3034947.884 ], [ 556665.824000000022352, 3034947.834000000264496 ], [ 556665.824000000022352, 3034947.484000000171363 ], [ 556665.873999999952503, 3034947.384 ], [ 556666.148999999975786, 3034947.109000000171363 ], [ 556666.248999999952503, 3034947.109000000171363 ], [ 556666.299, 3034947.059000000357628 ], [ 556666.498999999952503, 3034947.059000000357628 ] ] ] } },
{ "type": "Feature", "properties": { "unit_id": "c00283", "method": "watershed", "label": 283 }, "geometry": { "type": "Polygon", "coordinates": [ [ [ 556628.949000000022352, 3034924.309000000357628 ], [ 556629.574000000022352, 3034924.984000000171363 ], [ 556629.623999999952503, 3034925.184000000357628 ], [ 556629.674, 3034925.234000000171363 ], [ 556629.674, 3034925.684000000357628 ], [ 556629.598999999929219, 3034925.809000000357628 ], [ 556629.398999999975786, 3034925.959000000264496 ], [ 556629.199000000022352, 3034926.059000000357628 ], [ 556629.098999999929219, 3034926.059000000357628 ], [ 556628.598999999929219, 3034926.359000000171363 ], [ 556628.098999999929219, 3034926.359000000171363 ], [ 556627.898999999975786, 3034926.259 ], [ 556627.648999999975786, 3034926.059000000357628 ], [ 556626.998999999952503, 3034925.809000000357628 ], [ 556626.898999999975786, 3034925.709000000264496 ], [ 556626.848999999929219, 3034925.709000000264496 ], [ 556626.723999999929219, 3034925.53400000045076 ], [ 556626.674, 3034925.434000000357628 ], [ 556626.674, 3034925.28400000045076 ], [ 556626.723999999929219, 3034925.184000000357628 ], [ 556627.098999999929219, 3034924.859000000171363 ], [ 556627.299, 3034924.809000000357628 ], [ 556627.348999999929219, 3034924.759 ], [ 556627.648999999975786, 3034924.759 ], [ 556627.699000000022352, 3034924.709000000264496 ], [ 556627.848999999929219, 3034924.709000000264496 ], [ 556628.648999999975786, 3034924.309000000357628 ], [ 556628.949000000022352, 3034924.309000000357628 ] ] ] } },
{ "type": "Feature", "properties": { "unit_id": "c00284", "method": "watershed", "label": 284 }, "geometry": { "type": "Polygon", "coordinates": [ [ [ 556659.049, 3034940.459000000264496 ], [ 556659.273999999975786, 3034940.634 ], [ 556659.324000000022352, 3034940.78400000045076 ], [ 556659.424, 3034940.884 ], [ 556659.424, 3034940.984000000171363 ], [ 556659.474000000045635, 3034941.03400000045076 ], [ 556659.474000000045635, 3034941.384 ], [ 556659.373999999952503, 3034941.584000000264496 ], [ 556659.248999999952503, 3034941.709000000264496 ], [ 556659.049, 3034941.809000000357628 ], [ 556658.949000000022352, 3034941.809000000357628 ], [ 556658.898999999975786, 3034941.759 ], [ 556658.699000000022352, 3034941.709000000264496 ], [ 556658.373999999952503, 3034941.434000000357628 ], [ 556658.324000000022352, 3034941.334000000264496 ], [ 556658.324000000022352, 3034940.934000000357628 ], [ 556658.373999999952503, 3034940.884 ], [ 556658.373999999952503, 3034940.78400000045076 ], [ 556658.648999999975786, 3034940.509 ], [ 556658.748999999952503, 3034940.459000000264496 ], [ 556659.049, 3034940.459000000264496 ] ] ] } },
{ "type": "Feature", "properties": { "unit_id": "c00285", "method": "watershed", "label": 285 }, "geometry": { "type": "Polygon", "coordinates": [ [ [ 556651.748999999952503, 3034923.259 ], [ 556651.873999999952503, 3034923.334000000264496 ], [ 556652.074000000022352, 3034923.584000000264496 ], [ 556652.074000000022352, 3034923.884 ], [ 556652.023999999975786, 3034923.984000000171363 ], [ 556651.848999999929219, 3034924.15900000045076 ], [ 556651.648999999975786, 3034924.259 ], [ 556651.248999999952503, 3034924.259 ], [ 556651.049, 3034924.15900000045076 ], [ 556650.873999999952503, 3034923.884 ], [ 556650.873999999952503, 3034923.634 ], [ 556650.924, 3034923.53400000045076 ], [ 556651.049, 3034923.40900000045076 ], [ 556651.248999999952503, 3034923.359000000171363 ], [ 556651.299, 3034923.309000000357628 ], [ 556651.398999999975786, 3034923.309000000357628 ], [ 556651.449000000022352, 3034923.259 ], [ 556651.748999999952503, 3034923.259 ] ] ] } },
{ "type": "Feature", "properties": { "unit_id": "c00286", "method": "watershed", "label": 286 }, "geometry": { "type": "Polygon", "coordinates": [ [ [ 556666.449000000022352, 3034970.559000000357628 ], [ 556666.498999999952503, 3034970.609000000171363 ], [ 556666.599000000045635, 3034970.609000000171363 ], [ 556666.773999999975786, 3034970.734000000171363 ], [ 556666.873999999952503, 3034970.934000000357628 ], [ 556666.873999999952503, 3034971.134 ], [ 556666.824000000022352, 3034971.184000000357628 ], [ 556666.824000000022352, 3034971.28400000045076 ], [ 556666.773999999975786, 3034971.334000000264496 ], [ 556666.724000000045635, 3034971.53400000045076 ], [ 556666.498999999952503, 3034971.759 ], [ 556666.398999999975786, 3034971.809000000357628 ], [ 556666.248999999952503, 3034971.809000000357628 ], [ 556666.199000000022352, 3034971.759 ], [ 556666.099000000045635, 3034971.759 ], [ 556666.049, 3034971.709000000264496 ], [ 556665.949000000022352, 3034971.709000000264496 ], [ 556665.748999999952503, 3034971.609000000171363 ], [ 556665.523999999975786, 3034971.384 ], [ 556665.523999999975786, 3034971.134 ], [ 556665.674, 3034970.834000000264496 ], [ 556665.898999999975786, 3034970.609000000171363 ], [ 556665.998999999952503, 3034970.559000000357628 ], [ 556666.449000000022352, 3034970.559000000357628 ] ] ] } },
{ "type": "Feature", "properties": { "unit_id": "c00287", "method": "watershed", "label": 287 }, "geometry": { "type": "Polygon", "coordinates": [ [ [ 556620.148999999975786, 3035009.359000000171363 ], [ 556620.424, 3035009.734000000171363 ], [ 556620.424, 3035009.834000000264496 ], [ 556620.523999999975786, 3035010.03400000045076 ], [ 556620.523999999975786, 3035010.184000000357628 ], [ 556620.573999999905936, 3035010.234000000171363 ], [ 556620.573999999905936, 3035010.634 ], [ 556620.623999999952503, 3035010.684000000357628 ], [ 556620.573999999905936, 3035010.734000000171363 ], [ 556620.573999999905936, 3035010.984000000171363 ], [ 556620.348999999929219, 3035011.209000000264496 ], [ 556620.248999999952503, 3035011.259 ], [ 556619.898999999975786, 3035011.259 ], [ 556619.848999999929219, 3035011.209000000264496 ], [ 556619.648999999975786, 3035011.15900000045076 ], [ 556619.223999999929219, 3035010.684000000357628 ], [ 556619.123999999952503, 3035010.484000000171363 ], [ 556619.123999999952503, 3035010.184000000357628 ], [ 556619.348999999929219, 3035009.90900000045076 ], [ 556619.448999999905936, 3035009.90900000045076 ], [ 556619.498999999952503, 3035009.859000000171363 ], [ 556619.598999999929219, 3035009.859000000171363 ], [ 556619.648999999975786, 3035009.809000000357628 ], [ 556619.848999999929219, 3035009.759 ], [ 556620.148999999975786, 3035009.359000000171363 ] ] ] } },
{ "type": "Feature", "properties": { "unit_id": "c00288", "method": "watershed", "label": 288 }, "geometry": { "type": "Polygon", "coordinates": [ [ [ 556612.648999999975786, 3034987.359000000171363 ], [ 556612.773999999975786, 3034987.634 ], [ 556612.998999999952503, 3034987.859000000171363 ], [ 556613.098999999929219, 3034987.90900000045076 ], [ 556613.248999999952503, 3034987.90900000045076 ], [ 556613.299, 3034987.959000000264496 ], [ 556613.398999999975786, 3034987.959000000264496 ], [ 556613.598999999929219, 3034988.059000000357628 ], [ 556613.823999999905936, 3034988.28400000045076 ], [ 556613.823999999905936, 3034988.384 ], [ 556613.873999999952503, 3034988.434000000357628 ], [ 556613.873999999952503, 3034988.78400000045076 ], [ 556613.773999999975786, 3034988.984000000171363 ], [ 556613.573999999905936, 3034989.184000000357628 ], [ 556613.573999999905936, 3034989.234000000171363 ], [ 556613.424, 3034989.384 ], [ 556613.424, 3034989.434000000357628 ], [ 556613.148999999975786, 3034989.65900000045076 ], [ 556612.898999999975786, 3034989.65900000045076 ], [ 556612.648999999975786, 3034989.509 ], [ 556612.348999999929219, 3034989.459000000264496 ], [ 556612.299, 3034989.40900000045076 ], [ 556612.098999999929219, 3034989.359000000171363 ], [ 556611.998999999952503, 3034989.259 ], [ 556611.799, 3034989.15900000045076 ], [ 556611.623999999952503, 3034988.984000000171363 ], [ 556611.573999999905936, 3034988.78400000045076 ], [ 556611.523999999975786, 3034988.734000000171363 ], [ 556611.523999999975786, 3034988.53400000045076 ], [ 556611.573999999905936, 3034988.484000000171363 ], [ 556611.573999999905936, 3034988.334000000264496 ], [ 556611.623999999952503, 3034988.28400000045076 ], [ 556611.623999999952503, 3034988.134 ], [ 556611.924, 3034987.584000000264496 ], [ 556611.924, 3034987.434000000357628 ], [ 556612.299, 3034987.40900000045076 ], [ 556612.348999999929219, 3034987.359000000171363 ], [ 556612.648999999975786, 3034987.359000000171363 ] ] ] } },
{ "type": "Feature", "properties": { "unit_id": "c00289", "method": "watershed", "label": 289 }, "geometry": { "type": "Polygon", "coordinates": [ [ [ 556643.498999999952503, 3034965.709000000264496 ], [ 556643.674, 3034965.834000000264496 ], [ 556643.824000000022352, 3034966.03400000045076 ], [ 556643.924, 3034966.234000000171363 ], [ 556643.924, 3034966.434000000357628 ], [ 556643.824000000022352, 3034966.634 ], [ 556643.648999999975786, 3034966.759 ], [ 556643.549, 3034966.809000000357628 ], [ 556643.199000000022352, 3034966.809000000357628 ], [ 556642.873999999952503, 3034966.584000000264496 ], [ 556642.824000000022352, 3034966.484000000171363 ], [ 556642.824000000022352, 3034966.234000000171363 ], [ 556642.924, 3034966.03400000045076 ], [ 556643.248999999952503, 3034965.709000000264496 ], [ 556643.498999999952503, 3034965.709000000264496 ] ] ] } },
{ "type": "Feature", "properties": { "unit_id": "c00290", "method": "watershed", "label": 290 }, "geometry": { "type": "Polygon", "coordinates": [ [ [ 556643.549, 3034959.559000000357628 ], [ 556643.598999999929219, 3034959.609000000171363 ], [ 556643.748999999952503, 3034959.609000000171363 ], [ 556643.924, 3034959.78400000045076 ], [ 556643.973999999929219, 3034959.984000000171363 ], [ 556643.924, 3034960.03400000045076 ], [ 556643.873999999952503, 3034960.234000000171363 ], [ 556643.699000000022352, 3034960.40900000045076 ], [ 556643.598999999929219, 3034960.459000000264496 ], [ 556643.299, 3034960.459000000264496 ], [ 556643.098999999929219, 3034960.309000000357628 ], [ 556643.049, 3034960.309000000357628 ], [ 556642.773999999975786, 3034960.03400000045076 ], [ 556642.773999999975786, 3034959.834000000264496 ], [ 556642.898999999975786, 3034959.65900000045076 ], [ 556643.098999999929219, 3034959.559000000357628 ], [ 556643.549, 3034959.559000000357628 ] ] ] } },
{ "type": "Feature", "properties": { "unit_id": "c00291", "method": "watershed", "label": 291 }, "geometry": { "type": "Polygon", "coordinates": [ [ [ 556628.348999999929219, 3034914.459000000264496 ], [ 556628.574000000022352, 3034914.684000000357628 ], [ 556628.623999999952503, 3034914.884 ], [ 556628.723999999929219, 3034915.03400000045076 ], [ 556628.723999999929219, 3034915.134 ], [ 556628.824000000022352, 3034915.334000000264496 ], [ 556629.074000000022352, 3034915.584000000264496 ], [ 556629.123999999952503, 3034915.684000000357628 ], [ 556629.123999999952503, 3034915.884 ], [ 556629.074000000022352, 3034915.984000000171363 ], [ 556628.848999999929219, 3034916.209000000264496 ], [ 556628.648999999975786, 3034916.259 ], [ 556628.598999999929219, 3034916.309000000357628 ], [ 556628.398999999975786, 3034916.309000000357628 ], [ 556628.348999999929219, 3034916.359000000171363 ], [ 556628.248999999952503, 3034916.359000000171363 ], [ 556628.098999999929219, 3034916.559000000357628 ], [ 556627.898999999975786, 3034916.559000000357628 ], [ 556627.723999999929219, 3034916.384 ], [ 556627.723999999929219, 3034916.334000000264496 ], [ 556627.123999999952503, 3034915.734000000171363 ], [ 556627.074000000022352, 3034915.634 ], [ 556627.074000000022352, 3034915.384 ], [ 556627.223999999929219, 3034915.184000000357628 ], [ 556627.223999999929219, 3034915.134 ], [ 556627.799, 3034914.509 ], [ 556627.898999999975786, 3034914.459000000264496 ], [ 556628.348999999929219, 3034914.459000000264496 ] ] ] } },
{ "type": "Feature", "properties": { "unit_id": "c00292", "method": "watershed", "label": 292 }, "geometry": { "type": "Polygon", "coordinates": [ [ [ 556620.898999999975786, 3034983.109000000171363 ], [ 556620.948999999905936, 3034983.15900000045076 ], [ 556621.148999999975786, 3034983.209000000264496 ], [ 556621.273999999975786, 3034983.334000000264496 ], [ 556621.273999999975786, 3034983.584000000264496 ], [ 556621.223999999929219, 3034983.684000000357628 ], [ 556621.023999999975786, 3034983.884 ], [ 556620.924, 3034984.084000000264496 ], [ 556620.924, 3034984.234000000171363 ], [ 556620.823999999905936, 3034984.434000000357628 ], [ 556620.549, 3034984.609000000171363 ], [ 556620.398999999975786, 3034984.609000000171363 ], [ 556620.348999999929219, 3034984.65900000045076 ], [ 556619.848999999929219, 3034984.65900000045076 ], [ 556619.723999999929219, 3034984.53400000045076 ], [ 556619.473999999929219, 3034983.984000000171363 ], [ 556619.473999999929219, 3034983.684000000357628 ], [ 556619.523999999975786, 3034983.584000000264496 ], [ 556619.698999999905936, 3034983.40900000045076 ], [ 556619.898999999975786, 3034983.359000000171363 ], [ 556619.948999999905936, 3034983.309000000357628 ], [ 556620.049, 3034983.309000000357628 ], [ 556620.299, 3034983.15900000045076 ], [ 556620.398999999975786, 3034983.15900000045076 ], [ 556620.448999999905936, 3034983.109000000171363 ], [ 556620.898999999975786, 3034983.109000000171363 ] ] ] } },
{ "type": "Feature", "properties": { "unit_id": "c00293", "method": "watershed", "label": 293 }, "geometry": { "type": "Polygon", "coordinates": [ [ [ 556650.998999999952503, 3034978.709000000264496 ], [ 556651.299, 3034978.859000000171363 ], [ 556651.574000000022352, 3034979.184000000357628 ], [ 556651.623999999952503, 3034979.28400000045076 ], [ 556651.623999999952503, 3034979.584000000264496 ], [ 556651.523999999975786, 3034979.734000000171363 ], [ 556651.248999999952503, 3034979.959000000264496 ], [ 556651.098999999929219, 3034979.959000000264496 ], [ 556651.049, 3034980.009 ], [ 556650.348999999929219, 3034980.009 ], [ 556650.223999999929219, 3034979.884 ], [ 556650.223999999929219, 3034979.334000000264496 ], [ 556650.699000000022352, 3034978.809000000357628 ], [ 556650.898999999975786, 3034978.709000000264496 ], [ 556650.998999999952503, 3034978.709000000264496 ] ] ] } },
{ "type": "Feature", "properties": { "unit_id": "c00294", "method": "watershed", "label": 294 }, "geometry": { "type": "Polygon", "coordinates": [ [ [ 556643.949000000022352, 3034933.759 ], [ 556644.074000000022352, 3034933.834000000264496 ], [ 556644.373999999952503, 3034934.184000000357628 ], [ 556644.424, 3034934.28400000045076 ], [ 556644.424, 3034934.634 ], [ 556644.373999999952503, 3034934.734000000171363 ], [ 556644.148999999975786, 3034934.959000000264496 ], [ 556644.049, 3034934.959000000264496 ], [ 556643.848999999929219, 3034935.059000000357628 ], [ 556643.598999999929219, 3034935.059000000357628 ], [ 556643.549, 3034935.009 ], [ 556643.449000000022352, 3034935.009 ], [ 556643.023999999975786, 3034934.634 ], [ 556642.973999999929219, 3034934.434000000357628 ], [ 556642.924, 3034934.384 ], [ 556642.924, 3034934.28400000045076 ], [ 556643.023999999975786, 3034934.084000000264496 ], [ 556643.199000000022352, 3034933.90900000045076 ], [ 556643.398999999975786, 3034933.809000000357628 ], [ 556643.498999999952503, 3034933.809000000357628 ], [ 556643.549, 3034933.759 ], [ 556643.949000000022352, 3034933.759 ] ] ] } },
{ "type": "Feature", "properties": { "unit_id": "c00295", "method": "watershed", "label": 295 }, "geometry": { "type": "Polygon", "coordinates": [ [ [ 556643.799, 3034921.009 ], [ 556644.074000000022352, 3034921.234000000171363 ], [ 556644.074000000022352, 3034921.53400000045076 ], [ 556643.973999999929219, 3034921.634 ], [ 556643.973999999929219, 3034921.684000000357628 ], [ 556643.799, 3034921.809000000357628 ], [ 556643.699000000022352, 3034921.809000000357628 ], [ 556643.648999999975786, 3034921.859000000171363 ], [ 556643.449000000022352, 3034921.859000000171363 ], [ 556643.174, 3034921.634 ], [ 556643.174, 3034921.484000000171363 ], [ 556643.348999999929219, 3034921.259 ], [ 556643.398999999975786, 3034921.259 ], [ 556643.549, 3034921.109000000171363 ], [ 556643.799, 3034921.009 ] ] ] } },
{ "type": "Feature", "properties": { "unit_id": "c00296", "method": "watershed", "label": 296 }, "geometry": { "type": "Polygon", "coordinates": [ [ [ 556643.699000000022352, 3034935.90900000045076 ], [ 556643.748999999952503, 3034935.959000000264496 ], [ 556643.848999999929219, 3034935.959000000264496 ], [ 556644.074000000022352, 3034936.184000000357628 ], [ 556644.123999999952503, 3034936.28400000045076 ], [ 556644.123999999952503, 3034936.684000000357628 ], [ 556644.074000000022352, 3034936.78400000045076 ], [ 556643.848999999929219, 3034937.009 ], [ 556643.748999999952503, 3034937.059000000357628 ], [ 556643.549, 3034937.059000000357628 ], [ 556643.498999999952503, 3034937.009 ], [ 556643.299, 3034936.959000000264496 ], [ 556643.023999999975786, 3034936.684000000357628 ], [ 556642.924, 3034936.234000000171363 ], [ 556642.973999999929219, 3034936.184000000357628 ], [ 556642.973999999929219, 3034936.084000000264496 ], [ 556643.199000000022352, 3034935.90900000045076 ], [ 556643.699000000022352, 3034935.90900000045076 ] ] ] } },
{ "type": "Feature", "properties": { "unit_id": "c00297", "method": "watershed", "label": 297 }, "geometry": { "type": "Polygon", "coordinates": [ [ [ 556658.498999999952503, 3034983.359000000171363 ], [ 556658.674, 3034983.484000000171363 ], [ 556658.674, 3034983.53400000045076 ], [ 556658.824000000022352, 3034983.734000000171363 ], [ 556658.824000000022352, 3034984.03400000045076 ], [ 556658.773999999975786, 3034984.134 ], [ 556658.549, 3034984.359000000171363 ], [ 556658.498999999952503, 3034984.359000000171363 ], [ 556658.299, 3034984.509 ], [ 556658.199000000022352, 3034984.509 ], [ 556658.148999999975786, 3034984.559000000357628 ], [ 556657.898999999975786, 3034984.509 ], [ 556657.623999999952503, 3034984.234000000171363 ], [ 556657.623999999952503, 3034983.984000000171363 ], [ 556657.674, 3034983.884 ], [ 556657.949000000022352, 3034983.559000000357628 ], [ 556657.998999999952503, 3034983.559000000357628 ], [ 556658.099000000045635, 3034983.459000000264496 ], [ 556658.299, 3034983.40900000045076 ], [ 556658.349000000045635, 3034983.359000000171363 ], [ 556658.498999999952503, 3034983.359000000171363 ] ] ] } },
{ "type": "Feature", "properties": { "unit_id": "c00298", "method": "watershed", "label": 298 }, "geometry": { "type": "Polygon", "coordinates": [ [ [ 556627.848999999929219, 3034951.359000000171363 ], [ 556628.123999999952503, 3034951.53400000045076 ], [ 556628.324000000022352, 3034951.884 ], [ 556628.324000000022352, 3034952.03400000045076 ], [ 556628.373999999952503, 3034952.084000000264496 ], [ 556628.273999999975786, 3034952.484000000171363 ], [ 556628.123999999952503, 3034952.684000000357628 ], [ 556628.123999999952503, 3034952.734000000171363 ], [ 556628.049, 3034952.809000000357628 ], [ 556627.648999999975786, 3034953.009 ], [ 556627.449000000022352, 3034953.009 ], [ 556627.098999999929219, 3034952.759 ], [ 556626.648999999975786, 3034952.759 ], [ 556626.523999999975786, 3034952.634 ], [ 556626.523999999975786, 3034952.28400000045076 ], [ 556626.574000000022352, 3034952.184000000357628 ], [ 556627.449000000022352, 3034951.40900000045076 ], [ 556627.549, 3034951.359000000171363 ], [ 556627.848999999929219, 3034951.359000000171363 ] ] ] } },
{ "type": "Feature", "properties": { "unit_id": "c00299", "method": "watershed", "label": 299 }, "geometry": { "type": "Polygon", "coordinates": [ [ [ 556620.848999999929219, 3034973.459000000264496 ], [ 556621.073999999905936, 3034973.684000000357628 ], [ 556621.123999999952503, 3034973.78400000045076 ], [ 556621.123999999952503, 3034974.03400000045076 ], [ 556621.073999999905936, 3034974.134 ], [ 556620.799, 3034974.309000000357628 ], [ 556620.648999999975786, 3034974.309000000357628 ], [ 556620.448999999905936, 3034974.40900000045076 ], [ 556620.198999999905936, 3034974.40900000045076 ], [ 556620.098999999929219, 3034974.359000000171363 ], [ 556620.023999999975786, 3034974.234000000171363 ], [ 556620.023999999975786, 3034974.084000000264496 ], [ 556620.174, 3034973.78400000045076 ], [ 556620.448999999905936, 3034973.509 ], [ 556620.549, 3034973.459000000264496 ], [ 556620.848999999929219, 3034973.459000000264496 ] ] ] } },
{ "type": "Feature", "properties": { "unit_id": "c00300", "method": "watershed", "label": 300 }, "geometry": { "type": "Polygon", "coordinates": [ [ [ 556666.349000000045635, 3034919.559000000357628 ], [ 556666.398999999975786, 3034919.609000000171363 ], [ 556666.549, 3034919.609000000171363 ], [ 556666.849000000045635, 3034919.759 ], [ 556667.023999999975786, 3034919.984000000171363 ], [ 556667.023999999975786, 3034920.28400000045076 ], [ 556666.898999999975786, 3034920.40900000045076 ], [ 556666.799, 3034920.459000000264496 ], [ 556665.998999999952503, 3034920.459000000264496 ], [ 556665.724000000045635, 3034920.334000000264496 ], [ 556665.674, 3034920.234000000171363 ], [ 556665.674, 3034920.03400000045076 ], [ 556665.724000000045635, 3034919.984000000171363 ], [ 556665.724000000045635, 3034919.884 ], [ 556665.949000000022352, 3034919.65900000045076 ], [ 556666.349000000045635, 3034919.559000000357628 ] ] ] } },
{ "type": "Feature", "properties": { "unit_id": "c00301", "method": "watershed", "label": 301 }, "geometry": { "type": "Polygon", "coordinates": [ [ [ 556628.299, 3035002.859000000171363 ], [ 556628.498999999952503, 3035002.959000000264496 ], [ 556628.623999999952503, 3035003.084000000264496 ], [ 556628.674, 3035003.184000000357628 ], [ 556628.674, 3035003.484000000171363 ], [ 556628.398999999975786, 3035003.759 ], [ 556628.098999999929219, 3035003.90900000045076 ], [ 556627.998999999952503, 3035003.90900000045076 ], [ 556627.949000000022352, 3035003.959000000264496 ], [ 556627.699000000022352, 3035003.959000000264496 ], [ 556627.598999999929219, 3035003.90900000045076 ], [ 556627.373999999952503, 3035003.634 ], [ 556627.373999999952503, 3035003.53400000045076 ], [ 556627.424, 3035003.484000000171363 ], [ 556627.424, 3035003.384 ], [ 556627.523999999975786, 3035003.184000000357628 ], [ 556627.799, 3035002.90900000045076 ], [ 556627.898999999975786, 3035002.859000000171363 ], [ 556628.299, 3035002.859000000171363 ] ] ] } },
{ "type": "Feature", "properties": { "unit_id": "c00302", "method": "watershed", "label": 302 }, "geometry": { "type": "Polygon", "coordinates": [ [ [ 556620.299, 3034990.40900000045076 ], [ 556620.424, 3034990.53400000045076 ], [ 556620.424, 3034990.634 ], [ 556620.373999999952503, 3034990.684000000357628 ], [ 556620.373999999952503, 3034990.78400000045076 ], [ 556620.273999999975786, 3034990.884 ], [ 556620.273999999975786, 3034991.234000000171363 ], [ 556620.198999999905936, 3034991.359000000171363 ], [ 556620.098999999929219, 3034991.40900000045076 ], [ 556619.948999999905936, 3034991.40900000045076 ], [ 556619.674, 3034991.184000000357628 ], [ 556619.623999999952503, 3034991.084000000264496 ], [ 556619.623999999952503, 3034990.884 ], [ 556619.723999999929219, 3034990.684000000357628 ], [ 556619.898999999975786, 3034990.509 ], [ 556620.098999999929219, 3034990.40900000045076 ], [ 556620.299, 3034990.40900000045076 ] ] ] } },
{ "type": "Feature", "properties": { "unit_id": "c00303", "method": "watershed", "label": 303 }, "geometry": { "type": "Polygon", "coordinates": [ [ [ 556627.699000000022352, 3034978.609000000171363 ], [ 556627.748999999952503, 3034978.65900000045076 ], [ 556627.848999999929219, 3034978.65900000045076 ], [ 556628.148999999975786, 3034978.809000000357628 ], [ 556628.373999999952503, 3034979.03400000045076 ], [ 556628.373999999952503, 3034979.184000000357628 ], [ 556628.273999999975786, 3034979.384 ], [ 556627.998999999952503, 3034979.609000000171363 ], [ 556627.549, 3034979.609000000171363 ], [ 556627.498999999952503, 3034979.559000000357628 ], [ 556627.398999999975786, 3034979.559000000357628 ], [ 556627.199000000022352, 3034979.459000000264496 ], [ 556626.973999999929219, 3034979.234000000171363 ], [ 556626.973999999929219, 3034979.03400000045076 ], [ 556627.199000000022352, 3034978.759 ], [ 556627.398999999975786, 3034978.65900000045076 ], [ 556627.498999999952503, 3034978.65900000045076 ], [ 556627.549, 3034978.609000000171363 ], [ 556627.699000000022352, 3034978.609000000171363 ] ] ] } },
{ "type": "Feature", "properties": { "unit_id": "c00304", "method": "watershed", "label": 304 }, "geometry": { "type": "Polygon", "coordinates": [ [ [ 556666.699000000022352, 3034924.15900000045076 ], [ 556666.873999999952503, 3034924.28400000045076 ], [ 556666.974000000045635, 3034924.484000000171363 ], [ 556666.974000000045635, 3034924.684000000357628 ], [ 556666.849000000045635, 3034924.859000000171363 ], [ 556666.748999999952503, 3034924.90900000045076 ], [ 556666.549, 3034924.90900000045076 ], [ 556666.498999999952503, 3034924.859000000171363 ], [ 556666.373999999952503, 3034924.834000000264496 ], [ 556666.174, 3034924.634 ], [ 556666.174, 3034924.53400000045076 ], [ 556666.349000000045635, 3034924.309000000357628 ], [ 556666.398999999975786, 3034924.309000000357628 ], [ 556666.498999999952503, 3034924.209000000264496 ], [ 556666.699000000022352, 3034924.15900000045076 ] ] ] } },
{ "type": "Feature", "properties": { "unit_id": "c00305", "method": "watershed", "label": 305 }, "geometry": { "type": "Polygon", "coordinates": [ [ [ 556666.099000000045635, 3034973.059000000357628 ], [ 556666.324000000022352, 3034973.28400000045076 ], [ 556666.324000000022352, 3034973.584000000264496 ], [ 556666.099000000045635, 3034973.859000000171363 ], [ 556665.849000000045635, 3034973.859000000171363 ], [ 556665.623999999952503, 3034973.584000000264496 ], [ 556665.574000000022352, 3034973.28400000045076 ], [ 556665.699000000022352, 3034973.109000000171363 ], [ 556665.799, 3034973.059000000357628 ], [ 556666.099000000045635, 3034973.059000000357628 ] ] ] } },
{ "type": "Feature", "properties": { "unit_id": "c00306", "method": "watershed", "label": 306 }, "geometry": { "type": "Polygon", "coordinates": [ [ [ 556620.348999999929219, 3034978.309000000357628 ], [ 556620.398999999975786, 3034978.359000000171363 ], [ 556620.498999999952503, 3034978.359000000171363 ], [ 556620.723999999929219, 3034978.584000000264496 ], [ 556620.773999999975786, 3034978.684000000357628 ], [ 556620.773999999975786, 3034978.884 ], [ 556620.598999999929219, 3034979.059000000357628 ], [ 556620.498999999952503, 3034979.109000000171363 ], [ 556619.799, 3034979.109000000171363 ], [ 556619.748999999952503, 3034979.059000000357628 ], [ 556619.648999999975786, 3034979.059000000357628 ], [ 556619.473999999929219, 3034978.884 ], [ 556619.473999999929219, 3034978.78400000045076 ], [ 556619.424, 3034978.734000000171363 ], [ 556619.648999999975786, 3034978.459000000264496 ], [ 556619.848999999929219, 3034978.40900000045076 ], [ 556619.898999999975786, 3034978.359000000171363 ], [ 556620.049, 3034978.359000000171363 ], [ 556620.098999999929219, 3034978.309000000357628 ], [ 556620.348999999929219, 3034978.309000000357628 ] ] ] } },
{ "type": "Feature", "properties": { "unit_id": "c00307", "method": "watershed", "label": 307 }, "geometry": { "type": "Polygon", "coordinates": [ [ [ 556620.248999999952503, 3034975.859000000171363 ], [ 556620.299, 3034975.90900000045076 ], [ 556620.398999999975786, 3034975.90900000045076 ], [ 556620.523999999975786, 3034976.084000000264496 ], [ 556620.523999999975786, 3034976.334000000264496 ], [ 556620.473999999929219, 3034976.434000000357628 ], [ 556620.049, 3034976.709000000264496 ], [ 556619.848999999929219, 3034976.709000000264496 ], [ 556619.748999999952503, 3034976.65900000045076 ], [ 556619.623999999952503, 3034976.53400000045076 ], [ 556619.623999999952503, 3034976.334000000264496 ], [ 556619.674, 3034976.234000000171363 ], [ 556619.773999999975786, 3034976.134 ], [ 556619.773999999975786, 3034976.084000000264496 ], [ 556619.948999999905936, 3034975.959000000264496 ], [ 556620.248999999952503, 3034975.859000000171363 ] ] ] } },
{ "type": "Feature", "properties": { "unit_id": "c00308", "method": "watershed", "label": 308 }, "geometry": { "type": "Polygon", "coordinates": [ [ [ 556621.848999999929219, 3035067.509000000543892 ], [ 556621.898999999975786, 3035067.559000000357628 ], [ 556622.049, 3035067.559000000357628 ], [ 556622.098999999929219, 3035067.609000000171363 ], [ 556622.598999999929219, 3035067.609000000171363 ], [ 556622.648999999975786, 3035067.65900000045076 ], [ 556622.748999999952503, 3035067.65900000045076 ], [ 556622.873999999952503, 3035067.834000000264496 ], [ 556622.873999999952503, 3035068.78400000045076 ], [ 556622.823999999905936, 3035068.834000000264496 ], [ 556622.823999999905936, 3035069.03400000045076 ], [ 556622.773999999975786, 3035069.084000000264496 ], [ 556622.723999999929219, 3035069.334000000264496 ], [ 556622.674, 3035069.384000000543892 ], [ 556622.674, 3035069.53400000045076 ], [ 556622.573999999905936, 3035069.734000000171363 ], [ 556622.523999999975786, 3035069.984000000171363 ], [ 556622.398999999975786, 3035070.109000000171363 ], [ 556622.148999999975786, 3035070.109000000171363 ], [ 556622.098999999929219, 3035070.059000000357628 ], [ 556621.998999999952503, 3035070.059000000357628 ], [ 556621.498999999952503, 3035069.809000000357628 ], [ 556621.248999999952503, 3035069.609000000171363 ], [ 556621.098999999929219, 3035069.559000000357628 ], [ 556620.748999999952503, 3035069.259000000543892 ], [ 556620.698999999905936, 3035069.259000000543892 ], [ 556620.148999999975786, 3035068.759000000543892 ], [ 556619.848999999929219, 3035068.709000000264496 ], [ 556619.799, 3035068.65900000045076 ], [ 556619.698999999905936, 3035068.65900000045076 ], [ 556619.648999999975786, 3035068.609000000171363 ], [ 556619.448999999905936, 3035068.559000000357628 ], [ 556619.348999999929219, 3035068.459000000264496 ], [ 556619.049, 3035068.309000000357628 ], [ 556618.748999999952503, 3035068.059000000357628 ], [ 556618.448999999905936, 3035067.90900000045076 ], [ 556618.323999999905936, 3035067.78400000045076 ], [ 556618.323999999905936, 3035067.634000000543892 ], [ 556618.448999999905936, 3035067.559000000357628 ], [ 556618.948999999905936, 3035067.559000000357628 ], [ 556619.049, 3035067.609000000171363 ], [ 556619.248999999952503, 3035067.809000000357628 ], [ 556619.348999999929219, 3035067.809000000357628 ], [ 556619.398999999975786, 3035067.859000000171363 ], [ 556620.148999999975786, 3035067.859000000171363 ], [ 556620.348999999929219, 3035067.959000000264496 ], [ 556620.549, 3035067.959000000264496 ], [ 556620.598999999929219, 3035067.90900000045076 ], [ 556620.799, 3035067.859000000171363 ], [ 556620.898999999975786, 3035067.759000000543892 ], [ 556621.248999999952503, 3035067.559000000357628 ], [ 556621.348999999929219, 3035067.559000000357628 ], [ 556621.398999999975786, 3035067.509000000543892 ], [ 556621.848999999929219, 3035067.509000000543892 ] ] ] } },
{ "type": "Feature", "properties": { "unit_id": "c00309", "method": "watershed", "label": 309 }, "geometry": { "type": "Polygon", "coordinates": [ [ [ 556659.199000000022352, 3034917.65900000045076 ], [ 556659.324000000022352, 3034917.934000000357628 ], [ 556659.324000000022352, 3034918.03400000045076 ], [ 556659.224000000045635, 3034918.234000000171363 ], [ 556659.099000000045635, 3034918.309000000357628 ], [ 556658.898999999975786, 3034918.309000000357628 ], [ 556658.799, 3034918.259 ], [ 556658.674, 3034918.134 ], [ 556658.674, 3034917.984000000171363 ], [ 556658.773999999975786, 3034917.884 ], [ 556658.773999999975786, 3034917.834000000264496 ], [ 556658.949000000022352, 3034917.709000000264496 ], [ 556659.049, 3034917.65900000045076 ], [ 556659.199000000022352, 3034917.65900000045076 ] ] ] } },
{ "type": "Feature", "properties": { "unit_id": "c00310", "method": "watershed", "label": 310 }, "geometry": { "type": "Polygon", "coordinates": [ [ [ 556642.398999999975786, 3034901.859000000171363 ], [ 556642.574000000022352, 3034901.984000000171363 ], [ 556642.623999999952503, 3034902.084000000264496 ], [ 556642.623999999952503, 3034902.234000000171363 ], [ 556642.674, 3034902.28400000045076 ], [ 556642.674, 3034902.584000000264496 ], [ 556642.723999999929219, 3034902.684000000357628 ], [ 556642.598999999929219, 3034902.859000000171363 ], [ 556642.348999999929219, 3034902.859000000171363 ], [ 556642.148999999975786, 3034902.759 ], [ 556642.023999999975786, 3034902.584000000264496 ], [ 556642.023999999975786, 3034902.234000000171363 ], [ 556642.123999999952503, 3034902.03400000045076 ], [ 556642.299, 3034901.859000000171363 ], [ 556642.398999999975786, 3034901.859000000171363 ] ] ] } },
{ "type": "Feature", "properties": { "unit_id": "c00311", "method": "watershed", "label": 311 }, "geometry": { "type": "Polygon", "coordinates": [ [ [ 556656.898999999975786, 3034884.109000000171363 ], [ 556656.949000000022352, 3034884.159 ], [ 556657.148999999975786, 3034884.159 ], [ 556657.199000000022352, 3034884.209000000264496 ], [ 556657.349000000045635, 3034884.209000000264496 ], [ 556657.398999999975786, 3034884.259 ], [ 556657.599000000045635, 3034884.309000000357628 ], [ 556657.773999999975786, 3034884.484000000171363 ], [ 556657.724000000045635, 3034884.634 ], [ 556657.449000000022352, 3034884.909 ], [ 556657.349000000045635, 3034884.909 ], [ 556657.299, 3034884.959000000264496 ], [ 556657.099000000045635, 3034884.959000000264496 ], [ 556657.049, 3034885.009 ], [ 556656.748999999952503, 3034885.009 ], [ 556656.699000000022352, 3034885.059000000357628 ], [ 556656.449000000022352, 3034885.059000000357628 ], [ 556656.349000000045635, 3034885.009 ], [ 556656.174, 3034884.834000000264496 ], [ 556656.174, 3034884.734000000171363 ], [ 556656.123999999952503, 3034884.684000000357628 ], [ 556656.123999999952503, 3034884.284 ], [ 556656.174, 3034884.184000000357628 ], [ 556656.299, 3034884.109000000171363 ], [ 556656.898999999975786, 3034884.109000000171363 ] ] ] } },
{ "type": "Feature", "properties": { "unit_id": "c00312", "method": "watershed", "label": 312 }, "geometry": { "type": "Polygon", "coordinates": [ [ [ 556658.648999999975786, 3034925.859000000171363 ], [ 556658.924, 3034926.084000000264496 ], [ 556658.974000000045635, 3034926.184000000357628 ], [ 556658.974000000045635, 3034926.484000000171363 ], [ 556658.799, 3034926.65900000045076 ], [ 556658.699000000022352, 3034926.709000000264496 ], [ 556658.549, 3034926.709000000264496 ], [ 556658.273999999975786, 3034926.484000000171363 ], [ 556658.174, 3034926.084000000264496 ], [ 556658.349000000045635, 3034925.859000000171363 ], [ 556658.648999999975786, 3034925.859000000171363 ] ] ] } },
{ "type": "Feature", "properties": { "unit_id": "c00313", "method": "watershed", "label": 313 }, "geometry": { "type": "Polygon", "coordinates": [ [ [ 556643.748999999952503, 3034961.65900000045076 ], [ 556643.973999999929219, 3034961.884 ], [ 556643.973999999929219, 3034962.184000000357628 ], [ 556643.924, 3034962.234000000171363 ], [ 556643.873999999952503, 3034962.434000000357628 ], [ 556643.648999999975786, 3034962.609000000171363 ], [ 556643.498999999952503, 3034962.609000000171363 ], [ 556643.449000000022352, 3034962.559000000357628 ], [ 556643.348999999929219, 3034962.559000000357628 ], [ 556643.148999999975786, 3034962.459000000264496 ], [ 556643.023999999975786, 3034962.28400000045076 ], [ 556643.023999999975786, 3034962.084000000264496 ], [ 556643.074000000022352, 3034961.984000000171363 ], [ 556643.299, 3034961.759 ], [ 556643.498999999952503, 3034961.65900000045076 ], [ 556643.748999999952503, 3034961.65900000045076 ] ] ] } },
{ "type": "Feature", "properties": { "unit_id": "c00314", "method": "watershed", "label": 314 }, "geometry": { "type": "Polygon", "coordinates": [ [ [ 556627.998999999952503, 3034885.609000000171363 ], [ 556628.123999999952503, 3034885.684000000357628 ], [ 556628.324000000022352, 3034885.934000000357628 ], [ 556628.324000000022352, 3034886.134 ], [ 556628.148999999975786, 3034886.309000000357628 ], [ 556627.898999999975786, 3034886.309000000357628 ], [ 556627.723999999929219, 3034886.134 ], [ 556627.723999999929219, 3034885.834000000264496 ], [ 556627.773999999975786, 3034885.734000000171363 ], [ 556627.898999999975786, 3034885.609000000171363 ], [ 556627.998999999952503, 3034885.609000000171363 ] ] ] } },
{ "type": "Feature", "properties": { "unit_id": "c00315", "method": "watershed", "label": 315 }, "geometry": { "type": "Polygon", "coordinates": [ [ [ 556654.898999999975786, 3035068.359000000171363 ], [ 556655.174, 3035068.53400000045076 ], [ 556655.224000000045635, 3035068.684000000357628 ], [ 556655.148999999975786, 3035068.759000000543892 ], [ 556654.849000000045635, 3035068.759000000543892 ], [ 556654.674, 3035068.634000000543892 ], [ 556654.674, 3035068.434000000357628 ], [ 556654.748999999952503, 3035068.359000000171363 ], [ 556654.898999999975786, 3035068.359000000171363 ] ] ] } },
{ "type": "Feature", "properties": { "unit_id": "c00316", "method": "watershed", "label": 316 }, "geometry": { "type": "Polygon", "coordinates": [ [ [ 556693.199000000022352, 3035061.759000000543892 ], [ 556693.474000000045635, 3035061.984000000171363 ], [ 556693.523999999975786, 3035062.084000000264496 ], [ 556693.523999999975786, 3035062.484000000171363 ], [ 556693.474000000045635, 3035062.53400000045076 ], [ 556693.474000000045635, 3035062.634000000543892 ], [ 556693.299, 3035062.759000000543892 ], [ 556693.148999999975786, 3035062.709000000264496 ], [ 556693.074000000022352, 3035062.634000000543892 ], [ 556692.824000000022352, 3035062.134000000543892 ], [ 556692.824000000022352, 3035061.984000000171363 ], [ 556692.898999999975786, 3035061.859000000171363 ], [ 556693.049, 3035061.759000000543892 ], [ 556693.199000000022352, 3035061.759000000543892 ] ] ] } },
{ "type": "Feature", "properties": { "unit_id": "c00317", "method": "watershed", "label": 317 }, "geometry": { "type": "Polygon", "coordinates": [ [ [ 556623.148999999975786, 3034896.059000000357628 ], [ 556623.273999999975786, 3034896.134 ], [ 556623.323999999905936, 3034896.334000000264496 ], [ 556623.248999999952503, 3034896.459000000264496 ], [ 556623.098999999929219, 3034896.559000000357628 ], [ 556622.748999999952503, 3034896.559000000357628 ], [ 556622.549, 3034896.459000000264496 ], [ 556622.323999999905936, 3034896.234000000171363 ], [ 556622.373999999952503, 3034896.134 ], [ 556622.498999999952503, 3034896.059000000357628 ], [ 556623.148999999975786, 3034896.059000000357628 ] ] ] } },
{ "type": "Feature", "properties": { "unit_id": "c00318", "method": "watershed", "label": 318 }, "geometry": { "type": "Polygon", "coordinates": [ [ [ 556632.848999999929219, 3034901.759 ], [ 556632.973999999929219, 3034901.834000000264496 ], [ 556632.973999999929219, 3034902.084000000264496 ], [ 556632.799, 3034902.309000000357628 ], [ 556632.699000000022352, 3034902.309000000357628 ], [ 556632.623999999952503, 3034902.234000000171363 ], [ 556632.623999999952503, 3034902.134 ], [ 556632.574000000022352, 3034902.084000000264496 ], [ 556632.574000000022352, 3034901.834000000264496 ], [ 556632.648999999975786, 3034901.759 ], [ 556632.848999999929219, 3034901.759 ] ] ] } },
{ "type": "Feature", "properties": { "unit_id": "c00319", "method": "watershed", "label": 319 }, "geometry": { "type": "Polygon", "coordinates": [ [ [ 556623.498999999952503, 3034902.359000000171363 ], [ 556623.573999999905936, 3034902.434000000357628 ], [ 556623.573999999905936, 3034902.584000000264496 ], [ 556623.498999999952503, 3034902.65900000045076 ], [ 556623.448999999905936, 3034902.65900000045076 ], [ 556623.323999999905936, 3034902.584000000264496 ], [ 556623.323999999905936, 3034902.434000000357628 ], [ 556623.398999999975786, 3034902.359000000171363 ], [ 556623.498999999952503, 3034902.359000000171363 ] ] ] } },
{ "type": "Feature", "properties": { "unit_id": "c00320", "method": "watershed", "label": 320 }, "geometry": { "type": "Polygon", "coordinates": [ [ [ 556650.598999999929219, 3035008.90900000045076 ], [ 556650.674, 3035008.984000000171363 ], [ 556650.674, 3035009.184000000357628 ], [ 556650.498999999952503, 3035009.359000000171363 ], [ 556650.098999999929219, 3035009.509 ], [ 556650.023999999975786, 3035009.434000000357628 ], [ 556650.074000000022352, 3035009.134 ], [ 556650.348999999929219, 3035008.90900000045076 ], [ 556650.598999999929219, 3035008.90900000045076 ] ] ] } },
{ "type": "Feature", "properties": { "unit_id": "c00321", "method": "watershed", "label": 321 }, "geometry": { "type": "Polygon", "coordinates": [ [ [ 556643.648999999975786, 3034968.209000000264496 ], [ 556643.773999999975786, 3034968.28400000045076 ], [ 556643.824000000022352, 3034968.384 ], [ 556643.824000000022352, 3034968.434000000357628 ], [ 556643.748999999952503, 3034968.509 ], [ 556643.648999999975786, 3034968.559000000357628 ], [ 556643.398999999975786, 3034968.559000000357628 ], [ 556643.273999999975786, 3034968.484000000171363 ], [ 556643.273999999975786, 3034968.334000000264496 ], [ 556643.348999999929219, 3034968.259 ], [ 556643.449000000022352, 3034968.209000000264496 ], [ 556643.648999999975786, 3034968.209000000264496 ] ] ] } },
{ "type": "Feature", "properties": { "unit_id": "c00322", "method": "watershed", "label": 322 }, "geometry": { "type": "Polygon", "coordinates": [ [ [ 556677.398999999975786, 3035044.90900000045076 ], [ 556677.523999999975786, 3035045.084000000264496 ], [ 556677.398999999975786, 3035045.209000000264496 ], [ 556677.174, 3035045.03400000045076 ], [ 556677.174, 3035044.984000000171363 ], [ 556677.248999999952503, 3035044.90900000045076 ], [ 556677.398999999975786, 3035044.90900000045076 ] ] ] } },
{ "type": "Feature", "properties": { "unit_id": "c00323", "method": "watershed", "label": 323 }, "geometry": { "type": "Polygon", "coordinates": [ [ [ 556643.299, 3035002.509 ], [ 556643.373999999952503, 3035002.584000000264496 ], [ 556643.348999999929219, 3035002.709000000264496 ], [ 556643.248999999952503, 3035002.709000000264496 ], [ 556643.174, 3035002.634 ], [ 556643.199000000022352, 3035002.559000000357628 ], [ 556643.299, 3035002.509 ] ] ] } },
{ "type": "Feature", "properties": { "unit_id": "c00324", "method": "watershed", "label": 324 }, "geometry": { "type": "Polygon", "coordinates": [ [ [ 556659.248999999952503, 3035067.509000000543892 ], [ 556659.273999999975786, 3035067.634000000543892 ], [ 556659.148999999975786, 3035067.709000000264496 ], [ 556659.123999999952503, 3035067.584000000264496 ], [ 556659.199000000022352, 3035067.509000000543892 ], [ 556659.248999999952503, 3035067.509000000543892 ] ] ] } }
]
}
