{
"type": "FeatureCollection",
"name": "metrics_watershed",
"crs": { "type": "name", "properties": { "name": "urn:ogc:def:crs:EPSG::32617" } },
"features": [
{ "type": "Feature", "properties": { "unit_id": "c00001", "method": "watershed", "label": 1, "area_m2": 14.762499999935974, "height_max_m": 2.2011010646820068, "height_mean_m": 1.3126931104484005, "canopy_cover": 0.99898494332600241, "volume_m3": 19.39832243969434, "n_pixels": 5911, "data_coverage": 1.0, "vari_mean": 0.27394126120053347, "exg_mean": 0.33736912669984087, "gli_mean": 0.22946102688649458, "height_max_m_pct": 100.0, "height_mean_m_pct": 98.12734082397003, "volume_m3_pct": 97.752808988764045, "canopy_cover_pct": 32.958801498127336, "vari_mean_pct": 40.449438202247187, "exg_mean_pct": 46.81647940074906, "gli_mean_pct": 46.81647940074906 }, "geometry": { "type": "Polygon", "coordinates": [ [ [ 556620.034999999916181, 3035027.628 ], [ 556619.98499999998603, 3035027.678000000305474 ], [ 556619.784999999916181, 3035027.728000000119209 ], [ 556619.684999999939464, 3035027.828000000212342 ], [ 556619.509999999892898, 3035028.153 ], [ 556619.509999999892898, 3035028.503 ], [ 556619.459999999962747, 3035028.553000000305474 ], [ 556619.459999999962747, 3035028.753 ], [ 556619.409999999916181, 3035028.853000000119209 ], [ 556619.134999999892898, 3035029.078000000212342 ], [ 556618.784999999916181, 3035029.078000000212342 ], [ 556618.73499999998603, 3035029.128 ], [ 556618.534999999916181, 3035029.178000000305474 ], [ 556618.459999999962747, 3035029.253 ], [ 556618.10999999998603, 3035030.003 ], [ 556618.10999999998603, 3035030.553000000305474 ], [ 556618.159999999916181, 3035030.603000000119209 ], [ 556618.159999999916181, 3035030.703000000212342 ], [ 556618.409999999916181, 3035031.153 ], [ 556618.759999999892898, 3035031.503 ], [ 556618.759999999892898, 3035031.553000000305474 ], [ 556618.959999999962747, 3035031.753 ], [ 556619.009999999892898, 3035031.853000000119209 ], [ 556619.059999999939464, 3035032.253 ], [ 556619.009999999892898, 3035032.303000000305474 ], [ 556619.009999999892898, 3035032.503 ], [ 556618.959999999962747, 3035032.553000000305474 ], [ 556618.959999999962747, 3035033.003 ], [ 556619.009999999892898, 3035033.053000000305474 ], [ 556619.009999999892898, 3035033.503 ], [ 556619.059999999939464, 3035033.553000000305474 ], [ 556619.059999999939464, 3035033.653 ], [ 556619.384999999892898, 3035034.078000000212342 ], [ 556620.084999999962747, 3035034.078000000212342 ], [ 556620.10999999998603, 3035033.853000000119209 ], [ 556620.259999999892898, 3035033.653 ], [ 556620.259999999892898, 3035033.603000000119209 ], [ 556620.48499999998603, 3035033.378 ], [ 556620.834999999962747, 3035033.228000000119209 ], [ 556620.959999999962747, 3035033.103000000119209 ], [ 556621.009999999892898, 3035032.903 ], [ 556621.059999999939464, 3035032.853000000119209 ], [ 556621.059999999939464, 3035032.403 ], [ 556621.10999999998603, 3035032.353000000119209 ], [ 556621.10999999998603, 3035032.153 ], [ 556621.309999999939464, 3035031.753 ], [ 556621.559999999939464, 3035031.403 ], [ 556621.559999999939464, 3035031.303000000305474 ], [ 556621.709999999962747, 3035031.053000000305474 ], [ 556621.709999999962747, 3035030.953000000212342 ], [ 556621.759999999892898, 3035030.903 ], [ 556621.759999999892898, 3035030.703000000212342 ], [ 556621.809999999939464, 3035030.653 ], [ 556621.759999999892898, 3035030.553000000305474 ], [ 556621.759999999892898, 3035030.303000000305474 ], [ 556621.709999999962747, 3035030.253 ], [ 556621.709999999962747, 3035030.153 ], [ 556621.559999999939464, 3035029.853000000119209 ], [ 556621.459999999962747, 3035029.753 ], [ 556621.259999999892898, 3035029.303000000305474 ], [ 556621.159999999916181, 3035029.203000000212342 ], [ 556621.059999999939464, 3035029.003 ], [ 556621.10999999998603, 3035028.203000000212342 ], [ 556621.009999999892898, 3035028.103000000119209 ], [ 556621.009999999892898, 3035028.053000000305474 ], [ 556620.684999999939464, 3035027.728000000119209 ], [ 556620.48499999998603, 3035027.628 ], [ 556620.034999999916181, 3035027.628 ] ] ] } },
{ "type": "Feature", "properties": { "unit_id": "c00002", "method": "watershed", "label": 2, "area_m2": 10.876875000086439, "height_max_m": 2.1666924953460693, "height_mean_m": 1.1079780709116884, "canopy_cover": 0.99953585518681831, "volume_m3": 11.935693768922684, "n_pixels": 4309, "data_coverage": 1.0, "vari_mean": 0.23028039116630852, "exg_mean": 0.24847076113004063, "gli_mean": 0.16935074039899431, "height_max_m_pct": 99.250936329588015, "height_mean_m_pct": 70.037453183520597, "volume_m3_pct": 92.134831460674164, "canopy_cover_pct": 37.453183520599254, "vari_mean_pct": 12.359550561797752, "exg_mean_pct": 6.7415730337078648, "gli_mean_pct": 6.3670411985018731 }, "geometry": { "type": "Polygon", "coordinates": [ [ [ 556611.134999999892898, 3034967.427999999839813 ], [ 556611.034999999916181, 3034967.528 ], [ 556610.784999999916181, 3034967.628 ], [ 556610.534999999916181, 3034967.828000000212342 ], [ 556610.184999999939464, 3034967.978000000119209 ], [ 556610.084999999962747, 3034968.078000000212342 ], [ 556609.98499999998603, 3034968.078000000212342 ], [ 556609.909999999916181, 3034968.153 ], [ 556609.909999999916181, 3034969.653 ], [ 556610.084999999962747, 3034969.677999999839813 ], [ 556610.184999999939464, 3034969.778 ], [ 556610.23499999998603, 3034969.778 ], [ 556610.85999999998603, 3034970.403 ], [ 556610.934999999939464, 3034970.578000000212342 ], [ 556613.834999999962747, 3034970.578000000212342 ], [ 556613.909999999916181, 3034970.503 ], [ 556613.909999999916181, 3034970.353000000119209 ], [ 556614.009999999892898, 3034970.253 ], [ 556614.159999999916181, 3034969.953000000212342 ], [ 556614.159999999916181, 3034969.853000000119209 ], [ 556614.209999999962747, 3034969.802999999839813 ], [ 556614.209999999962747, 3034969.653 ], [ 556614.259999999892898, 3034969.603000000119209 ], [ 556614.259999999892898, 3034969.203000000212342 ], [ 556614.209999999962747, 3034969.153 ], [ 556614.159999999916181, 3034968.953000000212342 ], [ 556614.059999999939464, 3034968.853000000119209 ], [ 556614.059999999939464, 3034968.753 ], [ 556614.009999999892898, 3034968.703000000212342 ], [ 556614.009999999892898, 3034968.603000000119209 ], [ 556613.909999999916181, 3034968.403 ], [ 556613.809999999939464, 3034968.302999999839813 ], [ 556613.709999999962747, 3034968.103000000119209 ], [ 556613.659999999916181, 3034967.853000000119209 ], [ 556611.634999999892898, 3034967.828000000212342 ], [ 556611.60999999998603, 3034967.703000000212342 ], [ 556611.534999999916181, 3034967.628 ], [ 556611.334999999962747, 3034967.528 ], [ 556611.23499999998603, 3034967.427999999839813 ], [ 556611.134999999892898, 3034967.427999999839813 ] ] ] } },
{ "type": "Feature", "properties": { "unit_id": "c00003", "method": "watershed", "label": 3, "area_m2": 21.16375000066153, "height_max_m": 2.1698281764984131, "height_mean_m": 1.1557510143951757, "canopy_cover": 1.0, "volume_m3": 24.403682669008358, "n_pixels": 8446, "data_coverage": 1.0, "vari_mean": 0.23920942055542219, "exg_mean": 0.30438332598386802, "gli_mean": 0.20672256918774434, "height_max_m_pct": 99.625468164794, "height_mean_m_pct": 79.026217228464418, "volume_m3_pct": 99.625468164794, "canopy_cover_pct": 69.850187265917612, "vari_mean_pct": 15.355805243445692, "exg_mean_pct": 22.09737827715356, "gli_mean_pct": 21.348314606741571 }, "geometry": { "type": "Polygon", "coordinates": [ [ [ 556611.134999999892898, 3035016.677999999839813 ], [ 556611.10999999998603, 3035016.802999999839813 ], [ 556611.059999999939464, 3035016.853000000119209 ], [ 556611.059999999939464, 3035016.953000000212342 ], [ 556610.909999999916181, 3035017.253 ], [ 556610.759999999892898, 3035017.403 ], [ 556610.60999999998603, 3035017.703000000212342 ], [ 556610.60999999998603, 3035018.802999999839813 ], [ 556610.659999999916181, 3035018.853000000119209 ], [ 556610.659999999916181, 3035019.353000000119209 ], [ 556610.709999999962747, 3035019.403 ], [ 556610.709999999962747, 3035019.803000000305474 ], [ 556610.659999999916181, 3035019.853000000119209 ], [ 556610.659999999916181, 3035020.103000000119209 ], [ 556610.60999999998603, 3035020.153 ], [ 556610.60999999998603, 3035020.253 ], [ 556610.509999999892898, 3035020.453000000212342 ], [ 556610.409999999916181, 3035020.553000000305474 ], [ 556610.409999999916181, 3035020.653 ], [ 556610.35999999998603, 3035020.703000000212342 ], [ 556610.35999999998603, 3035021.103000000119209 ], [ 556610.459999999962747, 3035021.303000000305474 ], [ 556610.459999999962747, 3035021.403 ], [ 556610.809999999939464, 3035021.803000000305474 ], [ 556610.809999999939464, 3035021.853000000119209 ], [ 556611.009999999892898, 3035022.103000000119209 ], [ 556611.009999999892898, 3035022.203000000212342 ], [ 556611.10999999998603, 3035022.403 ], [ 556611.10999999998603, 3035022.803000000305474 ], [ 556611.159999999916181, 3035022.853000000119209 ], [ 556611.159999999916181, 3035023.403 ], [ 556611.10999999998603, 3035023.453000000212342 ], [ 556611.10999999998603, 3035023.653 ], [ 556611.009999999892898, 3035023.803000000305474 ], [ 556611.034999999916181, 3035023.878 ], [ 556612.384999999892898, 3035023.878 ], [ 556612.434999999939464, 3035023.928000000305474 ], [ 556613.084999999962747, 3035023.928000000305474 ], [ 556613.159999999916181, 3035023.853000000119209 ], [ 556613.209999999962747, 3035023.703000000212342 ], [ 556613.309999999939464, 3035023.603000000119209 ], [ 556613.459999999962747, 3035023.303000000305474 ], [ 556613.459999999962747, 3035023.103000000119209 ], [ 556613.509999999892898, 3035023.003 ], [ 556613.459999999962747, 3035022.953000000212342 ], [ 556613.459999999962747, 3035022.603000000119209 ], [ 556613.409999999916181, 3035022.553000000305474 ], [ 556613.409999999916181, 3035022.303000000305474 ], [ 556613.459999999962747, 3035022.253 ], [ 556613.459999999962747, 3035022.003 ], [ 556613.559999999939464, 3035021.803000000305474 ], [ 556613.559999999939464, 3035021.703000000212342 ], [ 556613.959999999962747, 3035021.203000000212342 ], [ 556614.159999999916181, 3035020.803000000305474 ], [ 556614.159999999916181, 3035020.353000000119209 ], [ 556614.009999999892898, 3035020.053000000305474 ], [ 556613.60999999998603, 3035019.653 ], [ 556613.60999999998603, 3035019.603000000119209 ], [ 556613.35999999998603, 3035019.303000000305474 ], [ 556613.35999999998603, 3035019.103000000119209 ], [ 556613.584999999962747, 3035018.927999999839813 ], [ 556613.73499999998603, 3035018.878 ], [ 556613.959999999962747, 3035018.653 ], [ 556614.10999999998603, 3035018.353000000119209 ], [ 556614.10999999998603, 3035017.802999999839813 ], [ 556614.009999999892898, 3035017.603000000119209 ], [ 556613.784999999916181, 3035017.378 ], [ 556613.584999999962747, 3035017.278 ], [ 556613.409999999916181, 3035017.103000000119209 ], [ 556613.309999999939464, 3035016.903 ], [ 556613.284999999916181, 3035016.677999999839813 ], [ 556611.134999999892898, 3035016.677999999839813 ] ] ] } },
{ "type": "Feature", "properties": { "unit_id": "c00004", "method": "watershed", "label": 4, "area_m2": 6.7731250001871368, "height_max_m": 2.1437900066375732, "height_mean_m": 1.431277585418685, "canopy_cover": 0.9985310319500551, "volume_m3": 9.743422162759348, "n_pixels": 2723, "data_coverage": 1.0, "vari_mean": 0.35841042664187917, "exg_mean": 0.4094065499259657, "gli_mean": 0.27576303397379859, "height_max_m_pct": 98.876404494382015, "height_mean_m_pct": 99.625468164794, "volume_m3_pct": 90.262172284644194, "canopy_cover_pct": 29.962546816479403, "vari_mean_pct": 92.134831460674164, "exg_mean_pct": 77.528089887640448, "gli_mean_pct": 77.528089887640448 }, "geometry": { "type": "Polygon", "coordinates": [ [ [ 556620.334999999962747, 3034945.927999999839813 ], [ 556620.134999999892898, 3034946.028 ], [ 556620.034999999916181, 3034946.028 ], [ 556619.73499999998603, 3034946.177999999839813 ], [ 556619.634999999892898, 3034946.278 ], [ 556619.184999999939464, 3034946.478000000119209 ], [ 556618.759999999892898, 3034946.853000000119209 ], [ 556618.759999999892898, 3034946.903 ], [ 556618.559999999939464, 3034947.153 ], [ 556618.509999999892898, 3034947.253 ], [ 556618.509999999892898, 3034947.403 ], [ 556618.459999999962747, 3034947.453000000212342 ], [ 556618.509999999892898, 3034947.503 ], [ 556618.509999999892898, 3034947.653 ], [ 556618.85999999998603, 3034948.153 ], [ 556618.85999999998603, 3034948.203000000212342 ], [ 556618.959999999962747, 3034948.302999999839813 ], [ 556619.009999999892898, 3034948.503 ], [ 556619.084999999962747, 3034948.628 ], [ 556620.23499999998603, 3034948.628 ], [ 556620.284999999916181, 3034948.578000000212342 ], [ 556620.384999999892898, 3034948.578000000212342 ], [ 556620.534999999916181, 3034948.427999999839813 ], [ 556620.73499999998603, 3034948.328000000212342 ], [ 556620.834999999962747, 3034948.228000000119209 ], [ 556621.384999999892898, 3034948.228000000119209 ], [ 556621.459999999962747, 3034947.953000000212342 ], [ 556621.85999999998603, 3034947.453000000212342 ], [ 556621.909999999916181, 3034947.353000000119209 ], [ 556621.909999999916181, 3034947.003 ], [ 556621.809999999939464, 3034946.802999999839813 ], [ 556621.809999999939464, 3034946.703000000212342 ], [ 556621.709999999962747, 3034946.603000000119209 ], [ 556621.659999999916181, 3034946.453000000212342 ], [ 556621.23499999998603, 3034946.078000000212342 ], [ 556620.934999999939464, 3034946.028 ], [ 556620.884999999892898, 3034945.978000000119209 ], [ 556620.634999999892898, 3034945.978000000119209 ], [ 556620.584999999962747, 3034945.927999999839813 ], [ 556620.334999999962747, 3034945.927999999839813 ] ] ] } },
{ "type": "Feature", "properties": { "unit_id": "c00005", "method": "watershed", "label": 5, "area_m2": 18.879999999831778, "height_max_m": 2.0312588214874268, "height_mean_m": 1.1917273452333974, "canopy_cover": 1.0, "volume_m3": 22.392556816985294, "n_pixels": 7516, "data_coverage": 1.0, "vari_mean": 0.19729360534699592, "exg_mean": 0.26733905571869282, "gli_mean": 0.18363471224415615, "height_max_m_pct": 98.50187265917603, "height_mean_m_pct": 86.891385767790268, "volume_m3_pct": 98.50187265917603, "canopy_cover_pct": 69.850187265917612, "vari_mean_pct": 4.4943820224719104, "exg_mean_pct": 11.610486891385769, "gli_mean_pct": 10.861423220973784 }, "geometry": { "type": "Polygon", "coordinates": [ [ [ 556610.959999999962747, 3035027.653 ], [ 556610.959999999962747, 3035028.053000000305474 ], [ 556610.659999999916181, 3035028.653 ], [ 556610.659999999916181, 3035028.903 ], [ 556610.60999999998603, 3035028.953000000212342 ], [ 556610.559999999939464, 3035029.553000000305474 ], [ 556610.459999999962747, 3035029.753 ], [ 556610.459999999962747, 3035029.853000000119209 ], [ 556610.259999999892898, 3035030.253 ], [ 556610.159999999916181, 3035030.353000000119209 ], [ 556610.10999999998603, 3035030.603000000119209 ], [ 556610.059999999939464, 3035030.653 ], [ 556610.10999999998603, 3035031.003 ], [ 556610.159999999916181, 3035031.053000000305474 ], [ 556610.209999999962747, 3035031.353000000119209 ], [ 556610.259999999892898, 3035031.403 ], [ 556610.259999999892898, 3035031.553000000305474 ], [ 556610.309999999939464, 3035031.603000000119209 ], [ 556610.309999999939464, 3035032.453000000212342 ], [ 556610.35999999998603, 3035032.503 ], [ 556610.409999999916181, 3035033.103000000119209 ], [ 556610.459999999962747, 3035033.153 ], [ 556610.459999999962747, 3035033.603000000119209 ], [ 556610.509999999892898, 3035033.653 ], [ 556610.509999999892898, 3035033.803000000305474 ], [ 556610.559999999939464, 3035033.853000000119209 ], [ 556610.584999999962747, 3035034.028 ], [ 556611.434999999939464, 3035034.028 ], [ 556611.48499999998603, 3035034.078000000212342 ], [ 556612.084999999962747, 3035034.078000000212342 ], [ 556612.134999999892898, 3035034.028 ], [ 556612.534999999916181, 3035034.028 ], [ 556612.559999999939464, 3035033.853000000119209 ], [ 556612.884999999892898, 3035033.528 ], [ 556613.334999999962747, 3035033.278 ], [ 556613.659999999916181, 3035032.953000000212342 ], [ 556613.809999999939464, 3035032.653 ], [ 556613.809999999939464, 3035032.303000000305474 ], [ 556613.459999999962747, 3035031.653 ], [ 556613.459999999962747, 3035031.453000000212342 ], [ 556613.509999999892898, 3035031.403 ], [ 556613.559999999939464, 3035031.203000000212342 ], [ 556613.709999999962747, 3035031.053000000305474 ], [ 556613.85999999998603, 3035030.753 ], [ 556613.85999999998603, 3035030.103000000119209 ], [ 556613.809999999939464, 3035030.053000000305474 ], [ 556613.809999999939464, 3035029.853000000119209 ], [ 556613.659999999916181, 3035029.553000000305474 ], [ 556612.909999999916181, 3035028.703000000212342 ], [ 556612.909999999916181, 3035028.603000000119209 ], [ 556612.85999999998603, 3035028.553000000305474 ], [ 556612.85999999998603, 3035028.103000000119209 ], [ 556612.909999999916181, 3035028.053000000305474 ], [ 556612.884999999892898, 3035027.628 ], [ 556610.959999999962747, 3035027.653 ] ] ] } },
{ "type": "Feature", "properties": { "unit_id": "c00006", "method": "watershed", "label": 6, "area_m2": 19.561875000167642, "height_max_m": 2.0312504768371582, "height_mean_m": 1.2166547727092012, "canopy_cover": 1.0, "volume_m3": 23.764309347995276, "n_pixels": 7813, "data_coverage": 1.0, "vari_mean": 0.30790243756426777, "exg_mean": 0.39520349310730035, "gli_mean": 0.2660694146117546, "height_max_m_pct": 98.12734082397003, "height_mean_m_pct": 91.760299625468164, "volume_m3_pct": 99.250936329588015, "canopy_cover_pct": 69.850187265917612, "vari_mean_pct": 63.295880149812731, "exg_mean_pct": 69.662921348314612, "gli_mean_pct": 70.786516853932582 }, "geometry": { "type": "Polygon", "coordinates": [ [ [ 556620.23499999998603, 3035016.878 ], [ 556619.834999999962747, 3035016.927999999839813 ], [ 556619.784999999916181, 3035016.978000000119209 ], [ 556619.634999999892898, 3035016.978000000119209 ], [ 556619.434999999939464, 3035017.078000000212342 ], [ 556619.334999999962747, 3035017.078000000212342 ], [ 556619.059999999939464, 3035017.253 ], [ 556618.909999999916181, 3035017.552999999839813 ], [ 556618.909999999916181, 3035017.703000000212342 ], [ 556618.809999999939464, 3035017.903 ], [ 556618.809999999939464, 3035018.003 ], [ 556618.709999999962747, 3035018.103000000119209 ], [ 556618.659999999916181, 3035018.253 ], [ 556618.509999999892898, 3035018.453000000212342 ], [ 556618.509999999892898, 3035018.953000000212342 ], [ 556618.459999999962747, 3035019.003 ], [ 556618.459999999962747, 3035019.153 ], [ 556618.259999999892898, 3035019.503 ], [ 556618.209999999962747, 3035019.753 ], [ 556618.10999999998603, 3035019.953000000212342 ], [ 556618.10999999998603, 3035020.103000000119209 ], [ 556618.059999999939464, 3035020.153 ], [ 556618.059999999939464, 3035021.003 ], [ 556618.10999999998603, 3035021.053000000305474 ], [ 556618.10999999998603, 3035021.153 ], [ 556618.209999999962747, 3035021.353000000119209 ], [ 556618.809999999939464, 3035021.953000000212342 ], [ 556618.85999999998603, 3035022.153 ], [ 556618.909999999916181, 3035022.203000000212342 ], [ 556618.85999999998603, 3035022.253 ], [ 556618.85999999998603, 3035022.403 ], [ 556618.60999999998603, 3035022.903 ], [ 556618.60999999998603, 3035023.153 ], [ 556618.659999999916181, 3035023.203000000212342 ], [ 556618.659999999916181, 3035023.353000000119209 ], [ 556618.709999999962747, 3035023.403 ], [ 556618.759999999892898, 3035023.603000000119209 ], [ 556619.10999999998603, 3035024.103000000119209 ], [ 556619.10999999998603, 3035024.303000000305474 ], [ 556619.334999999962747, 3035024.328000000212342 ], [ 556619.384999999892898, 3035024.378 ], [ 556620.884999999892898, 3035024.378 ], [ 556620.909999999916181, 3035024.153 ], [ 556620.959999999962747, 3035024.103000000119209 ], [ 556620.959999999962747, 3035023.953000000212342 ], [ 556621.009999999892898, 3035023.903 ], [ 556621.10999999998603, 3035023.503 ], [ 556621.159999999916181, 3035023.453000000212342 ], [ 556621.159999999916181, 3035023.353000000119209 ], [ 556621.209999999962747, 3035023.303000000305474 ], [ 556621.209999999962747, 3035023.153 ], [ 556621.259999999892898, 3035023.103000000119209 ], [ 556621.209999999962747, 3035022.803000000305474 ], [ 556621.059999999939464, 3035022.553000000305474 ], [ 556621.059999999939464, 3035022.453000000212342 ], [ 556620.959999999962747, 3035022.253 ], [ 556620.959999999962747, 3035022.003 ], [ 556621.009999999892898, 3035021.953000000212342 ], [ 556621.059999999939464, 3035021.753 ], [ 556621.409999999916181, 3035021.253 ], [ 556621.409999999916181, 3035020.603000000119209 ], [ 556621.35999999998603, 3035020.553000000305474 ], [ 556621.35999999998603, 3035020.303000000305474 ], [ 556621.309999999939464, 3035020.253 ], [ 556621.259999999892898, 3035019.903 ], [ 556621.209999999962747, 3035019.853000000119209 ], [ 556621.209999999962747, 3035019.403 ], [ 556621.35999999998603, 3035019.103000000119209 ], [ 556621.409999999916181, 3035018.802999999839813 ], [ 556621.459999999962747, 3035018.753 ], [ 556621.459999999962747, 3035018.052999999839813 ], [ 556621.409999999916181, 3035018.003 ], [ 556621.409999999916181, 3035017.802999999839813 ], [ 556621.35999999998603, 3035017.753 ], [ 556621.309999999939464, 3035017.552999999839813 ], [ 556621.034999999916181, 3035017.278 ], [ 556620.834999999962747, 3035017.177999999839813 ], [ 556620.559999999939464, 3035016.903 ], [ 556620.534999999916181, 3035016.828000000212342 ], [ 556620.334999999962747, 3035016.778 ], [ 556620.23499999998603, 3035016.878 ] ] ] } },
{ "type": "Feature", "properties": { "unit_id": "c00007", "method": "watershed", "label": 7, "area_m2": 11.53874999975058, "height_max_m": 2.0235452651977539, "height_mean_m": 1.1992329307466163, "canopy_cover": 1.0, "volume_m3": 13.821159526885465, "n_pixels": 4610, "data_coverage": 1.0, "vari_mean": 0.3450088337994075, "exg_mean": 0.41536948186342587, "gli_mean": 0.27627800912043599, "height_max_m_pct": 97.752808988764045, "height_mean_m_pct": 88.764044943820224, "volume_m3_pct": 95.880149812734089, "canopy_cover_pct": 69.850187265917612, "vari_mean_pct": 85.018726591760299, "exg_mean_pct": 79.026217228464418, "gli_mean_pct": 78.277153558052433 }, "geometry": { "type": "Polygon", "coordinates": [ [ [ 556620.834999999962747, 3034948.228000000119209 ], [ 556620.73499999998603, 3034948.328000000212342 ], [ 556620.534999999916181, 3034948.427999999839813 ], [ 556620.384999999892898, 3034948.578000000212342 ], [ 556620.284999999916181, 3034948.578000000212342 ], [ 556620.23499999998603, 3034948.628 ], [ 556619.059999999939464, 3034948.653 ], [ 556619.059999999939464, 3034948.753 ], [ 556619.009999999892898, 3034948.802999999839813 ], [ 556619.009999999892898, 3034949.753 ], [ 556619.059999999939464, 3034949.802999999839813 ], [ 556619.059999999939464, 3034949.953000000212342 ], [ 556619.35999999998603, 3034950.302999999839813 ], [ 556619.459999999962747, 3034950.503 ], [ 556619.459999999962747, 3034950.853000000119209 ], [ 556619.409999999916181, 3034950.903 ], [ 556619.409999999916181, 3034951.003 ], [ 556619.059999999939464, 3034951.353000000119209 ], [ 556619.059999999939464, 3034951.403 ], [ 556618.959999999962747, 3034951.503 ], [ 556618.909999999916181, 3034951.703000000212342 ], [ 556618.85999999998603, 3034951.753 ], [ 556618.85999999998603, 3034951.953000000212342 ], [ 556618.909999999916181, 3034952.003 ], [ 556618.909999999916181, 3034952.153 ], [ 556619.009999999892898, 3034952.353000000119209 ], [ 556619.434999999939464, 3034952.778 ], [ 556619.784999999916181, 3034952.978000000119209 ], [ 556620.23499999998603, 3034953.028 ], [ 556620.284999999916181, 3034952.978000000119209 ], [ 556620.534999999916181, 3034952.978000000119209 ], [ 556620.584999999962747, 3034952.927999999839813 ], [ 556620.684999999939464, 3034952.927999999839813 ], [ 556620.98499999998603, 3034952.778 ], [ 556621.084999999962747, 3034952.677999999839813 ], [ 556621.23499999998603, 3034952.628 ], [ 556621.709999999962747, 3034952.153 ], [ 556621.709999999962747, 3034952.052999999839813 ], [ 556621.759999999892898, 3034952.003 ], [ 556621.759999999892898, 3034951.703000000212342 ], [ 556621.509999999892898, 3034951.153 ], [ 556621.509999999892898, 3034950.853000000119209 ], [ 556621.659999999916181, 3034950.552999999839813 ], [ 556622.009999999892898, 3034950.203000000212342 ], [ 556622.009999999892898, 3034950.153 ], [ 556622.10999999998603, 3034950.052999999839813 ], [ 556622.10999999998603, 3034949.953000000212342 ], [ 556622.159999999916181, 3034949.903 ], [ 556622.159999999916181, 3034949.453000000212342 ], [ 556622.10999999998603, 3034949.403 ], [ 556622.10999999998603, 3034949.302999999839813 ], [ 556622.009999999892898, 3034949.103000000119209 ], [ 556621.709999999962747, 3034948.753 ], [ 556621.709999999962747, 3034948.703000000212342 ], [ 556621.509999999892898, 3034948.503 ], [ 556621.384999999892898, 3034948.228000000119209 ], [ 556620.834999999962747, 3034948.228000000119209 ] ] ] } },
{ "type": "Feature", "properties": { "unit_id": "c00008", "method": "watershed", "label": 8, "area_m2": 10.350624999969151, "height_max_m": 1.9815260171890259, "height_mean_m": 1.2682266952656434, "canopy_cover": 0.99951749095295539, "volume_m3": 13.141999129719432, "n_pixels": 4145, "data_coverage": 1.0, "vari_mean": 0.32226417442736716, "exg_mean": 0.36763550692447661, "gli_mean": 0.24846650059463418, "height_max_m_pct": 97.378277153558059, "height_mean_m_pct": 94.382022471910105, "volume_m3_pct": 94.756554307116104, "canopy_cover_pct": 37.078651685393261, "vari_mean_pct": 71.535580524344567, "exg_mean_pct": 60.299625468164798, "gli_mean_pct": 61.048689138576783 }, "geometry": { "type": "Polygon", "coordinates": [ [ [ 556634.98499999998603, 3034966.528 ], [ 556634.885, 3034966.578000000212342 ], [ 556634.659999999916181, 3034966.802999999839813 ], [ 556634.60999999998603, 3034967.103000000119209 ], [ 556634.76, 3034967.403 ], [ 556634.76, 3034967.653 ], [ 556634.559999999939464, 3034968.003 ], [ 556634.459999999962747, 3034968.103000000119209 ], [ 556634.209999999962747, 3034968.653 ], [ 556634.10999999998603, 3034968.753 ], [ 556633.959999999962747, 3034969.052999999839813 ], [ 556633.959999999962747, 3034969.453000000212342 ], [ 556634.209999999962747, 3034969.903 ], [ 556634.659999999916181, 3034970.403 ], [ 556634.659999999916181, 3034970.453000000212342 ], [ 556634.809999999939464, 3034970.603000000119209 ], [ 556634.809999999939464, 3034970.653 ], [ 556635.159999999916181, 3034971.003 ], [ 556635.35999999998603, 3034971.353000000119209 ], [ 556635.35999999998603, 3034971.903 ], [ 556635.159999999916181, 3034972.302999999839813 ], [ 556635.159999999916181, 3034972.453000000212342 ], [ 556635.23499999998603, 3034972.528 ], [ 556635.385, 3034972.578000000212342 ], [ 556635.659999999916181, 3034972.353000000119209 ], [ 556635.709999999962747, 3034972.203000000212342 ], [ 556635.85999999998603, 3034972.052999999839813 ], [ 556635.85999999998603, 3034972.003 ], [ 556636.35999999998603, 3034971.552999999839813 ], [ 556636.60999999998603, 3034971.052999999839813 ], [ 556636.76, 3034970.903 ], [ 556636.959999999962747, 3034970.552999999839813 ], [ 556636.959999999962747, 3034969.802999999839813 ], [ 556636.909999999916181, 3034969.753 ], [ 556636.909999999916181, 3034969.653 ], [ 556636.959999999962747, 3034969.603000000119209 ], [ 556636.959999999962747, 3034968.703000000212342 ], [ 556636.909999999916181, 3034968.653 ], [ 556636.85999999998603, 3034968.453000000212342 ], [ 556636.534999999916181, 3034968.128 ], [ 556636.184999999939464, 3034967.927999999839813 ], [ 556636.059999999939464, 3034967.802999999839813 ], [ 556635.809999999939464, 3034967.353000000119209 ], [ 556635.51, 3034967.103000000119209 ], [ 556635.35999999998603, 3034966.703000000212342 ], [ 556635.184999999939464, 3034966.528 ], [ 556634.98499999998603, 3034966.528 ] ] ] } },
{ "type": "Feature", "properties": { "unit_id": "c00009", "method": "watershed", "label": 9, "area_m2": 5.238750000060536, "height_max_m": 1.954659104347229, "height_mean_m": 1.2811612182083247, "canopy_cover": 0.97966903073286049, "volume_m3": 6.774139941291569, "n_pixels": 2115, "data_coverage": 1.0, "vari_mean": 0.32399642952085245, "exg_mean": 0.33458402202254128, "gli_mean": 0.22850566954225149, "height_max_m_pct": 96.629213483146074, "height_mean_m_pct": 96.254681647940075, "volume_m3_pct": 80.898876404494374, "canopy_cover_pct": 1.1235955056179776, "vari_mean_pct": 74.531835205992508, "exg_mean_pct": 45.692883895131089, "gli_mean_pct": 46.067415730337082 }, "geometry": { "type": "Polygon", "coordinates": [ [ [ 556620.184999999939464, 3034970.278 ], [ 556620.159999999916181, 3034970.403 ], [ 556619.98499999998603, 3034970.578000000212342 ], [ 556619.784999999916181, 3034970.628 ], [ 556619.73499999998603, 3034970.677999999839813 ], [ 556619.584999999962747, 3034970.677999999839813 ], [ 556619.23499999998603, 3034970.878 ], [ 556619.009999999892898, 3034971.253 ], [ 556619.009999999892898, 3034971.453000000212342 ], [ 556618.959999999962747, 3034971.503 ], [ 556619.009999999892898, 3034971.903 ], [ 556619.159999999916181, 3034972.103000000119209 ], [ 556619.159999999916181, 3034972.153 ], [ 556619.384999999892898, 3034972.378 ], [ 556619.48499999998603, 3034972.427999999839813 ], [ 556619.73499999998603, 3034972.427999999839813 ], [ 556619.784999999916181, 3034972.378 ], [ 556619.934999999939464, 3034972.378 ], [ 556620.23499999998603, 3034972.528 ], [ 556620.334999999962747, 3034972.528 ], [ 556620.384999999892898, 3034972.578000000212342 ], [ 556620.73499999998603, 3034972.578000000212342 ], [ 556620.784999999916181, 3034972.528 ], [ 556620.884999999892898, 3034972.528 ], [ 556621.584999999962747, 3034972.177999999839813 ], [ 556621.759999999892898, 3034972.003 ], [ 556621.85999999998603, 3034971.802999999839813 ], [ 556621.85999999998603, 3034971.302999999839813 ], [ 556621.809999999939464, 3034971.253 ], [ 556621.809999999939464, 3034971.103000000119209 ], [ 556621.709999999962747, 3034970.903 ], [ 556621.709999999962747, 3034970.802999999839813 ], [ 556621.659999999916181, 3034970.753 ], [ 556621.659999999916181, 3034970.653 ], [ 556621.559999999939464, 3034970.503 ], [ 556621.559999999939464, 3034970.403 ], [ 556621.48499999998603, 3034970.278 ], [ 556620.184999999939464, 3034970.278 ] ] ] } },
{ "type": "Feature", "properties": { "unit_id": "c00010", "method": "watershed", "label": 10, "area_m2": 7.9656249997584387, "height_max_m": 1.9766997098922729, "height_mean_m": 1.1919253322286814, "canopy_cover": 0.99874882702533629, "volume_m3": 9.5264632178589039, "n_pixels": 3197, "data_coverage": 1.0, "vari_mean": 0.2896688591200493, "exg_mean": 0.32630525493642576, "gli_mean": 0.22189034494049531, "height_max_m_pct": 97.00374531835206, "height_mean_m_pct": 87.265917602996254, "volume_m3_pct": 88.389513108614238, "canopy_cover_pct": 32.209737827715358, "vari_mean_pct": 51.310861423220977, "exg_mean_pct": 38.202247191011232, "gli_mean_pct": 38.202247191011232 }, "geometry": { "type": "Polygon", "coordinates": [ [ [ 556612.384999999892898, 3034945.578000000212342 ], [ 556612.334999999962747, 3034945.628 ], [ 556612.23499999998603, 3034945.628 ], [ 556612.034999999916181, 3034945.778 ], [ 556611.98499999998603, 3034945.778 ], [ 556611.509999999892898, 3034946.253 ], [ 556611.509999999892898, 3034946.302999999839813 ], [ 556611.35999999998603, 3034946.453000000212342 ], [ 556611.209999999962747, 3034946.753 ], [ 556611.159999999916181, 3034947.003 ], [ 556611.10999999998603, 3034947.052999999839813 ], [ 556611.10999999998603, 3034947.203000000212342 ], [ 556611.059999999939464, 3034947.253 ], [ 556611.059999999939464, 3034947.453000000212342 ], [ 556611.009999999892898, 3034947.503 ], [ 556611.009999999892898, 3034947.903 ], [ 556611.059999999939464, 3034947.953000000212342 ], [ 556611.059999999939464, 3034948.153 ], [ 556611.334999999962747, 3034948.628 ], [ 556612.934999999939464, 3034948.628 ], [ 556612.98499999998603, 3034948.677999999839813 ], [ 556613.684999999939464, 3034948.677999999839813 ], [ 556613.709999999962747, 3034948.552999999839813 ], [ 556613.809999999939464, 3034948.453000000212342 ], [ 556613.809999999939464, 3034948.403 ], [ 556613.884999999892898, 3034948.378 ], [ 556614.259999999892898, 3034948.003 ], [ 556614.35999999998603, 3034947.802999999839813 ], [ 556614.35999999998603, 3034947.253 ], [ 556614.309999999939464, 3034947.203000000212342 ], [ 556614.259999999892898, 3034946.953000000212342 ], [ 556614.009999999892898, 3034946.503 ], [ 556613.834999999962747, 3034946.328000000212342 ], [ 556613.634999999892898, 3034946.228000000119209 ], [ 556613.534999999916181, 3034946.228000000119209 ], [ 556613.48499999998603, 3034946.177999999839813 ], [ 556613.284999999916181, 3034946.128 ], [ 556613.209999999962747, 3034946.052999999839813 ], [ 556613.209999999962747, 3034946.003 ], [ 556612.884999999892898, 3034945.677999999839813 ], [ 556612.784999999916181, 3034945.628 ], [ 556612.634999999892898, 3034945.628 ], [ 556612.584999999962747, 3034945.578000000212342 ], [ 556612.384999999892898, 3034945.578000000212342 ] ] ] } },
{ "type": "Feature", "properties": { "unit_id": "c00011", "method": "watershed", "label": 11, "area_m2": 5.2681250000235735, "height_max_m": 1.9459123611450195, "height_mean_m": 1.5306996686112631, "canopy_cover": 0.96492890995260661, "volume_m3": 8.0744407519423547, "n_pixels": 2110, "data_coverage": 1.0, "vari_mean": 0.19758984652394093, "exg_mean": 0.28912622530195425, "gli_mean": 0.19977895772134588, "height_max_m_pct": 96.254681647940075, "height_mean_m_pct": 100.0, "volume_m3_pct": 85.767790262172284, "canopy_cover_pct": 0.37453183520599254, "vari_mean_pct": 4.868913857677903, "exg_mean_pct": 16.104868913857679, "gli_mean_pct": 16.853932584269664 }, "geometry": { "type": "Polygon", "coordinates": [ [ [ 556642.334999999962747, 3035026.978000000119209 ], [ 556641.934999999939464, 3035027.178000000305474 ], [ 556641.659999999916181, 3035027.453000000212342 ], [ 556641.51, 3035027.753 ], [ 556641.51, 3035027.953000000212342 ], [ 556641.559999999939464, 3035028.003 ], [ 556641.559999999939464, 3035028.103000000119209 ], [ 556641.809999999939464, 3035028.453000000212342 ], [ 556642.059999999939464, 3035028.953000000212342 ], [ 556642.284999999916181, 3035029.178000000305474 ], [ 556642.584999999962747, 3035029.328000000212342 ], [ 556643.184999999939464, 3035029.328000000212342 ], [ 556643.23499999998603, 3035029.278 ], [ 556643.784999999916181, 3035029.278 ], [ 556643.834999999962747, 3035029.228000000119209 ], [ 556643.934999999939464, 3035029.228000000119209 ], [ 556644.10999999998603, 3035029.103000000119209 ], [ 556644.209999999962747, 3035028.903 ], [ 556644.26, 3035028.503 ], [ 556644.309999999939464, 3035028.453000000212342 ], [ 556644.309999999939464, 3035028.153 ], [ 556644.159999999916181, 3035027.853000000119209 ], [ 556644.159999999916181, 3035027.753 ], [ 556643.959999999962747, 3035027.403 ], [ 556643.73499999998603, 3035027.178000000305474 ], [ 556643.684999999939464, 3035027.178000000305474 ], [ 556643.48499999998603, 3035027.028 ], [ 556643.23499999998603, 3035026.978000000119209 ], [ 556643.184999999939464, 3035026.928000000305474 ], [ 556642.98499999998603, 3035026.928000000305474 ], [ 556642.934999999939464, 3035026.878 ], [ 556642.334999999962747, 3035026.978000000119209 ] ] ] } },
{ "type": "Feature", "properties": { "unit_id": "c00012", "method": "watershed", "label": 12, "area_m2": 22.635000000238371, "height_max_m": 1.9098570346832275, "height_mean_m": 1.1029403172032364, "canopy_cover": 0.99955609810231938, "volume_m3": 24.846487995851117, "n_pixels": 9011, "data_coverage": 1.0, "vari_mean": 0.24896919839511433, "exg_mean": 0.29918475477442996, "gli_mean": 0.2034440372650817, "height_max_m_pct": 95.880149812734089, "height_mean_m_pct": 68.539325842696627, "volume_m3_pct": 100.0, "canopy_cover_pct": 37.827715355805239, "vari_mean_pct": 21.348314606741571, "exg_mean_pct": 19.475655430711612, "gli_mean_pct": 18.352059925093634 }, "geometry": { "type": "Polygon", "coordinates": [ [ [ 556613.384999999892898, 3034914.728000000119209 ], [ 556613.23499999998603, 3034914.728000000119209 ], [ 556613.184999999939464, 3034914.778 ], [ 556612.98499999998603, 3034914.828000000212342 ], [ 556612.85999999998603, 3034914.953000000212342 ], [ 556612.709999999962747, 3034915.302999999839813 ], [ 556612.384999999892898, 3034915.628 ], [ 556611.834999999962747, 3034915.927999999839813 ], [ 556611.60999999998603, 3034916.153 ], [ 556611.459999999962747, 3034916.453000000212342 ], [ 556611.459999999962747, 3034916.552999999839813 ], [ 556611.409999999916181, 3034916.603000000119209 ], [ 556611.35999999998603, 3034916.953000000212342 ], [ 556611.309999999939464, 3034917.003 ], [ 556611.309999999939464, 3034917.153 ], [ 556611.259999999892898, 3034917.203000000212342 ], [ 556611.259999999892898, 3034918.203000000212342 ], [ 556611.209999999962747, 3034918.253 ], [ 556611.209999999962747, 3034918.603000000119209 ], [ 556611.159999999916181, 3034918.653 ], [ 556611.159999999916181, 3034920.302999999839813 ], [ 556611.10999999998603, 3034920.353000000119209 ], [ 556611.10999999998603, 3034920.603000000119209 ], [ 556611.059999999939464, 3034920.653 ], [ 556611.059999999939464, 3034921.552999999839813 ], [ 556611.10999999998603, 3034921.653 ], [ 556611.309999999939464, 3034921.853000000119209 ], [ 556611.509999999892898, 3034922.203000000212342 ], [ 556611.509999999892898, 3034922.302999999839813 ], [ 556611.559999999939464, 3034922.353000000119209 ], [ 556611.559999999939464, 3034922.603000000119209 ], [ 556611.60999999998603, 3034922.653 ], [ 556611.60999999998603, 3034923.103000000119209 ], [ 556611.659999999916181, 3034923.153 ], [ 556611.659999999916181, 3034923.353000000119209 ], [ 556611.709999999962747, 3034923.403 ], [ 556611.73499999998603, 3034923.528 ], [ 556612.684999999939464, 3034923.528 ], [ 556612.73499999998603, 3034923.578000000212342 ], [ 556612.884999999892898, 3034923.578000000212342 ], [ 556612.934999999939464, 3034923.628 ], [ 556613.60999999998603, 3034923.603000000119209 ], [ 556613.60999999998603, 3034923.552999999839813 ], [ 556613.809999999939464, 3034923.353000000119209 ], [ 556613.809999999939464, 3034923.302999999839813 ], [ 556613.959999999962747, 3034923.103000000119209 ], [ 556613.959999999962747, 3034922.753 ], [ 556613.85999999998603, 3034922.603000000119209 ], [ 556612.85999999998603, 3034921.653 ], [ 556612.85999999998603, 3034921.503 ], [ 556612.909999999916181, 3034921.403 ], [ 556613.034999999916181, 3034921.328000000212342 ], [ 556613.634999999892898, 3034921.228000000119209 ], [ 556613.684999999939464, 3034921.177999999839813 ], [ 556613.784999999916181, 3034921.177999999839813 ], [ 556613.934999999939464, 3034921.078000000212342 ], [ 556614.034999999916181, 3034921.078000000212342 ], [ 556614.334999999962747, 3034920.927999999839813 ], [ 556614.559999999939464, 3034920.703000000212342 ], [ 556614.60999999998603, 3034920.603000000119209 ], [ 556614.60999999998603, 3034920.403 ], [ 556614.659999999916181, 3034920.302999999839813 ], [ 556614.60999999998603, 3034920.253 ], [ 556614.60999999998603, 3034920.052999999839813 ], [ 556614.10999999998603, 3034919.453000000212342 ], [ 556613.909999999916181, 3034919.103000000119209 ], [ 556613.959999999962747, 3034918.853000000119209 ], [ 556614.159999999916181, 3034918.653 ], [ 556614.159999999916181, 3034918.603000000119209 ], [ 556614.35999999998603, 3034918.353000000119209 ], [ 556614.409999999916181, 3034918.052999999839813 ], [ 556614.459999999962747, 3034918.003 ], [ 556614.509999999892898, 3034917.403 ], [ 556614.459999999962747, 3034917.353000000119209 ], [ 556614.459999999962747, 3034917.203000000212342 ], [ 556614.209999999962747, 3034916.903 ], [ 556614.009999999892898, 3034916.552999999839813 ], [ 556614.009999999892898, 3034916.353000000119209 ], [ 556614.059999999939464, 3034916.302999999839813 ], [ 556614.059999999939464, 3034916.153 ], [ 556614.159999999916181, 3034915.953000000212342 ], [ 556614.159999999916181, 3034915.853000000119209 ], [ 556614.009999999892898, 3034915.552999999839813 ], [ 556614.009999999892898, 3034914.903 ], [ 556613.784999999916181, 3034914.677999999839813 ], [ 556613.584999999962747, 3034914.628 ], [ 556613.384999999892898, 3034914.728000000119209 ] ] ] } },
{ "type": "Feature", "properties": { "unit_id": "c00013", "method": "watershed", "label": 13, "area_m2": 12.431875000044819, "height_max_m": 1.8779723644256592, "height_mean_m": 1.1359513364875111, "canopy_cover": 1.0, "volume_m3": 14.071597180770313, "n_pixels": 4955, "data_coverage": 1.0, "vari_mean": 0.27281332538021746, "exg_mean": 0.31435381268070739, "gli_mean": 0.21301819430943678, "height_max_m_pct": 95.13108614232209, "height_mean_m_pct": 76.404494382022463, "volume_m3_pct": 96.254681647940075, "canopy_cover_pct": 69.850187265917612, "vari_mean_pct": 38.951310861423224, "exg_mean_pct": 30.711610486891384, "gli_mean_pct": 28.08988764044944 }, "geometry": { "type": "Polygon", "coordinates": [ [ [ 556611.48499999998603, 3034938.378 ], [ 556611.459999999962747, 3034938.403 ], [ 556611.509999999892898, 3034938.453000000212342 ], [ 556611.509999999892898, 3034938.802999999839813 ], [ 556611.35999999998603, 3034939.103000000119209 ], [ 556611.159999999916181, 3034939.302999999839813 ], [ 556611.159999999916181, 3034939.353000000119209 ], [ 556610.909999999916181, 3034939.653 ], [ 556610.809999999939464, 3034939.853000000119209 ], [ 556610.809999999939464, 3034939.953000000212342 ], [ 556610.709999999962747, 3034940.103000000119209 ], [ 556610.709999999962747, 3034940.503 ], [ 556610.759999999892898, 3034940.603000000119209 ], [ 556611.309999999939464, 3034941.203000000212342 ], [ 556611.309999999939464, 3034941.253 ], [ 556611.459999999962747, 3034941.403 ], [ 556611.459999999962747, 3034941.453000000212342 ], [ 556611.709999999962747, 3034941.802999999839813 ], [ 556611.709999999962747, 3034942.052999999839813 ], [ 556611.60999999998603, 3034942.253 ], [ 556611.60999999998603, 3034942.403 ], [ 556611.559999999939464, 3034942.453000000212342 ], [ 556611.559999999939464, 3034942.753 ], [ 556611.60999999998603, 3034942.853000000119209 ], [ 556611.834999999962747, 3034943.078000000212342 ], [ 556612.034999999916181, 3034943.177999999839813 ], [ 556612.184999999939464, 3034943.177999999839813 ], [ 556612.23499999998603, 3034943.228000000119209 ], [ 556612.384999999892898, 3034943.228000000119209 ], [ 556612.434999999939464, 3034943.278 ], [ 556612.684999999939464, 3034943.278 ], [ 556612.73499999998603, 3034943.228000000119209 ], [ 556612.884999999892898, 3034943.228000000119209 ], [ 556613.084999999962747, 3034943.128 ], [ 556613.184999999939464, 3034943.128 ], [ 556613.584999999962747, 3034942.927999999839813 ], [ 556613.759999999892898, 3034942.753 ], [ 556613.85999999998603, 3034942.552999999839813 ], [ 556613.85999999998603, 3034942.253 ], [ 556613.809999999939464, 3034942.203000000212342 ], [ 556613.809999999939464, 3034941.953000000212342 ], [ 556613.759999999892898, 3034941.903 ], [ 556613.759999999892898, 3034941.353000000119209 ], [ 556613.809999999939464, 3034941.302999999839813 ], [ 556613.85999999998603, 3034941.003 ], [ 556613.909999999916181, 3034940.953000000212342 ], [ 556613.959999999962747, 3034940.653 ], [ 556614.009999999892898, 3034940.603000000119209 ], [ 556614.009999999892898, 3034940.453000000212342 ], [ 556614.10999999998603, 3034940.253 ], [ 556614.10999999998603, 3034940.103000000119209 ], [ 556614.159999999916181, 3034940.052999999839813 ], [ 556614.159999999916181, 3034939.552999999839813 ], [ 556614.10999999998603, 3034939.503 ], [ 556614.10999999998603, 3034939.353000000119209 ], [ 556614.059999999939464, 3034939.302999999839813 ], [ 556614.009999999892898, 3034939.003 ], [ 556613.834999999962747, 3034938.778 ], [ 556613.784999999916181, 3034938.778 ], [ 556613.659999999916181, 3034938.653 ], [ 556613.584999999962747, 3034938.378 ], [ 556611.48499999998603, 3034938.378 ] ] ] } },
{ "type": "Feature", "properties": { "unit_id": "c00014", "method": "watershed", "label": 14, "area_m2": 12.75500000014901, "height_max_m": 1.8864117860794067, "height_mean_m": 1.2451838100702888, "canopy_cover": 1.0, "volume_m3": 15.835625104604086, "n_pixels": 5087, "data_coverage": 1.0, "vari_mean": 0.26498320367221623, "exg_mean": 0.33355837077215883, "gli_mean": 0.22411123001547925, "height_max_m_pct": 95.50561797752809, "height_mean_m_pct": 94.007490636704119, "volume_m3_pct": 97.00374531835206, "canopy_cover_pct": 69.850187265917612, "vari_mean_pct": 32.584269662921351, "exg_mean_pct": 44.943820224719097, "gli_mean_pct": 41.573033707865171 }, "geometry": { "type": "Polygon", "coordinates": [ [ [ 556628.135, 3034936.278 ], [ 556627.784999999916181, 3034936.478000000119209 ], [ 556627.385, 3034936.578000000212342 ], [ 556626.934999999939464, 3034936.828000000212342 ], [ 556626.709999999962747, 3034937.103000000119209 ], [ 556626.559999999939464, 3034937.453000000212342 ], [ 556626.409999999916181, 3034937.653 ], [ 556626.409999999916181, 3034937.853000000119209 ], [ 556626.459999999962747, 3034937.903 ], [ 556626.51, 3034938.203000000212342 ], [ 556626.559999999939464, 3034938.253 ], [ 556626.559999999939464, 3034939.153 ], [ 556626.51, 3034939.203000000212342 ], [ 556626.51, 3034939.453000000212342 ], [ 556626.459999999962747, 3034939.503 ], [ 556626.459999999962747, 3034939.802999999839813 ], [ 556626.51, 3034939.853000000119209 ], [ 556626.51, 3034940.103000000119209 ], [ 556626.559999999939464, 3034940.153 ], [ 556626.559999999939464, 3034940.253 ], [ 556626.60999999998603, 3034940.302999999839813 ], [ 556626.709999999962747, 3034940.703000000212342 ], [ 556626.76, 3034940.753 ], [ 556626.76, 3034940.853000000119209 ], [ 556626.85999999998603, 3034941.003 ], [ 556626.85999999998603, 3034941.103000000119209 ], [ 556626.934999999939464, 3034941.228000000119209 ], [ 556628.659999999916181, 3034941.203000000212342 ], [ 556628.60999999998603, 3034941.052999999839813 ], [ 556628.659999999916181, 3034941.003 ], [ 556628.659999999916181, 3034940.853000000119209 ], [ 556628.709999999962747, 3034940.802999999839813 ], [ 556628.76, 3034940.603000000119209 ], [ 556628.85999999998603, 3034940.503 ], [ 556629.01, 3034940.203000000212342 ], [ 556629.209999999962747, 3034939.302999999839813 ], [ 556629.409999999916181, 3034938.953000000212342 ], [ 556629.60999999998603, 3034938.703000000212342 ], [ 556629.659999999916181, 3034938.503 ], [ 556629.709999999962747, 3034938.453000000212342 ], [ 556629.709999999962747, 3034938.353000000119209 ], [ 556629.76, 3034938.302999999839813 ], [ 556629.76, 3034938.052999999839813 ], [ 556629.809999999939464, 3034938.003 ], [ 556629.809999999939464, 3034937.453000000212342 ], [ 556629.76, 3034937.403 ], [ 556629.76, 3034937.253 ], [ 556629.709999999962747, 3034937.153 ], [ 556629.385, 3034936.828000000212342 ], [ 556629.034999999916181, 3034936.677999999839813 ], [ 556628.934999999939464, 3034936.578000000212342 ], [ 556628.784999999916181, 3034936.528 ], [ 556628.434999999939464, 3034936.278 ], [ 556628.135, 3034936.278 ] ] ] } },
{ "type": "Feature", "properties": { "unit_id": "c00015", "method": "watershed", "label": 15, "area_m2": 13.716874999958673, "height_max_m": 1.8772456645965576, "height_mean_m": 1.1617277511662552, "canopy_cover": 0.99854360094665939, "volume_m3": 15.953426342926047, "n_pixels": 5493, "data_coverage": 1.0, "vari_mean": 0.28092596023372823, "exg_mean": 0.34667759279791738, "gli_mean": 0.23444020443847405, "height_max_m_pct": 94.756554307116104, "height_mean_m_pct": 80.524344569288388, "volume_m3_pct": 97.378277153558059, "canopy_cover_pct": 30.337078651685395, "vari_mean_pct": 45.31835205992509, "exg_mean_pct": 50.187265917603, "gli_mean_pct": 48.68913857677903 }, "geometry": { "type": "Polygon", "coordinates": [ [ [ 556619.184999999939464, 3034999.828000000212342 ], [ 556618.834999999962747, 3035000.028 ], [ 556618.659999999916181, 3035000.253 ], [ 556618.659999999916181, 3035000.453000000212342 ], [ 556618.60999999998603, 3035000.503 ], [ 556618.559999999939464, 3035000.853000000119209 ], [ 556618.509999999892898, 3035000.903 ], [ 556618.509999999892898, 3035001.103000000119209 ], [ 556618.60999999998603, 3035001.302999999839813 ], [ 556618.85999999998603, 3035001.552999999839813 ], [ 556618.959999999962747, 3035001.753 ], [ 556618.959999999962747, 3035001.853000000119209 ], [ 556619.009999999892898, 3035001.903 ], [ 556619.009999999892898, 3035002.052999999839813 ], [ 556618.959999999962747, 3035002.103000000119209 ], [ 556618.959999999962747, 3035002.253 ], [ 556618.85999999998603, 3035002.453000000212342 ], [ 556618.659999999916181, 3035002.653 ], [ 556618.659999999916181, 3035002.703000000212342 ], [ 556618.409999999916181, 3035003.003 ], [ 556618.409999999916181, 3035003.103000000119209 ], [ 556618.309999999939464, 3035003.253 ], [ 556618.309999999939464, 3035003.802999999839813 ], [ 556618.35999999998603, 3035003.853000000119209 ], [ 556618.35999999998603, 3035004.003 ], [ 556618.409999999916181, 3035004.052999999839813 ], [ 556618.409999999916181, 3035004.153 ], [ 556618.509999999892898, 3035004.353000000119209 ], [ 556618.85999999998603, 3035004.703000000212342 ], [ 556618.98499999998603, 3035004.978000000119209 ], [ 556619.834999999962747, 3035004.978000000119209 ], [ 556619.884999999892898, 3035005.028 ], [ 556619.98499999998603, 3035005.028 ], [ 556620.034999999916181, 3035004.978000000119209 ], [ 556620.634999999892898, 3035004.978000000119209 ], [ 556620.659999999916181, 3035004.853000000119209 ], [ 556621.35999999998603, 3035004.203000000212342 ], [ 556621.459999999962747, 3035004.003 ], [ 556621.459999999962747, 3035003.853000000119209 ], [ 556621.509999999892898, 3035003.802999999839813 ], [ 556621.509999999892898, 3035003.253 ], [ 556621.459999999962747, 3035003.203000000212342 ], [ 556621.459999999962747, 3035003.052999999839813 ], [ 556621.35999999998603, 3035002.853000000119209 ], [ 556621.35999999998603, 3035002.753 ], [ 556621.309999999939464, 3035002.703000000212342 ], [ 556621.259999999892898, 3035002.403 ], [ 556621.209999999962747, 3035002.353000000119209 ], [ 556621.209999999962747, 3035002.203000000212342 ], [ 556621.159999999916181, 3035002.153 ], [ 556621.159999999916181, 3035001.953000000212342 ], [ 556621.209999999962747, 3035001.903 ], [ 556621.209999999962747, 3035001.802999999839813 ], [ 556621.35999999998603, 3035001.603000000119209 ], [ 556621.409999999916181, 3035001.403 ], [ 556621.459999999962747, 3035001.353000000119209 ], [ 556621.459999999962747, 3035000.753 ], [ 556621.409999999916181, 3035000.703000000212342 ], [ 556621.409999999916181, 3035000.403 ], [ 556621.35999999998603, 3035000.353000000119209 ], [ 556621.309999999939464, 3035000.153 ], [ 556621.034999999916181, 3034999.828000000212342 ], [ 556619.934999999939464, 3034999.828000000212342 ], [ 556619.884999999892898, 3034999.778 ], [ 556619.384999999892898, 3034999.778 ], [ 556619.284999999916181, 3034999.728000000119209 ], [ 556619.184999999939464, 3034999.828000000212342 ] ] ] } },
{ "type": "Feature", "properties": { "unit_id": "c00016", "method": "watershed", "label": 16, "area_m2": 10.200624999995343, "height_max_m": 1.8545293807983398, "height_mean_m": 1.176178954159298, "canopy_cover": 0.99779519843214115, "volume_m3": 12.002906227222306, "n_pixels": 4082, "data_coverage": 1.0, "vari_mean": 0.28124556644991289, "exg_mean": 0.35539152977772842, "gli_mean": 0.23690491652861465, "height_max_m_pct": 94.007490636704119, "height_mean_m_pct": 85.393258426966284, "volume_m3_pct": 92.883895131086149, "canopy_cover_pct": 24.719101123595504, "vari_mean_pct": 45.692883895131089, "exg_mean_pct": 52.80898876404494, "gli_mean_pct": 51.310861423220977 }, "geometry": { "type": "Polygon", "coordinates": [ [ [ 556620.084999999962747, 3034914.578000000212342 ], [ 556619.959999999962747, 3034914.603000000119209 ], [ 556619.809999999939464, 3034914.853000000119209 ], [ 556619.709999999962747, 3034915.253 ], [ 556619.659999999916181, 3034915.302999999839813 ], [ 556619.659999999916181, 3034915.903 ], [ 556619.60999999998603, 3034915.953000000212342 ], [ 556619.60999999998603, 3034916.103000000119209 ], [ 556619.509999999892898, 3034916.302999999839813 ], [ 556618.959999999962747, 3034916.853000000119209 ], [ 556618.759999999892898, 3034917.203000000212342 ], [ 556618.709999999962747, 3034917.453000000212342 ], [ 556618.659999999916181, 3034917.503 ], [ 556618.659999999916181, 3034917.903 ], [ 556618.759999999892898, 3034918.052999999839813 ], [ 556618.759999999892898, 3034918.153 ], [ 556618.959999999962747, 3034918.552999999839813 ], [ 556619.184999999939464, 3034918.778 ], [ 556619.384999999892898, 3034918.828000000212342 ], [ 556619.434999999939464, 3034918.878 ], [ 556619.634999999892898, 3034918.878 ], [ 556619.684999999939464, 3034918.927999999839813 ], [ 556619.934999999939464, 3034918.927999999839813 ], [ 556619.98499999998603, 3034918.978000000119209 ], [ 556620.184999999939464, 3034919.028 ], [ 556620.409999999916181, 3034919.302999999839813 ], [ 556620.409999999916181, 3034919.453000000212342 ], [ 556620.459999999962747, 3034919.552999999839813 ], [ 556620.409999999916181, 3034919.603000000119209 ], [ 556620.409999999916181, 3034919.703000000212342 ], [ 556620.584999999962747, 3034919.828000000212342 ], [ 556620.98499999998603, 3034919.878 ], [ 556621.059999999939464, 3034919.753 ], [ 556621.10999999998603, 3034919.552999999839813 ], [ 556621.23499999998603, 3034919.427999999839813 ], [ 556621.584999999962747, 3034919.228000000119209 ], [ 556621.959999999962747, 3034918.802999999839813 ], [ 556622.059999999939464, 3034918.603000000119209 ], [ 556622.059999999939464, 3034918.403 ], [ 556622.10999999998603, 3034918.353000000119209 ], [ 556622.10999999998603, 3034918.253 ], [ 556622.059999999939464, 3034918.203000000212342 ], [ 556622.059999999939464, 3034917.853000000119209 ], [ 556622.009999999892898, 3034917.802999999839813 ], [ 556622.009999999892898, 3034917.653 ], [ 556621.959999999962747, 3034917.603000000119209 ], [ 556621.959999999962747, 3034917.353000000119209 ], [ 556621.909999999916181, 3034917.302999999839813 ], [ 556621.909999999916181, 3034917.153 ], [ 556621.709999999962747, 3034916.802999999839813 ], [ 556621.634999999892898, 3034916.778 ], [ 556621.48499999998603, 3034916.628 ], [ 556621.284999999916181, 3034916.578000000212342 ], [ 556621.23499999998603, 3034916.528 ], [ 556621.134999999892898, 3034916.528 ], [ 556621.084999999962747, 3034916.478000000119209 ], [ 556620.98499999998603, 3034916.478000000119209 ], [ 556620.709999999962747, 3034916.302999999839813 ], [ 556620.659999999916181, 3034916.203000000212342 ], [ 556620.659999999916181, 3034915.853000000119209 ], [ 556620.709999999962747, 3034915.802999999839813 ], [ 556620.709999999962747, 3034915.653 ], [ 556620.809999999939464, 3034915.453000000212342 ], [ 556620.809999999939464, 3034915.353000000119209 ], [ 556620.85999999998603, 3034915.302999999839813 ], [ 556620.85999999998603, 3034915.153 ], [ 556620.73499999998603, 3034915.028 ], [ 556620.534999999916181, 3034914.978000000119209 ], [ 556620.459999999962747, 3034914.903 ], [ 556620.35999999998603, 3034914.653 ], [ 556620.134999999892898, 3034914.528 ], [ 556620.084999999962747, 3034914.578000000212342 ] ] ] } },
{ "type": "Feature", "properties": { "unit_id": "c00017", "method": "watershed", "label": 17, "area_m2": 2.2087500000221185, "height_max_m": 1.8430080413818359, "height_mean_m": 1.3000331422120994, "canopy_cover": 0.98974943052391795, "volume_m3": 2.8535727471618992, "n_pixels": 878, "data_coverage": 1.0, "vari_mean": 0.30320668988827171, "exg_mean": 0.36525692798899512, "gli_mean": 0.2463432095440469, "height_max_m_pct": 93.63295880149812, "height_mean_m_pct": 97.00374531835206, "volume_m3_pct": 51.68539325842697, "canopy_cover_pct": 6.7415730337078648, "vari_mean_pct": 60.674157303370791, "exg_mean_pct": 59.550561797752813, "gli_mean_pct": 58.426966292134829 }, "geometry": { "type": "Polygon", "coordinates": [ [ [ 556666.135, 3034985.427999999839813 ], [ 556666.084999999962747, 3034985.478000000119209 ], [ 556665.98499999998603, 3034985.478000000119209 ], [ 556665.684999999939464, 3034985.728000000119209 ], [ 556665.635, 3034985.728000000119209 ], [ 556665.60999999998603, 3034985.802999999839813 ], [ 556665.459999999962747, 3034985.953000000212342 ], [ 556665.410000000032596, 3034986.052999999839813 ], [ 556665.410000000032596, 3034986.253 ], [ 556665.35999999998603, 3034986.302999999839813 ], [ 556665.35999999998603, 3034986.403 ], [ 556665.410000000032596, 3034986.453000000212342 ], [ 556665.410000000032596, 3034986.703000000212342 ], [ 556665.459999999962747, 3034986.753 ], [ 556665.459999999962747, 3034987.003 ], [ 556665.410000000032596, 3034987.052999999839813 ], [ 556665.434999999939464, 3034987.078000000212342 ], [ 556666.809999999939464, 3034987.052999999839813 ], [ 556666.76, 3034986.853000000119209 ], [ 556666.809999999939464, 3034986.802999999839813 ], [ 556666.809999999939464, 3034986.653 ], [ 556667.01, 3034986.253 ], [ 556667.01, 3034985.953000000212342 ], [ 556666.910000000032596, 3034985.753 ], [ 556666.635, 3034985.478000000119209 ], [ 556666.535000000032596, 3034985.427999999839813 ], [ 556666.135, 3034985.427999999839813 ] ] ] } },
{ "type": "Feature", "properties": { "unit_id": "c00018", "method": "watershed", "label": 18, "area_m2": 5.4200000002715383, "height_max_m": 1.8597331047058105, "height_mean_m": 1.1922320067094134, "canopy_cover": 0.98717361429225836, "volume_m3": 6.5066061766310819, "n_pixels": 2183, "data_coverage": 1.0, "vari_mean": 0.29511234587146024, "exg_mean": 0.308598764888319, "gli_mean": 0.21095055810193292, "height_max_m_pct": 94.382022471910105, "height_mean_m_pct": 87.640449438202253, "volume_m3_pct": 78.651685393258433, "canopy_cover_pct": 4.868913857677903, "vari_mean_pct": 54.307116104868911, "exg_mean_pct": 26.217228464419474, "gli_mean_pct": 26.591760299625467 }, "geometry": { "type": "Polygon", "coordinates": [ [ [ 556650.48499999998603, 3034991.278 ], [ 556650.434999999939464, 3034991.328000000212342 ], [ 556650.284999999916181, 3034991.328000000212342 ], [ 556650.23499999998603, 3034991.378 ], [ 556649.98499999998603, 3034991.378 ], [ 556649.934999999939464, 3034991.427999999839813 ], [ 556649.784999999916181, 3034991.427999999839813 ], [ 556649.584999999962747, 3034991.528 ], [ 556649.35999999998603, 3034991.802999999839813 ], [ 556649.35999999998603, 3034992.003 ], [ 556649.409999999916181, 3034992.103000000119209 ], [ 556650.209999999962747, 3034992.853000000119209 ], [ 556650.35999999998603, 3034993.153 ], [ 556650.35999999998603, 3034993.453000000212342 ], [ 556650.309999999939464, 3034993.552999999839813 ], [ 556650.084999999962747, 3034993.778 ], [ 556650.034999999916181, 3034993.778 ], [ 556649.76, 3034994.052999999839813 ], [ 556649.709999999962747, 3034994.153 ], [ 556649.76, 3034994.403 ], [ 556649.85999999998603, 3034994.603000000119209 ], [ 556650.084999999962747, 3034994.878 ], [ 556650.135, 3034994.878 ], [ 556650.334999999962747, 3034995.028 ], [ 556650.434999999939464, 3034995.028 ], [ 556650.48499999998603, 3034995.078000000212342 ], [ 556650.73499999998603, 3034995.078000000212342 ], [ 556650.784999999916181, 3034995.128 ], [ 556651.084999999962747, 3034995.028 ], [ 556651.35999999998603, 3034994.753 ], [ 556651.35999999998603, 3034994.653 ], [ 556651.409999999916181, 3034994.603000000119209 ], [ 556651.35999999998603, 3034994.353000000119209 ], [ 556650.959999999962747, 3034993.802999999839813 ], [ 556650.959999999962747, 3034993.453000000212342 ], [ 556651.35999999998603, 3034993.052999999839813 ], [ 556651.60999999998603, 3034992.552999999839813 ], [ 556651.659999999916181, 3034992.302999999839813 ], [ 556651.709999999962747, 3034992.253 ], [ 556651.709999999962747, 3034991.953000000212342 ], [ 556651.659999999916181, 3034991.903 ], [ 556651.659999999916181, 3034991.802999999839813 ], [ 556651.23499999998603, 3034991.378 ], [ 556651.034999999916181, 3034991.278 ], [ 556650.48499999998603, 3034991.278 ] ] ] } },
{ "type": "Feature", "properties": { "unit_id": "c00019", "method": "watershed", "label": 19, "area_m2": 11.150624999982249, "height_max_m": 1.827745795249939, "height_mean_m": 1.1107648871454823, "canopy_cover": 0.99977578475336326, "volume_m3": 12.385028491699648, "n_pixels": 4460, "data_coverage": 1.0, "vari_mean": 0.20425474772842195, "exg_mean": 0.24022259523094838, "gli_mean": 0.16618922175257847, "height_max_m_pct": 93.258426966292134, "height_mean_m_pct": 70.411985018726597, "volume_m3_pct": 94.007490636704119, "canopy_cover_pct": 39.325842696629216, "vari_mean_pct": 6.3670411985018731, "exg_mean_pct": 4.4943820224719104, "gli_mean_pct": 4.4943820224719104 }, "geometry": { "type": "Polygon", "coordinates": [ [ [ 556611.934999999939464, 3034999.927999999839813 ], [ 556611.709999999962747, 3035000.052999999839813 ], [ 556611.60999999998603, 3035000.253 ], [ 556611.60999999998603, 3035000.403 ], [ 556611.509999999892898, 3035000.603000000119209 ], [ 556611.059999999939464, 3035001.103000000119209 ], [ 556610.909999999916181, 3035001.403 ], [ 556610.85999999998603, 3035001.653 ], [ 556610.809999999939464, 3035001.703000000212342 ], [ 556610.809999999939464, 3035001.853000000119209 ], [ 556610.709999999962747, 3035002.052999999839813 ], [ 556610.709999999962747, 3035002.153 ], [ 556610.459999999962747, 3035002.503 ], [ 556610.459999999962747, 3035002.552999999839813 ], [ 556610.309999999939464, 3035002.703000000212342 ], [ 556610.209999999962747, 3035002.903 ], [ 556610.209999999962747, 3035003.253 ], [ 556610.259999999892898, 3035003.302999999839813 ], [ 556610.259999999892898, 3035003.403 ], [ 556610.409999999916181, 3035003.703000000212342 ], [ 556610.85999999998603, 3035004.153 ], [ 556610.934999999939464, 3035004.328000000212342 ], [ 556611.684999999939464, 3035004.328000000212342 ], [ 556611.73499999998603, 3035004.278 ], [ 556611.834999999962747, 3035004.278 ], [ 556612.059999999939464, 3035004.052999999839813 ], [ 556612.084999999962747, 3035003.978000000119209 ], [ 556612.284999999916181, 3035004.228000000119209 ], [ 556612.534999999916181, 3035004.427999999839813 ], [ 556612.784999999916181, 3035004.427999999839813 ], [ 556612.834999999962747, 3035004.478000000119209 ], [ 556613.584999999962747, 3035004.478000000119209 ], [ 556613.659999999916181, 3035004.403 ], [ 556613.659999999916181, 3035004.302999999839813 ], [ 556613.759999999892898, 3035004.153 ], [ 556613.759999999892898, 3035003.903 ], [ 556613.809999999939464, 3035003.853000000119209 ], [ 556613.809999999939464, 3035002.903 ], [ 556613.759999999892898, 3035002.853000000119209 ], [ 556613.759999999892898, 3035002.753 ], [ 556613.584999999962747, 3035002.528 ], [ 556613.384999999892898, 3035002.427999999839813 ], [ 556613.284999999916181, 3035002.427999999839813 ], [ 556613.23499999998603, 3035002.378 ], [ 556613.034999999916181, 3035002.378 ], [ 556612.98499999998603, 3035002.328000000212342 ], [ 556612.884999999892898, 3035002.328000000212342 ], [ 556612.759999999892898, 3035002.203000000212342 ], [ 556612.759999999892898, 3035002.003 ], [ 556612.809999999939464, 3035001.903 ], [ 556612.934999999939464, 3035001.778 ], [ 556612.98499999998603, 3035001.778 ], [ 556613.084999999962747, 3035001.677999999839813 ], [ 556613.309999999939464, 3035001.552999999839813 ], [ 556613.409999999916181, 3035001.353000000119209 ], [ 556613.409999999916181, 3035001.052999999839813 ], [ 556613.35999999998603, 3035001.003 ], [ 556613.35999999998603, 3035000.903 ], [ 556613.259999999892898, 3035000.703000000212342 ], [ 556612.884999999892898, 3035000.278 ], [ 556612.534999999916181, 3035000.078000000212342 ], [ 556612.434999999939464, 3035000.078000000212342 ], [ 556612.384999999892898, 3035000.028 ], [ 556612.134999999892898, 3034999.978000000119209 ], [ 556612.084999999962747, 3034999.927999999839813 ], [ 556611.934999999939464, 3034999.927999999839813 ] ] ] } },
{ "type": "Feature", "properties": { "unit_id": "c00020", "method": "watershed", "label": 20, "area_m2": 19.360624999957228, "height_max_m": 1.8130970001220703, "height_mean_m": 1.1142875096649354, "canopy_cover": 0.99961270333075136, "volume_m3": 21.578177624709422, "n_pixels": 7746, "data_coverage": 1.0, "vari_mean": 0.20835616739662371, "exg_mean": 0.24674207418697477, "gli_mean": 0.16793911193949201, "height_max_m_pct": 91.760299625468164, "height_mean_m_pct": 71.535580524344567, "volume_m3_pct": 98.12734082397003, "canopy_cover_pct": 38.202247191011232, "vari_mean_pct": 7.8651685393258424, "exg_mean_pct": 6.3670411985018731, "gli_mean_pct": 5.2434456928838955 }, "geometry": { "type": "Polygon", "coordinates": [ [ [ 556612.784999999916181, 3034951.228000000119209 ], [ 556612.73499999998603, 3034951.278 ], [ 556612.534999999916181, 3034951.278 ], [ 556612.48499999998603, 3034951.328000000212342 ], [ 556612.384999999892898, 3034951.328000000212342 ], [ 556612.084999999962747, 3034951.478000000119209 ], [ 556611.809999999939464, 3034951.753 ], [ 556611.709999999962747, 3034952.052999999839813 ], [ 556611.60999999998603, 3034952.153 ], [ 556611.409999999916181, 3034952.503 ], [ 556611.35999999998603, 3034952.802999999839813 ], [ 556611.309999999939464, 3034952.853000000119209 ], [ 556611.259999999892898, 3034953.103000000119209 ], [ 556611.209999999962747, 3034953.153 ], [ 556611.209999999962747, 3034953.302999999839813 ], [ 556611.10999999998603, 3034953.503 ], [ 556611.10999999998603, 3034953.603000000119209 ], [ 556610.709999999962747, 3034954.302999999839813 ], [ 556610.709999999962747, 3034954.453000000212342 ], [ 556610.659999999916181, 3034954.503 ], [ 556610.659999999916181, 3034954.753 ], [ 556610.60999999998603, 3034954.802999999839813 ], [ 556610.60999999998603, 3034955.353000000119209 ], [ 556610.659999999916181, 3034955.403 ], [ 556610.659999999916181, 3034955.703000000212342 ], [ 556610.709999999962747, 3034955.753 ], [ 556610.709999999962747, 3034956.052999999839813 ], [ 556610.759999999892898, 3034956.103000000119209 ], [ 556610.759999999892898, 3034957.853000000119209 ], [ 556610.809999999939464, 3034957.903 ], [ 556610.809999999939464, 3034958.003 ], [ 556610.909999999916181, 3034958.203000000212342 ], [ 556611.134999999892898, 3034958.478000000119209 ], [ 556612.23499999998603, 3034958.478000000119209 ], [ 556612.284999999916181, 3034958.427999999839813 ], [ 556612.73499999998603, 3034958.427999999839813 ], [ 556612.85999999998603, 3034958.302999999839813 ], [ 556612.809999999939464, 3034958.253 ], [ 556612.809999999939464, 3034958.153 ], [ 556613.034999999916181, 3034957.927999999839813 ], [ 556613.10999999998603, 3034957.903 ], [ 556613.259999999892898, 3034957.703000000212342 ], [ 556613.259999999892898, 3034957.603000000119209 ], [ 556613.309999999939464, 3034957.552999999839813 ], [ 556613.309999999939464, 3034957.203000000212342 ], [ 556613.35999999998603, 3034957.153 ], [ 556613.35999999998603, 3034956.703000000212342 ], [ 556613.409999999916181, 3034956.653 ], [ 556613.459999999962747, 3034956.403 ], [ 556613.709999999962747, 3034955.903 ], [ 556614.35999999998603, 3034955.253 ], [ 556614.459999999962747, 3034955.052999999839813 ], [ 556614.60999999998603, 3034954.903 ], [ 556614.60999999998603, 3034954.853000000119209 ], [ 556614.759999999892898, 3034954.653 ], [ 556614.759999999892898, 3034954.453000000212342 ], [ 556614.659999999916181, 3034954.253 ], [ 556614.309999999939464, 3034953.903 ], [ 556614.284999999916181, 3034953.828000000212342 ], [ 556614.23499999998603, 3034953.828000000212342 ], [ 556613.834999999962747, 3034953.478000000119209 ], [ 556613.434999999939464, 3034953.278 ], [ 556613.334999999962747, 3034953.278 ], [ 556613.284999999916181, 3034953.228000000119209 ], [ 556613.184999999939464, 3034953.228000000119209 ], [ 556613.134999999892898, 3034953.177999999839813 ], [ 556612.934999999939464, 3034953.128 ], [ 556612.759999999892898, 3034952.903 ], [ 556612.759999999892898, 3034952.802999999839813 ], [ 556612.709999999962747, 3034952.753 ], [ 556612.884999999892898, 3034952.528 ], [ 556612.98499999998603, 3034952.478000000119209 ], [ 556613.584999999962747, 3034952.478000000119209 ], [ 556613.834999999962747, 3034952.328000000212342 ], [ 556614.009999999892898, 3034952.153 ], [ 556614.009999999892898, 3034952.052999999839813 ], [ 556614.059999999939464, 3034952.003 ], [ 556614.059999999939464, 3034951.802999999839813 ], [ 556613.959999999962747, 3034951.603000000119209 ], [ 556613.834999999962747, 3034951.478000000119209 ], [ 556613.634999999892898, 3034951.328000000212342 ], [ 556613.334999999962747, 3034951.278 ], [ 556613.284999999916181, 3034951.228000000119209 ], [ 556612.784999999916181, 3034951.228000000119209 ] ] ] } },
{ "type": "Feature", "properties": { "unit_id": "c00021", "method": "watershed", "label": 21, "area_m2": 11.573750000183937, "height_max_m": 1.8098547458648682, "height_mean_m": 1.1756940097486139, "canopy_cover": 1.0, "volume_m3": 13.702713683650543, "n_pixels": 4662, "data_coverage": 1.0, "vari_mean": 0.19415076749832819, "exg_mean": 0.26718556873139465, "gli_mean": 0.18205591057453327, "height_max_m_pct": 91.011235955056179, "height_mean_m_pct": 84.644194756554299, "volume_m3_pct": 95.50561797752809, "canopy_cover_pct": 69.850187265917612, "vari_mean_pct": 3.7453183520599254, "exg_mean_pct": 11.235955056179774, "gli_mean_pct": 10.486891385767791 }, "geometry": { "type": "Polygon", "coordinates": [ [ [ 556612.084999999962747, 3035038.978000000119209 ], [ 556612.034999999916181, 3035039.028 ], [ 556611.834999999962747, 3035039.028 ], [ 556611.534999999916181, 3035039.178000000305474 ], [ 556611.309999999939464, 3035039.403 ], [ 556611.309999999939464, 3035039.453000000212342 ], [ 556611.059999999939464, 3035039.753 ], [ 556611.059999999939464, 3035039.803000000305474 ], [ 556610.759999999892898, 3035040.103000000119209 ], [ 556610.659999999916181, 3035040.303000000305474 ], [ 556610.60999999998603, 3035040.553000000305474 ], [ 556610.509999999892898, 3035040.703000000212342 ], [ 556610.459999999962747, 3035040.953000000212342 ], [ 556610.409999999916181, 3035041.003 ], [ 556610.409999999916181, 3035041.303000000305474 ], [ 556610.459999999962747, 3035041.353000000119209 ], [ 556610.459999999962747, 3035041.453000000212342 ], [ 556610.559999999939464, 3035041.603000000119209 ], [ 556610.60999999998603, 3035041.853000000119209 ], [ 556610.85999999998603, 3035042.303000000305474 ], [ 556610.85999999998603, 3035042.403 ], [ 556610.959999999962747, 3035042.553000000305474 ], [ 556610.959999999962747, 3035042.653 ], [ 556611.059999999939464, 3035042.803000000305474 ], [ 556611.059999999939464, 3035042.903 ], [ 556611.209999999962747, 3035043.203000000212342 ], [ 556611.209999999962747, 3035043.353000000119209 ], [ 556611.284999999916181, 3035043.428000000305474 ], [ 556612.934999999939464, 3035043.428000000305474 ], [ 556612.959999999962747, 3035043.353000000119209 ], [ 556613.459999999962747, 3035042.853000000119209 ], [ 556613.509999999892898, 3035042.753 ], [ 556613.509999999892898, 3035042.453000000212342 ], [ 556613.409999999916181, 3035042.253 ], [ 556613.409999999916181, 3035042.153 ], [ 556613.35999999998603, 3035042.103000000119209 ], [ 556613.35999999998603, 3035041.953000000212342 ], [ 556613.259999999892898, 3035041.803000000305474 ], [ 556613.259999999892898, 3035041.453000000212342 ], [ 556613.709999999962747, 3035040.903 ], [ 556613.709999999962747, 3035040.803000000305474 ], [ 556613.759999999892898, 3035040.753 ], [ 556613.759999999892898, 3035040.453000000212342 ], [ 556613.809999999939464, 3035040.403 ], [ 556613.809999999939464, 3035040.003 ], [ 556613.85999999998603, 3035039.953000000212342 ], [ 556613.85999999998603, 3035039.853000000119209 ], [ 556613.809999999939464, 3035039.803000000305474 ], [ 556613.759999999892898, 3035039.603000000119209 ], [ 556613.434999999939464, 3035039.328000000212342 ], [ 556612.934999999939464, 3035039.078000000212342 ], [ 556612.784999999916181, 3035039.078000000212342 ], [ 556612.73499999998603, 3035039.028 ], [ 556612.48499999998603, 3035039.028 ], [ 556612.434999999939464, 3035038.978000000119209 ], [ 556612.084999999962747, 3035038.978000000119209 ] ] ] } },
{ "type": "Feature", "properties": { "unit_id": "c00022", "method": "watershed", "label": 22, "area_m2": 13.509375000227012, "height_max_m": 1.8258013725280762, "height_mean_m": 1.0887152182681901, "canopy_cover": 1.0, "volume_m3": 14.705820810790254, "n_pixels": 5403, "data_coverage": 1.0, "vari_mean": 0.29491525356236714, "exg_mean": 0.35461352694519177, "gli_mean": 0.23997986882212693, "height_max_m_pct": 92.883895131086149, "height_mean_m_pct": 62.172284644194754, "volume_m3_pct": 96.629213483146074, "canopy_cover_pct": 69.850187265917612, "vari_mean_pct": 53.932584269662918, "exg_mean_pct": 52.059925093632963, "gli_mean_pct": 52.80898876404494 }, "geometry": { "type": "Polygon", "coordinates": [ [ [ 556611.434999999939464, 3034991.927999999839813 ], [ 556611.209999999962747, 3034992.103000000119209 ], [ 556611.159999999916181, 3034992.203000000212342 ], [ 556611.159999999916181, 3034992.753 ], [ 556611.10999999998603, 3034992.802999999839813 ], [ 556611.10999999998603, 3034993.703000000212342 ], [ 556611.159999999916181, 3034993.753 ], [ 556611.159999999916181, 3034993.853000000119209 ], [ 556611.209999999962747, 3034993.903 ], [ 556611.259999999892898, 3034994.103000000119209 ], [ 556611.35999999998603, 3034994.203000000212342 ], [ 556611.409999999916181, 3034994.353000000119209 ], [ 556611.559999999939464, 3034994.552999999839813 ], [ 556611.559999999939464, 3034994.802999999839813 ], [ 556611.409999999916181, 3034995.003 ], [ 556611.35999999998603, 3034995.153 ], [ 556611.259999999892898, 3034995.253 ], [ 556611.209999999962747, 3034995.403 ], [ 556610.909999999916181, 3034995.703000000212342 ], [ 556610.85999999998603, 3034995.903 ], [ 556610.809999999939464, 3034995.953000000212342 ], [ 556610.809999999939464, 3034996.103000000119209 ], [ 556610.85999999998603, 3034996.153 ], [ 556610.85999999998603, 3034996.353000000119209 ], [ 556610.909999999916181, 3034996.403 ], [ 556610.909999999916181, 3034996.552999999839813 ], [ 556610.959999999962747, 3034996.653 ], [ 556611.334999999962747, 3034997.078000000212342 ], [ 556611.834999999962747, 3034997.328000000212342 ], [ 556612.134999999892898, 3034997.328000000212342 ], [ 556612.184999999939464, 3034997.278 ], [ 556612.334999999962747, 3034997.278 ], [ 556612.434999999939464, 3034997.228000000119209 ], [ 556612.934999999939464, 3034996.878 ], [ 556613.034999999916181, 3034996.878 ], [ 556613.184999999939464, 3034996.778 ], [ 556613.284999999916181, 3034996.778 ], [ 556613.584999999962747, 3034996.628 ], [ 556613.959999999962747, 3034996.203000000212342 ], [ 556614.009999999892898, 3034996.103000000119209 ], [ 556614.009999999892898, 3034995.703000000212342 ], [ 556613.909999999916181, 3034995.552999999839813 ], [ 556613.909999999916181, 3034995.453000000212342 ], [ 556613.85999999998603, 3034995.403 ], [ 556613.809999999939464, 3034995.203000000212342 ], [ 556613.85999999998603, 3034995.153 ], [ 556613.909999999916181, 3034994.953000000212342 ], [ 556614.459999999962747, 3034994.302999999839813 ], [ 556614.559999999939464, 3034994.103000000119209 ], [ 556614.60999999998603, 3034993.603000000119209 ], [ 556614.559999999939464, 3034993.552999999839813 ], [ 556614.509999999892898, 3034993.253 ], [ 556614.184999999939464, 3034992.878 ], [ 556613.98499999998603, 3034992.778 ], [ 556613.784999999916181, 3034992.778 ], [ 556613.73499999998603, 3034992.728000000119209 ], [ 556613.334999999962747, 3034992.728000000119209 ], [ 556613.284999999916181, 3034992.677999999839813 ], [ 556613.034999999916181, 3034992.628 ], [ 556612.98499999998603, 3034992.578000000212342 ], [ 556612.784999999916181, 3034992.578000000212342 ], [ 556612.73499999998603, 3034992.528 ], [ 556612.184999999939464, 3034992.528 ], [ 556612.134999999892898, 3034992.478000000119209 ], [ 556611.98499999998603, 3034992.478000000119209 ], [ 556611.709999999962747, 3034992.302999999839813 ], [ 556611.659999999916181, 3034992.203000000212342 ], [ 556611.659999999916181, 3034992.052999999839813 ], [ 556611.584999999962747, 3034991.927999999839813 ], [ 556611.434999999939464, 3034991.927999999839813 ] ] ] } },
{ "type": "Feature", "properties": { "unit_id": "c00023", "method": "watershed", "label": 23, "area_m2": 3.0825000000488951, "height_max_m": 1.823763370513916, "height_mean_m": 1.2792782367828492, "canopy_cover": 0.99192245557350567, "volume_m3": 3.9593661428517164, "n_pixels": 1238, "data_coverage": 1.0, "vari_mean": 0.32461714048943768, "exg_mean": 0.31275141549551239, "gli_mean": 0.21344176839313672, "height_max_m_pct": 92.509363295880149, "height_mean_m_pct": 95.880149812734089, "volume_m3_pct": 62.172284644194754, "canopy_cover_pct": 9.7378277153558059, "vari_mean_pct": 74.906367041198507, "exg_mean_pct": 29.962546816479403, "gli_mean_pct": 28.838951310861422 }, "geometry": { "type": "Polygon", "coordinates": [ [ [ 556650.385, 3034982.728000000119209 ], [ 556650.334999999962747, 3034982.778 ], [ 556650.23499999998603, 3034982.778 ], [ 556650.034999999916181, 3034982.878 ], [ 556649.809999999939464, 3034983.103000000119209 ], [ 556649.76, 3034983.203000000212342 ], [ 556649.76, 3034983.353000000119209 ], [ 556649.709999999962747, 3034983.403 ], [ 556649.709999999962747, 3034983.953000000212342 ], [ 556649.76, 3034984.052999999839813 ], [ 556650.034999999916181, 3034984.328000000212342 ], [ 556650.385, 3034984.528 ], [ 556650.48499999998603, 3034984.528 ], [ 556650.534999999916181, 3034984.578000000212342 ], [ 556651.034999999916181, 3034984.578000000212342 ], [ 556651.084999999962747, 3034984.528 ], [ 556651.184999999939464, 3034984.528 ], [ 556651.385, 3034984.427999999839813 ], [ 556651.659999999916181, 3034984.203000000212342 ], [ 556651.659999999916181, 3034984.153 ], [ 556651.76, 3034984.052999999839813 ], [ 556651.809999999939464, 3034983.653 ], [ 556651.76, 3034983.603000000119209 ], [ 556651.76, 3034983.403 ], [ 556651.709999999962747, 3034983.302999999839813 ], [ 556651.434999999939464, 3034982.978000000119209 ], [ 556651.23499999998603, 3034982.927999999839813 ], [ 556651.184999999939464, 3034982.878 ], [ 556651.084999999962747, 3034982.878 ], [ 556651.034999999916181, 3034982.828000000212342 ], [ 556650.934999999939464, 3034982.828000000212342 ], [ 556650.885, 3034982.778 ], [ 556650.73499999998603, 3034982.778 ], [ 556650.684999999939464, 3034982.728000000119209 ], [ 556650.385, 3034982.728000000119209 ] ] ] } },
{ "type": "Feature", "properties": { "unit_id": "c00024", "method": "watershed", "label": 24, "area_m2": 5.0206249999700221, "height_max_m": 1.8154398202896118, "height_mean_m": 1.2232483222873161, "canopy_cover": 0.99900546991546491, "volume_m3": 6.149880940313146, "n_pixels": 2011, "data_coverage": 1.0, "vari_mean": 0.26844594821500345, "exg_mean": 0.2991636417978199, "gli_mean": 0.20583900608217273, "height_max_m_pct": 92.134831460674164, "height_mean_m_pct": 92.883895131086149, "volume_m3_pct": 76.029962546816478, "canopy_cover_pct": 33.333333333333329, "vari_mean_pct": 35.955056179775283, "exg_mean_pct": 19.101123595505616, "gli_mean_pct": 19.850187265917604 }, "geometry": { "type": "Polygon", "coordinates": [ [ [ 556619.934999999939464, 3034933.628 ], [ 556619.909999999916181, 3034933.853000000119209 ], [ 556619.809999999939464, 3034933.953000000212342 ], [ 556619.809999999939464, 3034934.003 ], [ 556619.584999999962747, 3034934.177999999839813 ], [ 556619.534999999916181, 3034934.177999999839813 ], [ 556619.384999999892898, 3034934.328000000212342 ], [ 556619.334999999962747, 3034934.328000000212342 ], [ 556619.009999999892898, 3034934.703000000212342 ], [ 556618.909999999916181, 3034934.903 ], [ 556618.909999999916181, 3034935.302999999839813 ], [ 556618.959999999962747, 3034935.403 ], [ 556619.084999999962747, 3034935.528 ], [ 556619.384999999892898, 3034935.677999999839813 ], [ 556620.034999999916181, 3034935.728000000119209 ], [ 556620.23499999998603, 3034935.828000000212342 ], [ 556620.35999999998603, 3034936.052999999839813 ], [ 556620.384999999892898, 3034936.228000000119209 ], [ 556621.384999999892898, 3034936.228000000119209 ], [ 556621.409999999916181, 3034936.003 ], [ 556621.509999999892898, 3034935.802999999839813 ], [ 556621.509999999892898, 3034935.653 ], [ 556621.559999999939464, 3034935.603000000119209 ], [ 556621.559999999939464, 3034935.453000000212342 ], [ 556621.60999999998603, 3034935.403 ], [ 556621.60999999998603, 3034935.052999999839813 ], [ 556621.559999999939464, 3034935.003 ], [ 556621.559999999939464, 3034934.802999999839813 ], [ 556621.509999999892898, 3034934.753 ], [ 556621.509999999892898, 3034934.653 ], [ 556621.10999999998603, 3034933.953000000212342 ], [ 556621.084999999962747, 3034933.628 ], [ 556619.934999999939464, 3034933.628 ] ] ] } },
{ "type": "Feature", "properties": { "unit_id": "c00025", "method": "watershed", "label": 25, "area_m2": 8.0737499998477897, "height_max_m": 1.7897917032241821, "height_mean_m": 1.0857282271771671, "canopy_cover": 0.9919479715082069, "volume_m3": 8.7645411139071552, "n_pixels": 3229, "data_coverage": 1.0, "vari_mean": 0.25734659175192415, "exg_mean": 0.30195641970733905, "gli_mean": 0.20646874865464618, "height_max_m_pct": 89.138576779026209, "height_mean_m_pct": 60.299625468164798, "volume_m3_pct": 86.891385767790268, "canopy_cover_pct": 10.112359550561797, "vari_mean_pct": 27.715355805243448, "exg_mean_pct": 20.973782771535582, "gli_mean_pct": 20.224719101123593 }, "geometry": { "type": "Polygon", "coordinates": [ [ [ 556620.23499999998603, 3034919.778 ], [ 556619.934999999939464, 3034919.828000000212342 ], [ 556619.709999999962747, 3034920.003 ], [ 556619.659999999916181, 3034920.103000000119209 ], [ 556619.659999999916181, 3034920.453000000212342 ], [ 556619.60999999998603, 3034920.503 ], [ 556619.60999999998603, 3034920.603000000119209 ], [ 556619.209999999962747, 3034921.403 ], [ 556619.209999999962747, 3034921.603000000119209 ], [ 556619.159999999916181, 3034921.653 ], [ 556619.159999999916181, 3034921.903 ], [ 556619.10999999998603, 3034921.953000000212342 ], [ 556619.10999999998603, 3034922.203000000212342 ], [ 556619.059999999939464, 3034922.253 ], [ 556619.059999999939464, 3034922.353000000119209 ], [ 556618.659999999916181, 3034922.903 ], [ 556618.659999999916181, 3034923.003 ], [ 556618.60999999998603, 3034923.052999999839813 ], [ 556618.60999999998603, 3034923.203000000212342 ], [ 556618.659999999916181, 3034923.302999999839813 ], [ 556618.834999999962747, 3034923.478000000119209 ], [ 556619.134999999892898, 3034923.628 ], [ 556619.23499999998603, 3034923.628 ], [ 556619.284999999916181, 3034923.677999999839813 ], [ 556619.73499999998603, 3034923.677999999839813 ], [ 556620.284999999916181, 3034923.427999999839813 ], [ 556620.684999999939464, 3034923.427999999839813 ], [ 556620.73499999998603, 3034923.478000000119209 ], [ 556620.884999999892898, 3034923.478000000119209 ], [ 556621.034999999916181, 3034923.578000000212342 ], [ 556621.48499999998603, 3034923.578000000212342 ], [ 556621.759999999892898, 3034923.353000000119209 ], [ 556621.85999999998603, 3034923.153 ], [ 556621.85999999998603, 3034922.753 ], [ 556621.809999999939464, 3034922.703000000212342 ], [ 556621.809999999939464, 3034922.552999999839813 ], [ 556621.759999999892898, 3034922.503 ], [ 556621.759999999892898, 3034922.403 ], [ 556621.659999999916181, 3034922.203000000212342 ], [ 556621.284999999916181, 3034921.778 ], [ 556621.084999999962747, 3034921.677999999839813 ], [ 556620.85999999998603, 3034921.403 ], [ 556620.909999999916181, 3034921.153 ], [ 556621.009999999892898, 3034921.052999999839813 ], [ 556621.10999999998603, 3034920.853000000119209 ], [ 556621.10999999998603, 3034920.603000000119209 ], [ 556621.059999999939464, 3034920.552999999839813 ], [ 556621.059999999939464, 3034920.052999999839813 ], [ 556621.009999999892898, 3034920.003 ], [ 556621.009999999892898, 3034919.903 ], [ 556620.784999999916181, 3034919.878 ], [ 556620.73499999998603, 3034919.828000000212342 ], [ 556620.584999999962747, 3034919.828000000212342 ], [ 556620.384999999892898, 3034919.677999999839813 ], [ 556620.23499999998603, 3034919.778 ] ] ] } },
{ "type": "Feature", "properties": { "unit_id": "c00026", "method": "watershed", "label": 26, "area_m2": 4.6993749995797405, "height_max_m": 1.7775551080703735, "height_mean_m": 1.269032091344078, "canopy_cover": 1.0, "volume_m3": 5.9930040513857259, "n_pixels": 1889, "data_coverage": 1.0, "vari_mean": 0.32393516553745538, "exg_mean": 0.3896763145880654, "gli_mean": 0.25795693441258527, "height_max_m_pct": 87.640449438202253, "height_mean_m_pct": 94.756554307116104, "volume_m3_pct": 74.906367041198507, "canopy_cover_pct": 69.850187265917612, "vari_mean_pct": 74.157303370786522, "exg_mean_pct": 67.790262172284642, "gli_mean_pct": 66.666666666666657 }, "geometry": { "type": "Polygon", "coordinates": [ [ [ 556665.434999999939464, 3034987.078000000212342 ], [ 556665.35999999998603, 3034987.153 ], [ 556665.35999999998603, 3034987.203000000212342 ], [ 556664.85999999998603, 3034987.703000000212342 ], [ 556664.76, 3034987.903 ], [ 556664.76, 3034988.052999999839813 ], [ 556664.709999999962747, 3034988.103000000119209 ], [ 556664.709999999962747, 3034988.503 ], [ 556664.76, 3034988.552999999839813 ], [ 556664.76, 3034988.703000000212342 ], [ 556664.809999999939464, 3034988.802999999839813 ], [ 556665.184999999939464, 3034989.228000000119209 ], [ 556665.434999999939464, 3034989.328000000212342 ], [ 556665.535000000032596, 3034989.427999999839813 ], [ 556666.184999999939464, 3034989.427999999839813 ], [ 556666.23499999998603, 3034989.378 ], [ 556666.910000000032596, 3034989.353000000119209 ], [ 556666.959999999962747, 3034988.853000000119209 ], [ 556667.01, 3034988.802999999839813 ], [ 556667.01, 3034988.503 ], [ 556667.059999999939464, 3034988.453000000212342 ], [ 556667.059999999939464, 3034987.853000000119209 ], [ 556667.01, 3034987.802999999839813 ], [ 556667.01, 3034987.603000000119209 ], [ 556666.959999999962747, 3034987.552999999839813 ], [ 556666.959999999962747, 3034987.453000000212342 ], [ 556666.85999999998603, 3034987.302999999839813 ], [ 556666.85999999998603, 3034987.203000000212342 ], [ 556666.785000000032596, 3034987.078000000212342 ], [ 556665.434999999939464, 3034987.078000000212342 ] ] ] } },
{ "type": "Feature", "properties": { "unit_id": "c00027", "method": "watershed", "label": 27, "area_m2": 6.1137499998437121, "height_max_m": 1.7927925586700439, "height_mean_m": 1.2849465013024621, "canopy_cover": 0.98009748172217714, "volume_m3": 7.9088457155342278, "n_pixels": 2462, "data_coverage": 1.0, "vari_mean": 0.25947860334511352, "exg_mean": 0.31766662253601069, "gli_mean": 0.21696987520995326, "height_max_m_pct": 89.513108614232209, "height_mean_m_pct": 96.629213483146074, "volume_m3_pct": 84.644194756554299, "canopy_cover_pct": 1.4981273408239701, "vari_mean_pct": 28.838951310861422, "exg_mean_pct": 32.584269662921351, "gli_mean_pct": 32.584269662921351 }, "geometry": { "type": "Polygon", "coordinates": [ [ [ 556635.184999999939464, 3034934.228000000119209 ], [ 556634.98499999998603, 3034934.328000000212342 ], [ 556634.23499999998603, 3034934.328000000212342 ], [ 556634.10999999998603, 3034934.503 ], [ 556634.10999999998603, 3034934.653 ], [ 556634.159999999916181, 3034934.703000000212342 ], [ 556634.159999999916181, 3034934.853000000119209 ], [ 556634.26, 3034935.052999999839813 ], [ 556634.26, 3034935.153 ], [ 556634.309999999939464, 3034935.203000000212342 ], [ 556634.309999999939464, 3034935.753 ], [ 556634.35999999998603, 3034935.802999999839813 ], [ 556634.409999999916181, 3034936.003 ], [ 556634.834999999962747, 3034936.427999999839813 ], [ 556635.135, 3034936.578000000212342 ], [ 556635.934999999939464, 3034936.578000000212342 ], [ 556635.98499999998603, 3034936.628 ], [ 556636.034999999916181, 3034936.578000000212342 ], [ 556636.385, 3034936.578000000212342 ], [ 556636.434999999939464, 3034936.528 ], [ 556636.584999999962747, 3034936.528 ], [ 556636.784999999916181, 3034936.427999999839813 ], [ 556636.885, 3034936.427999999839813 ], [ 556636.98499999998603, 3034936.328000000212342 ], [ 556637.034999999916181, 3034936.328000000212342 ], [ 556637.209999999962747, 3034936.153 ], [ 556637.309999999939464, 3034935.953000000212342 ], [ 556637.309999999939464, 3034935.802999999839813 ], [ 556637.10999999998603, 3034935.552999999839813 ], [ 556637.01, 3034935.353000000119209 ], [ 556637.01, 3034935.253 ], [ 556636.959999999962747, 3034935.203000000212342 ], [ 556636.959999999962747, 3034935.003 ], [ 556636.909999999916181, 3034934.953000000212342 ], [ 556636.909999999916181, 3034934.703000000212342 ], [ 556636.85999999998603, 3034934.653 ], [ 556636.85999999998603, 3034934.453000000212342 ], [ 556636.809999999939464, 3034934.403 ], [ 556636.784999999916181, 3034934.228000000119209 ], [ 556635.184999999939464, 3034934.228000000119209 ] ] ] } },
{ "type": "Feature", "properties": { "unit_id": "c00028", "method": "watershed", "label": 28, "area_m2": 10.909999999807624, "height_max_m": 1.7721658945083618, "height_mean_m": 1.155966890567272, "canopy_cover": 1.0, "volume_m3": 12.608708858890536, "n_pixels": 4363, "data_coverage": 1.0, "vari_mean": 0.24372864054897797, "exg_mean": 0.30912115877117186, "gli_mean": 0.21039154029896409, "height_max_m_pct": 86.142322097378283, "height_mean_m_pct": 79.400749063670418, "volume_m3_pct": 94.382022471910105, "canopy_cover_pct": 69.850187265917612, "vari_mean_pct": 17.602996254681649, "exg_mean_pct": 26.591760299625467, "gli_mean_pct": 26.217228464419474 }, "geometry": { "type": "Polygon", "coordinates": [ [ [ 556610.98499999998603, 3035023.878 ], [ 556610.909999999916181, 3035024.053000000305474 ], [ 556610.60999999998603, 3035024.453000000212342 ], [ 556610.459999999962747, 3035024.753 ], [ 556610.459999999962747, 3035024.853000000119209 ], [ 556610.35999999998603, 3035025.003 ], [ 556610.309999999939464, 3035025.303000000305474 ], [ 556610.259999999892898, 3035025.353000000119209 ], [ 556610.259999999892898, 3035025.953000000212342 ], [ 556610.209999999962747, 3035026.003 ], [ 556610.259999999892898, 3035026.453000000212342 ], [ 556610.85999999998603, 3035027.003 ], [ 556610.909999999916181, 3035027.103000000119209 ], [ 556610.909999999916181, 3035027.253 ], [ 556610.959999999962747, 3035027.303000000305474 ], [ 556610.98499999998603, 3035027.628 ], [ 556612.884999999892898, 3035027.628 ], [ 556612.959999999962747, 3035027.203000000212342 ], [ 556613.60999999998603, 3035026.353000000119209 ], [ 556613.659999999916181, 3035026.153 ], [ 556613.759999999892898, 3035026.003 ], [ 556613.759999999892898, 3035025.903 ], [ 556613.809999999939464, 3035025.853000000119209 ], [ 556613.809999999939464, 3035025.653 ], [ 556613.85999999998603, 3035025.603000000119209 ], [ 556613.85999999998603, 3035025.253 ], [ 556613.809999999939464, 3035025.203000000212342 ], [ 556613.809999999939464, 3035025.053000000305474 ], [ 556613.659999999916181, 3035024.853000000119209 ], [ 556613.60999999998603, 3035024.703000000212342 ], [ 556613.159999999916181, 3035024.153 ], [ 556613.159999999916181, 3035024.053000000305474 ], [ 556613.084999999962747, 3035023.928000000305474 ], [ 556612.434999999939464, 3035023.928000000305474 ], [ 556612.384999999892898, 3035023.878 ], [ 556610.98499999998603, 3035023.878 ] ] ] } },
{ "type": "Feature", "properties": { "unit_id": "c00029", "method": "watershed", "label": 29, "area_m2": 3.5668750001536682, "height_max_m": 1.7686151266098022, "height_mean_m": 1.346667243274472, "canopy_cover": 0.9875, "volume_m3": 4.8480020757988713, "n_pixels": 1440, "data_coverage": 1.0, "vari_mean": 0.25395634640763748, "exg_mean": 0.30405789517402715, "gli_mean": 0.20773264927632315, "height_max_m_pct": 85.767790262172284, "height_mean_m_pct": 99.250936329588015, "volume_m3_pct": 68.164794007490642, "canopy_cover_pct": 5.2434456928838955, "vari_mean_pct": 24.344569288389515, "exg_mean_pct": 21.722846441947567, "gli_mean_pct": 22.471910112359549 }, "geometry": { "type": "Polygon", "coordinates": [ [ [ 556657.885, 3035014.778 ], [ 556657.85999999998603, 3035014.953000000212342 ], [ 556657.160000000032596, 3035015.653 ], [ 556657.059999999939464, 3035015.853000000119209 ], [ 556657.059999999939464, 3035016.203000000212342 ], [ 556657.209999999962747, 3035016.403 ], [ 556657.209999999962747, 3035016.453000000212342 ], [ 556657.535000000032596, 3035016.778 ], [ 556657.584999999962747, 3035016.778 ], [ 556657.834999999962747, 3035016.978000000119209 ], [ 556658.584999999962747, 3035016.978000000119209 ], [ 556658.60999999998603, 3035016.853000000119209 ], [ 556658.76, 3035016.703000000212342 ], [ 556658.76, 3035016.653 ], [ 556658.834999999962747, 3035016.628 ], [ 556659.160000000032596, 3035016.302999999839813 ], [ 556659.26, 3035016.153 ], [ 556659.26, 3035015.753 ], [ 556659.01, 3035015.253 ], [ 556658.910000000032596, 3035015.153 ], [ 556658.809999999939464, 3035014.953000000212342 ], [ 556658.785000000032596, 3035014.778 ], [ 556657.885, 3035014.778 ] ] ] } },
{ "type": "Feature", "properties": { "unit_id": "c00030", "method": "watershed", "label": 30, "area_m2": 7.2681249999639119, "height_max_m": 1.7814912796020508, "height_mean_m": 1.2077875290077522, "canopy_cover": 1.0, "volume_m3": 8.7896737423734468, "n_pixels": 2911, "data_coverage": 1.0, "vari_mean": 0.26839102283949035, "exg_mean": 0.33299370784169952, "gli_mean": 0.22628784914108241, "height_max_m_pct": 88.014981273408239, "height_mean_m_pct": 90.262172284644194, "volume_m3_pct": 87.265917602996254, "canopy_cover_pct": 69.850187265917612, "vari_mean_pct": 35.580524344569284, "exg_mean_pct": 44.194756554307119, "gli_mean_pct": 44.194756554307119 }, "geometry": { "type": "Polygon", "coordinates": [ [ [ 556634.834999999962747, 3035021.728000000119209 ], [ 556634.635, 3035021.828000000212342 ], [ 556634.534999999916181, 3035021.828000000212342 ], [ 556634.48499999998603, 3035021.878 ], [ 556634.385, 3035021.878 ], [ 556634.184999999939464, 3035021.978000000119209 ], [ 556633.959999999962747, 3035022.203000000212342 ], [ 556633.909999999916181, 3035022.303000000305474 ], [ 556634.01, 3035023.153 ], [ 556634.059999999939464, 3035023.203000000212342 ], [ 556634.059999999939464, 3035023.303000000305474 ], [ 556634.209999999962747, 3035023.603000000119209 ], [ 556634.385, 3035023.828000000212342 ], [ 556634.684999999939464, 3035023.978000000119209 ], [ 556634.85999999998603, 3035024.153 ], [ 556634.85999999998603, 3035024.503 ], [ 556634.76, 3035024.703000000212342 ], [ 556634.51, 3035025.003 ], [ 556634.51, 3035025.103000000119209 ], [ 556634.459999999962747, 3035025.153 ], [ 556634.459999999962747, 3035025.403 ], [ 556634.559999999939464, 3035025.603000000119209 ], [ 556634.834999999962747, 3035025.878 ], [ 556635.034999999916181, 3035025.978000000119209 ], [ 556635.284999999916181, 3035025.978000000119209 ], [ 556635.385, 3035025.928000000305474 ], [ 556635.659999999916181, 3035025.653 ], [ 556635.76, 3035025.453000000212342 ], [ 556635.76, 3035025.303000000305474 ], [ 556635.809999999939464, 3035025.253 ], [ 556635.85999999998603, 3035024.653 ], [ 556635.959999999962747, 3035024.453000000212342 ], [ 556636.51, 3035023.903 ], [ 556636.659999999916181, 3035023.603000000119209 ], [ 556636.659999999916181, 3035023.153 ], [ 556636.51, 3035022.853000000119209 ], [ 556635.959999999962747, 3035022.203000000212342 ], [ 556635.85999999998603, 3035022.003 ], [ 556635.684999999939464, 3035021.828000000212342 ], [ 556635.584999999962747, 3035021.778 ], [ 556635.334999999962747, 3035021.778 ], [ 556635.284999999916181, 3035021.728000000119209 ], [ 556634.834999999962747, 3035021.728000000119209 ] ] ] } },
{ "type": "Feature", "properties": { "unit_id": "c00031", "method": "watershed", "label": 31, "area_m2": 3.1250000000989528, "height_max_m": 1.8016177415847778, "height_mean_m": 1.2783430240988252, "canopy_cover": 0.99112903225806448, "volume_m3": 3.9628633747151634, "n_pixels": 1240, "data_coverage": 1.0, "vari_mean": 0.38020053514236168, "exg_mean": 0.45731047864728674, "gli_mean": 0.29918948606061652, "height_max_m_pct": 90.262172284644194, "height_mean_m_pct": 95.50561797752809, "volume_m3_pct": 62.546816479400746, "canopy_cover_pct": 8.239700374531834, "vari_mean_pct": 98.50187265917603, "exg_mean_pct": 93.63295880149812, "gli_mean_pct": 91.760299625468164 }, "geometry": { "type": "Polygon", "coordinates": [ [ [ 556665.934999999939464, 3034963.978000000119209 ], [ 556665.334999999962747, 3034964.278 ], [ 556665.10999999998603, 3034964.552999999839813 ], [ 556665.10999999998603, 3034964.653 ], [ 556665.059999999939464, 3034964.703000000212342 ], [ 556665.059999999939464, 3034964.953000000212342 ], [ 556665.10999999998603, 3034965.003 ], [ 556665.160000000032596, 3034965.203000000212342 ], [ 556665.285000000032596, 3034965.328000000212342 ], [ 556665.684999999939464, 3034965.528 ], [ 556666.01, 3034965.802999999839813 ], [ 556666.035000000032596, 3034965.978000000119209 ], [ 556666.885, 3034965.978000000119209 ], [ 556667.209999999962747, 3034965.302999999839813 ], [ 556667.160000000032596, 3034964.953000000212342 ], [ 556667.01, 3034964.653 ], [ 556667.01, 3034964.552999999839813 ], [ 556666.910000000032596, 3034964.453000000212342 ], [ 556666.910000000032596, 3034964.403 ], [ 556666.635, 3034964.128 ], [ 556666.334999999962747, 3034963.978000000119209 ], [ 556665.934999999939464, 3034963.978000000119209 ] ] ] } },
{ "type": "Feature", "properties": { "unit_id": "c00032", "method": "watershed", "label": 32, "area_m2": 10.306250000097497, "height_max_m": 1.7977539300918579, "height_mean_m": 1.1693209958467565, "canopy_cover": 0.99951397326852975, "volume_m3": 12.029389744800238, "n_pixels": 4115, "data_coverage": 1.0, "vari_mean": 0.30129351585447139, "exg_mean": 0.35581970166106963, "gli_mean": 0.24231020693655009, "height_max_m_pct": 89.887640449438194, "height_mean_m_pct": 82.771535580524343, "volume_m3_pct": 93.258426966292134, "canopy_cover_pct": 36.704119850187269, "vari_mean_pct": 58.426966292134829, "exg_mean_pct": 53.183520599250933, "gli_mean_pct": 53.932584269662918 }, "geometry": { "type": "Polygon", "coordinates": [ [ [ 556619.684999999939464, 3034929.228000000119209 ], [ 556619.634999999892898, 3034929.278 ], [ 556619.534999999916181, 3034929.278 ], [ 556619.334999999962747, 3034929.427999999839813 ], [ 556619.284999999916181, 3034929.427999999839813 ], [ 556619.059999999939464, 3034929.653 ], [ 556618.709999999962747, 3034930.353000000119209 ], [ 556618.709999999962747, 3034930.853000000119209 ], [ 556618.759999999892898, 3034930.903 ], [ 556618.759999999892898, 3034931.003 ], [ 556618.85999999998603, 3034931.103000000119209 ], [ 556618.85999999998603, 3034931.153 ], [ 556619.059999999939464, 3034931.403 ], [ 556619.10999999998603, 3034931.552999999839813 ], [ 556619.259999999892898, 3034931.753 ], [ 556619.309999999939464, 3034932.003 ], [ 556619.35999999998603, 3034932.052999999839813 ], [ 556619.35999999998603, 3034932.253 ], [ 556619.409999999916181, 3034932.302999999839813 ], [ 556619.409999999916181, 3034932.552999999839813 ], [ 556619.459999999962747, 3034932.603000000119209 ], [ 556619.459999999962747, 3034932.802999999839813 ], [ 556619.509999999892898, 3034932.853000000119209 ], [ 556619.509999999892898, 3034932.953000000212342 ], [ 556619.659999999916181, 3034933.253 ], [ 556619.809999999939464, 3034933.403 ], [ 556619.909999999916181, 3034933.603000000119209 ], [ 556621.084999999962747, 3034933.628 ], [ 556621.209999999962747, 3034933.353000000119209 ], [ 556621.459999999962747, 3034933.103000000119209 ], [ 556621.60999999998603, 3034932.802999999839813 ], [ 556621.60999999998603, 3034932.703000000212342 ], [ 556621.659999999916181, 3034932.653 ], [ 556621.659999999916181, 3034932.552999999839813 ], [ 556621.60999999998603, 3034932.503 ], [ 556621.559999999939464, 3034932.302999999839813 ], [ 556621.309999999939464, 3034931.953000000212342 ], [ 556621.259999999892898, 3034931.653 ], [ 556621.459999999962747, 3034931.302999999839813 ], [ 556621.884999999892898, 3034930.878 ], [ 556621.934999999939464, 3034930.878 ], [ 556622.009999999892898, 3034930.802999999839813 ], [ 556622.10999999998603, 3034930.603000000119209 ], [ 556622.10999999998603, 3034930.403 ], [ 556621.909999999916181, 3034930.052999999839813 ], [ 556621.48499999998603, 3034929.628 ], [ 556621.434999999939464, 3034929.628 ], [ 556621.334999999962747, 3034929.528 ], [ 556621.134999999892898, 3034929.478000000119209 ], [ 556621.084999999962747, 3034929.427999999839813 ], [ 556620.98499999998603, 3034929.427999999839813 ], [ 556620.934999999939464, 3034929.378 ], [ 556620.684999999939464, 3034929.378 ], [ 556620.634999999892898, 3034929.328000000212342 ], [ 556620.134999999892898, 3034929.278 ], [ 556620.084999999962747, 3034929.228000000119209 ], [ 556619.684999999939464, 3034929.228000000119209 ] ] ] } },
{ "type": "Feature", "properties": { "unit_id": "c00033", "method": "watershed", "label": 33, "area_m2": 4.2368749999740976, "height_max_m": 1.7737894058227539, "height_mean_m": 1.3437888366747128, "canopy_cover": 0.99703615886188501, "volume_m3": 5.6674294186881946, "n_pixels": 1687, "data_coverage": 1.0, "vari_mean": 0.29910997416757562, "exg_mean": 0.39514570455463466, "gli_mean": 0.26522142117097192, "height_max_m_pct": 87.265917602996254, "height_mean_m_pct": 98.876404494382015, "volume_m3_pct": 73.033707865168537, "canopy_cover_pct": 21.348314606741571, "vari_mean_pct": 57.303370786516851, "exg_mean_pct": 69.288389513108612, "gli_mean_pct": 69.288389513108612 }, "geometry": { "type": "Polygon", "coordinates": [ [ [ 556635.48499999998603, 3034914.328000000212342 ], [ 556635.35999999998603, 3034914.403 ], [ 556635.10999999998603, 3034914.853000000119209 ], [ 556635.10999999998603, 3034915.003 ], [ 556635.059999999939464, 3034915.052999999839813 ], [ 556635.059999999939464, 3034915.353000000119209 ], [ 556635.10999999998603, 3034915.403 ], [ 556635.159999999916181, 3034915.703000000212342 ], [ 556635.209999999962747, 3034915.753 ], [ 556635.209999999962747, 3034916.603000000119209 ], [ 556635.26, 3034916.653 ], [ 556635.26, 3034916.753 ], [ 556635.209999999962747, 3034916.853000000119209 ], [ 556636.73499999998603, 3034916.878 ], [ 556636.76, 3034916.653 ], [ 556636.85999999998603, 3034916.453000000212342 ], [ 556636.909999999916181, 3034916.153 ], [ 556636.959999999962747, 3034916.103000000119209 ], [ 556637.01, 3034915.802999999839813 ], [ 556637.059999999939464, 3034915.753 ], [ 556637.059999999939464, 3034915.253 ], [ 556636.959999999962747, 3034915.052999999839813 ], [ 556636.959999999962747, 3034914.953000000212342 ], [ 556636.909999999916181, 3034914.903 ], [ 556636.909999999916181, 3034914.802999999839813 ], [ 556636.684999999939464, 3034914.578000000212342 ], [ 556636.584999999962747, 3034914.528 ], [ 556636.434999999939464, 3034914.528 ], [ 556636.385, 3034914.478000000119209 ], [ 556636.135, 3034914.478000000119209 ], [ 556635.934999999939464, 3034914.378 ], [ 556635.834999999962747, 3034914.378 ], [ 556635.784999999916181, 3034914.328000000212342 ], [ 556635.48499999998603, 3034914.328000000212342 ] ] ] } },
{ "type": "Feature", "properties": { "unit_id": "c00034", "method": "watershed", "label": 34, "area_m2": 7.7693750000273569, "height_max_m": 1.8033612966537476, "height_mean_m": 1.0860699230326589, "canopy_cover": 1.0, "volume_m3": 8.4034660294838712, "n_pixels": 3095, "data_coverage": 1.0, "vari_mean": 0.23798691202120947, "exg_mean": 0.32150702407667098, "gli_mean": 0.21817897841600872, "height_max_m_pct": 90.636704119850179, "height_mean_m_pct": 60.674157303370791, "volume_m3_pct": 86.142322097378283, "canopy_cover_pct": 69.850187265917612, "vari_mean_pct": 14.981273408239701, "exg_mean_pct": 34.831460674157306, "gli_mean_pct": 34.082397003745321 }, "geometry": { "type": "Polygon", "coordinates": [ [ [ 556627.184999999939464, 3035005.728000000119209 ], [ 556627.135, 3035005.778 ], [ 556626.834999999962747, 3035005.828000000212342 ], [ 556626.709999999962747, 3035005.953000000212342 ], [ 556626.659999999916181, 3035006.153 ], [ 556626.709999999962747, 3035006.203000000212342 ], [ 556626.709999999962747, 3035006.753 ], [ 556626.559999999939464, 3035007.052999999839813 ], [ 556626.10999999998603, 3035007.552999999839813 ], [ 556626.01, 3035007.753 ], [ 556626.01, 3035008.003 ], [ 556626.059999999939464, 3035008.052999999839813 ], [ 556626.059999999939464, 3035008.153 ], [ 556626.26, 3035008.403 ], [ 556626.309999999939464, 3035008.603000000119209 ], [ 556626.35999999998603, 3035008.653 ], [ 556626.35999999998603, 3035008.753 ], [ 556626.409999999916181, 3035008.802999999839813 ], [ 556626.409999999916181, 3035008.953000000212342 ], [ 556626.51, 3035009.153 ], [ 556626.51, 3035009.253 ], [ 556626.559999999939464, 3035009.302999999839813 ], [ 556626.584999999962747, 3035009.628 ], [ 556627.684999999939464, 3035009.628 ], [ 556627.73499999998603, 3035009.578000000212342 ], [ 556628.184999999939464, 3035009.578000000212342 ], [ 556628.209999999962747, 3035009.552999999839813 ], [ 556628.159999999916181, 3035009.453000000212342 ], [ 556628.209999999962747, 3035009.403 ], [ 556628.26, 3035009.203000000212342 ], [ 556628.35999999998603, 3035009.103000000119209 ], [ 556628.35999999998603, 3035009.052999999839813 ], [ 556628.709999999962747, 3035008.703000000212342 ], [ 556628.85999999998603, 3035008.403 ], [ 556628.85999999998603, 3035007.953000000212342 ], [ 556628.309999999939464, 3035007.103000000119209 ], [ 556628.309999999939464, 3035006.953000000212342 ], [ 556628.26, 3035006.903 ], [ 556628.26, 3035006.603000000119209 ], [ 556628.309999999939464, 3035006.552999999839813 ], [ 556628.309999999939464, 3035006.302999999839813 ], [ 556628.26, 3035006.253 ], [ 556628.26, 3035006.153 ], [ 556628.135, 3035005.978000000119209 ], [ 556628.084999999962747, 3035005.978000000119209 ], [ 556627.934999999939464, 3035005.828000000212342 ], [ 556627.684999999939464, 3035005.778 ], [ 556627.635, 3035005.728000000119209 ], [ 556627.184999999939464, 3035005.728000000119209 ] ] ] } },
{ "type": "Feature", "properties": { "unit_id": "c00035", "method": "watershed", "label": 35, "area_m2": 5.365624999989814, "height_max_m": 1.7733174562454224, "height_mean_m": 1.2260969802685133, "canopy_cover": 0.99207459207459203, "volume_m3": 6.5749450567045127, "n_pixels": 2145, "data_coverage": 1.0, "vari_mean": 0.33942720258279585, "exg_mean": 0.4722318209384862, "gli_mean": 0.30718600522163148, "height_max_m_pct": 86.891385767790268, "height_mean_m_pct": 93.258426966292134, "volume_m3_pct": 79.026217228464418, "canopy_cover_pct": 10.486891385767791, "vari_mean_pct": 82.397003745318358, "exg_mean_pct": 95.13108614232209, "gli_mean_pct": 94.756554307116104 }, "geometry": { "type": "Polygon", "coordinates": [ [ [ 556658.535000000032596, 3034999.878 ], [ 556658.285000000032596, 3035000.078000000212342 ], [ 556658.135, 3035000.078000000212342 ], [ 556658.084999999962747, 3035000.128 ], [ 556657.834999999962747, 3035000.128 ], [ 556657.635, 3035000.278 ], [ 556657.584999999962747, 3035000.278 ], [ 556657.410000000032596, 3035000.503 ], [ 556657.35999999998603, 3035000.703000000212342 ], [ 556657.309999999939464, 3035000.753 ], [ 556657.309999999939464, 3035000.853000000119209 ], [ 556657.26, 3035000.903 ], [ 556657.26, 3035001.302999999839813 ], [ 556657.410000000032596, 3035001.603000000119209 ], [ 556657.809999999939464, 3035002.003 ], [ 556657.85999999998603, 3035002.103000000119209 ], [ 556657.85999999998603, 3035002.302999999839813 ], [ 556657.709999999962747, 3035002.603000000119209 ], [ 556657.709999999962747, 3035002.703000000212342 ], [ 556657.660000000032596, 3035002.753 ], [ 556657.660000000032596, 3035002.953000000212342 ], [ 556657.60999999998603, 3035003.003 ], [ 556657.60999999998603, 3035003.403 ], [ 556657.709999999962747, 3035003.603000000119209 ], [ 556657.834999999962747, 3035003.728000000119209 ], [ 556658.035000000032596, 3035003.778 ], [ 556658.084999999962747, 3035003.828000000212342 ], [ 556658.285000000032596, 3035003.778 ], [ 556658.434999999939464, 3035003.628 ], [ 556658.51, 3035003.603000000119209 ], [ 556658.660000000032596, 3035003.403 ], [ 556658.709999999962747, 3035003.203000000212342 ], [ 556658.76, 3035003.153 ], [ 556658.709999999962747, 3035002.903 ], [ 556658.459999999962747, 3035002.552999999839813 ], [ 556658.35999999998603, 3035002.253 ], [ 556658.73499999998603, 3035001.927999999839813 ], [ 556659.184999999939464, 3035001.728000000119209 ], [ 556659.334999999962747, 3035001.578000000212342 ], [ 556659.385, 3035001.578000000212342 ], [ 556659.51, 3035001.353000000119209 ], [ 556659.60999999998603, 3035001.253 ], [ 556659.60999999998603, 3035001.153 ], [ 556659.660000000032596, 3035001.103000000119209 ], [ 556659.660000000032596, 3035000.653 ], [ 556659.559999999939464, 3035000.453000000212342 ], [ 556659.334999999962747, 3035000.228000000119209 ], [ 556658.885, 3035000.028 ], [ 556658.684999999939464, 3034999.878 ], [ 556658.535000000032596, 3034999.878 ] ] ] } },
{ "type": "Feature", "properties": { "unit_id": "c00036", "method": "watershed", "label": 36, "area_m2": 20.65312499995343, "height_max_m": 1.746584415435791, "height_mean_m": 1.0961411826588539, "canopy_cover": 0.99866618164180909, "volume_m3": 22.599690833519137, "n_pixels": 8247, "data_coverage": 1.0, "vari_mean": 0.20889260005555554, "exg_mean": 0.24527585047532699, "gli_mean": 0.1676795072839786, "height_max_m_pct": 84.269662921348313, "height_mean_m_pct": 66.292134831460672, "volume_m3_pct": 98.876404494382015, "canopy_cover_pct": 31.086142322097377, "vari_mean_pct": 8.239700374531834, "exg_mean_pct": 5.9925093632958806, "gli_mean_pct": 4.868913857677903 }, "geometry": { "type": "Polygon", "coordinates": [ [ [ 556611.709999999962747, 3034923.552999999839813 ], [ 556611.709999999962747, 3034923.653 ], [ 556611.759999999892898, 3034923.703000000212342 ], [ 556611.759999999892898, 3034924.503 ], [ 556611.709999999962747, 3034924.552999999839813 ], [ 556611.709999999962747, 3034925.503 ], [ 556611.659999999916181, 3034925.552999999839813 ], [ 556611.659999999916181, 3034925.753 ], [ 556611.559999999939464, 3034925.953000000212342 ], [ 556611.259999999892898, 3034926.302999999839813 ], [ 556611.10999999998603, 3034926.603000000119209 ], [ 556611.009999999892898, 3034926.703000000212342 ], [ 556610.85999999998603, 3034927.003 ], [ 556610.809999999939464, 3034927.302999999839813 ], [ 556610.759999999892898, 3034927.353000000119209 ], [ 556610.759999999892898, 3034927.953000000212342 ], [ 556610.809999999939464, 3034928.003 ], [ 556610.809999999939464, 3034928.103000000119209 ], [ 556610.85999999998603, 3034928.203000000212342 ], [ 556611.209999999962747, 3034928.552999999839813 ], [ 556611.209999999962747, 3034928.603000000119209 ], [ 556611.409999999916181, 3034928.853000000119209 ], [ 556611.459999999962747, 3034929.103000000119209 ], [ 556611.509999999892898, 3034929.153 ], [ 556611.509999999892898, 3034929.453000000212342 ], [ 556611.35999999998603, 3034929.753 ], [ 556611.309999999939464, 3034930.003 ], [ 556611.259999999892898, 3034930.052999999839813 ], [ 556611.259999999892898, 3034930.302999999839813 ], [ 556611.209999999962747, 3034930.353000000119209 ], [ 556611.209999999962747, 3034930.453000000212342 ], [ 556611.259999999892898, 3034930.503 ], [ 556611.259999999892898, 3034930.753 ], [ 556611.509999999892898, 3034931.253 ], [ 556611.509999999892898, 3034931.403 ], [ 556611.559999999939464, 3034931.453000000212342 ], [ 556611.584999999962747, 3034931.677999999839813 ], [ 556612.284999999916181, 3034931.677999999839813 ], [ 556612.584999999962747, 3034931.528 ], [ 556613.134999999892898, 3034931.528 ], [ 556613.209999999962747, 3034931.203000000212342 ], [ 556613.784999999916181, 3034930.628 ], [ 556613.834999999962747, 3034930.628 ], [ 556614.159999999916181, 3034930.353000000119209 ], [ 556614.259999999892898, 3034930.153 ], [ 556614.35999999998603, 3034930.052999999839813 ], [ 556614.459999999962747, 3034929.853000000119209 ], [ 556614.459999999962747, 3034929.753 ], [ 556614.509999999892898, 3034929.703000000212342 ], [ 556614.509999999892898, 3034929.302999999839813 ], [ 556614.409999999916181, 3034929.103000000119209 ], [ 556614.284999999916181, 3034928.978000000119209 ], [ 556614.209999999962747, 3034928.953000000212342 ], [ 556614.009999999892898, 3034928.703000000212342 ], [ 556614.009999999892898, 3034928.103000000119209 ], [ 556614.059999999939464, 3034928.052999999839813 ], [ 556614.059999999939464, 3034927.703000000212342 ], [ 556614.10999999998603, 3034927.653 ], [ 556614.10999999998603, 3034927.353000000119209 ], [ 556614.159999999916181, 3034927.302999999839813 ], [ 556614.159999999916181, 3034926.953000000212342 ], [ 556614.10999999998603, 3034926.903 ], [ 556614.059999999939464, 3034926.703000000212342 ], [ 556613.659999999916181, 3034926.302999999839813 ], [ 556613.60999999998603, 3034926.203000000212342 ], [ 556613.60999999998603, 3034925.903 ], [ 556613.85999999998603, 3034925.552999999839813 ], [ 556613.85999999998603, 3034924.703000000212342 ], [ 556613.809999999939464, 3034924.653 ], [ 556613.809999999939464, 3034924.353000000119209 ], [ 556613.60999999998603, 3034923.953000000212342 ], [ 556613.534999999916181, 3034923.628 ], [ 556612.934999999939464, 3034923.628 ], [ 556612.884999999892898, 3034923.578000000212342 ], [ 556612.73499999998603, 3034923.578000000212342 ], [ 556612.684999999939464, 3034923.528 ], [ 556611.709999999962747, 3034923.552999999839813 ] ] ] } },
{ "type": "Feature", "properties": { "unit_id": "c00037", "method": "watershed", "label": 37, "area_m2": 1.9068750000753789, "height_max_m": 1.8123979568481445, "height_mean_m": 1.177605294415923, "canopy_cover": 0.99351491569390404, "volume_m3": 2.269834204991735, "n_pixels": 771, "data_coverage": 1.0, "vari_mean": 0.36144699448402445, "exg_mean": 0.41825789241565414, "gli_mean": 0.2820263328003545, "height_max_m_pct": 91.385767790262179, "height_mean_m_pct": 85.767790262172284, "volume_m3_pct": 40.449438202247187, "canopy_cover_pct": 12.734082397003746, "vari_mean_pct": 94.382022471910105, "exg_mean_pct": 80.524344569288388, "gli_mean_pct": 82.022471910112358 }, "geometry": { "type": "Polygon", "coordinates": [ [ [ 556620.084999999962747, 3034985.878 ], [ 556620.034999999916181, 3034985.927999999839813 ], [ 556619.934999999939464, 3034985.927999999839813 ], [ 556619.884999999892898, 3034985.978000000119209 ], [ 556619.684999999939464, 3034986.028 ], [ 556619.509999999892898, 3034986.203000000212342 ], [ 556619.509999999892898, 3034986.302999999839813 ], [ 556619.459999999962747, 3034986.353000000119209 ], [ 556619.459999999962747, 3034986.703000000212342 ], [ 556619.409999999916181, 3034986.753 ], [ 556619.459999999962747, 3034986.802999999839813 ], [ 556619.459999999962747, 3034987.003 ], [ 556619.784999999916181, 3034987.328000000212342 ], [ 556620.184999999939464, 3034987.328000000212342 ], [ 556620.384999999892898, 3034987.228000000119209 ], [ 556620.684999999939464, 3034987.177999999839813 ], [ 556620.85999999998603, 3034987.052999999839813 ], [ 556620.85999999998603, 3034987.003 ], [ 556621.009999999892898, 3034986.802999999839813 ], [ 556621.009999999892898, 3034986.703000000212342 ], [ 556621.059999999939464, 3034986.653 ], [ 556621.059999999939464, 3034986.302999999839813 ], [ 556621.009999999892898, 3034986.203000000212342 ], [ 556620.784999999916181, 3034985.978000000119209 ], [ 556620.684999999939464, 3034985.927999999839813 ], [ 556620.534999999916181, 3034985.927999999839813 ], [ 556620.48499999998603, 3034985.878 ], [ 556620.084999999962747, 3034985.878 ] ] ] } },
{ "type": "Feature", "properties": { "unit_id": "c00038", "method": "watershed", "label": 38, "area_m2": 1.8287500001423176, "height_max_m": 1.7726675271987915, "height_mean_m": 1.3101335639851419, "canopy_cover": 0.97432432432432436, "volume_m3": 2.4237470933778984, "n_pixels": 740, "data_coverage": 1.0, "vari_mean": 0.33641426019171383, "exg_mean": 0.4258387077447946, "gli_mean": 0.28709396236535278, "height_max_m_pct": 86.516853932584269, "height_mean_m_pct": 97.752808988764045, "volume_m3_pct": 42.322097378277149, "canopy_cover_pct": 0.74906367041198507, "vari_mean_pct": 80.898876404494374, "exg_mean_pct": 84.269662921348313, "gli_mean_pct": 86.516853932584269 }, "geometry": { "type": "Polygon", "coordinates": [ [ [ 556665.635, 3034983.228000000119209 ], [ 556665.535000000032596, 3034983.278 ], [ 556665.459999999962747, 3034983.353000000119209 ], [ 556665.309999999939464, 3034983.653 ], [ 556665.309999999939464, 3034983.753 ], [ 556665.26, 3034983.802999999839813 ], [ 556665.26, 3034984.353000000119209 ], [ 556665.309999999939464, 3034984.453000000212342 ], [ 556665.434999999939464, 3034984.628 ], [ 556665.834999999962747, 3034984.828000000212342 ], [ 556666.285000000032596, 3034984.828000000212342 ], [ 556666.459999999962747, 3034984.703000000212342 ], [ 556666.559999999939464, 3034984.503 ], [ 556666.559999999939464, 3034984.403 ], [ 556666.60999999998603, 3034984.353000000119209 ], [ 556666.60999999998603, 3034983.753 ], [ 556666.51, 3034983.552999999839813 ], [ 556666.285000000032596, 3034983.328000000212342 ], [ 556666.084999999962747, 3034983.228000000119209 ], [ 556665.635, 3034983.228000000119209 ] ] ] } },
{ "type": "Feature", "properties": { "unit_id": "c00039", "method": "watershed", "label": 39, "area_m2": 10.013410623614684, "height_max_m": 1.7836505174636841, "height_mean_m": 1.1218695960360916, "canopy_cover": 1.0, "volume_m3": 11.171016502554204, "n_pixels": 3983, "data_coverage": 1.0, "vari_mean": 0.23750452565374966, "exg_mean": 0.33621053633341536, "gli_mean": 0.2264214354674009, "height_max_m_pct": 88.764044943820224, "height_mean_m_pct": 74.531835205992508, "volume_m3_pct": 91.760299625468164, "canopy_cover_pct": 69.850187265917612, "vari_mean_pct": 14.232209737827715, "exg_mean_pct": 46.067415730337082, "gli_mean_pct": 44.569288389513105 }, "geometry": { "type": "Polygon", "coordinates": [ [ [ 556613.709999999962747, 3035046.653 ], [ 556613.709999999962747, 3035046.453000000212342 ], [ 556613.659999999916181, 3035046.403 ], [ 556613.659999999916181, 3035046.103000000119209 ], [ 556614.059999999939464, 3035045.603000000119209 ], [ 556614.059999999939464, 3035045.453000000212342 ], [ 556614.10999999998603, 3035045.403 ], [ 556614.10999999998603, 3035044.603000000119209 ], [ 556614.059999999939464, 3035044.553000000305474 ], [ 556614.059999999939464, 3035044.403 ], [ 556613.98499999998603, 3035044.278 ], [ 556613.73499999998603, 3035044.028 ], [ 556613.184999999939464, 3035043.778 ], [ 556612.959999999962747, 3035043.553000000305474 ], [ 556612.934999999939464, 3035043.428000000305474 ], [ 556611.259999999892898, 3035043.453000000212342 ], [ 556611.259999999892898, 3035043.703000000212342 ], [ 556611.159999999916181, 3035043.903 ], [ 556611.159999999916181, 3035044.003 ], [ 556610.959999999962747, 3035044.353000000119209 ], [ 556610.959999999962747, 3035044.453000000212342 ], [ 556610.85999999998603, 3035044.653 ], [ 556610.85999999998603, 3035044.753 ], [ 556610.809999999939464, 3035044.803000000305474 ], [ 556610.809999999939464, 3035044.903 ], [ 556610.559999999939464, 3035045.353000000119209 ], [ 556610.559999999939464, 3035045.503 ], [ 556610.509999999892898, 3035045.553000000305474 ], [ 556610.509999999892898, 3035046.103000000119209 ], [ 556610.559999999939464, 3035046.153 ], [ 556610.559999999939464, 3035046.403 ], [ 556610.60999999998603, 3035046.453000000212342 ], [ 556610.659999999916181, 3035046.653 ], [ 556610.784999999916181, 3035046.778 ], [ 556610.884999999892898, 3035046.778 ], [ 556610.886725448304787, 3035046.779725448228419 ], [ 556613.556927266530693, 3035046.772056570742279 ], [ 556613.709999999962747, 3035046.653 ] ] ] } },
{ "type": "Feature", "properties": { "unit_id": "c00040", "method": "watershed", "label": 40, "area_m2": 5.9800000000253215, "height_max_m": 1.7397160530090332, "height_mean_m": 1.1733386224463136, "canopy_cover": 0.98167430237401088, "volume_m3": 7.0429650812496467, "n_pixels": 2401, "data_coverage": 1.0, "vari_mean": 0.27333793248981975, "exg_mean": 0.32710499743349908, "gli_mean": 0.22125030248286556, "height_max_m_pct": 83.895131086142328, "height_mean_m_pct": 83.895131086142328, "volume_m3_pct": 82.022471910112358, "canopy_cover_pct": 2.6217228464419478, "vari_mean_pct": 39.325842696629216, "exg_mean_pct": 38.951310861423224, "gli_mean_pct": 36.704119850187269 }, "geometry": { "type": "Polygon", "coordinates": [ [ [ 556666.385, 3034938.528 ], [ 556666.184999999939464, 3034938.677999999839813 ], [ 556665.834999999962747, 3034938.828000000212342 ], [ 556665.559999999939464, 3034939.052999999839813 ], [ 556665.410000000032596, 3034939.353000000119209 ], [ 556665.459999999962747, 3034939.603000000119209 ], [ 556665.785000000032596, 3034939.927999999839813 ], [ 556666.184999999939464, 3034940.028 ], [ 556666.410000000032596, 3034940.203000000212342 ], [ 556666.410000000032596, 3034940.302999999839813 ], [ 556666.309999999939464, 3034940.503 ], [ 556665.85999999998603, 3034941.003 ], [ 556665.76, 3034941.203000000212342 ], [ 556665.76, 3034941.302999999839813 ], [ 556665.709999999962747, 3034941.353000000119209 ], [ 556665.709999999962747, 3034941.503 ], [ 556665.660000000032596, 3034941.552999999839813 ], [ 556665.660000000032596, 3034941.753 ], [ 556665.709999999962747, 3034941.802999999839813 ], [ 556665.73499999998603, 3034941.927999999839813 ], [ 556665.934999999939464, 3034942.128 ], [ 556666.035000000032596, 3034942.128 ], [ 556666.084999999962747, 3034942.177999999839813 ], [ 556666.285000000032596, 3034942.177999999839813 ], [ 556666.334999999962747, 3034942.228000000119209 ], [ 556667.035000000032596, 3034942.228000000119209 ], [ 556667.084999999962747, 3034942.177999999839813 ], [ 556667.23499999998603, 3034942.177999999839813 ], [ 556667.334999999962747, 3034942.128 ], [ 556667.51, 3034941.953000000212342 ], [ 556667.60999999998603, 3034941.753 ], [ 556667.60999999998603, 3034941.603000000119209 ], [ 556667.660000000032596, 3034941.552999999839813 ], [ 556667.660000000032596, 3034941.203000000212342 ], [ 556667.709999999962747, 3034941.153 ], [ 556667.660000000032596, 3034940.802999999839813 ], [ 556667.559999999939464, 3034940.603000000119209 ], [ 556667.559999999939464, 3034940.503 ], [ 556667.51, 3034940.453000000212342 ], [ 556667.51, 3034940.203000000212342 ], [ 556667.459999999962747, 3034940.153 ], [ 556667.51, 3034939.353000000119209 ], [ 556667.26, 3034938.953000000212342 ], [ 556667.26, 3034938.753 ], [ 556667.309999999939464, 3034938.703000000212342 ], [ 556666.98499999998603, 3034938.677999999839813 ], [ 556666.934999999939464, 3034938.628 ], [ 556666.834999999962747, 3034938.628 ], [ 556666.73499999998603, 3034938.528 ], [ 556666.385, 3034938.528 ] ] ] } },
{ "type": "Feature", "properties": { "unit_id": "c00041", "method": "watershed", "label": 41, "area_m2": 6.0681250001923752, "height_max_m": 1.718474268913269, "height_mean_m": 1.1881847979684013, "canopy_cover": 0.9917729329494035, "volume_m3": 7.2211931096690041, "n_pixels": 2431, "data_coverage": 1.0, "vari_mean": 0.31916570437564723, "exg_mean": 0.42912475360994784, "gli_mean": 0.28170237941531207, "height_max_m_pct": 82.771535580524343, "height_mean_m_pct": 86.142322097378283, "volume_m3_pct": 82.397003745318358, "canopy_cover_pct": 9.3632958801498134, "vari_mean_pct": 70.037453183520597, "exg_mean_pct": 85.767790262172284, "gli_mean_pct": 81.273408239700373 }, "geometry": { "type": "Polygon", "coordinates": [ [ [ 556650.184999999939464, 3035036.228000000119209 ], [ 556650.135, 3035036.278 ], [ 556649.834999999962747, 3035036.328000000212342 ], [ 556649.60999999998603, 3035036.553000000305474 ], [ 556649.559999999939464, 3035036.653 ], [ 556649.559999999939464, 3035037.053000000305474 ], [ 556649.809999999939464, 3035037.503 ], [ 556649.809999999939464, 3035037.603000000119209 ], [ 556649.85999999998603, 3035037.653 ], [ 556649.85999999998603, 3035037.853000000119209 ], [ 556649.76, 3035038.053000000305474 ], [ 556649.409999999916181, 3035038.403 ], [ 556649.309999999939464, 3035038.603000000119209 ], [ 556649.309999999939464, 3035039.003 ], [ 556649.60999999998603, 3035039.553000000305474 ], [ 556649.934999999939464, 3035039.878 ], [ 556650.034999999916181, 3035039.928000000305474 ], [ 556650.184999999939464, 3035039.928000000305474 ], [ 556650.23499999998603, 3035039.978000000119209 ], [ 556651.084999999962747, 3035039.928000000305474 ], [ 556651.135, 3035039.878 ], [ 556651.23499999998603, 3035039.878 ], [ 556651.434999999939464, 3035039.778 ], [ 556651.659999999916181, 3035039.553000000305474 ], [ 556651.659999999916181, 3035039.453000000212342 ], [ 556651.709999999962747, 3035039.403 ], [ 556651.659999999916181, 3035039.303000000305474 ], [ 556651.659999999916181, 3035039.153 ], [ 556651.60999999998603, 3035039.103000000119209 ], [ 556651.60999999998603, 3035038.953000000212342 ], [ 556651.559999999939464, 3035038.903 ], [ 556651.559999999939464, 3035038.753 ], [ 556651.51, 3035038.703000000212342 ], [ 556651.459999999962747, 3035038.503 ], [ 556650.959999999962747, 3035038.003 ], [ 556650.909999999916181, 3035037.903 ], [ 556650.909999999916181, 3035037.703000000212342 ], [ 556650.959999999962747, 3035037.653 ], [ 556650.959999999962747, 3035037.553000000305474 ], [ 556651.059999999939464, 3035037.453000000212342 ], [ 556651.209999999962747, 3035037.153 ], [ 556651.209999999962747, 3035036.803000000305474 ], [ 556651.10999999998603, 3035036.653 ], [ 556650.834999999962747, 3035036.428000000305474 ], [ 556650.534999999916181, 3035036.278 ], [ 556650.385, 3035036.278 ], [ 556650.334999999962747, 3035036.228000000119209 ], [ 556650.184999999939464, 3035036.228000000119209 ] ] ] } },
{ "type": "Feature", "properties": { "unit_id": "c00042", "method": "watershed", "label": 42, "area_m2": 5.6800000001431927, "height_max_m": 1.7609090805053711, "height_mean_m": 1.1196575769848642, "canopy_cover": 1.0, "volume_m3": 6.3904456206553117, "n_pixels": 2283, "data_coverage": 1.0, "vari_mean": 0.25091050423931338, "exg_mean": 0.27432638243180624, "gli_mean": 0.18944879073247475, "height_max_m_pct": 84.644194756554299, "height_mean_m_pct": 73.782771535580522, "volume_m3_pct": 78.277153558052433, "canopy_cover_pct": 69.850187265917612, "vari_mean_pct": 23.220973782771537, "exg_mean_pct": 12.359550561797752, "gli_mean_pct": 12.359550561797752 }, "geometry": { "type": "Polygon", "coordinates": [ [ [ 556620.784999999916181, 3034941.177999999839813 ], [ 556620.73499999998603, 3034941.228000000119209 ], [ 556619.634999999892898, 3034941.228000000119209 ], [ 556619.584999999962747, 3034941.177999999839813 ], [ 556619.434999999939464, 3034941.177999999839813 ], [ 556619.184999999939464, 3034941.378 ], [ 556619.034999999916181, 3034941.427999999839813 ], [ 556618.809999999939464, 3034941.653 ], [ 556618.809999999939464, 3034941.703000000212342 ], [ 556618.659999999916181, 3034941.903 ], [ 556618.60999999998603, 3034942.203000000212342 ], [ 556618.559999999939464, 3034942.253 ], [ 556618.559999999939464, 3034942.503 ], [ 556618.60999999998603, 3034942.552999999839813 ], [ 556618.659999999916181, 3034942.753 ], [ 556618.884999999892898, 3034942.978000000119209 ], [ 556619.184999999939464, 3034943.128 ], [ 556619.584999999962747, 3034943.177999999839813 ], [ 556619.784999999916181, 3034943.278 ], [ 556619.884999999892898, 3034943.278 ], [ 556620.034999999916181, 3034943.378 ], [ 556620.48499999998603, 3034943.378 ], [ 556620.534999999916181, 3034943.328000000212342 ], [ 556620.684999999939464, 3034943.328000000212342 ], [ 556620.884999999892898, 3034943.228000000119209 ], [ 556620.98499999998603, 3034943.128 ], [ 556621.084999999962747, 3034943.128 ], [ 556621.134999999892898, 3034943.078000000212342 ], [ 556621.334999999962747, 3034943.078000000212342 ], [ 556621.384999999892898, 3034943.128 ], [ 556621.48499999998603, 3034943.128 ], [ 556621.584999999962747, 3034943.078000000212342 ], [ 556621.759999999892898, 3034942.853000000119209 ], [ 556621.759999999892898, 3034942.453000000212342 ], [ 556621.709999999962747, 3034942.403 ], [ 556621.709999999962747, 3034942.203000000212342 ], [ 556621.659999999916181, 3034942.153 ], [ 556621.659999999916181, 3034942.003 ], [ 556621.559999999939464, 3034941.802999999839813 ], [ 556621.559999999939464, 3034941.703000000212342 ], [ 556621.284999999916181, 3034941.177999999839813 ], [ 556620.784999999916181, 3034941.177999999839813 ] ] ] } },
{ "type": "Feature", "properties": { "unit_id": "c00043", "method": "watershed", "label": 43, "area_m2": 5.4893749999423758, "height_max_m": 1.7065809965133667, "height_mean_m": 1.2104219880168605, "canopy_cover": 0.99818016378525931, "volume_m3": 6.6512688241674276, "n_pixels": 2198, "data_coverage": 1.0, "vari_mean": 0.25866246835642459, "exg_mean": 0.33245461105065965, "gli_mean": 0.22519266907703026, "height_max_m_pct": 82.397003745318358, "height_mean_m_pct": 91.011235955056179, "volume_m3_pct": 79.400749063670418, "canopy_cover_pct": 28.08988764044944, "vari_mean_pct": 28.08988764044944, "exg_mean_pct": 43.071161048689142, "gli_mean_pct": 42.696629213483142 }, "geometry": { "type": "Polygon", "coordinates": [ [ [ 556626.784999999916181, 3035013.978000000119209 ], [ 556626.709999999962747, 3035014.052999999839813 ], [ 556626.51, 3035014.453000000212342 ], [ 556626.10999999998603, 3035015.003 ], [ 556626.059999999939464, 3035015.203000000212342 ], [ 556626.01, 3035015.253 ], [ 556626.01, 3035015.503 ], [ 556626.10999999998603, 3035015.703000000212342 ], [ 556626.534999999916181, 3035016.078000000212342 ], [ 556627.434999999939464, 3035016.528 ], [ 556627.73499999998603, 3035016.578000000212342 ], [ 556627.784999999916181, 3035016.628 ], [ 556627.934999999939464, 3035016.628 ], [ 556627.98499999998603, 3035016.677999999839813 ], [ 556628.284999999916181, 3035016.677999999839813 ], [ 556628.385, 3035016.628 ], [ 556628.60999999998603, 3035016.403 ], [ 556628.909999999916181, 3035015.802999999839813 ], [ 556628.959999999962747, 3035015.552999999839813 ], [ 556629.01, 3035015.503 ], [ 556629.01, 3035015.203000000212342 ], [ 556628.959999999962747, 3035015.153 ], [ 556628.909999999916181, 3035014.953000000212342 ], [ 556628.635, 3035014.728000000119209 ], [ 556628.334999999962747, 3035014.578000000212342 ], [ 556628.084999999962747, 3035014.528 ], [ 556627.934999999939464, 3035014.427999999839813 ], [ 556627.834999999962747, 3035014.427999999839813 ], [ 556627.534999999916181, 3035014.278 ], [ 556627.35999999998603, 3035014.103000000119209 ], [ 556627.334999999962747, 3035014.028 ], [ 556627.034999999916181, 3035014.028 ], [ 556626.98499999998603, 3035013.978000000119209 ], [ 556626.784999999916181, 3035013.978000000119209 ] ] ] } },
{ "type": "Feature", "properties": { "unit_id": "c00044", "method": "watershed", "label": 44, "area_m2": 9.6862500001417349, "height_max_m": 1.7820857763290405, "height_mean_m": 1.2413293929894924, "canopy_cover": 0.99743260590500638, "volume_m3": 12.087444964262042, "n_pixels": 3895, "data_coverage": 1.0, "vari_mean": 0.22366131936773997, "exg_mean": 0.30139318910739121, "gli_mean": 0.20661875610495262, "height_max_m_pct": 88.389513108614238, "height_mean_m_pct": 93.63295880149812, "volume_m3_pct": 93.63295880149812, "canopy_cover_pct": 21.722846441947567, "vari_mean_pct": 10.112359550561797, "exg_mean_pct": 20.224719101123593, "gli_mean_pct": 20.973782771535582 }, "geometry": { "type": "Polygon", "coordinates": [ [ [ 556635.23499999998603, 3034916.878 ], [ 556634.834999999962747, 3034917.278 ], [ 556634.385, 3034917.528 ], [ 556634.184999999939464, 3034917.578000000212342 ], [ 556634.059999999939464, 3034917.753 ], [ 556634.059999999939464, 3034917.853000000119209 ], [ 556634.209999999962747, 3034918.153 ], [ 556634.309999999939464, 3034918.253 ], [ 556634.409999999916181, 3034918.453000000212342 ], [ 556634.409999999916181, 3034918.552999999839813 ], [ 556634.459999999962747, 3034918.603000000119209 ], [ 556634.51, 3034918.802999999839813 ], [ 556634.809999999939464, 3034919.153 ], [ 556634.885, 3034919.177999999839813 ], [ 556635.26, 3034919.552999999839813 ], [ 556635.35999999998603, 3034919.753 ], [ 556635.35999999998603, 3034920.203000000212342 ], [ 556635.309999999939464, 3034920.253 ], [ 556635.309999999939464, 3034920.453000000212342 ], [ 556635.26, 3034920.503 ], [ 556635.26, 3034920.603000000119209 ], [ 556635.10999999998603, 3034920.903 ], [ 556635.059999999939464, 3034921.253 ], [ 556635.10999999998603, 3034921.302999999839813 ], [ 556635.159999999916181, 3034921.503 ], [ 556635.385, 3034921.728000000119209 ], [ 556635.584999999962747, 3034921.828000000212342 ], [ 556635.784999999916181, 3034921.828000000212342 ], [ 556636.084999999962747, 3034921.578000000212342 ], [ 556636.534999999916181, 3034921.328000000212342 ], [ 556636.909999999916181, 3034920.953000000212342 ], [ 556636.959999999962747, 3034920.753 ], [ 556637.01, 3034920.703000000212342 ], [ 556637.01, 3034920.253 ], [ 556636.959999999962747, 3034920.203000000212342 ], [ 556636.909999999916181, 3034919.903 ], [ 556636.809999999939464, 3034919.753 ], [ 556636.76, 3034919.503 ], [ 556636.709999999962747, 3034919.453000000212342 ], [ 556636.709999999962747, 3034919.203000000212342 ], [ 556636.909999999916181, 3034918.802999999839813 ], [ 556636.909999999916181, 3034918.703000000212342 ], [ 556637.01, 3034918.552999999839813 ], [ 556637.059999999939464, 3034918.302999999839813 ], [ 556637.10999999998603, 3034918.253 ], [ 556637.10999999998603, 3034918.052999999839813 ], [ 556637.159999999916181, 3034918.003 ], [ 556637.159999999916181, 3034917.653 ], [ 556637.10999999998603, 3034917.603000000119209 ], [ 556637.10999999998603, 3034917.503 ], [ 556637.01, 3034917.302999999839813 ], [ 556636.809999999939464, 3034917.052999999839813 ], [ 556636.73499999998603, 3034916.878 ], [ 556635.23499999998603, 3034916.878 ] ] ] } },
{ "type": "Feature", "properties": { "unit_id": "c00045", "method": "watershed", "label": 45, "area_m2": 7.579374999999418, "height_max_m": 1.7638459205627441, "height_mean_m": 1.1149077613952325, "canopy_cover": 1.0, "volume_m3": 8.4705117172191002, "n_pixels": 3039, "data_coverage": 1.0, "vari_mean": 0.13912998939128002, "exg_mean": 0.19953920558229737, "gli_mean": 0.1397426171329883, "height_max_m_pct": 85.018726591760299, "height_mean_m_pct": 72.284644194756552, "volume_m3_pct": 86.516853932584269, "canopy_cover_pct": 69.850187265917612, "vari_mean_pct": 0.74906367041198507, "exg_mean_pct": 0.74906367041198507, "gli_mean_pct": 0.74906367041198507 }, "geometry": { "type": "Polygon", "coordinates": [ [ [ 556612.134999999892898, 3035034.028 ], [ 556612.084999999962747, 3035034.078000000212342 ], [ 556611.48499999998603, 3035034.078000000212342 ], [ 556611.434999999939464, 3035034.028 ], [ 556610.584999999962747, 3035034.028 ], [ 556610.509999999892898, 3035034.103000000119209 ], [ 556610.509999999892898, 3035034.203000000212342 ], [ 556610.409999999916181, 3035034.303000000305474 ], [ 556610.35999999998603, 3035034.453000000212342 ], [ 556610.259999999892898, 3035034.553000000305474 ], [ 556610.209999999962747, 3035034.753 ], [ 556610.159999999916181, 3035034.803000000305474 ], [ 556610.159999999916181, 3035034.903 ], [ 556610.10999999998603, 3035034.953000000212342 ], [ 556610.10999999998603, 3035035.203000000212342 ], [ 556610.35999999998603, 3035035.703000000212342 ], [ 556610.459999999962747, 3035035.803000000305474 ], [ 556610.559999999939464, 3035036.003 ], [ 556610.709999999962747, 3035036.153 ], [ 556610.709999999962747, 3035036.203000000212342 ], [ 556611.184999999939464, 3035036.628 ], [ 556611.684999999939464, 3035036.878 ], [ 556612.384999999892898, 3035036.878 ], [ 556612.434999999939464, 3035036.828000000212342 ], [ 556612.784999999916181, 3035036.778 ], [ 556612.834999999962747, 3035036.728000000119209 ], [ 556613.034999999916181, 3035036.678000000305474 ], [ 556613.159999999916181, 3035036.553000000305474 ], [ 556613.35999999998603, 3035036.153 ], [ 556613.509999999892898, 3035036.003 ], [ 556613.559999999939464, 3035035.803000000305474 ], [ 556613.60999999998603, 3035035.753 ], [ 556613.509999999892898, 3035035.353000000119209 ], [ 556613.35999999998603, 3035035.053000000305474 ], [ 556613.259999999892898, 3035034.953000000212342 ], [ 556613.259999999892898, 3035034.903 ], [ 556612.909999999916181, 3035034.553000000305474 ], [ 556612.909999999916181, 3035034.503 ], [ 556612.659999999916181, 3035034.203000000212342 ], [ 556612.659999999916181, 3035034.153 ], [ 556612.534999999916181, 3035034.028 ], [ 556612.134999999892898, 3035034.028 ] ] ] } },
{ "type": "Feature", "properties": { "unit_id": "c00046", "method": "watershed", "label": 46, "area_m2": 3.3831249996949917, "height_max_m": 1.6962728500366211, "height_mean_m": 1.3082326870364478, "canopy_cover": 0.99702159344750563, "volume_m3": 4.3923912467346335, "n_pixels": 1343, "data_coverage": 1.0, "vari_mean": 0.28171614630827363, "exg_mean": 0.32057755732371479, "gli_mean": 0.21805828533421096, "height_max_m_pct": 81.647940074906373, "height_mean_m_pct": 97.378277153558059, "volume_m3_pct": 64.794007490636702, "canopy_cover_pct": 20.973782771535582, "vari_mean_pct": 47.191011235955052, "exg_mean_pct": 34.082397003745321, "gli_mean_pct": 33.707865168539328 }, "geometry": { "type": "Polygon", "coordinates": [ [ [ 556665.98499999998603, 3034957.578000000212342 ], [ 556665.934999999939464, 3034957.628 ], [ 556665.834999999962747, 3034957.628 ], [ 556665.535000000032596, 3034957.778 ], [ 556665.309999999939464, 3034958.003 ], [ 556665.209999999962747, 3034958.203000000212342 ], [ 556665.209999999962747, 3034958.703000000212342 ], [ 556665.26, 3034958.753 ], [ 556665.26, 3034958.903 ], [ 556665.35999999998603, 3034959.103000000119209 ], [ 556665.635, 3034959.378 ], [ 556665.73499999998603, 3034959.378 ], [ 556665.785000000032596, 3034959.427999999839813 ], [ 556666.584999999962747, 3034959.427999999839813 ], [ 556666.635, 3034959.378 ], [ 556667.035000000032596, 3034959.328000000212342 ], [ 556667.23499999998603, 3034959.177999999839813 ], [ 556667.459999999962747, 3034958.903 ], [ 556667.459999999962747, 3034958.503 ], [ 556667.309999999939464, 3034958.203000000212342 ], [ 556666.934999999939464, 3034957.828000000212342 ], [ 556666.885, 3034957.828000000212342 ], [ 556666.635, 3034957.628 ], [ 556666.434999999939464, 3034957.578000000212342 ], [ 556666.385, 3034957.528 ], [ 556665.98499999998603, 3034957.578000000212342 ] ] ] } },
{ "type": "Feature", "properties": { "unit_id": "c00047", "method": "watershed", "label": 47, "area_m2": 4.9481250000503501, "height_max_m": 1.6831167936325073, "height_mean_m": 1.1039941933022956, "canopy_cover": 0.99949571356530509, "volume_m3": 5.4730512133082918, "n_pixels": 1983, "data_coverage": 1.0, "vari_mean": 0.28521569900830251, "exg_mean": 0.38503798191386174, "gli_mean": 0.256977536891697, "height_max_m_pct": 81.273408239700373, "height_mean_m_pct": 69.288389513108612, "volume_m3_pct": 71.910112359550567, "canopy_cover_pct": 35.580524344569284, "vari_mean_pct": 49.438202247191008, "exg_mean_pct": 65.543071161048687, "gli_mean_pct": 64.419475655430716 }, "geometry": { "type": "Polygon", "coordinates": [ [ [ 556657.584999999962747, 3035021.228000000119209 ], [ 556657.459999999962747, 3035021.553000000305474 ], [ 556657.309999999939464, 3035021.703000000212342 ], [ 556657.10999999998603, 3035022.053000000305474 ], [ 556657.10999999998603, 3035022.653 ], [ 556657.26, 3035022.953000000212342 ], [ 556657.410000000032596, 3035023.103000000119209 ], [ 556657.559999999939464, 3035023.403 ], [ 556657.559999999939464, 3035023.603000000119209 ], [ 556657.309999999939464, 3035024.053000000305474 ], [ 556657.309999999939464, 3035024.403 ], [ 556657.459999999962747, 3035024.703000000212342 ], [ 556657.635, 3035024.878 ], [ 556657.785000000032596, 3035024.878 ], [ 556657.834999999962747, 3035024.928000000305474 ], [ 556657.885, 3035024.878 ], [ 556658.035000000032596, 3035024.878 ], [ 556658.135, 3035024.828000000212342 ], [ 556658.459999999962747, 3035024.503 ], [ 556658.51, 3035024.403 ], [ 556658.51, 3035023.953000000212342 ], [ 556658.410000000032596, 3035023.753 ], [ 556658.410000000032596, 3035023.353000000119209 ], [ 556659.01, 3035022.803000000305474 ], [ 556659.10999999998603, 3035022.603000000119209 ], [ 556659.10999999998603, 3035022.503 ], [ 556659.160000000032596, 3035022.453000000212342 ], [ 556659.10999999998603, 3035022.053000000305474 ], [ 556658.959999999962747, 3035021.853000000119209 ], [ 556658.959999999962747, 3035021.803000000305474 ], [ 556658.76, 3035021.603000000119209 ], [ 556658.660000000032596, 3035021.403 ], [ 556658.635, 3035021.228000000119209 ], [ 556657.584999999962747, 3035021.228000000119209 ] ] ] } },
{ "type": "Feature", "properties": { "unit_id": "c00048", "method": "watershed", "label": 48, "area_m2": 9.1231250000096047, "height_max_m": 1.7209513187408447, "height_mean_m": 1.0641147835882472, "canopy_cover": 0.99754098360655741, "volume_m3": 9.7366502698540973, "n_pixels": 3660, "data_coverage": 1.0, "vari_mean": 0.22993868744666446, "exg_mean": 0.24850751783907521, "gli_mean": 0.17153840534735687, "height_max_m_pct": 83.146067415730343, "height_mean_m_pct": 55.056179775280903, "volume_m3_pct": 89.887640449438194, "canopy_cover_pct": 23.595505617977526, "vari_mean_pct": 11.985018726591761, "exg_mean_pct": 7.1161048689138573, "gli_mean_pct": 7.1161048689138573 }, "geometry": { "type": "Polygon", "coordinates": [ [ [ 556611.184999999939464, 3034972.478000000119209 ], [ 556611.059999999939464, 3034972.703000000212342 ], [ 556610.959999999962747, 3034972.802999999839813 ], [ 556610.959999999962747, 3034972.853000000119209 ], [ 556610.634999999892898, 3034973.177999999839813 ], [ 556610.334999999962747, 3034973.328000000212342 ], [ 556610.23499999998603, 3034973.328000000212342 ], [ 556610.184999999939464, 3034973.378 ], [ 556610.084999999962747, 3034973.378 ], [ 556610.034999999916181, 3034973.427999999839813 ], [ 556609.909999999916181, 3034973.453000000212342 ], [ 556609.909999999916181, 3034974.302999999839813 ], [ 556609.98499999998603, 3034974.378 ], [ 556610.084999999962747, 3034974.378 ], [ 556610.48499999998603, 3034974.677999999839813 ], [ 556610.634999999892898, 3034974.728000000119209 ], [ 556610.73499999998603, 3034974.828000000212342 ], [ 556610.884999999892898, 3034974.878 ], [ 556611.084999999962747, 3034975.028 ], [ 556611.184999999939464, 3034975.028 ], [ 556611.23499999998603, 3034975.078000000212342 ], [ 556611.584999999962747, 3034975.078000000212342 ], [ 556611.634999999892898, 3034975.128 ], [ 556611.834999999962747, 3034975.128 ], [ 556612.034999999916181, 3034975.228000000119209 ], [ 556612.284999999916181, 3034975.228000000119209 ], [ 556612.684999999939464, 3034975.028 ], [ 556612.884999999892898, 3034975.028 ], [ 556612.934999999939464, 3034974.978000000119209 ], [ 556613.284999999916181, 3034974.978000000119209 ], [ 556613.334999999962747, 3034974.927999999839813 ], [ 556613.834999999962747, 3034974.878 ], [ 556613.884999999892898, 3034974.828000000212342 ], [ 556613.98499999998603, 3034974.828000000212342 ], [ 556614.184999999939464, 3034974.728000000119209 ], [ 556614.409999999916181, 3034974.503 ], [ 556614.459999999962747, 3034974.403 ], [ 556614.459999999962747, 3034974.052999999839813 ], [ 556614.409999999916181, 3034973.953000000212342 ], [ 556614.059999999939464, 3034973.603000000119209 ], [ 556613.659999999916181, 3034972.802999999839813 ], [ 556613.084999999962747, 3034972.778 ], [ 556612.48499999998603, 3034972.478000000119209 ], [ 556611.184999999939464, 3034972.478000000119209 ] ] ] } },
{ "type": "Feature", "properties": { "unit_id": "c00049", "method": "watershed", "label": 49, "area_m2": 9.0899999997558183, "height_max_m": 1.6793107986450195, "height_mean_m": 1.0984298656979872, "canopy_cover": 0.99862637362637363, "volume_m3": 9.9957117778738951, "n_pixels": 3640, "data_coverage": 1.0, "vari_mean": 0.18312286360794056, "exg_mean": 0.21976406346834126, "gli_mean": 0.15026135601546334, "height_max_m_pct": 80.149812734082388, "height_mean_m_pct": 67.041198501872657, "volume_m3_pct": 90.636704119850179, "canopy_cover_pct": 30.711610486891384, "vari_mean_pct": 2.6217228464419478, "exg_mean_pct": 2.6217228464419478, "gli_mean_pct": 2.2471910112359552 }, "geometry": { "type": "Polygon", "coordinates": [ [ [ 556612.059999999939464, 3035004.052999999839813 ], [ 556611.834999999962747, 3035004.278 ], [ 556611.73499999998603, 3035004.278 ], [ 556611.684999999939464, 3035004.328000000212342 ], [ 556610.98499999998603, 3035004.328000000212342 ], [ 556610.959999999962747, 3035004.453000000212342 ], [ 556611.009999999892898, 3035004.503 ], [ 556611.009999999892898, 3035004.953000000212342 ], [ 556611.059999999939464, 3035005.003 ], [ 556611.059999999939464, 3035005.703000000212342 ], [ 556611.10999999998603, 3035005.753 ], [ 556611.10999999998603, 3035006.253 ], [ 556611.159999999916181, 3035006.302999999839813 ], [ 556611.209999999962747, 3035006.603000000119209 ], [ 556611.35999999998603, 3035006.903 ], [ 556611.459999999962747, 3035007.003 ], [ 556611.559999999939464, 3035007.203000000212342 ], [ 556611.559999999939464, 3035007.302999999839813 ], [ 556611.60999999998603, 3035007.353000000119209 ], [ 556611.60999999998603, 3035007.953000000212342 ], [ 556611.559999999939464, 3035008.003 ], [ 556611.559999999939464, 3035008.253 ], [ 556611.509999999892898, 3035008.302999999839813 ], [ 556611.509999999892898, 3035008.403 ], [ 556611.559999999939464, 3035008.453000000212342 ], [ 556611.559999999939464, 3035008.552999999839813 ], [ 556611.659999999916181, 3035008.753 ], [ 556611.884999999892898, 3035008.978000000119209 ], [ 556611.98499999998603, 3035009.028 ], [ 556612.23499999998603, 3035009.028 ], [ 556612.584999999962747, 3035008.778 ], [ 556612.784999999916181, 3035008.677999999839813 ], [ 556612.884999999892898, 3035008.677999999839813 ], [ 556613.009999999892898, 3035008.552999999839813 ], [ 556613.009999999892898, 3035008.253 ], [ 556612.909999999916181, 3035008.052999999839813 ], [ 556612.60999999998603, 3035007.703000000212342 ], [ 556612.559999999939464, 3035007.603000000119209 ], [ 556612.559999999939464, 3035007.403 ], [ 556612.73499999998603, 3035007.228000000119209 ], [ 556612.834999999962747, 3035007.228000000119209 ], [ 556613.034999999916181, 3035007.128 ], [ 556613.334999999962747, 3035006.878 ], [ 556613.384999999892898, 3035006.878 ], [ 556613.60999999998603, 3035006.603000000119209 ], [ 556613.659999999916181, 3035006.403 ], [ 556613.709999999962747, 3035006.353000000119209 ], [ 556613.709999999962747, 3035005.953000000212342 ], [ 556613.759999999892898, 3035005.903 ], [ 556613.759999999892898, 3035005.703000000212342 ], [ 556613.809999999939464, 3035005.653 ], [ 556613.809999999939464, 3035005.453000000212342 ], [ 556613.709999999962747, 3035005.253 ], [ 556613.709999999962747, 3035005.153 ], [ 556613.559999999939464, 3035004.903 ], [ 556613.559999999939464, 3035004.552999999839813 ], [ 556613.60999999998603, 3035004.503 ], [ 556613.584999999962747, 3035004.478000000119209 ], [ 556612.834999999962747, 3035004.478000000119209 ], [ 556612.784999999916181, 3035004.427999999839813 ], [ 556612.534999999916181, 3035004.427999999839813 ], [ 556612.284999999916181, 3035004.228000000119209 ], [ 556612.084999999962747, 3035003.978000000119209 ], [ 556612.059999999939464, 3035004.052999999839813 ] ] ] } },
{ "type": "Feature", "properties": { "unit_id": "c00050", "method": "watershed", "label": 50, "area_m2": 2.213124999985157, "height_max_m": 1.7030242681503296, "height_mean_m": 1.2756142847769156, "canopy_cover": 1.0, "volume_m3": 2.8286746764990958, "n_pixels": 887, "data_coverage": 1.0, "vari_mean": 0.36796192026944557, "exg_mean": 0.46863383008618048, "gli_mean": 0.31046767838461548, "height_max_m_pct": 82.022471910112358, "height_mean_m_pct": 95.13108614232209, "volume_m3_pct": 50.936329588014985, "canopy_cover_pct": 69.850187265917612, "vari_mean_pct": 96.629213483146074, "exg_mean_pct": 94.756554307116104, "gli_mean_pct": 95.13108614232209 }, "geometry": { "type": "Polygon", "coordinates": [ [ [ 556650.434999999939464, 3035004.128 ], [ 556650.385, 3035004.177999999839813 ], [ 556650.284999999916181, 3035004.177999999839813 ], [ 556650.084999999962747, 3035004.278 ], [ 556649.909999999916181, 3035004.453000000212342 ], [ 556649.76, 3035004.753 ], [ 556649.76, 3035004.953000000212342 ], [ 556649.909999999916181, 3035005.253 ], [ 556650.059999999939464, 3035005.403 ], [ 556650.084999999962747, 3035005.478000000119209 ], [ 556650.135, 3035005.478000000119209 ], [ 556650.284999999916181, 3035005.628 ], [ 556650.385, 3035005.628 ], [ 556650.434999999939464, 3035005.677999999839813 ], [ 556650.98499999998603, 3035005.677999999839813 ], [ 556651.184999999939464, 3035005.578000000212342 ], [ 556651.459999999962747, 3035005.302999999839813 ], [ 556651.559999999939464, 3035005.103000000119209 ], [ 556651.559999999939464, 3035004.703000000212342 ], [ 556651.459999999962747, 3035004.503 ], [ 556651.23499999998603, 3035004.278 ], [ 556651.034999999916181, 3035004.177999999839813 ], [ 556650.885, 3035004.177999999839813 ], [ 556650.834999999962747, 3035004.128 ], [ 556650.434999999939464, 3035004.128 ] ] ] } },
{ "type": "Feature", "properties": { "unit_id": "c00051", "method": "watershed", "label": 51, "area_m2": 8.8281249995634425, "height_max_m": 1.6686439514160156, "height_mean_m": 1.1035755126474924, "canopy_cover": 1.0, "volume_m3": 9.6452499805605161, "n_pixels": 3496, "data_coverage": 1.0, "vari_mean": 0.2507957667405753, "exg_mean": 0.28984455852106322, "gli_mean": 0.19776075579704377, "height_max_m_pct": 78.651685393258433, "height_mean_m_pct": 68.913857677902627, "volume_m3_pct": 89.513108614232209, "canopy_cover_pct": 69.850187265917612, "vari_mean_pct": 22.846441947565545, "exg_mean_pct": 16.853932584269664, "gli_mean_pct": 16.104868913857679 }, "geometry": { "type": "Polygon", "coordinates": [ [ [ 556627.98499999998603, 3034990.128 ], [ 556627.934999999939464, 3034990.177999999839813 ], [ 556627.584999999962747, 3034990.177999999839813 ], [ 556627.534999999916181, 3034990.228000000119209 ], [ 556627.409999999916181, 3034990.253 ], [ 556627.409999999916181, 3034990.653 ], [ 556627.26, 3034990.903 ], [ 556627.26, 3034991.003 ], [ 556627.159999999916181, 3034991.153 ], [ 556627.10999999998603, 3034991.453000000212342 ], [ 556627.059999999939464, 3034991.503 ], [ 556627.059999999939464, 3034992.103000000119209 ], [ 556627.10999999998603, 3034992.153 ], [ 556627.10999999998603, 3034992.403 ], [ 556627.059999999939464, 3034992.453000000212342 ], [ 556627.059999999939464, 3034992.603000000119209 ], [ 556627.01, 3034992.703000000212342 ], [ 556626.385, 3034993.278 ], [ 556626.159999999916181, 3034993.552999999839813 ], [ 556626.10999999998603, 3034993.903 ], [ 556626.159999999916181, 3034993.953000000212342 ], [ 556626.159999999916181, 3034994.153 ], [ 556626.209999999962747, 3034994.203000000212342 ], [ 556626.209999999962747, 3034994.353000000119209 ], [ 556626.26, 3034994.403 ], [ 556626.26, 3034994.753 ], [ 556626.209999999962747, 3034994.802999999839813 ], [ 556626.23499999998603, 3034994.927999999839813 ], [ 556628.684999999939464, 3034994.927999999839813 ], [ 556628.709999999962747, 3034994.853000000119209 ], [ 556628.659999999916181, 3034994.802999999839813 ], [ 556628.659999999916181, 3034994.603000000119209 ], [ 556628.709999999962747, 3034994.503 ], [ 556629.159999999916181, 3034994.003 ], [ 556629.159999999916181, 3034993.953000000212342 ], [ 556629.309999999939464, 3034993.753 ], [ 556629.309999999939464, 3034993.653 ], [ 556629.35999999998603, 3034993.603000000119209 ], [ 556629.35999999998603, 3034993.403 ], [ 556629.309999999939464, 3034993.353000000119209 ], [ 556629.309999999939464, 3034993.203000000212342 ], [ 556629.26, 3034993.103000000119209 ], [ 556628.885, 3034992.778 ], [ 556628.284999999916181, 3034992.478000000119209 ], [ 556628.059999999939464, 3034992.253 ], [ 556628.059999999939464, 3034992.003 ], [ 556628.26, 3034991.653 ], [ 556628.35999999998603, 3034991.552999999839813 ], [ 556628.409999999916181, 3034991.353000000119209 ], [ 556628.459999999962747, 3034991.302999999839813 ], [ 556628.459999999962747, 3034991.203000000212342 ], [ 556628.409999999916181, 3034991.153 ], [ 556628.409999999916181, 3034990.953000000212342 ], [ 556628.35999999998603, 3034990.903 ], [ 556628.35999999998603, 3034990.753 ], [ 556628.309999999939464, 3034990.703000000212342 ], [ 556628.309999999939464, 3034990.552999999839813 ], [ 556628.26, 3034990.503 ], [ 556628.26, 3034990.353000000119209 ], [ 556628.209999999962747, 3034990.302999999839813 ], [ 556628.184999999939464, 3034990.128 ], [ 556627.98499999998603, 3034990.128 ] ] ] } },
{ "type": "Feature", "properties": { "unit_id": "c00052", "method": "watershed", "label": 52, "area_m2": 7.1837499998082057, "height_max_m": 1.6660741567611694, "height_mean_m": 1.327078050733697, "canopy_cover": 0.99965010496850948, "volume_m3": 9.4819726725133346, "n_pixels": 2858, "data_coverage": 1.0, "vari_mean": 0.24690547817651964, "exg_mean": 0.32872093969153909, "gli_mean": 0.22134523019574559, "height_max_m_pct": 78.277153558052433, "height_mean_m_pct": 98.50187265917603, "volume_m3_pct": 88.014981273408239, "canopy_cover_pct": 38.951310861423224, "vari_mean_pct": 19.850187265917604, "exg_mean_pct": 40.823970037453186, "gli_mean_pct": 37.078651685393261 }, "geometry": { "type": "Polygon", "coordinates": [ [ [ 556627.135, 3035038.728000000119209 ], [ 556626.934999999939464, 3035038.828000000212342 ], [ 556626.684999999939464, 3035039.028 ], [ 556626.635, 3035039.028 ], [ 556626.209999999962747, 3035039.453000000212342 ], [ 556626.10999999998603, 3035039.653 ], [ 556626.01, 3035039.753 ], [ 556626.01, 3035039.853000000119209 ], [ 556625.959999999962747, 3035039.903 ], [ 556625.959999999962747, 3035040.403 ], [ 556626.01, 3035040.453000000212342 ], [ 556626.01, 3035040.553000000305474 ], [ 556626.209999999962747, 3035040.953000000212342 ], [ 556626.409999999916181, 3035041.153 ], [ 556626.51, 3035041.353000000119209 ], [ 556626.635, 3035041.478000000119209 ], [ 556627.834999999962747, 3035041.478000000119209 ], [ 556627.885, 3035041.528 ], [ 556628.73499999998603, 3035041.528 ], [ 556628.909999999916181, 3035041.303000000305474 ], [ 556629.159999999916181, 3035040.753 ], [ 556629.159999999916181, 3035040.503 ], [ 556629.209999999962747, 3035040.453000000212342 ], [ 556629.209999999962747, 3035040.303000000305474 ], [ 556629.159999999916181, 3035040.253 ], [ 556629.159999999916181, 3035040.053000000305474 ], [ 556628.909999999916181, 3035039.603000000119209 ], [ 556628.635, 3035039.278 ], [ 556628.584999999962747, 3035039.278 ], [ 556628.434999999939464, 3035039.128 ], [ 556628.385, 3035039.128 ], [ 556628.284999999916181, 3035039.028 ], [ 556627.934999999939464, 3035038.828000000212342 ], [ 556627.834999999962747, 3035038.828000000212342 ], [ 556627.684999999939464, 3035038.728000000119209 ], [ 556627.48499999998603, 3035038.728000000119209 ], [ 556627.434999999939464, 3035038.678000000305474 ], [ 556627.135, 3035038.728000000119209 ] ] ] } },
{ "type": "Feature", "properties": { "unit_id": "c00053", "method": "watershed", "label": 53, "area_m2": 2.5268749999365534, "height_max_m": 1.669992208480835, "height_mean_m": 1.1222314344135349, "canopy_cover": 0.99800399201596801, "volume_m3": 2.8111897432121515, "n_pixels": 1002, "data_coverage": 1.0, "vari_mean": 0.29203214794026555, "exg_mean": 0.36815114423501055, "gli_mean": 0.24834052666432754, "height_max_m_pct": 79.400749063670418, "height_mean_m_pct": 74.906367041198507, "volume_m3_pct": 50.187265917603, "canopy_cover_pct": 26.591760299625467, "vari_mean_pct": 52.434456928838948, "exg_mean_pct": 61.048689138576783, "gli_mean_pct": 60.674157303370791 }, "geometry": { "type": "Polygon", "coordinates": [ [ [ 556658.434999999939464, 3035019.328000000212342 ], [ 556658.035000000032596, 3035019.428000000305474 ], [ 556657.834999999962747, 3035019.578000000212342 ], [ 556657.785000000032596, 3035019.578000000212342 ], [ 556657.60999999998603, 3035019.753 ], [ 556657.60999999998603, 3035019.803000000305474 ], [ 556657.459999999962747, 3035020.003 ], [ 556657.35999999998603, 3035020.203000000212342 ], [ 556657.35999999998603, 3035020.303000000305474 ], [ 556657.309999999939464, 3035020.353000000119209 ], [ 556657.309999999939464, 3035020.603000000119209 ], [ 556657.559999999939464, 3035021.103000000119209 ], [ 556657.584999999962747, 3035021.228000000119209 ], [ 556658.635, 3035021.228000000119209 ], [ 556658.709999999962747, 3035021.103000000119209 ], [ 556658.76, 3035020.903 ], [ 556658.85999999998603, 3035020.803000000305474 ], [ 556659.01, 3035020.503 ], [ 556659.01, 3035020.203000000212342 ], [ 556658.959999999962747, 3035020.153 ], [ 556658.959999999962747, 3035019.953000000212342 ], [ 556658.76, 3035019.603000000119209 ], [ 556658.76, 3035019.503 ], [ 556658.660000000032596, 3035019.303000000305474 ], [ 556658.584999999962747, 3035019.228000000119209 ], [ 556658.434999999939464, 3035019.328000000212342 ] ] ] } },
{ "type": "Feature", "properties": { "unit_id": "c00054", "method": "watershed", "label": 54, "area_m2": 4.7206249999962164, "height_max_m": 1.7380824089050293, "height_mean_m": 1.1758430819897314, "canopy_cover": 0.99947061937533088, "volume_m3": 5.5529189547088453, "n_pixels": 1889, "data_coverage": 1.0, "vari_mean": 0.28737361822822921, "exg_mean": 0.30554916088506484, "gli_mean": 0.20966453583539782, "height_max_m_pct": 83.520599250936328, "height_mean_m_pct": 85.018726591760299, "volume_m3_pct": 72.659176029962552, "canopy_cover_pct": 35.205992509363298, "vari_mean_pct": 50.561797752808992, "exg_mean_pct": 23.595505617977526, "gli_mean_pct": 25.0936329588015 }, "geometry": { "type": "Polygon", "coordinates": [ [ [ 556612.98499999998603, 3034965.528 ], [ 556612.73499999998603, 3034965.528 ], [ 556612.684999999939464, 3034965.578000000212342 ], [ 556612.48499999998603, 3034965.578000000212342 ], [ 556612.434999999939464, 3034965.628 ], [ 556612.334999999962747, 3034965.628 ], [ 556612.059999999939464, 3034965.903 ], [ 556612.059999999939464, 3034966.003 ], [ 556612.009999999892898, 3034966.052999999839813 ], [ 556612.009999999892898, 3034966.253 ], [ 556611.959999999962747, 3034966.302999999839813 ], [ 556611.959999999962747, 3034966.453000000212342 ], [ 556611.759999999892898, 3034966.853000000119209 ], [ 556611.434999999939464, 3034967.177999999839813 ], [ 556611.334999999962747, 3034967.228000000119209 ], [ 556611.209999999962747, 3034967.403 ], [ 556611.334999999962747, 3034967.528 ], [ 556611.534999999916181, 3034967.628 ], [ 556611.60999999998603, 3034967.703000000212342 ], [ 556611.634999999892898, 3034967.828000000212342 ], [ 556613.709999999962747, 3034967.802999999839813 ], [ 556613.709999999962747, 3034967.653 ], [ 556613.85999999998603, 3034967.403 ], [ 556613.85999999998603, 3034967.253 ], [ 556613.909999999916181, 3034967.203000000212342 ], [ 556613.909999999916181, 3034966.953000000212342 ], [ 556614.009999999892898, 3034966.753 ], [ 556614.009999999892898, 3034966.653 ], [ 556614.10999999998603, 3034966.503 ], [ 556614.10999999998603, 3034966.203000000212342 ], [ 556613.934999999939464, 3034965.978000000119209 ], [ 556613.684999999939464, 3034965.878 ], [ 556613.284999999916181, 3034965.528 ], [ 556613.134999999892898, 3034965.528 ], [ 556613.084999999962747, 3034965.478000000119209 ], [ 556612.98499999998603, 3034965.528 ] ] ] } },
{ "type": "Feature", "properties": { "unit_id": "c00055", "method": "watershed", "label": 55, "area_m2": 5.0599999999604179, "height_max_m": 1.6826058626174927, "height_mean_m": 1.0678991337311876, "canopy_cover": 1.0, "volume_m3": 5.3848813818514794, "n_pixels": 2017, "data_coverage": 1.0, "vari_mean": 0.30800651113615629, "exg_mean": 0.32999985516576136, "gli_mean": 0.22645374344574445, "height_max_m_pct": 80.898876404494374, "height_mean_m_pct": 56.17977528089888, "volume_m3_pct": 71.161048689138568, "canopy_cover_pct": 69.850187265917612, "vari_mean_pct": 64.044943820224717, "exg_mean_pct": 41.947565543071164, "gli_mean_pct": 44.943820224719097 }, "geometry": { "type": "Polygon", "coordinates": [ [ [ 556620.034999999916181, 3034992.528 ], [ 556619.98499999998603, 3034992.578000000212342 ], [ 556619.884999999892898, 3034992.578000000212342 ], [ 556619.684999999939464, 3034992.677999999839813 ], [ 556619.584999999962747, 3034992.778 ], [ 556619.534999999916181, 3034992.778 ], [ 556619.034999999916181, 3034993.278 ], [ 556618.884999999892898, 3034993.328000000212342 ], [ 556618.659999999916181, 3034993.552999999839813 ], [ 556618.60999999998603, 3034993.653 ], [ 556618.60999999998603, 3034993.802999999839813 ], [ 556618.959999999962747, 3034994.403 ], [ 556618.959999999962747, 3034994.503 ], [ 556619.059999999939464, 3034994.703000000212342 ], [ 556619.084999999962747, 3034994.878 ], [ 556620.434999999939464, 3034994.828000000212342 ], [ 556620.48499999998603, 3034994.878 ], [ 556620.98499999998603, 3034994.878 ], [ 556621.009999999892898, 3034994.802999999839813 ], [ 556621.259999999892898, 3034994.552999999839813 ], [ 556621.35999999998603, 3034994.353000000119209 ], [ 556621.35999999998603, 3034994.253 ], [ 556621.409999999916181, 3034994.203000000212342 ], [ 556621.409999999916181, 3034993.453000000212342 ], [ 556621.209999999962747, 3034993.103000000119209 ], [ 556621.084999999962747, 3034992.978000000119209 ], [ 556621.034999999916181, 3034992.978000000119209 ], [ 556620.884999999892898, 3034992.828000000212342 ], [ 556620.834999999962747, 3034992.828000000212342 ], [ 556620.584999999962747, 3034992.628 ], [ 556620.384999999892898, 3034992.578000000212342 ], [ 556620.334999999962747, 3034992.528 ], [ 556620.034999999916181, 3034992.528 ] ] ] } },
{ "type": "Feature", "properties": { "unit_id": "c00056", "method": "watershed", "label": 56, "area_m2": 10.195000000264264, "height_max_m": 1.6609845161437988, "height_mean_m": 1.1717973600987242, "canopy_cover": 0.99951004409603139, "volume_m3": 11.958192059834051, "n_pixels": 4082, "data_coverage": 1.0, "vari_mean": 0.23181161598153235, "exg_mean": 0.30608540076394763, "gli_mean": 0.20723045553617972, "height_max_m_pct": 77.902621722846447, "height_mean_m_pct": 83.520599250936328, "volume_m3_pct": 92.509363295880149, "canopy_cover_pct": 36.329588014981276, "vari_mean_pct": 13.108614232209737, "exg_mean_pct": 24.719101123595504, "gli_mean_pct": 21.722846441947567 }, "geometry": { "type": "Polygon", "coordinates": [ [ [ 556635.48499999998603, 3034929.228000000119209 ], [ 556635.284999999916181, 3034929.328000000212342 ], [ 556634.959999999962747, 3034929.653 ], [ 556634.909999999916181, 3034929.753 ], [ 556634.909999999916181, 3034929.903 ], [ 556634.85999999998603, 3034929.953000000212342 ], [ 556634.909999999916181, 3034931.253 ], [ 556634.809999999939464, 3034931.453000000212342 ], [ 556634.684999999939464, 3034931.578000000212342 ], [ 556634.635, 3034931.578000000212342 ], [ 556634.434999999939464, 3034931.778 ], [ 556634.23499999998603, 3034931.878 ], [ 556634.01, 3034932.103000000119209 ], [ 556633.959999999962747, 3034932.203000000212342 ], [ 556633.959999999962747, 3034932.552999999839813 ], [ 556634.10999999998603, 3034932.753 ], [ 556634.10999999998603, 3034932.802999999839813 ], [ 556634.35999999998603, 3034933.052999999839813 ], [ 556634.409999999916181, 3034933.153 ], [ 556634.409999999916181, 3034933.302999999839813 ], [ 556634.459999999962747, 3034933.353000000119209 ], [ 556634.459999999962747, 3034933.853000000119209 ], [ 556634.409999999916181, 3034933.903 ], [ 556634.409999999916181, 3034934.003 ], [ 556634.309999999939464, 3034934.203000000212342 ], [ 556634.209999999962747, 3034934.302999999839813 ], [ 556634.23499999998603, 3034934.328000000212342 ], [ 556634.98499999998603, 3034934.328000000212342 ], [ 556635.184999999939464, 3034934.228000000119209 ], [ 556636.809999999939464, 3034934.203000000212342 ], [ 556636.85999999998603, 3034933.753 ], [ 556636.909999999916181, 3034933.703000000212342 ], [ 556636.909999999916181, 3034933.552999999839813 ], [ 556636.959999999962747, 3034933.503 ], [ 556636.959999999962747, 3034933.103000000119209 ], [ 556636.709999999962747, 3034932.552999999839813 ], [ 556636.60999999998603, 3034932.453000000212342 ], [ 556636.60999999998603, 3034932.353000000119209 ], [ 556636.51, 3034932.203000000212342 ], [ 556636.409999999916181, 3034931.802999999839813 ], [ 556636.35999999998603, 3034931.753 ], [ 556636.35999999998603, 3034931.453000000212342 ], [ 556636.51, 3034931.153 ], [ 556636.559999999939464, 3034930.903 ], [ 556636.709999999962747, 3034930.703000000212342 ], [ 556636.709999999962747, 3034930.603000000119209 ], [ 556636.76, 3034930.552999999839813 ], [ 556636.76, 3034930.353000000119209 ], [ 556636.459999999962747, 3034930.003 ], [ 556636.26, 3034929.552999999839813 ], [ 556636.034999999916181, 3034929.328000000212342 ], [ 556635.834999999962747, 3034929.228000000119209 ], [ 556635.48499999998603, 3034929.228000000119209 ] ] ] } },
{ "type": "Feature", "properties": { "unit_id": "c00057", "method": "watershed", "label": 57, "area_m2": 5.3475000001423183, "height_max_m": 1.6800614595413208, "height_mean_m": 1.0966900964802695, "canopy_cover": 0.99165894346617234, "volume_m3": 5.9166430705242012, "n_pixels": 2158, "data_coverage": 1.0, "vari_mean": 0.33637625639067492, "exg_mean": 0.43717418059485036, "gli_mean": 0.28934416738837304, "height_max_m_pct": 80.524344569288388, "height_mean_m_pct": 66.666666666666657, "volume_m3_pct": 74.531835205992508, "canopy_cover_pct": 8.9887640449438209, "vari_mean_pct": 80.524344569288388, "exg_mean_pct": 88.764044943820224, "gli_mean_pct": 86.891385767790268 }, "geometry": { "type": "Polygon", "coordinates": [ [ [ 556658.535000000032596, 3034970.177999999839813 ], [ 556658.434999999939464, 3034970.328000000212342 ], [ 556658.135, 3034970.478000000119209 ], [ 556658.035000000032596, 3034970.478000000119209 ], [ 556657.934999999939464, 3034970.578000000212342 ], [ 556657.885, 3034970.578000000212342 ], [ 556657.60999999998603, 3034970.903 ], [ 556657.559999999939464, 3034971.103000000119209 ], [ 556657.51, 3034971.153 ], [ 556657.51, 3034971.403 ], [ 556657.559999999939464, 3034971.453000000212342 ], [ 556657.559999999939464, 3034971.552999999839813 ], [ 556657.76, 3034971.802999999839813 ], [ 556657.76, 3034971.853000000119209 ], [ 556658.01, 3034972.103000000119209 ], [ 556658.059999999939464, 3034972.203000000212342 ], [ 556658.059999999939464, 3034972.403 ], [ 556657.410000000032596, 3034973.003 ], [ 556657.35999999998603, 3034973.203000000212342 ], [ 556657.410000000032596, 3034973.302999999839813 ], [ 556657.635, 3034973.528 ], [ 556657.834999999962747, 3034973.628 ], [ 556657.934999999939464, 3034973.628 ], [ 556658.334999999962747, 3034973.828000000212342 ], [ 556658.684999999939464, 3034973.828000000212342 ], [ 556658.959999999962747, 3034973.603000000119209 ], [ 556659.059999999939464, 3034973.403 ], [ 556659.059999999939464, 3034972.953000000212342 ], [ 556659.01, 3034972.903 ], [ 556659.01, 3034972.653 ], [ 556658.959999999962747, 3034972.603000000119209 ], [ 556658.959999999962747, 3034972.453000000212342 ], [ 556659.01, 3034972.403 ], [ 556659.01, 3034972.302999999839813 ], [ 556659.10999999998603, 3034972.103000000119209 ], [ 556659.309999999939464, 3034971.903 ], [ 556659.309999999939464, 3034971.853000000119209 ], [ 556659.559999999939464, 3034971.503 ], [ 556659.60999999998603, 3034971.103000000119209 ], [ 556659.559999999939464, 3034971.052999999839813 ], [ 556659.559999999939464, 3034970.853000000119209 ], [ 556659.459999999962747, 3034970.653 ], [ 556659.459999999962747, 3034970.552999999839813 ], [ 556659.410000000032596, 3034970.503 ], [ 556659.410000000032596, 3034970.403 ], [ 556659.285000000032596, 3034970.177999999839813 ], [ 556658.535000000032596, 3034970.177999999839813 ] ] ] } },
{ "type": "Feature", "properties": { "unit_id": "c00058", "method": "watershed", "label": 58, "area_m2": 9.6706250000064049, "height_max_m": 1.6695928573608398, "height_mean_m": 1.088902210503073, "canopy_cover": 1.0, "volume_m3": 10.475239265062839, "n_pixels": 3848, "data_coverage": 1.0, "vari_mean": 0.25725966854789573, "exg_mean": 0.30582830473159828, "gli_mean": 0.20922328788151803, "height_max_m_pct": 79.026217228464418, "height_mean_m_pct": 62.546816479400746, "volume_m3_pct": 91.011235955056179, "canopy_cover_pct": 69.850187265917612, "vari_mean_pct": 27.340823970037455, "exg_mean_pct": 23.970037453183522, "gli_mean_pct": 24.719101123595504 }, "geometry": { "type": "Polygon", "coordinates": [ [ [ 556628.23499999998603, 3034968.177999999839813 ], [ 556628.184999999939464, 3034968.228000000119209 ], [ 556627.934999999939464, 3034968.228000000119209 ], [ 556627.885, 3034968.278 ], [ 556626.76, 3034968.302999999839813 ], [ 556626.809999999939464, 3034968.403 ], [ 556626.809999999939464, 3034969.153 ], [ 556626.76, 3034969.203000000212342 ], [ 556626.76, 3034969.302999999839813 ], [ 556626.659999999916181, 3034969.503 ], [ 556626.659999999916181, 3034969.653 ], [ 556626.60999999998603, 3034969.753 ], [ 556626.959999999962747, 3034970.302999999839813 ], [ 556627.059999999939464, 3034970.703000000212342 ], [ 556627.10999999998603, 3034970.753 ], [ 556627.10999999998603, 3034970.953000000212342 ], [ 556627.01, 3034971.153 ], [ 556627.01, 3034971.253 ], [ 556626.959999999962747, 3034971.302999999839813 ], [ 556626.959999999962747, 3034971.953000000212342 ], [ 556627.059999999939464, 3034972.153 ], [ 556627.35999999998603, 3034972.503 ], [ 556627.409999999916181, 3034972.603000000119209 ], [ 556627.434999999939464, 3034972.828000000212342 ], [ 556628.51, 3034972.802999999839813 ], [ 556628.559999999939464, 3034972.603000000119209 ], [ 556628.76, 3034972.403 ], [ 556628.959999999962747, 3034972.052999999839813 ], [ 556628.959999999962747, 3034971.503 ], [ 556628.909999999916181, 3034971.453000000212342 ], [ 556628.909999999916181, 3034971.302999999839813 ], [ 556628.659999999916181, 3034970.802999999839813 ], [ 556628.709999999962747, 3034970.552999999839813 ], [ 556628.98499999998603, 3034970.278 ], [ 556629.184999999939464, 3034970.177999999839813 ], [ 556629.284999999916181, 3034970.177999999839813 ], [ 556629.48499999998603, 3034970.028 ], [ 556629.534999999916181, 3034970.028 ], [ 556629.709999999962747, 3034969.753 ], [ 556629.709999999962747, 3034969.403 ], [ 556629.60999999998603, 3034969.203000000212342 ], [ 556629.159999999916181, 3034968.753 ], [ 556629.159999999916181, 3034968.703000000212342 ], [ 556628.76, 3034968.302999999839813 ], [ 556628.76, 3034968.253 ], [ 556628.684999999939464, 3034968.177999999839813 ], [ 556628.23499999998603, 3034968.177999999839813 ] ] ] } },
{ "type": "Feature", "properties": { "unit_id": "c00059", "method": "watershed", "label": 59, "area_m2": 3.0231250000750873, "height_max_m": 1.6590780019760132, "height_mean_m": 1.2162887467735115, "canopy_cover": 0.99835796387520526, "volume_m3": 3.7035992339335722, "n_pixels": 1218, "data_coverage": 1.0, "vari_mean": 0.34445938354858918, "exg_mean": 0.450684383023082, "gli_mean": 0.29833538720157349, "height_max_m_pct": 77.528089887640448, "height_mean_m_pct": 91.385767790262179, "volume_m3_pct": 60.299625468164798, "canopy_cover_pct": 29.588014981273407, "vari_mean_pct": 83.895131086142328, "exg_mean_pct": 91.385767790262179, "gli_mean_pct": 91.011235955056179 }, "geometry": { "type": "Polygon", "coordinates": [ [ [ 556658.184999999939464, 3035004.228000000119209 ], [ 556658.084999999962747, 3035004.278 ], [ 556657.459999999962747, 3035004.853000000119209 ], [ 556657.309999999939464, 3035005.103000000119209 ], [ 556657.309999999939464, 3035005.353000000119209 ], [ 556657.410000000032596, 3035005.552999999839813 ], [ 556658.135, 3035006.228000000119209 ], [ 556658.334999999962747, 3035006.328000000212342 ], [ 556658.535000000032596, 3035006.328000000212342 ], [ 556658.73499999998603, 3035006.177999999839813 ], [ 556658.785000000032596, 3035006.177999999839813 ], [ 556659.10999999998603, 3035005.853000000119209 ], [ 556659.10999999998603, 3035005.802999999839813 ], [ 556659.209999999962747, 3035005.703000000212342 ], [ 556659.309999999939464, 3035005.503 ], [ 556659.309999999939464, 3035005.403 ], [ 556659.35999999998603, 3035005.353000000119209 ], [ 556659.35999999998603, 3035004.903 ], [ 556659.135, 3035004.628 ], [ 556658.885, 3035004.427999999839813 ], [ 556658.584999999962747, 3035004.278 ], [ 556658.48499999998603, 3035004.278 ], [ 556658.434999999939464, 3035004.228000000119209 ], [ 556658.184999999939464, 3035004.228000000119209 ] ] ] } },
{ "type": "Feature", "properties": { "unit_id": "c00060", "method": "watershed", "label": 60, "area_m2": 4.6849999999764247, "height_max_m": 1.6787946224212646, "height_mean_m": 1.1310888362999338, "canopy_cover": 0.99623453469607315, "volume_m3": 5.2567353667156231, "n_pixels": 1859, "data_coverage": 1.0, "vari_mean": 0.30276463776581919, "exg_mean": 0.36111699466613545, "gli_mean": 0.24443710850835934, "height_max_m_pct": 79.775280898876403, "height_mean_m_pct": 76.029962546816478, "volume_m3_pct": 70.037453183520597, "canopy_cover_pct": 18.352059925093634, "vari_mean_pct": 60.299625468164798, "exg_mean_pct": 57.303370786516851, "gli_mean_pct": 56.554307116104873 }, "geometry": { "type": "Polygon", "coordinates": [ [ [ 556619.35999999998603, 3035034.103000000119209 ], [ 556619.409999999916181, 3035034.153 ], [ 556619.409999999916181, 3035034.253 ], [ 556619.309999999939464, 3035034.453000000212342 ], [ 556619.10999999998603, 3035034.653 ], [ 556619.10999999998603, 3035034.703000000212342 ], [ 556618.909999999916181, 3035034.953000000212342 ], [ 556618.909999999916181, 3035035.053000000305474 ], [ 556618.85999999998603, 3035035.103000000119209 ], [ 556618.85999999998603, 3035035.403 ], [ 556618.909999999916181, 3035035.453000000212342 ], [ 556618.909999999916181, 3035035.603000000119209 ], [ 556618.959999999962747, 3035035.703000000212342 ], [ 556619.409999999916181, 3035036.203000000212342 ], [ 556619.459999999962747, 3035036.403 ], [ 556619.534999999916181, 3035036.528 ], [ 556620.184999999939464, 3035036.528 ], [ 556620.23499999998603, 3035036.578000000212342 ], [ 556620.534999999916181, 3035036.578000000212342 ], [ 556620.559999999939464, 3035036.503 ], [ 556620.73499999998603, 3035036.328000000212342 ], [ 556620.934999999939464, 3035036.278 ], [ 556620.98499999998603, 3035036.228000000119209 ], [ 556621.084999999962747, 3035036.228000000119209 ], [ 556621.259999999892898, 3035036.053000000305474 ], [ 556621.309999999939464, 3035035.853000000119209 ], [ 556621.35999999998603, 3035035.803000000305474 ], [ 556621.35999999998603, 3035035.253 ], [ 556621.309999999939464, 3035035.203000000212342 ], [ 556621.309999999939464, 3035035.103000000119209 ], [ 556621.209999999962747, 3035034.903 ], [ 556620.73499999998603, 3035034.378 ], [ 556620.684999999939464, 3035034.378 ], [ 556620.48499999998603, 3035034.228000000119209 ], [ 556620.23499999998603, 3035034.178000000305474 ], [ 556620.134999999892898, 3035034.078000000212342 ], [ 556619.35999999998603, 3035034.103000000119209 ] ] ] } },
{ "type": "Feature", "properties": { "unit_id": "c00061", "method": "watershed", "label": 61, "area_m2": 3.7474999999473213, "height_max_m": 1.6447875499725342, "height_mean_m": 1.2039070394505238, "canopy_cover": 0.99800266311584551, "volume_m3": 4.5206709331467616, "n_pixels": 1502, "data_coverage": 1.0, "vari_mean": 0.33643278862187975, "exg_mean": 0.50773033619591468, "gli_mean": 0.32567741703584308, "height_max_m_pct": 76.779026217228463, "height_mean_m_pct": 89.513108614232209, "volume_m3_pct": 65.543071161048687, "canopy_cover_pct": 26.217228464419474, "vari_mean_pct": 81.273408239700373, "exg_mean_pct": 98.50187265917603, "gli_mean_pct": 97.752808988764045 }, "geometry": { "type": "Polygon", "coordinates": [ [ [ 556666.334999999962747, 3034936.328000000212342 ], [ 556666.184999999939464, 3034936.328000000212342 ], [ 556665.98499999998603, 3034936.427999999839813 ], [ 556665.559999999939464, 3034936.853000000119209 ], [ 556665.35999999998603, 3034937.203000000212342 ], [ 556665.35999999998603, 3034937.552999999839813 ], [ 556665.459999999962747, 3034937.753 ], [ 556665.684999999939464, 3034937.978000000119209 ], [ 556666.23499999998603, 3034938.228000000119209 ], [ 556666.410000000032596, 3034938.403 ], [ 556666.434999999939464, 3034938.528 ], [ 556666.73499999998603, 3034938.528 ], [ 556666.834999999962747, 3034938.628 ], [ 556666.934999999939464, 3034938.628 ], [ 556666.98499999998603, 3034938.677999999839813 ], [ 556667.285000000032596, 3034938.677999999839813 ], [ 556667.309999999939464, 3034938.552999999839813 ], [ 556667.35999999998603, 3034938.503 ], [ 556667.35999999998603, 3034938.253 ], [ 556667.410000000032596, 3034938.203000000212342 ], [ 556667.410000000032596, 3034938.052999999839813 ], [ 556667.51, 3034937.853000000119209 ], [ 556667.51, 3034937.753 ], [ 556667.559999999939464, 3034937.703000000212342 ], [ 556667.559999999939464, 3034937.603000000119209 ], [ 556667.60999999998603, 3034937.552999999839813 ], [ 556667.60999999998603, 3034937.103000000119209 ], [ 556667.559999999939464, 3034937.003 ], [ 556667.285000000032596, 3034936.728000000119209 ], [ 556667.135, 3034936.677999999839813 ], [ 556666.73499999998603, 3034936.378 ], [ 556666.635, 3034936.328000000212342 ], [ 556666.48499999998603, 3034936.328000000212342 ], [ 556666.434999999939464, 3034936.278 ], [ 556666.334999999962747, 3034936.328000000212342 ] ] ] } },
{ "type": "Feature", "properties": { "unit_id": "c00062", "method": "watershed", "label": 62, "area_m2": 3.8193750000855653, "height_max_m": 1.6562864780426025, "height_mean_m": 1.102394392183627, "canopy_cover": 0.99674267100977199, "volume_m3": 4.230438480014068, "n_pixels": 1535, "data_coverage": 1.0, "vari_mean": 0.2930565599063209, "exg_mean": 0.32700031755427084, "gli_mean": 0.22239722308306417, "height_max_m_pct": 77.153558052434462, "height_mean_m_pct": 68.164794007490642, "volume_m3_pct": 64.419475655430716, "canopy_cover_pct": 19.850187265917604, "vari_mean_pct": 52.80898876404494, "exg_mean_pct": 38.576779026217231, "gli_mean_pct": 39.325842696629216 }, "geometry": { "type": "Polygon", "coordinates": [ [ [ 556619.784999999916181, 3034994.828000000212342 ], [ 556619.73499999998603, 3034994.878 ], [ 556619.059999999939464, 3034994.903 ], [ 556619.10999999998603, 3034995.003 ], [ 556619.10999999998603, 3034995.203000000212342 ], [ 556619.059999999939464, 3034995.253 ], [ 556619.009999999892898, 3034995.603000000119209 ], [ 556618.959999999962747, 3034995.653 ], [ 556618.959999999962747, 3034995.853000000119209 ], [ 556619.009999999892898, 3034995.903 ], [ 556619.009999999892898, 3034996.003 ], [ 556619.159999999916181, 3034996.203000000212342 ], [ 556619.209999999962747, 3034996.353000000119209 ], [ 556619.309999999939464, 3034996.453000000212342 ], [ 556619.309999999939464, 3034996.503 ], [ 556619.684999999939464, 3034996.878 ], [ 556619.884999999892898, 3034996.978000000119209 ], [ 556620.434999999939464, 3034996.978000000119209 ], [ 556620.584999999962747, 3034996.878 ], [ 556620.684999999939464, 3034996.878 ], [ 556620.784999999916181, 3034996.828000000212342 ], [ 556621.034999999916181, 3034996.578000000212342 ], [ 556621.10999999998603, 3034996.453000000212342 ], [ 556621.10999999998603, 3034996.302999999839813 ], [ 556621.159999999916181, 3034996.253 ], [ 556621.159999999916181, 3034995.753 ], [ 556620.85999999998603, 3034995.253 ], [ 556620.85999999998603, 3034995.052999999839813 ], [ 556620.959999999962747, 3034994.903 ], [ 556620.48499999998603, 3034994.878 ], [ 556620.434999999939464, 3034994.828000000212342 ], [ 556619.784999999916181, 3034994.828000000212342 ] ] ] } },
{ "type": "Feature", "properties": { "unit_id": "c00063", "method": "watershed", "label": 63, "area_m2": 3.0531249997962728, "height_max_m": 1.6321732997894287, "height_mean_m": 1.2017252858621734, "canopy_cover": 0.99265306122448982, "volume_m3": 3.6802836879610834, "n_pixels": 1225, "data_coverage": 1.0, "vari_mean": 0.33410608240087575, "exg_mean": 0.36788594569302963, "gli_mean": 0.24818045482844428, "height_max_m_pct": 76.029962546816478, "height_mean_m_pct": 89.138576779026209, "volume_m3_pct": 59.925093632958806, "canopy_cover_pct": 11.610486891385769, "vari_mean_pct": 79.400749063670418, "exg_mean_pct": 60.674157303370791, "gli_mean_pct": 60.299625468164798 }, "geometry": { "type": "Polygon", "coordinates": [ [ [ 556666.035000000032596, 3034965.978000000119209 ], [ 556665.785000000032596, 3034966.228000000119209 ], [ 556665.73499999998603, 3034966.228000000119209 ], [ 556665.584999999962747, 3034966.378 ], [ 556665.535000000032596, 3034966.378 ], [ 556665.309999999939464, 3034966.653 ], [ 556665.309999999939464, 3034966.753 ], [ 556665.26, 3034966.802999999839813 ], [ 556665.26, 3034967.353000000119209 ], [ 556665.410000000032596, 3034967.552999999839813 ], [ 556665.410000000032596, 3034967.603000000119209 ], [ 556665.785000000032596, 3034967.927999999839813 ], [ 556665.885, 3034967.927999999839813 ], [ 556665.934999999939464, 3034967.978000000119209 ], [ 556666.135, 3034967.978000000119209 ], [ 556666.184999999939464, 3034967.927999999839813 ], [ 556666.334999999962747, 3034967.927999999839813 ], [ 556666.535000000032596, 3034967.828000000212342 ], [ 556666.635, 3034967.828000000212342 ], [ 556666.684999999939464, 3034967.778 ], [ 556666.785000000032596, 3034967.778 ], [ 556666.959999999962747, 3034967.653 ], [ 556667.160000000032596, 3034967.403 ], [ 556667.209999999962747, 3034967.302999999839813 ], [ 556667.209999999962747, 3034966.802999999839813 ], [ 556667.059999999939464, 3034966.503 ], [ 556666.910000000032596, 3034966.302999999839813 ], [ 556666.885, 3034965.978000000119209 ], [ 556666.035000000032596, 3034965.978000000119209 ] ] ] } },
{ "type": "Feature", "properties": { "unit_id": "c00064", "method": "watershed", "label": 64, "area_m2": 2.6562500001033187, "height_max_m": 1.7640266418457031, "height_mean_m": 1.0988202726961755, "canopy_cover": 0.998114985862394, "volume_m3": 2.9146207733330818, "n_pixels": 1061, "data_coverage": 1.0, "vari_mean": 0.30424536929085444, "exg_mean": 0.38533937494015114, "gli_mean": 0.25752853260067549, "height_max_m_pct": 85.393258426966284, "height_mean_m_pct": 67.415730337078656, "volume_m3_pct": 52.059925093632963, "canopy_cover_pct": 27.715355805243448, "vari_mean_pct": 61.048689138576783, "exg_mean_pct": 66.292134831460672, "gli_mean_pct": 65.543071161048687 }, "geometry": { "type": "Polygon", "coordinates": [ [ [ 556665.785000000032596, 3034991.677999999839813 ], [ 556665.709999999962747, 3034991.903 ], [ 556665.35999999998603, 3034992.203000000212342 ], [ 556665.26, 3034992.403 ], [ 556665.26, 3034992.703000000212342 ], [ 556665.709999999962747, 3034993.552999999839813 ], [ 556665.73499999998603, 3034993.778 ], [ 556666.48499999998603, 3034993.778 ], [ 556666.559999999939464, 3034993.653 ], [ 556666.60999999998603, 3034993.453000000212342 ], [ 556666.709999999962747, 3034993.353000000119209 ], [ 556666.76, 3034993.203000000212342 ], [ 556666.910000000032596, 3034993.003 ], [ 556666.910000000032596, 3034992.903 ], [ 556666.959999999962747, 3034992.853000000119209 ], [ 556666.959999999962747, 3034992.603000000119209 ], [ 556666.660000000032596, 3034992.003 ], [ 556666.635, 3034991.677999999839813 ], [ 556665.785000000032596, 3034991.677999999839813 ] ] ] } },
{ "type": "Feature", "properties": { "unit_id": "c00065", "method": "watershed", "label": 65, "area_m2": 5.6893750002275914, "height_max_m": 1.6199826002120972, "height_mean_m": 1.0950990630934363, "canopy_cover": 0.99034240561896403, "volume_m3": 6.2365891643309777, "n_pixels": 2278, "data_coverage": 1.0, "vari_mean": 0.32371674051979588, "exg_mean": 0.38573339672387308, "gli_mean": 0.25776083092005225, "height_max_m_pct": 75.280898876404493, "height_mean_m_pct": 65.543071161048687, "volume_m3_pct": 77.528089887640448, "canopy_cover_pct": 7.4906367041198507, "vari_mean_pct": 73.408239700374537, "exg_mean_pct": 66.666666666666657, "gli_mean_pct": 65.917602996254672 }, "geometry": { "type": "Polygon", "coordinates": [ [ [ 556658.834999999962747, 3034959.427999999839813 ], [ 556658.635, 3034959.528 ], [ 556658.48499999998603, 3034959.677999999839813 ], [ 556658.434999999939464, 3034959.677999999839813 ], [ 556658.285000000032596, 3034959.828000000212342 ], [ 556658.23499999998603, 3034959.828000000212342 ], [ 556658.01, 3034960.052999999839813 ], [ 556658.01, 3034960.103000000119209 ], [ 556657.910000000032596, 3034960.203000000212342 ], [ 556657.709999999962747, 3034960.552999999839813 ], [ 556657.660000000032596, 3034960.802999999839813 ], [ 556657.60999999998603, 3034960.853000000119209 ], [ 556657.660000000032596, 3034961.153 ], [ 556657.85999999998603, 3034961.453000000212342 ], [ 556657.85999999998603, 3034961.703000000212342 ], [ 556657.809999999939464, 3034961.802999999839813 ], [ 556657.60999999998603, 3034962.003 ], [ 556657.459999999962747, 3034962.302999999839813 ], [ 556657.459999999962747, 3034962.552999999839813 ], [ 556657.684999999939464, 3034962.878 ], [ 556657.98499999998603, 3034963.028 ], [ 556658.23499999998603, 3034963.028 ], [ 556658.285000000032596, 3034963.078000000212342 ], [ 556658.635, 3034963.078000000212342 ], [ 556658.684999999939464, 3034963.028 ], [ 556658.834999999962747, 3034963.028 ], [ 556659.184999999939464, 3034962.778 ], [ 556659.309999999939464, 3034962.653 ], [ 556659.410000000032596, 3034962.453000000212342 ], [ 556659.410000000032596, 3034962.253 ], [ 556659.35999999998603, 3034962.203000000212342 ], [ 556659.35999999998603, 3034962.103000000119209 ], [ 556659.01, 3034961.603000000119209 ], [ 556659.01, 3034961.403 ], [ 556659.85999999998603, 3034960.703000000212342 ], [ 556659.910000000032596, 3034960.603000000119209 ], [ 556659.910000000032596, 3034960.353000000119209 ], [ 556659.85999999998603, 3034960.253 ], [ 556659.160000000032596, 3034959.552999999839813 ], [ 556658.98499999998603, 3034959.427999999839813 ], [ 556658.834999999962747, 3034959.427999999839813 ] ] ] } },
{ "type": "Feature", "properties": { "unit_id": "c00066", "method": "watershed", "label": 66, "area_m2": 6.0412499997712432, "height_max_m": 1.6118661165237427, "height_mean_m": 1.1243497330292511, "canopy_cover": 0.99090157154673286, "volume_m3": 6.7966941361769253, "n_pixels": 2418, "data_coverage": 1.0, "vari_mean": 0.32382835007055544, "exg_mean": 0.41184363247520384, "gli_mean": 0.27382747389998863, "height_max_m_pct": 73.408239700374537, "height_mean_m_pct": 75.280898876404493, "volume_m3_pct": 81.647940074906373, "canopy_cover_pct": 7.8651685393258424, "vari_mean_pct": 73.782771535580522, "exg_mean_pct": 77.902621722846447, "gli_mean_pct": 76.404494382022463 }, "geometry": { "type": "Polygon", "coordinates": [ [ [ 556658.135, 3034966.078000000212342 ], [ 556658.059999999939464, 3034966.153 ], [ 556657.959999999962747, 3034966.353000000119209 ], [ 556657.959999999962747, 3034966.453000000212342 ], [ 556657.910000000032596, 3034966.503 ], [ 556657.910000000032596, 3034966.953000000212342 ], [ 556658.26, 3034967.503 ], [ 556658.26, 3034967.853000000119209 ], [ 556657.410000000032596, 3034968.653 ], [ 556657.35999999998603, 3034968.753 ], [ 556657.35999999998603, 3034969.103000000119209 ], [ 556657.410000000032596, 3034969.203000000212342 ], [ 556657.785000000032596, 3034969.578000000212342 ], [ 556657.834999999962747, 3034969.578000000212342 ], [ 556658.23499999998603, 3034969.927999999839813 ], [ 556658.285000000032596, 3034969.927999999839813 ], [ 556658.434999999939464, 3034970.078000000212342 ], [ 556658.48499999998603, 3034970.078000000212342 ], [ 556658.535000000032596, 3034970.177999999839813 ], [ 556659.23499999998603, 3034970.177999999839813 ], [ 556659.26, 3034970.103000000119209 ], [ 556659.209999999962747, 3034970.052999999839813 ], [ 556659.209999999962747, 3034969.903 ], [ 556659.410000000032596, 3034969.503 ], [ 556659.410000000032596, 3034969.403 ], [ 556659.51, 3034969.253 ], [ 556659.51, 3034969.153 ], [ 556659.559999999939464, 3034969.103000000119209 ], [ 556659.559999999939464, 3034968.753 ], [ 556659.410000000032596, 3034968.453000000212342 ], [ 556659.410000000032596, 3034968.353000000119209 ], [ 556659.309999999939464, 3034968.203000000212342 ], [ 556659.309999999939464, 3034968.103000000119209 ], [ 556659.26, 3034968.052999999839813 ], [ 556659.26, 3034967.703000000212342 ], [ 556659.60999999998603, 3034967.153 ], [ 556659.60999999998603, 3034966.903 ], [ 556659.459999999962747, 3034966.603000000119209 ], [ 556659.135, 3034966.328000000212342 ], [ 556658.934999999939464, 3034966.228000000119209 ], [ 556658.834999999962747, 3034966.228000000119209 ], [ 556658.785000000032596, 3034966.177999999839813 ], [ 556658.684999999939464, 3034966.177999999839813 ], [ 556658.635, 3034966.128 ], [ 556658.434999999939464, 3034966.128 ], [ 556658.385, 3034966.078000000212342 ], [ 556658.135, 3034966.078000000212342 ] ] ] } },
{ "type": "Feature", "properties": { "unit_id": "c00067", "method": "watershed", "label": 67, "area_m2": 5.3050000000442363, "height_max_m": 1.6197174787521362, "height_mean_m": 1.0989261515643918, "canopy_cover": 0.98689138576779023, "volume_m3": 5.8682656493668919, "n_pixels": 2136, "data_coverage": 1.0, "vari_mean": 0.31097607899718016, "exg_mean": 0.41693979473741116, "gli_mean": 0.27773184478213958, "height_max_m_pct": 74.531835205992508, "height_mean_m_pct": 67.790262172284642, "volume_m3_pct": 73.782771535580522, "canopy_cover_pct": 4.4943820224719104, "vari_mean_pct": 65.168539325842701, "exg_mean_pct": 80.149812734082388, "gli_mean_pct": 78.651685393258433 }, "geometry": { "type": "Polygon", "coordinates": [ [ [ 556658.785000000032596, 3034921.078000000212342 ], [ 556658.73499999998603, 3034921.128 ], [ 556658.535000000032596, 3034921.177999999839813 ], [ 556658.10999999998603, 3034921.603000000119209 ], [ 556658.059999999939464, 3034921.802999999839813 ], [ 556658.01, 3034921.853000000119209 ], [ 556658.01, 3034922.103000000119209 ], [ 556658.059999999939464, 3034922.153 ], [ 556658.10999999998603, 3034922.353000000119209 ], [ 556658.334999999962747, 3034922.578000000212342 ], [ 556658.785000000032596, 3034922.778 ], [ 556658.959999999962747, 3034922.953000000212342 ], [ 556658.959999999962747, 3034923.103000000119209 ], [ 556658.584999999962747, 3034923.378 ], [ 556658.285000000032596, 3034923.528 ], [ 556657.910000000032596, 3034923.903 ], [ 556657.85999999998603, 3034924.103000000119209 ], [ 556657.809999999939464, 3034924.153 ], [ 556657.809999999939464, 3034924.253 ], [ 556657.85999999998603, 3034924.302999999839813 ], [ 556657.85999999998603, 3034924.403 ], [ 556658.184999999939464, 3034924.728000000119209 ], [ 556658.635, 3034924.978000000119209 ], [ 556659.434999999939464, 3034924.978000000119209 ], [ 556659.709999999962747, 3034924.802999999839813 ], [ 556659.959999999962747, 3034924.353000000119209 ], [ 556659.959999999962747, 3034923.853000000119209 ], [ 556659.85999999998603, 3034923.753 ], [ 556659.85999999998603, 3034923.703000000212342 ], [ 556659.35999999998603, 3034923.203000000212342 ], [ 556659.309999999939464, 3034923.103000000119209 ], [ 556659.35999999998603, 3034922.953000000212342 ], [ 556659.51, 3034922.802999999839813 ], [ 556659.51, 3034922.753 ], [ 556659.709999999962747, 3034922.503 ], [ 556659.709999999962747, 3034922.403 ], [ 556659.76, 3034922.353000000119209 ], [ 556659.76, 3034922.103000000119209 ], [ 556659.51, 3034921.603000000119209 ], [ 556659.035000000032596, 3034921.128 ], [ 556658.934999999939464, 3034921.128 ], [ 556658.885, 3034921.078000000212342 ], [ 556658.785000000032596, 3034921.078000000212342 ] ] ] } },
{ "type": "Feature", "properties": { "unit_id": "c00068", "method": "watershed", "label": 68, "area_m2": 4.4693749997610563, "height_max_m": 1.617213249206543, "height_mean_m": 1.0393664251557655, "canopy_cover": 0.99944444444444447, "volume_m3": 4.6771489132113375, "n_pixels": 1800, "data_coverage": 1.0, "vari_mean": 0.25391351075835961, "exg_mean": 0.29898965197670457, "gli_mean": 0.20430998868751074, "height_max_m_pct": 74.157303370786522, "height_mean_m_pct": 49.438202247191008, "volume_m3_pct": 66.292134831460672, "canopy_cover_pct": 34.831460674157306, "vari_mean_pct": 23.970037453183522, "exg_mean_pct": 18.726591760299627, "gli_mean_pct": 19.101123595505616 }, "geometry": { "type": "Polygon", "coordinates": [ [ [ 556627.73499999998603, 3035009.578000000212342 ], [ 556627.684999999939464, 3035009.628 ], [ 556626.584999999962747, 3035009.628 ], [ 556626.51, 3035009.703000000212342 ], [ 556626.459999999962747, 3035010.052999999839813 ], [ 556626.35999999998603, 3035010.253 ], [ 556626.35999999998603, 3035010.403 ], [ 556626.26, 3035010.603000000119209 ], [ 556626.26, 3035010.703000000212342 ], [ 556626.209999999962747, 3035010.753 ], [ 556626.209999999962747, 3035010.903 ], [ 556626.26, 3035010.953000000212342 ], [ 556626.309999999939464, 3035011.153 ], [ 556626.584999999962747, 3035011.378 ], [ 556626.684999999939464, 3035011.378 ], [ 556626.73499999998603, 3035011.427999999839813 ], [ 556627.284999999916181, 3035011.427999999839813 ], [ 556627.48499999998603, 3035011.528 ], [ 556627.684999999939464, 3035011.728000000119209 ], [ 556627.934999999939464, 3035011.728000000119209 ], [ 556628.034999999916181, 3035011.677999999839813 ], [ 556628.48499999998603, 3035011.228000000119209 ], [ 556628.684999999939464, 3035011.128 ], [ 556628.909999999916181, 3035010.903 ], [ 556628.959999999962747, 3035010.802999999839813 ], [ 556628.959999999962747, 3035010.653 ], [ 556629.01, 3035010.603000000119209 ], [ 556629.01, 3035010.353000000119209 ], [ 556628.959999999962747, 3035010.302999999839813 ], [ 556628.959999999962747, 3035010.203000000212342 ], [ 556628.684999999939464, 3035009.927999999839813 ], [ 556628.334999999962747, 3035009.778 ], [ 556628.184999999939464, 3035009.578000000212342 ], [ 556627.73499999998603, 3035009.578000000212342 ] ] ] } },
{ "type": "Feature", "properties": { "unit_id": "c00069", "method": "watershed", "label": 69, "area_m2": 6.6950000000168792, "height_max_m": 1.6073614358901978, "height_mean_m": 1.0925249517239495, "canopy_cover": 0.99962644751587593, "volume_m3": 7.3117232394287779, "n_pixels": 2677, "data_coverage": 1.0, "vari_mean": 0.22529175126720036, "exg_mean": 0.2958306548934645, "gli_mean": 0.20248294338208053, "height_max_m_pct": 71.910112359550567, "height_mean_m_pct": 64.044943820224717, "volume_m3_pct": 83.146067415730343, "canopy_cover_pct": 38.576779026217231, "vari_mean_pct": 10.861423220973784, "exg_mean_pct": 17.602996254681649, "gli_mean_pct": 17.977528089887642 }, "geometry": { "type": "Polygon", "coordinates": [ [ [ 556627.834999999962747, 3034919.778 ], [ 556627.73499999998603, 3034919.828000000212342 ], [ 556627.309999999939464, 3034920.253 ], [ 556627.309999999939464, 3034920.302999999839813 ], [ 556627.159999999916181, 3034920.503 ], [ 556627.10999999998603, 3034920.753 ], [ 556627.059999999939464, 3034920.802999999839813 ], [ 556627.059999999939464, 3034920.953000000212342 ], [ 556627.01, 3034921.003 ], [ 556627.01, 3034921.603000000119209 ], [ 556627.059999999939464, 3034921.653 ], [ 556627.10999999998603, 3034922.153 ], [ 556627.059999999939464, 3034922.203000000212342 ], [ 556627.059999999939464, 3034922.603000000119209 ], [ 556627.01, 3034922.653 ], [ 556627.01, 3034923.052999999839813 ], [ 556627.059999999939464, 3034923.103000000119209 ], [ 556627.059999999939464, 3034923.203000000212342 ], [ 556627.184999999939464, 3034923.378 ], [ 556627.434999999939464, 3034923.578000000212342 ], [ 556627.635, 3034923.677999999839813 ], [ 556627.834999999962747, 3034923.677999999839813 ], [ 556627.885, 3034923.728000000119209 ], [ 556628.434999999939464, 3034923.728000000119209 ], [ 556628.659999999916181, 3034923.552999999839813 ], [ 556628.76, 3034923.353000000119209 ], [ 556628.959999999962747, 3034923.103000000119209 ], [ 556628.959999999962747, 3034923.003 ], [ 556629.01, 3034922.953000000212342 ], [ 556629.01, 3034922.802999999839813 ], [ 556628.709999999962747, 3034922.302999999839813 ], [ 556628.709999999962747, 3034922.153 ], [ 556628.76, 3034922.103000000119209 ], [ 556628.809999999939464, 3034921.802999999839813 ], [ 556628.909999999916181, 3034921.653 ], [ 556628.909999999916181, 3034921.552999999839813 ], [ 556629.10999999998603, 3034921.203000000212342 ], [ 556629.10999999998603, 3034921.052999999839813 ], [ 556629.159999999916181, 3034921.003 ], [ 556629.159999999916181, 3034920.653 ], [ 556629.10999999998603, 3034920.603000000119209 ], [ 556629.10999999998603, 3034920.503 ], [ 556628.834999999962747, 3034920.228000000119209 ], [ 556628.684999999939464, 3034920.177999999839813 ], [ 556628.184999999939464, 3034919.828000000212342 ], [ 556628.084999999962747, 3034919.828000000212342 ], [ 556628.034999999916181, 3034919.778 ], [ 556627.834999999962747, 3034919.778 ] ] ] } },
{ "type": "Feature", "properties": { "unit_id": "c00070", "method": "watershed", "label": 70, "area_m2": 5.4349999999706053, "height_max_m": 1.6089479923248291, "height_mean_m": 1.1403124166105028, "canopy_cover": 0.99630826026765118, "volume_m3": 6.1776425170011251, "n_pixels": 2167, "data_coverage": 1.0, "vari_mean": 0.22891323020375992, "exg_mean": 0.29892640958567401, "gli_mean": 0.20371989698632162, "height_max_m_pct": 72.659176029962552, "height_mean_m_pct": 77.153558052434462, "volume_m3_pct": 76.779026217228463, "canopy_cover_pct": 18.726591760299627, "vari_mean_pct": 11.610486891385769, "exg_mean_pct": 18.352059925093634, "gli_mean_pct": 18.726591760299627 }, "geometry": { "type": "Polygon", "coordinates": [ [ [ 556627.059999999939464, 3035043.653 ], [ 556627.059999999939464, 3035043.803000000305474 ], [ 556626.959999999962747, 3035044.003 ], [ 556626.309999999939464, 3035044.853000000119209 ], [ 556626.209999999962747, 3035045.053000000305474 ], [ 556626.209999999962747, 3035045.153 ], [ 556626.159999999916181, 3035045.203000000212342 ], [ 556626.159999999916181, 3035045.653 ], [ 556626.209999999962747, 3035045.753 ], [ 556626.385, 3035045.978000000119209 ], [ 556626.684999999939464, 3035046.128 ], [ 556626.885, 3035046.128 ], [ 556626.934999999939464, 3035046.078000000212342 ], [ 556627.084999999962747, 3035046.078000000212342 ], [ 556627.135, 3035046.028 ], [ 556627.885, 3035046.028 ], [ 556627.934999999939464, 3035045.978000000119209 ], [ 556628.135, 3035045.978000000119209 ], [ 556628.184999999939464, 3035045.928000000305474 ], [ 556628.385, 3035045.928000000305474 ], [ 556628.434999999939464, 3035045.878 ], [ 556628.635, 3035045.878 ], [ 556628.909999999916181, 3035045.703000000212342 ], [ 556629.059999999939464, 3035045.403 ], [ 556629.059999999939464, 3035044.953000000212342 ], [ 556629.01, 3035044.903 ], [ 556628.959999999962747, 3035044.553000000305474 ], [ 556628.909999999916181, 3035044.503 ], [ 556628.909999999916181, 3035044.403 ], [ 556628.85999999998603, 3035044.353000000119209 ], [ 556628.809999999939464, 3035044.153 ], [ 556628.635, 3035043.978000000119209 ], [ 556628.434999999939464, 3035043.878 ], [ 556628.23499999998603, 3035043.878 ], [ 556628.184999999939464, 3035043.828000000212342 ], [ 556627.784999999916181, 3035043.828000000212342 ], [ 556627.73499999998603, 3035043.778 ], [ 556627.534999999916181, 3035043.728000000119209 ], [ 556627.434999999939464, 3035043.628 ], [ 556627.059999999939464, 3035043.653 ] ] ] } },
{ "type": "Feature", "properties": { "unit_id": "c00071", "method": "watershed", "label": 71, "area_m2": 3.2637499998640846, "height_max_m": 1.6021559238433838, "height_mean_m": 1.2086119334987271, "canopy_cover": 0.99538816295157573, "volume_m3": 3.9310103137133448, "n_pixels": 1301, "data_coverage": 1.0, "vari_mean": 0.2648935013543795, "exg_mean": 0.32138997821120469, "gli_mean": 0.21996426835961452, "height_max_m_pct": 70.786516853932582, "height_mean_m_pct": 90.636704119850179, "volume_m3_pct": 61.423220973782769, "canopy_cover_pct": 16.479400749063668, "vari_mean_pct": 32.209737827715358, "exg_mean_pct": 34.456928838951313, "gli_mean_pct": 35.580524344569284 }, "geometry": { "type": "Polygon", "coordinates": [ [ [ 556657.885, 3035012.878 ], [ 556657.584999999962747, 3035013.028 ], [ 556657.35999999998603, 3035013.203000000212342 ], [ 556657.209999999962747, 3035013.503 ], [ 556657.26, 3035013.903 ], [ 556657.410000000032596, 3035014.203000000212342 ], [ 556657.885, 3035014.778 ], [ 556658.785000000032596, 3035014.778 ], [ 556658.85999999998603, 3035014.503 ], [ 556659.209999999962747, 3035014.103000000119209 ], [ 556659.35999999998603, 3035013.802999999839813 ], [ 556659.410000000032596, 3035013.552999999839813 ], [ 556659.35999999998603, 3035013.503 ], [ 556659.35999999998603, 3035013.353000000119209 ], [ 556659.26, 3035013.253 ], [ 556659.26, 3035013.203000000212342 ], [ 556658.98499999998603, 3035012.978000000119209 ], [ 556658.785000000032596, 3035012.927999999839813 ], [ 556658.73499999998603, 3035012.878 ], [ 556658.584999999962747, 3035012.878 ], [ 556658.535000000032596, 3035012.828000000212342 ], [ 556658.334999999962747, 3035012.828000000212342 ], [ 556658.285000000032596, 3035012.778 ], [ 556657.885, 3035012.878 ] ] ] } },
{ "type": "Feature", "properties": { "unit_id": "c00072", "method": "watershed", "label": 72, "area_m2": 4.7512499999150171, "height_max_m": 1.6198104619979858, "height_mean_m": 1.1542525275477342, "canopy_cover": 1.0, "volume_m3": 5.4942420311394224, "n_pixels": 1904, "data_coverage": 1.0, "vari_mean": 0.28295098644958488, "exg_mean": 0.33133710011354084, "gli_mean": 0.22616508301537269, "height_max_m_pct": 74.906367041198507, "height_mean_m_pct": 78.651685393258433, "volume_m3_pct": 72.284644194756552, "canopy_cover_pct": 69.850187265917612, "vari_mean_pct": 47.940074906367045, "exg_mean_pct": 42.322097378277149, "gli_mean_pct": 43.820224719101127 }, "geometry": { "type": "Polygon", "coordinates": [ [ [ 556620.384999999892898, 3034936.228000000119209 ], [ 556620.309999999939464, 3034936.302999999839813 ], [ 556620.309999999939464, 3034936.403 ], [ 556620.159999999916181, 3034936.552999999839813 ], [ 556620.159999999916181, 3034936.603000000119209 ], [ 556619.759999999892898, 3034937.003 ], [ 556619.759999999892898, 3034937.052999999839813 ], [ 556619.659999999916181, 3034937.153 ], [ 556619.60999999998603, 3034937.353000000119209 ], [ 556619.559999999939464, 3034937.403 ], [ 556619.559999999939464, 3034937.753 ], [ 556619.909999999916181, 3034938.302999999839813 ], [ 556619.85999999998603, 3034938.552999999839813 ], [ 556619.759999999892898, 3034938.653 ], [ 556619.784999999916181, 3034938.677999999839813 ], [ 556620.384999999892898, 3034938.677999999839813 ], [ 556620.634999999892898, 3034938.828000000212342 ], [ 556621.60999999998603, 3034938.802999999839813 ], [ 556621.60999999998603, 3034938.703000000212342 ], [ 556621.709999999962747, 3034938.552999999839813 ], [ 556621.709999999962747, 3034938.453000000212342 ], [ 556621.85999999998603, 3034938.153 ], [ 556621.85999999998603, 3034937.453000000212342 ], [ 556621.809999999939464, 3034937.403 ], [ 556621.759999999892898, 3034937.153 ], [ 556621.60999999998603, 3034936.903 ], [ 556621.60999999998603, 3034936.802999999839813 ], [ 556621.509999999892898, 3034936.653 ], [ 556621.459999999962747, 3034936.353000000119209 ], [ 556621.384999999892898, 3034936.228000000119209 ], [ 556620.384999999892898, 3034936.228000000119209 ] ] ] } },
{ "type": "Feature", "properties": { "unit_id": "c00073", "method": "watershed", "label": 73, "area_m2": 5.7412499999676943, "height_max_m": 1.6094497442245483, "height_mean_m": 1.1596712395419526, "canopy_cover": 0.99826464208242949, "volume_m3": 6.6826055178753512, "n_pixels": 2305, "data_coverage": 1.0, "vari_mean": 0.18614002331227386, "exg_mean": 0.29656625172128137, "gli_mean": 0.200702505505894, "height_max_m_pct": 73.033707865168537, "height_mean_m_pct": 79.775280898876403, "volume_m3_pct": 80.149812734082388, "canopy_cover_pct": 28.838951310861422, "vari_mean_pct": 2.9962546816479403, "exg_mean_pct": 17.977528089887642, "gli_mean_pct": 17.602996254681649 }, "geometry": { "type": "Polygon", "coordinates": [ [ [ 556665.584999999962747, 3035028.328000000212342 ], [ 556665.385, 3035028.428000000305474 ], [ 556665.160000000032596, 3035028.753 ], [ 556665.160000000032596, 3035028.853000000119209 ], [ 556665.10999999998603, 3035028.903 ], [ 556665.10999999998603, 3035029.253 ], [ 556665.160000000032596, 3035029.303000000305474 ], [ 556665.209999999962747, 3035029.503 ], [ 556665.309999999939464, 3035029.603000000119209 ], [ 556665.410000000032596, 3035029.803000000305474 ], [ 556665.410000000032596, 3035030.053000000305474 ], [ 556665.35999999998603, 3035030.153 ], [ 556664.910000000032596, 3035030.603000000119209 ], [ 556664.85999999998603, 3035030.803000000305474 ], [ 556664.809999999939464, 3035030.853000000119209 ], [ 556664.809999999939464, 3035031.103000000119209 ], [ 556664.85999999998603, 3035031.153 ], [ 556664.85999999998603, 3035031.253 ], [ 556664.959999999962747, 3035031.453000000212342 ], [ 556665.434999999939464, 3035031.928000000305474 ], [ 556665.73499999998603, 3035032.078000000212342 ], [ 556665.934999999939464, 3035032.078000000212342 ], [ 556666.285000000032596, 3035031.878 ], [ 556666.910000000032596, 3035031.253 ], [ 556666.959999999962747, 3035031.153 ], [ 556666.959999999962747, 3035031.003 ], [ 556667.01, 3035030.953000000212342 ], [ 556667.01, 3035030.753 ], [ 556666.959999999962747, 3035030.703000000212342 ], [ 556666.959999999962747, 3035030.503 ], [ 556666.85999999998603, 3035030.303000000305474 ], [ 556666.85999999998603, 3035030.153 ], [ 556666.809999999939464, 3035030.103000000119209 ], [ 556666.809999999939464, 3035029.353000000119209 ], [ 556666.76, 3035029.303000000305474 ], [ 556666.76, 3035029.153 ], [ 556666.60999999998603, 3035028.853000000119209 ], [ 556666.334999999962747, 3035028.578000000212342 ], [ 556665.834999999962747, 3035028.328000000212342 ], [ 556665.584999999962747, 3035028.328000000212342 ] ] ] } },
{ "type": "Feature", "properties": { "unit_id": "c00074", "method": "watershed", "label": 74, "area_m2": 3.2968749999636193, "height_max_m": 1.6056413650512695, "height_mean_m": 1.204500106807, "canopy_cover": 0.99242997728993188, "volume_m3": 3.9778616027389568, "n_pixels": 1321, "data_coverage": 1.0, "vari_mean": 0.2196385139496799, "exg_mean": 0.24439296826039653, "gli_mean": 0.16851600457269278, "height_max_m_pct": 71.161048689138568, "height_mean_m_pct": 89.887640449438194, "volume_m3_pct": 62.921348314606739, "canopy_cover_pct": 10.861423220973784, "vari_mean_pct": 9.7378277153558059, "exg_mean_pct": 5.2434456928838955, "gli_mean_pct": 5.6179775280898872 }, "geometry": { "type": "Polygon", "coordinates": [ [ [ 556665.98499999998603, 3035016.978000000119209 ], [ 556665.959999999962747, 3035017.103000000119209 ], [ 556665.73499999998603, 3035017.328000000212342 ], [ 556665.385, 3035017.478000000119209 ], [ 556665.160000000032596, 3035017.703000000212342 ], [ 556665.01, 3035018.003 ], [ 556664.959999999962747, 3035018.253 ], [ 556664.910000000032596, 3035018.302999999839813 ], [ 556664.910000000032596, 3035018.552999999839813 ], [ 556664.959999999962747, 3035018.603000000119209 ], [ 556664.959999999962747, 3035018.703000000212342 ], [ 556665.23499999998603, 3035019.028 ], [ 556665.285000000032596, 3035019.028 ], [ 556665.48499999998603, 3035019.178000000305474 ], [ 556665.635, 3035019.178000000305474 ], [ 556665.684999999939464, 3035019.228000000119209 ], [ 556666.035000000032596, 3035019.228000000119209 ], [ 556666.084999999962747, 3035019.178000000305474 ], [ 556666.385, 3035019.128 ], [ 556666.76, 3035018.802999999839813 ], [ 556666.76, 3035018.753 ], [ 556666.910000000032596, 3035018.552999999839813 ], [ 556666.910000000032596, 3035018.453000000212342 ], [ 556666.959999999962747, 3035018.403 ], [ 556666.959999999962747, 3035017.953000000212342 ], [ 556666.809999999939464, 3035017.653 ], [ 556666.410000000032596, 3035017.153 ], [ 556666.385, 3035016.978000000119209 ], [ 556665.98499999998603, 3035016.978000000119209 ] ] ] } },
{ "type": "Feature", "properties": { "unit_id": "c00075", "method": "watershed", "label": 75, "area_m2": 5.7156250004307356, "height_max_m": 1.6165882349014282, "height_mean_m": 1.1684888400921014, "canopy_cover": 0.99695784441547153, "volume_m3": 6.7217320526447493, "n_pixels": 2301, "data_coverage": 1.0, "vari_mean": 0.2807981204016754, "exg_mean": 0.32364580760905215, "gli_mean": 0.21923654083676819, "height_max_m_pct": 73.782771535580522, "height_mean_m_pct": 82.397003745318358, "volume_m3_pct": 80.524344569288388, "canopy_cover_pct": 20.599250936329589, "vari_mean_pct": 44.943820224719097, "exg_mean_pct": 36.329588014981276, "gli_mean_pct": 35.205992509363298 }, "geometry": { "type": "Polygon", "coordinates": [ [ [ 556626.23499999998603, 3034994.927999999839813 ], [ 556626.159999999916181, 3034995.003 ], [ 556626.159999999916181, 3034995.103000000119209 ], [ 556626.10999999998603, 3034995.153 ], [ 556626.10999999998603, 3034995.603000000119209 ], [ 556626.159999999916181, 3034995.653 ], [ 556626.159999999916181, 3034995.802999999839813 ], [ 556626.209999999962747, 3034995.853000000119209 ], [ 556626.209999999962747, 3034995.953000000212342 ], [ 556626.26, 3034996.003 ], [ 556626.309999999939464, 3034996.203000000212342 ], [ 556626.534999999916181, 3034996.427999999839813 ], [ 556626.934999999939464, 3034996.628 ], [ 556627.35999999998603, 3034997.052999999839813 ], [ 556627.35999999998603, 3034997.103000000119209 ], [ 556627.459999999962747, 3034997.203000000212342 ], [ 556627.48499999998603, 3034997.528 ], [ 556628.034999999916181, 3034997.528 ], [ 556628.059999999939464, 3034997.403 ], [ 556628.209999999962747, 3034997.203000000212342 ], [ 556628.209999999962747, 3034997.153 ], [ 556628.584999999962747, 3034996.828000000212342 ], [ 556628.635, 3034996.828000000212342 ], [ 556629.159999999916181, 3034996.302999999839813 ], [ 556629.209999999962747, 3034996.203000000212342 ], [ 556629.209999999962747, 3034996.103000000119209 ], [ 556629.26, 3034996.052999999839813 ], [ 556629.26, 3034995.802999999839813 ], [ 556629.209999999962747, 3034995.753 ], [ 556629.209999999962747, 3034995.653 ], [ 556629.10999999998603, 3034995.453000000212342 ], [ 556628.85999999998603, 3034995.153 ], [ 556628.73499999998603, 3034994.927999999839813 ], [ 556626.23499999998603, 3034994.927999999839813 ] ] ] } },
{ "type": "Feature", "properties": { "unit_id": "c00076", "method": "watershed", "label": 76, "area_m2": 4.8343749998573919, "height_max_m": 1.587338924407959, "height_mean_m": 1.1988683320983489, "canopy_cover": 0.99790685504971222, "volume_m3": 5.7275934566125883, "n_pixels": 1911, "data_coverage": 1.0, "vari_mean": 0.20371218348121603, "exg_mean": 0.25784095297065829, "gli_mean": 0.17663236645259184, "height_max_m_pct": 69.288389513108612, "height_mean_m_pct": 88.389513108614238, "volume_m3_pct": 73.408239700374537, "canopy_cover_pct": 25.0936329588015, "vari_mean_pct": 5.9925093632958806, "exg_mean_pct": 8.6142322097378283, "gli_mean_pct": 8.6142322097378283 }, "geometry": { "type": "Polygon", "coordinates": [ [ [ 556626.909999999916181, 3034941.253 ], [ 556626.959999999962747, 3034941.302999999839813 ], [ 556626.959999999962747, 3034941.503 ], [ 556627.01, 3034941.552999999839813 ], [ 556627.01, 3034941.753 ], [ 556626.959999999962747, 3034941.802999999839813 ], [ 556626.959999999962747, 3034942.302999999839813 ], [ 556626.909999999916181, 3034942.353000000119209 ], [ 556626.909999999916181, 3034943.302999999839813 ], [ 556626.959999999962747, 3034943.353000000119209 ], [ 556626.959999999962747, 3034943.503 ], [ 556627.01, 3034943.603000000119209 ], [ 556627.284999999916181, 3034943.878 ], [ 556627.534999999916181, 3034943.927999999839813 ], [ 556628.034999999916181, 3034943.628 ], [ 556628.434999999939464, 3034943.528 ], [ 556628.85999999998603, 3034943.153 ], [ 556628.909999999916181, 3034943.003 ], [ 556629.01, 3034942.903 ], [ 556629.01, 3034942.802999999839813 ], [ 556629.10999999998603, 3034942.653 ], [ 556629.10999999998603, 3034942.103000000119209 ], [ 556629.059999999939464, 3034942.052999999839813 ], [ 556629.01, 3034941.753 ], [ 556628.709999999962747, 3034941.403 ], [ 556628.635, 3034941.228000000119209 ], [ 556626.909999999916181, 3034941.253 ] ] ] } },
{ "type": "Feature", "properties": { "unit_id": "c00077", "method": "watershed", "label": 77, "area_m2": 3.7493750000963337, "height_max_m": 1.5905669927597046, "height_mean_m": 1.0905687744628656, "canopy_cover": 0.99798792756539234, "volume_m3": 4.0650951068193644, "n_pixels": 1491, "data_coverage": 1.0, "vari_mean": 0.24452158657763637, "exg_mean": 0.30959700869356804, "gli_mean": 0.2086516568966344, "height_max_m_pct": 70.037453183520597, "height_mean_m_pct": 62.921348314606739, "volume_m3_pct": 63.295880149812731, "canopy_cover_pct": 25.842696629213485, "vari_mean_pct": 18.352059925093634, "exg_mean_pct": 26.966292134831459, "gli_mean_pct": 23.595505617977526 }, "geometry": { "type": "Polygon", "coordinates": [ [ [ 556665.584999999962747, 3034989.427999999839813 ], [ 556665.559999999939464, 3034989.453000000212342 ], [ 556665.60999999998603, 3034989.552999999839813 ], [ 556665.059999999939464, 3034990.052999999839813 ], [ 556665.059999999939464, 3034990.103000000119209 ], [ 556664.910000000032596, 3034990.302999999839813 ], [ 556664.910000000032596, 3034990.403 ], [ 556664.85999999998603, 3034990.453000000212342 ], [ 556664.85999999998603, 3034990.703000000212342 ], [ 556664.910000000032596, 3034990.802999999839813 ], [ 556665.135, 3034991.028 ], [ 556665.48499999998603, 3034991.228000000119209 ], [ 556665.60999999998603, 3034991.353000000119209 ], [ 556665.76, 3034991.552999999839813 ], [ 556665.785000000032596, 3034991.677999999839813 ], [ 556666.709999999962747, 3034991.653 ], [ 556666.709999999962747, 3034991.552999999839813 ], [ 556666.910000000032596, 3034991.203000000212342 ], [ 556666.959999999962747, 3034990.903 ], [ 556667.01, 3034990.853000000119209 ], [ 556667.01, 3034990.703000000212342 ], [ 556666.959999999962747, 3034990.653 ], [ 556666.959999999962747, 3034990.302999999839813 ], [ 556666.910000000032596, 3034990.253 ], [ 556666.885, 3034989.378 ], [ 556665.584999999962747, 3034989.427999999839813 ] ] ] } },
{ "type": "Feature", "properties": { "unit_id": "c00078", "method": "watershed", "label": 78, "area_m2": 7.2356249998960989, "height_max_m": 1.6083002090454102, "height_mean_m": 1.0737575578154266, "canopy_cover": 1.0, "volume_m3": 7.7713203247064175, "n_pixels": 2895, "data_coverage": 1.0, "vari_mean": 0.28025820923825029, "exg_mean": 0.34396660291347914, "gli_mean": 0.23446197594532436, "height_max_m_pct": 72.284644194756552, "height_mean_m_pct": 57.677902621722843, "volume_m3_pct": 84.269662921348313, "canopy_cover_pct": 69.850187265917612, "vari_mean_pct": 44.194756554307119, "exg_mean_pct": 48.68913857677903, "gli_mean_pct": 49.063670411985015 }, "geometry": { "type": "Polygon", "coordinates": [ [ [ 556635.834999999962747, 3034949.278 ], [ 556635.635, 3034949.478000000119209 ], [ 556635.584999999962747, 3034949.478000000119209 ], [ 556635.434999999939464, 3034949.628 ], [ 556635.385, 3034949.628 ], [ 556635.10999999998603, 3034949.903 ], [ 556635.059999999939464, 3034950.003 ], [ 556635.059999999939464, 3034950.253 ], [ 556635.159999999916181, 3034950.453000000212342 ], [ 556635.35999999998603, 3034950.703000000212342 ], [ 556635.35999999998603, 3034951.003 ], [ 556635.26, 3034951.203000000212342 ], [ 556634.60999999998603, 3034951.853000000119209 ], [ 556634.60999999998603, 3034951.903 ], [ 556634.51, 3034952.003 ], [ 556634.51, 3034952.103000000119209 ], [ 556634.409999999916181, 3034952.253 ], [ 556634.35999999998603, 3034952.603000000119209 ], [ 556634.309999999939464, 3034952.653 ], [ 556634.309999999939464, 3034953.052999999839813 ], [ 556634.48499999998603, 3034953.228000000119209 ], [ 556634.584999999962747, 3034953.228000000119209 ], [ 556634.635, 3034953.278 ], [ 556634.934999999939464, 3034953.278 ], [ 556634.98499999998603, 3034953.328000000212342 ], [ 556635.135, 3034953.328000000212342 ], [ 556635.385, 3034953.478000000119209 ], [ 556635.684999999939464, 3034953.528 ], [ 556635.73499999998603, 3034953.578000000212342 ], [ 556636.034999999916181, 3034953.578000000212342 ], [ 556636.084999999962747, 3034953.528 ], [ 556636.23499999998603, 3034953.528 ], [ 556636.434999999939464, 3034953.427999999839813 ], [ 556636.709999999962747, 3034953.103000000119209 ], [ 556636.809999999939464, 3034952.903 ], [ 556636.809999999939464, 3034952.802999999839813 ], [ 556636.85999999998603, 3034952.753 ], [ 556636.85999999998603, 3034952.603000000119209 ], [ 556636.909999999916181, 3034952.552999999839813 ], [ 556636.909999999916181, 3034952.253 ], [ 556636.85999999998603, 3034952.203000000212342 ], [ 556636.85999999998603, 3034952.052999999839813 ], [ 556636.709999999962747, 3034951.753 ], [ 556636.459999999962747, 3034951.453000000212342 ], [ 556636.35999999998603, 3034951.253 ], [ 556636.35999999998603, 3034951.153 ], [ 556636.309999999939464, 3034951.103000000119209 ], [ 556636.35999999998603, 3034950.853000000119209 ], [ 556636.459999999962747, 3034950.753 ], [ 556636.51, 3034950.603000000119209 ], [ 556636.60999999998603, 3034950.503 ], [ 556636.809999999939464, 3034950.103000000119209 ], [ 556636.809999999939464, 3034949.853000000119209 ], [ 556636.76, 3034949.753 ], [ 556636.48499999998603, 3034949.478000000119209 ], [ 556636.434999999939464, 3034949.478000000119209 ], [ 556636.284999999916181, 3034949.328000000212342 ], [ 556636.084999999962747, 3034949.278 ], [ 556636.034999999916181, 3034949.228000000119209 ], [ 556635.834999999962747, 3034949.278 ] ] ] } },
{ "type": "Feature", "properties": { "unit_id": "c00079", "method": "watershed", "label": 79, "area_m2": 3.9393750000107688, "height_max_m": 1.6345633268356323, "height_mean_m": 1.1915646314835207, "canopy_cover": 0.99744408945686902, "volume_m3": 4.6619966206896333, "n_pixels": 1565, "data_coverage": 1.0, "vari_mean": 0.23967347281950552, "exg_mean": 0.3006796516147705, "gli_mean": 0.20659914727562873, "height_max_m_pct": 76.404494382022463, "height_mean_m_pct": 86.516853932584269, "volume_m3_pct": 65.917602996254672, "canopy_cover_pct": 22.471910112359549, "vari_mean_pct": 15.730337078651685, "exg_mean_pct": 19.850187265917604, "gli_mean_pct": 20.599250936329589 }, "geometry": { "type": "Polygon", "coordinates": [ [ [ 556626.60999999998603, 3035041.503 ], [ 556626.659999999916181, 3035041.603000000119209 ], [ 556626.659999999916181, 3035041.803000000305474 ], [ 556626.60999999998603, 3035041.853000000119209 ], [ 556626.60999999998603, 3035042.003 ], [ 556626.51, 3035042.203000000212342 ], [ 556626.51, 3035042.353000000119209 ], [ 556626.459999999962747, 3035042.403 ], [ 556626.51, 3035042.503 ], [ 556626.51, 3035042.703000000212342 ], [ 556626.659999999916181, 3035043.003 ], [ 556626.809999999939464, 3035043.153 ], [ 556627.01, 3035043.553000000305474 ], [ 556627.084999999962747, 3035043.628 ], [ 556627.434999999939464, 3035043.628 ], [ 556627.534999999916181, 3035043.528 ], [ 556627.73499999998603, 3035043.428000000305474 ], [ 556627.834999999962747, 3035043.428000000305474 ], [ 556628.084999999962747, 3035043.278 ], [ 556628.184999999939464, 3035043.278 ], [ 556628.385, 3035043.178000000305474 ], [ 556628.659999999916181, 3035042.903 ], [ 556628.76, 3035042.703000000212342 ], [ 556628.76, 3035041.903 ], [ 556628.709999999962747, 3035041.853000000119209 ], [ 556628.709999999962747, 3035041.603000000119209 ], [ 556628.76, 3035041.553000000305474 ], [ 556627.885, 3035041.528 ], [ 556627.834999999962747, 3035041.478000000119209 ], [ 556626.60999999998603, 3035041.503 ] ] ] } },
{ "type": "Feature", "properties": { "unit_id": "c00080", "method": "watershed", "label": 80, "area_m2": 6.2931250002607682, "height_max_m": 1.5813270807266235, "height_mean_m": 1.0778520364120585, "canopy_cover": 1.0, "volume_m3": 6.7877731993200205, "n_pixels": 2519, "data_coverage": 1.0, "vari_mean": 0.27522416349999507, "exg_mean": 0.3318924298763844, "gli_mean": 0.22601918817534886, "height_max_m_pct": 68.539325842696627, "height_mean_m_pct": 58.801498127340821, "volume_m3_pct": 81.273408239700373, "canopy_cover_pct": 69.850187265917612, "vari_mean_pct": 40.823970037453186, "exg_mean_pct": 42.696629213483142, "gli_mean_pct": 43.445692883895134 }, "geometry": { "type": "Polygon", "coordinates": [ [ [ 556635.48499999998603, 3034997.628 ], [ 556635.434999999939464, 3034997.677999999839813 ], [ 556635.034999999916181, 3034997.677999999839813 ], [ 556634.834999999962747, 3034997.778 ], [ 556634.559999999939464, 3034998.052999999839813 ], [ 556634.35999999998603, 3034998.403 ], [ 556634.184999999939464, 3034998.578000000212342 ], [ 556634.10999999998603, 3034998.603000000119209 ], [ 556634.10999999998603, 3034998.653 ], [ 556633.959999999962747, 3034998.853000000119209 ], [ 556633.959999999962747, 3034999.003 ], [ 556634.01, 3034999.103000000119209 ], [ 556634.534999999916181, 3034999.728000000119209 ], [ 556635.034999999916181, 3034999.778 ], [ 556635.23499999998603, 3034999.878 ], [ 556635.409999999916181, 3035000.052999999839813 ], [ 556635.409999999916181, 3035000.302999999839813 ], [ 556635.209999999962747, 3035000.552999999839813 ], [ 556635.209999999962747, 3035000.603000000119209 ], [ 556634.959999999962747, 3035000.853000000119209 ], [ 556634.85999999998603, 3035001.052999999839813 ], [ 556634.85999999998603, 3035001.353000000119209 ], [ 556635.034999999916181, 3035001.478000000119209 ], [ 556635.434999999939464, 3035001.278 ], [ 556635.98499999998603, 3035001.278 ], [ 556636.209999999962747, 3035001.103000000119209 ], [ 556636.209999999962747, 3035000.753 ], [ 556635.809999999939464, 3035000.253 ], [ 556635.809999999939464, 3035000.052999999839813 ], [ 556636.034999999916181, 3034999.828000000212342 ], [ 556636.534999999916181, 3034999.578000000212342 ], [ 556636.76, 3034999.353000000119209 ], [ 556636.809999999939464, 3034999.253 ], [ 556636.85999999998603, 3034998.753 ], [ 556636.809999999939464, 3034998.703000000212342 ], [ 556636.809999999939464, 3034998.503 ], [ 556636.76, 3034998.453000000212342 ], [ 556636.76, 3034998.353000000119209 ], [ 556636.60999999998603, 3034998.052999999839813 ], [ 556636.284999999916181, 3034997.728000000119209 ], [ 556636.084999999962747, 3034997.677999999839813 ], [ 556636.034999999916181, 3034997.628 ], [ 556635.934999999939464, 3034997.628 ], [ 556635.885, 3034997.578000000212342 ], [ 556635.48499999998603, 3034997.628 ] ] ] } },
{ "type": "Feature", "properties": { "unit_id": "c00081", "method": "watershed", "label": 81, "area_m2": 4.0412500000404536, "height_max_m": 1.5983165502548218, "height_mean_m": 1.0956847323774921, "canopy_cover": 0.99875930521091816, "volume_m3": 4.4156094714911047, "n_pixels": 1612, "data_coverage": 1.0, "vari_mean": 0.29867770021267176, "exg_mean": 0.32531393172903039, "gli_mean": 0.22175043161503544, "height_max_m_pct": 70.411985018726597, "height_mean_m_pct": 65.917602996254672, "volume_m3_pct": 65.168539325842701, "canopy_cover_pct": 32.584269662921351, "vari_mean_pct": 56.928838951310858, "exg_mean_pct": 37.453183520599254, "gli_mean_pct": 37.827715355805239 }, "geometry": { "type": "Polygon", "coordinates": [ [ [ 556611.35999999998603, 3034948.653 ], [ 556611.509999999892898, 3034948.953000000212342 ], [ 556611.509999999892898, 3034949.052999999839813 ], [ 556611.459999999962747, 3034949.103000000119209 ], [ 556611.459999999962747, 3034949.302999999839813 ], [ 556611.409999999916181, 3034949.353000000119209 ], [ 556611.409999999916181, 3034949.653 ], [ 556611.459999999962747, 3034949.753 ], [ 556611.684999999939464, 3034949.978000000119209 ], [ 556612.034999999916181, 3034950.177999999839813 ], [ 556612.334999999962747, 3034950.427999999839813 ], [ 556612.434999999939464, 3034950.427999999839813 ], [ 556612.48499999998603, 3034950.478000000119209 ], [ 556613.23499999998603, 3034950.478000000119209 ], [ 556613.284999999916181, 3034950.427999999839813 ], [ 556613.584999999962747, 3034950.378 ], [ 556613.85999999998603, 3034950.153 ], [ 556613.85999999998603, 3034950.103000000119209 ], [ 556614.009999999892898, 3034949.903 ], [ 556614.009999999892898, 3034949.453000000212342 ], [ 556613.909999999916181, 3034949.253 ], [ 556613.909999999916181, 3034949.153 ], [ 556613.709999999962747, 3034948.802999999839813 ], [ 556613.709999999962747, 3034948.703000000212342 ], [ 556612.98499999998603, 3034948.677999999839813 ], [ 556612.934999999939464, 3034948.628 ], [ 556611.35999999998603, 3034948.653 ] ] ] } },
{ "type": "Feature", "properties": { "unit_id": "c00082", "method": "watershed", "label": 82, "area_m2": 2.5218749998093704, "height_max_m": 1.5809755325317383, "height_mean_m": 1.164633463394841, "canopy_cover": 0.98624754420432215, "volume_m3": 2.9639921643464562, "n_pixels": 1018, "data_coverage": 1.0, "vari_mean": 0.36776773112293026, "exg_mean": 0.45428580382263245, "gli_mean": 0.30028835407852678, "height_max_m_pct": 68.164794007490642, "height_mean_m_pct": 81.273408239700373, "volume_m3_pct": 52.80898876404494, "canopy_cover_pct": 4.119850187265917, "vari_mean_pct": 96.254681647940075, "exg_mean_pct": 92.509363295880149, "gli_mean_pct": 92.134831460674164 }, "geometry": { "type": "Polygon", "coordinates": [ [ [ 556650.635, 3034948.728000000119209 ], [ 556650.584999999962747, 3034948.778 ], [ 556650.48499999998603, 3034948.778 ], [ 556650.385, 3034948.828000000212342 ], [ 556650.10999999998603, 3034949.103000000119209 ], [ 556650.10999999998603, 3034949.453000000212342 ], [ 556650.26, 3034949.753 ], [ 556650.635, 3034950.177999999839813 ], [ 556650.834999999962747, 3034950.278 ], [ 556650.98499999998603, 3034950.278 ], [ 556651.034999999916181, 3034950.328000000212342 ], [ 556651.385, 3034950.328000000212342 ], [ 556651.434999999939464, 3034950.278 ], [ 556651.635, 3034950.278 ], [ 556651.684999999939464, 3034950.228000000119209 ], [ 556651.885, 3034950.177999999839813 ], [ 556652.059999999939464, 3034950.003 ], [ 556652.059999999939464, 3034949.903 ], [ 556652.10999999998603, 3034949.853000000119209 ], [ 556652.059999999939464, 3034949.403 ], [ 556652.01, 3034949.353000000119209 ], [ 556652.01, 3034949.203000000212342 ], [ 556651.959999999962747, 3034949.103000000119209 ], [ 556651.73499999998603, 3034948.878 ], [ 556651.635, 3034948.878 ], [ 556651.584999999962747, 3034948.828000000212342 ], [ 556651.334999999962747, 3034948.828000000212342 ], [ 556651.284999999916181, 3034948.778 ], [ 556651.034999999916181, 3034948.778 ], [ 556650.98499999998603, 3034948.728000000119209 ], [ 556650.635, 3034948.728000000119209 ] ] ] } },
{ "type": "Feature", "properties": { "unit_id": "c00083", "method": "watershed", "label": 83, "area_m2": 12.388124999870199, "height_max_m": 1.6056879758834839, "height_mean_m": 1.0747063475650283, "canopy_cover": 1.0, "volume_m3": 13.334419007442719, "n_pixels": 4963, "data_coverage": 1.0, "vari_mean": 0.24772732511730081, "exg_mean": 0.2777664796764735, "gli_mean": 0.18950928197898245, "height_max_m_pct": 71.535580524344567, "height_mean_m_pct": 58.052434456928836, "volume_m3_pct": 95.13108614232209, "canopy_cover_pct": 69.850187265917612, "vari_mean_pct": 20.224719101123593, "exg_mean_pct": 13.108614232209737, "gli_mean_pct": 12.734082397003746 }, "geometry": { "type": "Polygon", "coordinates": [ [ [ 556613.284999999916181, 3034958.228000000119209 ], [ 556613.134999999892898, 3034958.328000000212342 ], [ 556612.834999999962747, 3034958.328000000212342 ], [ 556612.73499999998603, 3034958.427999999839813 ], [ 556612.284999999916181, 3034958.427999999839813 ], [ 556612.23499999998603, 3034958.478000000119209 ], [ 556611.10999999998603, 3034958.503 ], [ 556611.209999999962747, 3034958.603000000119209 ], [ 556611.35999999998603, 3034958.903 ], [ 556611.35999999998603, 3034959.003 ], [ 556611.509999999892898, 3034959.253 ], [ 556611.509999999892898, 3034959.353000000119209 ], [ 556611.559999999939464, 3034959.403 ], [ 556611.559999999939464, 3034959.802999999839813 ], [ 556611.509999999892898, 3034959.853000000119209 ], [ 556611.459999999962747, 3034960.153 ], [ 556611.409999999916181, 3034960.203000000212342 ], [ 556611.409999999916181, 3034960.353000000119209 ], [ 556611.35999999998603, 3034960.403 ], [ 556611.459999999962747, 3034961.052999999839813 ], [ 556611.409999999916181, 3034961.103000000119209 ], [ 556611.35999999998603, 3034961.403 ], [ 556611.259999999892898, 3034961.603000000119209 ], [ 556611.159999999916181, 3034961.703000000212342 ], [ 556611.159999999916181, 3034961.802999999839813 ], [ 556611.059999999939464, 3034961.953000000212342 ], [ 556611.059999999939464, 3034962.403 ], [ 556611.159999999916181, 3034962.603000000119209 ], [ 556611.309999999939464, 3034962.753 ], [ 556611.309999999939464, 3034962.802999999839813 ], [ 556611.534999999916181, 3034963.028 ], [ 556611.584999999962747, 3034963.028 ], [ 556611.73499999998603, 3034963.177999999839813 ], [ 556611.934999999939464, 3034963.228000000119209 ], [ 556611.98499999998603, 3034963.278 ], [ 556612.134999999892898, 3034963.278 ], [ 556612.184999999939464, 3034963.328000000212342 ], [ 556612.584999999962747, 3034963.328000000212342 ], [ 556613.284999999916181, 3034962.978000000119209 ], [ 556613.384999999892898, 3034962.978000000119209 ], [ 556613.584999999962747, 3034962.878 ], [ 556614.009999999892898, 3034962.503 ], [ 556614.159999999916181, 3034962.203000000212342 ], [ 556614.259999999892898, 3034962.103000000119209 ], [ 556614.259999999892898, 3034962.003 ], [ 556614.309999999939464, 3034961.953000000212342 ], [ 556614.309999999939464, 3034961.603000000119209 ], [ 556614.259999999892898, 3034961.552999999839813 ], [ 556614.259999999892898, 3034961.403 ], [ 556614.209999999962747, 3034961.353000000119209 ], [ 556614.159999999916181, 3034961.153 ], [ 556613.834999999962747, 3034960.828000000212342 ], [ 556613.584999999962747, 3034960.728000000119209 ], [ 556613.459999999962747, 3034960.603000000119209 ], [ 556613.459999999962747, 3034960.453000000212342 ], [ 556613.509999999892898, 3034960.353000000119209 ], [ 556613.809999999939464, 3034960.052999999839813 ], [ 556613.959999999962747, 3034959.753 ], [ 556614.009999999892898, 3034959.503 ], [ 556614.059999999939464, 3034959.453000000212342 ], [ 556614.059999999939464, 3034959.103000000119209 ], [ 556614.009999999892898, 3034959.052999999839813 ], [ 556614.009999999892898, 3034958.853000000119209 ], [ 556613.959999999962747, 3034958.802999999839813 ], [ 556613.959999999962747, 3034958.703000000212342 ], [ 556613.809999999939464, 3034958.503 ], [ 556613.809999999939464, 3034958.453000000212342 ], [ 556613.684999999939464, 3034958.328000000212342 ], [ 556613.48499999998603, 3034958.228000000119209 ], [ 556613.284999999916181, 3034958.228000000119209 ] ] ] } },
{ "type": "Feature", "properties": { "unit_id": "c00084", "method": "watershed", "label": 84, "area_m2": 7.2181249999857391, "height_max_m": 1.5670207738876343, "height_mean_m": 1.0943563154860767, "canopy_cover": 0.99827942188575358, "volume_m3": 7.9504986320240132, "n_pixels": 2906, "data_coverage": 1.0, "vari_mean": 0.26553389505209629, "exg_mean": 0.34260185896336159, "gli_mean": 0.23356173920861159, "height_max_m_pct": 65.168539325842701, "height_mean_m_pct": 65.168539325842701, "volume_m3_pct": 85.018726591760299, "canopy_cover_pct": 29.213483146067414, "vari_mean_pct": 34.082397003745321, "exg_mean_pct": 48.314606741573037, "gli_mean_pct": 48.314606741573037 }, "geometry": { "type": "Polygon", "coordinates": [ [ [ 556619.534999999916181, 3035036.528 ], [ 556619.459999999962747, 3035036.703000000212342 ], [ 556619.334999999962747, 3035036.828000000212342 ], [ 556618.934999999939464, 3035036.978000000119209 ], [ 556618.659999999916181, 3035037.203000000212342 ], [ 556618.509999999892898, 3035037.603000000119209 ], [ 556618.559999999939464, 3035037.653 ], [ 556618.559999999939464, 3035037.803000000305474 ], [ 556618.60999999998603, 3035037.903 ], [ 556618.85999999998603, 3035038.203000000212342 ], [ 556618.85999999998603, 3035038.253 ], [ 556619.23499999998603, 3035038.578000000212342 ], [ 556619.434999999939464, 3035038.678000000305474 ], [ 556619.60999999998603, 3035038.903 ], [ 556619.60999999998603, 3035039.053000000305474 ], [ 556619.10999999998603, 3035039.603000000119209 ], [ 556619.059999999939464, 3035039.853000000119209 ], [ 556619.10999999998603, 3035039.903 ], [ 556619.10999999998603, 3035040.003 ], [ 556619.334999999962747, 3035040.278 ], [ 556619.384999999892898, 3035040.278 ], [ 556619.534999999916181, 3035040.428000000305474 ], [ 556619.884999999892898, 3035040.628 ], [ 556619.98499999998603, 3035040.628 ], [ 556620.034999999916181, 3035040.678000000305474 ], [ 556620.534999999916181, 3035040.678000000305474 ], [ 556620.634999999892898, 3035040.628 ], [ 556620.85999999998603, 3035040.353000000119209 ], [ 556620.85999999998603, 3035040.253 ], [ 556620.909999999916181, 3035040.203000000212342 ], [ 556620.909999999916181, 3035039.753 ], [ 556620.85999999998603, 3035039.703000000212342 ], [ 556620.809999999939464, 3035039.503 ], [ 556620.459999999962747, 3035039.053000000305474 ], [ 556620.459999999962747, 3035038.853000000119209 ], [ 556621.10999999998603, 3035038.353000000119209 ], [ 556621.259999999892898, 3035038.053000000305474 ], [ 556621.259999999892898, 3035037.703000000212342 ], [ 556621.209999999962747, 3035037.653 ], [ 556621.209999999962747, 3035037.553000000305474 ], [ 556621.059999999939464, 3035037.253 ], [ 556620.659999999916181, 3035036.803000000305474 ], [ 556620.60999999998603, 3035036.653 ], [ 556620.534999999916181, 3035036.578000000212342 ], [ 556620.23499999998603, 3035036.578000000212342 ], [ 556620.184999999939464, 3035036.528 ], [ 556619.534999999916181, 3035036.528 ] ] ] } },
{ "type": "Feature", "properties": { "unit_id": "c00085", "method": "watershed", "label": 85, "area_m2": 2.4431250002403977, "height_max_m": 1.5860589742660522, "height_mean_m": 1.1502859181153677, "canopy_cover": 0.99495967741935487, "volume_m3": 2.852709076932451, "n_pixels": 992, "data_coverage": 1.0, "vari_mean": 0.33263614223167876, "exg_mean": 0.38724520789952588, "gli_mean": 0.25792193277126385, "height_max_m_pct": 68.913857677902627, "height_mean_m_pct": 77.902621722846447, "volume_m3_pct": 51.310861423220977, "canopy_cover_pct": 15.355805243445692, "vari_mean_pct": 78.277153558052433, "exg_mean_pct": 67.041198501872657, "gli_mean_pct": 66.292134831460672 }, "geometry": { "type": "Polygon", "coordinates": [ [ [ 556665.885, 3034951.278 ], [ 556665.635, 3034951.528 ], [ 556665.584999999962747, 3034951.528 ], [ 556665.35999999998603, 3034951.753 ], [ 556665.309999999939464, 3034951.853000000119209 ], [ 556665.309999999939464, 3034952.253 ], [ 556665.51, 3034952.603000000119209 ], [ 556665.684999999939464, 3034952.778 ], [ 556665.885, 3034952.828000000212342 ], [ 556665.934999999939464, 3034952.878 ], [ 556666.135, 3034952.878 ], [ 556666.184999999939464, 3034952.828000000212342 ], [ 556666.434999999939464, 3034952.828000000212342 ], [ 556666.48499999998603, 3034952.778 ], [ 556666.635, 3034952.778 ], [ 556666.934999999939464, 3034952.628 ], [ 556667.160000000032596, 3034952.353000000119209 ], [ 556667.160000000032596, 3034951.953000000212342 ], [ 556667.10999999998603, 3034951.903 ], [ 556667.10999999998603, 3034951.653 ], [ 556667.059999999939464, 3034951.603000000119209 ], [ 556667.035000000032596, 3034951.278 ], [ 556665.885, 3034951.278 ] ] ] } },
{ "type": "Feature", "properties": { "unit_id": "c00086", "method": "watershed", "label": 86, "area_m2": 4.9424999997299164, "height_max_m": 1.5876563787460327, "height_mean_m": 1.0514480703474847, "canopy_cover": 0.99749247743229685, "volume_m3": 5.2414686306938583, "n_pixels": 1994, "data_coverage": 1.0, "vari_mean": 0.26132050498861592, "exg_mean": 0.31666000952353041, "gli_mean": 0.21614687216569581, "height_max_m_pct": 69.662921348314612, "height_mean_m_pct": 52.434456928838948, "volume_m3_pct": 69.662921348314612, "canopy_cover_pct": 22.846441947565545, "vari_mean_pct": 29.962546816479403, "exg_mean_pct": 32.209737827715358, "gli_mean_pct": 31.460674157303369 }, "geometry": { "type": "Polygon", "coordinates": [ [ [ 556627.385, 3034972.828000000212342 ], [ 556627.059999999939464, 3034973.103000000119209 ], [ 556627.059999999939464, 3034973.153 ], [ 556626.909999999916181, 3034973.353000000119209 ], [ 556626.809999999939464, 3034973.753 ], [ 556626.76, 3034973.802999999839813 ], [ 556626.76, 3034973.953000000212342 ], [ 556626.709999999962747, 3034974.003 ], [ 556626.709999999962747, 3034974.153 ], [ 556626.659999999916181, 3034974.203000000212342 ], [ 556626.60999999998603, 3034974.703000000212342 ], [ 556626.709999999962747, 3034974.903 ], [ 556626.98499999998603, 3034975.177999999839813 ], [ 556627.034999999916181, 3034975.177999999839813 ], [ 556627.184999999939464, 3034975.328000000212342 ], [ 556627.48499999998603, 3034975.478000000119209 ], [ 556627.73499999998603, 3034975.478000000119209 ], [ 556627.834999999962747, 3034975.427999999839813 ], [ 556628.034999999916181, 3034975.228000000119209 ], [ 556628.084999999962747, 3034975.228000000119209 ], [ 556628.334999999962747, 3034975.028 ], [ 556628.534999999916181, 3034974.978000000119209 ], [ 556628.635, 3034974.878 ], [ 556628.684999999939464, 3034974.878 ], [ 556628.909999999916181, 3034974.653 ], [ 556628.959999999962747, 3034974.552999999839813 ], [ 556628.959999999962747, 3034974.453000000212342 ], [ 556629.01, 3034974.403 ], [ 556629.01, 3034974.203000000212342 ], [ 556629.059999999939464, 3034974.153 ], [ 556629.059999999939464, 3034973.653 ], [ 556628.909999999916181, 3034973.353000000119209 ], [ 556628.709999999962747, 3034973.153 ], [ 556628.709999999962747, 3034973.103000000119209 ], [ 556628.51, 3034972.903 ], [ 556628.48499999998603, 3034972.828000000212342 ], [ 556627.385, 3034972.828000000212342 ] ] ] } },
{ "type": "Feature", "properties": { "unit_id": "c00087", "method": "watershed", "label": 87, "area_m2": 4.1737499998958079, "height_max_m": 1.5800832509994507, "height_mean_m": 1.1630221405463277, "canopy_cover": 0.99939577039274929, "volume_m3": 4.8120041065211234, "n_pixels": 1655, "data_coverage": 1.0, "vari_mean": 0.26515174508127126, "exg_mean": 0.32752453438310886, "gli_mean": 0.22350305323135075, "height_max_m_pct": 67.415730337078656, "height_mean_m_pct": 80.898876404494374, "volume_m3_pct": 67.415730337078656, "canopy_cover_pct": 34.456928838951313, "vari_mean_pct": 32.958801498127336, "exg_mean_pct": 39.325842696629216, "gli_mean_pct": 40.449438202247187 }, "geometry": { "type": "Polygon", "coordinates": [ [ [ 556620.184999999939464, 3035041.328000000212342 ], [ 556619.934999999939464, 3035041.328000000212342 ], [ 556619.884999999892898, 3035041.378 ], [ 556619.48499999998603, 3035041.428000000305474 ], [ 556619.284999999916181, 3035041.528 ], [ 556619.059999999939464, 3035041.803000000305474 ], [ 556619.059999999939464, 3035041.903 ], [ 556619.009999999892898, 3035041.953000000212342 ], [ 556619.009999999892898, 3035042.603000000119209 ], [ 556619.159999999916181, 3035042.903 ], [ 556619.259999999892898, 3035043.003 ], [ 556619.309999999939464, 3035043.203000000212342 ], [ 556619.35999999998603, 3035043.253 ], [ 556619.35999999998603, 3035043.653 ], [ 556619.259999999892898, 3035043.803000000305474 ], [ 556619.284999999916181, 3035043.828000000212342 ], [ 556619.684999999939464, 3035043.828000000212342 ], [ 556619.73499999998603, 3035043.878 ], [ 556620.384999999892898, 3035043.878 ], [ 556620.409999999916181, 3035043.603000000119209 ], [ 556620.459999999962747, 3035043.503 ], [ 556620.85999999998603, 3035043.103000000119209 ], [ 556621.009999999892898, 3035042.803000000305474 ], [ 556621.059999999939464, 3035042.503 ], [ 556621.10999999998603, 3035042.453000000212342 ], [ 556621.10999999998603, 3035042.053000000305474 ], [ 556621.059999999939464, 3035042.003 ], [ 556621.059999999939464, 3035041.903 ], [ 556620.959999999962747, 3035041.703000000212342 ], [ 556620.684999999939464, 3035041.428000000305474 ], [ 556620.48499999998603, 3035041.328000000212342 ], [ 556620.334999999962747, 3035041.328000000212342 ], [ 556620.284999999916181, 3035041.278 ], [ 556620.184999999939464, 3035041.328000000212342 ] ] ] } },
{ "type": "Feature", "properties": { "unit_id": "c00088", "method": "watershed", "label": 88, "area_m2": 2.8431249998620469, "height_max_m": 1.5688117742538452, "height_mean_m": 1.2201611690989567, "canopy_cover": 0.98254799301919715, "volume_m3": 3.4957617494762787, "n_pixels": 1146, "data_coverage": 1.0, "vari_mean": 0.25521788761677933, "exg_mean": 0.30837751174136208, "gli_mean": 0.20838849977113111, "height_max_m_pct": 65.543071161048687, "height_mean_m_pct": 92.509363295880149, "volume_m3_pct": 58.801498127340821, "canopy_cover_pct": 2.9962546816479403, "vari_mean_pct": 25.842696629213485, "exg_mean_pct": 25.842696629213485, "gli_mean_pct": 23.220973782771537 }, "geometry": { "type": "Polygon", "coordinates": [ [ [ 556643.48499999998603, 3034952.677999999839813 ], [ 556643.434999999939464, 3034952.728000000119209 ], [ 556643.284999999916181, 3034952.728000000119209 ], [ 556643.084999999962747, 3034952.828000000212342 ], [ 556642.934999999939464, 3034952.828000000212342 ], [ 556642.434999999939464, 3034953.078000000212342 ], [ 556642.209999999962747, 3034953.302999999839813 ], [ 556642.159999999916181, 3034953.503 ], [ 556642.10999999998603, 3034953.552999999839813 ], [ 556642.159999999916181, 3034953.603000000119209 ], [ 556642.209999999962747, 3034953.802999999839813 ], [ 556642.534999999916181, 3034954.128 ], [ 556642.73499999998603, 3034954.177999999839813 ], [ 556642.784999999916181, 3034954.228000000119209 ], [ 556643.184999999939464, 3034954.228000000119209 ], [ 556643.23499999998603, 3034954.278 ], [ 556643.834999999962747, 3034954.278 ], [ 556643.885, 3034954.228000000119209 ], [ 556644.184999999939464, 3034954.177999999839813 ], [ 556644.284999999916181, 3034954.078000000212342 ], [ 556644.334999999962747, 3034954.078000000212342 ], [ 556644.459999999962747, 3034953.903 ], [ 556644.459999999962747, 3034953.552999999839813 ], [ 556644.409999999916181, 3034953.503 ], [ 556644.409999999916181, 3034953.403 ], [ 556644.209999999962747, 3034953.052999999839813 ], [ 556643.98499999998603, 3034952.828000000212342 ], [ 556643.934999999939464, 3034952.828000000212342 ], [ 556643.73499999998603, 3034952.677999999839813 ], [ 556643.48499999998603, 3034952.677999999839813 ] ] ] } },
{ "type": "Feature", "properties": { "unit_id": "c00089", "method": "watershed", "label": 89, "area_m2": 6.8506250001408624, "height_max_m": 1.5756373405456543, "height_mean_m": 1.1681268679385011, "canopy_cover": 1.0, "volume_m3": 8.0337925342648919, "n_pixels": 2751, "data_coverage": 1.0, "vari_mean": 0.23418613812077577, "exg_mean": 0.31940117606713619, "gli_mean": 0.21685827049916187, "height_max_m_pct": 67.041198501872657, "height_mean_m_pct": 82.022471910112358, "volume_m3_pct": 85.393258426966284, "canopy_cover_pct": 69.850187265917612, "vari_mean_pct": 13.48314606741573, "exg_mean_pct": 33.333333333333329, "gli_mean_pct": 32.209737827715358 }, "geometry": { "type": "Polygon", "coordinates": [ [ [ 556636.184999999939464, 3034924.278 ], [ 556635.885, 3034924.427999999839813 ], [ 556634.98499999998603, 3034924.427999999839813 ], [ 556634.959999999962747, 3034924.552999999839813 ], [ 556634.909999999916181, 3034924.603000000119209 ], [ 556634.909999999916181, 3034924.703000000212342 ], [ 556634.85999999998603, 3034924.753 ], [ 556634.85999999998603, 3034924.853000000119209 ], [ 556634.76, 3034925.003 ], [ 556634.76, 3034925.103000000119209 ], [ 556634.709999999962747, 3034925.153 ], [ 556634.709999999962747, 3034925.552999999839813 ], [ 556634.809999999939464, 3034925.753 ], [ 556634.809999999939464, 3034925.853000000119209 ], [ 556634.85999999998603, 3034925.903 ], [ 556634.85999999998603, 3034926.003 ], [ 556635.059999999939464, 3034926.403 ], [ 556635.159999999916181, 3034926.503 ], [ 556635.26, 3034926.703000000212342 ], [ 556635.26, 3034926.802999999839813 ], [ 556635.309999999939464, 3034926.853000000119209 ], [ 556635.26, 3034926.903 ], [ 556635.26, 3034927.003 ], [ 556635.159999999916181, 3034927.203000000212342 ], [ 556634.959999999962747, 3034927.453000000212342 ], [ 556634.959999999962747, 3034927.552999999839813 ], [ 556634.909999999916181, 3034927.603000000119209 ], [ 556634.909999999916181, 3034927.853000000119209 ], [ 556635.01, 3034928.052999999839813 ], [ 556635.084999999962747, 3034928.078000000212342 ], [ 556635.23499999998603, 3034928.228000000119209 ], [ 556635.385, 3034928.228000000119209 ], [ 556635.48499999998603, 3034928.278 ], [ 556635.534999999916181, 3034928.228000000119209 ], [ 556635.684999999939464, 3034928.228000000119209 ], [ 556635.784999999916181, 3034928.177999999839813 ], [ 556636.059999999939464, 3034927.903 ], [ 556636.159999999916181, 3034927.703000000212342 ], [ 556636.159999999916181, 3034927.603000000119209 ], [ 556636.209999999962747, 3034927.552999999839813 ], [ 556636.209999999962747, 3034927.353000000119209 ], [ 556636.26, 3034927.302999999839813 ], [ 556636.26, 3034927.203000000212342 ], [ 556636.35999999998603, 3034927.003 ], [ 556636.909999999916181, 3034926.302999999839813 ], [ 556636.959999999962747, 3034926.153 ], [ 556637.059999999939464, 3034926.052999999839813 ], [ 556637.26, 3034925.653 ], [ 556637.26, 3034925.552999999839813 ], [ 556637.309999999939464, 3034925.503 ], [ 556637.309999999939464, 3034924.953000000212342 ], [ 556637.209999999962747, 3034924.753 ], [ 556637.01, 3034924.552999999839813 ], [ 556636.784999999916181, 3034924.427999999839813 ], [ 556636.635, 3034924.278 ], [ 556636.184999999939464, 3034924.278 ] ] ] } },
{ "type": "Feature", "properties": { "unit_id": "c00090", "method": "watershed", "label": 90, "area_m2": 2.5450000001100124, "height_max_m": 1.6315922737121582, "height_mean_m": 1.0622779506439126, "canopy_cover": 1.0, "volume_m3": 2.7273986382843063, "n_pixels": 1027, "data_coverage": 1.0, "vari_mean": 0.28156824971490046, "exg_mean": 0.35716204473653912, "gli_mean": 0.24429314855061521, "height_max_m_pct": 75.655430711610478, "height_mean_m_pct": 54.68164794007491, "volume_m3_pct": 49.063670411985015, "canopy_cover_pct": 69.850187265917612, "vari_mean_pct": 46.441947565543074, "exg_mean_pct": 55.056179775280903, "gli_mean_pct": 56.17977528089888 }, "geometry": { "type": "Polygon", "coordinates": [ [ [ 556620.134999999892898, 3035014.677999999839813 ], [ 556619.98499999998603, 3035014.778 ], [ 556619.584999999962747, 3035014.878 ], [ 556619.259999999892898, 3035015.153 ], [ 556619.259999999892898, 3035015.503 ], [ 556619.35999999998603, 3035015.603000000119209 ], [ 556619.35999999998603, 3035015.653 ], [ 556619.759999999892898, 3035016.052999999839813 ], [ 556619.759999999892898, 3035016.103000000119209 ], [ 556619.909999999916181, 3035016.253 ], [ 556619.909999999916181, 3035016.302999999839813 ], [ 556620.309999999939464, 3035016.703000000212342 ], [ 556620.309999999939464, 3035016.753 ], [ 556620.434999999939464, 3035016.778 ], [ 556620.48499999998603, 3035016.828000000212342 ], [ 556620.85999999998603, 3035016.403 ], [ 556620.959999999962747, 3035016.203000000212342 ], [ 556620.959999999962747, 3035016.052999999839813 ], [ 556621.009999999892898, 3035016.003 ], [ 556621.009999999892898, 3035015.453000000212342 ], [ 556620.959999999962747, 3035015.403 ], [ 556620.959999999962747, 3035015.153 ], [ 556620.909999999916181, 3035015.103000000119209 ], [ 556620.909999999916181, 3035015.003 ], [ 556620.634999999892898, 3035014.728000000119209 ], [ 556620.534999999916181, 3035014.677999999839813 ], [ 556620.134999999892898, 3035014.677999999839813 ] ] ] } },
{ "type": "Feature", "properties": { "unit_id": "c00091", "method": "watershed", "label": 91, "area_m2": 5.508749999444408, "height_max_m": 1.5508437156677246, "height_mean_m": 1.1218575670771258, "canopy_cover": 1.0, "volume_m3": 6.2235048533741839, "n_pixels": 2219, "data_coverage": 1.0, "vari_mean": 0.25646556955680683, "exg_mean": 0.28032591993103578, "gli_mean": 0.19011635068279423, "height_max_m_pct": 62.921348314606739, "height_mean_m_pct": 74.157303370786522, "volume_m3_pct": 77.153558052434462, "canopy_cover_pct": 69.850187265917612, "vari_mean_pct": 26.591760299625467, "exg_mean_pct": 13.857677902621724, "gli_mean_pct": 13.108614232209737 }, "geometry": { "type": "Polygon", "coordinates": [ [ [ 556610.98499999998603, 3034970.578000000212342 ], [ 556610.959999999962747, 3034970.653 ], [ 556611.10999999998603, 3034970.903 ], [ 556611.10999999998603, 3034971.003 ], [ 556611.409999999916181, 3034971.603000000119209 ], [ 556611.409999999916181, 3034971.753 ], [ 556611.459999999962747, 3034971.802999999839813 ], [ 556611.409999999916181, 3034972.103000000119209 ], [ 556611.209999999962747, 3034972.453000000212342 ], [ 556612.48499999998603, 3034972.478000000119209 ], [ 556613.084999999962747, 3034972.778 ], [ 556613.634999999892898, 3034972.778 ], [ 556613.659999999916181, 3034972.552999999839813 ], [ 556614.009999999892898, 3034972.103000000119209 ], [ 556614.059999999939464, 3034971.903 ], [ 556614.10999999998603, 3034971.853000000119209 ], [ 556614.10999999998603, 3034971.753 ], [ 556614.159999999916181, 3034971.703000000212342 ], [ 556614.159999999916181, 3034971.552999999839813 ], [ 556614.209999999962747, 3034971.503 ], [ 556614.159999999916181, 3034971.203000000212342 ], [ 556613.909999999916181, 3034970.753 ], [ 556613.909999999916181, 3034970.653 ], [ 556613.834999999962747, 3034970.578000000212342 ], [ 556610.98499999998603, 3034970.578000000212342 ] ] ] } },
{ "type": "Feature", "properties": { "unit_id": "c00092", "method": "watershed", "label": 92, "area_m2": 8.8574999998509902, "height_max_m": 1.5432593822479248, "height_mean_m": 1.0866000854902171, "canopy_cover": 0.99604966139954854, "volume_m3": 9.6272767574647151, "n_pixels": 3544, "data_coverage": 1.0, "vari_mean": 0.24449308897147698, "exg_mean": 0.31416114710791282, "gli_mean": 0.21465745396594774, "height_max_m_pct": 62.172284644194754, "height_mean_m_pct": 61.048689138576783, "volume_m3_pct": 89.138576779026209, "canopy_cover_pct": 17.602996254681649, "vari_mean_pct": 17.977528089887642, "exg_mean_pct": 30.337078651685395, "gli_mean_pct": 30.711610486891384 }, "geometry": { "type": "Polygon", "coordinates": [ [ [ 556627.034999999916181, 3035019.828000000212342 ], [ 556626.98499999998603, 3035019.878 ], [ 556626.784999999916181, 3035019.928000000305474 ], [ 556626.51, 3035020.203000000212342 ], [ 556626.409999999916181, 3035020.403 ], [ 556626.409999999916181, 3035020.503 ], [ 556626.51, 3035020.703000000212342 ], [ 556626.85999999998603, 3035021.103000000119209 ], [ 556626.85999999998603, 3035021.203000000212342 ], [ 556626.909999999916181, 3035021.253 ], [ 556626.909999999916181, 3035021.553000000305474 ], [ 556626.809999999939464, 3035021.753 ], [ 556626.73499999998603, 3035021.828000000212342 ], [ 556626.684999999939464, 3035021.828000000212342 ], [ 556626.309999999939464, 3035022.203000000212342 ], [ 556626.059999999939464, 3035022.753 ], [ 556626.059999999939464, 3035023.153 ], [ 556626.159999999916181, 3035023.353000000119209 ], [ 556626.434999999939464, 3035023.628 ], [ 556626.834999999962747, 3035023.828000000212342 ], [ 556627.184999999939464, 3035023.878 ], [ 556627.23499999998603, 3035023.928000000305474 ], [ 556627.434999999939464, 3035023.928000000305474 ], [ 556627.48499999998603, 3035023.978000000119209 ], [ 556627.73499999998603, 3035023.978000000119209 ], [ 556627.784999999916181, 3035024.028 ], [ 556628.034999999916181, 3035024.028 ], [ 556628.084999999962747, 3035023.978000000119209 ], [ 556628.534999999916181, 3035023.978000000119209 ], [ 556628.584999999962747, 3035023.928000000305474 ], [ 556628.784999999916181, 3035023.878 ], [ 556629.10999999998603, 3035023.553000000305474 ], [ 556629.10999999998603, 3035023.503 ], [ 556629.209999999962747, 3035023.403 ], [ 556629.26, 3035023.153 ], [ 556629.309999999939464, 3035023.103000000119209 ], [ 556629.309999999939464, 3035022.753 ], [ 556629.209999999962747, 3035022.553000000305474 ], [ 556629.059999999939464, 3035022.403 ], [ 556629.059999999939464, 3035022.353000000119209 ], [ 556628.684999999939464, 3035022.078000000212342 ], [ 556628.635, 3035022.078000000212342 ], [ 556628.409999999916181, 3035021.803000000305474 ], [ 556628.409999999916181, 3035021.503 ], [ 556628.459999999962747, 3035021.453000000212342 ], [ 556628.459999999962747, 3035021.303000000305474 ], [ 556628.51, 3035021.253 ], [ 556628.51, 3035021.003 ], [ 556628.159999999916181, 3035020.503 ], [ 556628.159999999916181, 3035020.453000000212342 ], [ 556627.959999999962747, 3035020.253 ], [ 556627.959999999962747, 3035020.203000000212342 ], [ 556627.635, 3035019.928000000305474 ], [ 556627.534999999916181, 3035019.878 ], [ 556627.385, 3035019.878 ], [ 556627.334999999962747, 3035019.828000000212342 ], [ 556627.034999999916181, 3035019.828000000212342 ] ] ] } },
{ "type": "Feature", "properties": { "unit_id": "c00093", "method": "watershed", "label": 93, "area_m2": 4.1993750000133874, "height_max_m": 1.5744374990463257, "height_mean_m": 1.1115934372442593, "canopy_cover": 0.99763033175355453, "volume_m3": 4.6909243051811975, "n_pixels": 1688, "data_coverage": 1.0, "vari_mean": 0.20307796145119217, "exg_mean": 0.24344705706068409, "gli_mean": 0.1691020303315269, "height_max_m_pct": 66.666666666666657, "height_mean_m_pct": 70.786516853932582, "volume_m3_pct": 66.666666666666657, "canopy_cover_pct": 24.344569288389515, "vari_mean_pct": 5.2434456928838955, "exg_mean_pct": 4.868913857677903, "gli_mean_pct": 5.9925093632958806 }, "geometry": { "type": "Polygon", "coordinates": [ [ [ 556634.784999999916181, 3035027.178000000305474 ], [ 556634.209999999962747, 3035027.653 ], [ 556634.10999999998603, 3035027.853000000119209 ], [ 556634.10999999998603, 3035028.153 ], [ 556634.159999999916181, 3035028.253 ], [ 556634.48499999998603, 3035028.578000000212342 ], [ 556634.534999999916181, 3035028.578000000212342 ], [ 556634.784999999916181, 3035028.778 ], [ 556635.135, 3035028.928000000305474 ], [ 556635.309999999939464, 3035029.153 ], [ 556635.309999999939464, 3035029.253 ], [ 556635.35999999998603, 3035029.303000000305474 ], [ 556635.35999999998603, 3035029.653 ], [ 556635.309999999939464, 3035029.703000000212342 ], [ 556635.26, 3035029.953000000212342 ], [ 556635.209999999962747, 3035030.003 ], [ 556635.209999999962747, 3035030.203000000212342 ], [ 556635.334999999962747, 3035030.378 ], [ 556635.434999999939464, 3035030.428000000305474 ], [ 556635.584999999962747, 3035030.428000000305474 ], [ 556635.85999999998603, 3035030.253 ], [ 556635.85999999998603, 3035030.203000000212342 ], [ 556636.01, 3035030.003 ], [ 556636.01, 3035029.253 ], [ 556636.059999999939464, 3035029.203000000212342 ], [ 556636.059999999939464, 3035029.003 ], [ 556636.409999999916181, 3035028.453000000212342 ], [ 556636.409999999916181, 3035028.353000000119209 ], [ 556636.459999999962747, 3035028.303000000305474 ], [ 556636.459999999962747, 3035028.053000000305474 ], [ 556636.409999999916181, 3035028.003 ], [ 556636.409999999916181, 3035027.903 ], [ 556636.26, 3035027.753 ], [ 556636.26, 3035027.703000000212342 ], [ 556635.934999999939464, 3035027.428000000305474 ], [ 556635.635, 3035027.278 ], [ 556635.334999999962747, 3035027.228000000119209 ], [ 556635.284999999916181, 3035027.178000000305474 ], [ 556635.084999999962747, 3035027.178000000305474 ], [ 556635.034999999916181, 3035027.128 ], [ 556634.784999999916181, 3035027.178000000305474 ] ] ] } },
{ "type": "Feature", "properties": { "unit_id": "c00094", "method": "watershed", "label": 94, "area_m2": 3.5049999998288697, "height_max_m": 1.5803463459014893, "height_mean_m": 1.0075210428897838, "canopy_cover": 1.0, "volume_m3": 3.5489928735871494, "n_pixels": 1409, "data_coverage": 1.0, "vari_mean": 0.31378620830073545, "exg_mean": 0.33936999612617907, "gli_mean": 0.23225507240341337, "height_max_m_pct": 67.790262172284642, "height_mean_m_pct": 44.943820224719097, "volume_m3_pct": 59.550561797752813, "canopy_cover_pct": 69.850187265917612, "vari_mean_pct": 68.539325842696627, "exg_mean_pct": 47.565543071161045, "gli_mean_pct": 47.565543071161045 }, "geometry": { "type": "Polygon", "coordinates": [ [ [ 556634.834999999962747, 3034982.878 ], [ 556634.784999999916181, 3034982.927999999839813 ], [ 556634.584999999962747, 3034982.978000000119209 ], [ 556634.26, 3034983.253 ], [ 556634.26, 3034983.403 ], [ 556634.48499999998603, 3034983.677999999839813 ], [ 556634.784999999916181, 3034983.828000000212342 ], [ 556635.10999999998603, 3034984.153 ], [ 556635.159999999916181, 3034984.253 ], [ 556635.159999999916181, 3034984.802999999839813 ], [ 556635.26, 3034985.003 ], [ 556635.385, 3034985.128 ], [ 556635.584999999962747, 3034985.177999999839813 ], [ 556635.635, 3034985.228000000119209 ], [ 556635.934999999939464, 3034985.177999999839813 ], [ 556636.034999999916181, 3034985.128 ], [ 556636.309999999939464, 3034984.853000000119209 ], [ 556636.51, 3034984.453000000212342 ], [ 556636.60999999998603, 3034984.052999999839813 ], [ 556636.659999999916181, 3034984.003 ], [ 556636.659999999916181, 3034983.802999999839813 ], [ 556636.709999999962747, 3034983.753 ], [ 556636.659999999916181, 3034983.703000000212342 ], [ 556636.659999999916181, 3034983.503 ], [ 556636.60999999998603, 3034983.403 ], [ 556636.385, 3034983.177999999839813 ], [ 556636.184999999939464, 3034983.078000000212342 ], [ 556635.48499999998603, 3034983.078000000212342 ], [ 556635.135, 3034982.878 ], [ 556634.834999999962747, 3034982.878 ] ] ] } },
{ "type": "Feature", "properties": { "unit_id": "c00095", "method": "watershed", "label": 95, "area_m2": 3.0050000000355066, "height_max_m": 1.5513659715652466, "height_mean_m": 1.1717876133658085, "canopy_cover": 0.98575020955574177, "volume_m3": 3.4948565568712895, "n_pixels": 1193, "data_coverage": 1.0, "vari_mean": 0.32116845408454037, "exg_mean": 0.4075469100533492, "gli_mean": 0.27028957641073453, "height_max_m_pct": 63.295880149812731, "height_mean_m_pct": 83.146067415730343, "volume_m3_pct": 58.426966292134829, "canopy_cover_pct": 3.7453183520599254, "vari_mean_pct": 70.786516853932582, "exg_mean_pct": 75.655430711610478, "gli_mean_pct": 73.408239700374537 }, "geometry": { "type": "Polygon", "coordinates": [ [ [ 556657.809999999939464, 3035017.003 ], [ 556657.809999999939464, 3035017.153 ], [ 556657.76, 3035017.253 ], [ 556657.660000000032596, 3035017.353000000119209 ], [ 556657.459999999962747, 3035017.703000000212342 ], [ 556657.459999999962747, 3035018.203000000212342 ], [ 556657.51, 3035018.253 ], [ 556657.559999999939464, 3035018.552999999839813 ], [ 556657.73499999998603, 3035018.778 ], [ 556657.934999999939464, 3035018.878 ], [ 556658.035000000032596, 3035018.878 ], [ 556658.084999999962747, 3035018.927999999839813 ], [ 556658.184999999939464, 3035018.927999999839813 ], [ 556658.48499999998603, 3035019.078000000212342 ], [ 556658.635, 3035019.278 ], [ 556658.684999999939464, 3035019.178000000305474 ], [ 556658.885, 3035019.078000000212342 ], [ 556659.26, 3035018.703000000212342 ], [ 556659.309999999939464, 3035018.503 ], [ 556659.35999999998603, 3035018.453000000212342 ], [ 556659.35999999998603, 3035018.103000000119209 ], [ 556659.209999999962747, 3035017.802999999839813 ], [ 556658.60999999998603, 3035017.203000000212342 ], [ 556658.60999999998603, 3035017.103000000119209 ], [ 556658.535000000032596, 3035016.978000000119209 ], [ 556657.809999999939464, 3035017.003 ] ] ] } },
{ "type": "Feature", "properties": { "unit_id": "c00096", "method": "watershed", "label": 96, "area_m2": 4.542499999939464, "height_max_m": 1.5537776947021484, "height_mean_m": 1.0867367983192779, "canopy_cover": 1.0, "volume_m3": 4.9310682223846811, "n_pixels": 1815, "data_coverage": 1.0, "vari_mean": 0.27970742111565827, "exg_mean": 0.33245497498080234, "gli_mean": 0.22541776588433707, "height_max_m_pct": 63.670411985018724, "height_mean_m_pct": 61.423220973782769, "volume_m3_pct": 68.539325842696627, "canopy_cover_pct": 69.850187265917612, "vari_mean_pct": 43.445692883895134, "exg_mean_pct": 43.445692883895134, "gli_mean_pct": 43.071161048689142 }, "geometry": { "type": "Polygon", "coordinates": [ [ [ 556627.034999999916181, 3034987.578000000212342 ], [ 556626.909999999916181, 3034987.903 ], [ 556626.76, 3034988.052999999839813 ], [ 556626.76, 3034988.103000000119209 ], [ 556626.60999999998603, 3034988.302999999839813 ], [ 556626.559999999939464, 3034988.552999999839813 ], [ 556626.51, 3034988.603000000119209 ], [ 556626.51, 3034989.253 ], [ 556626.559999999939464, 3034989.302999999839813 ], [ 556626.559999999939464, 3034989.453000000212342 ], [ 556626.76, 3034989.802999999839813 ], [ 556626.98499999998603, 3034990.028 ], [ 556627.385, 3034990.228000000119209 ], [ 556628.184999999939464, 3034990.128 ], [ 556628.309999999939464, 3034989.802999999839813 ], [ 556628.60999999998603, 3034989.453000000212342 ], [ 556628.809999999939464, 3034989.103000000119209 ], [ 556628.809999999939464, 3034988.953000000212342 ], [ 556628.85999999998603, 3034988.903 ], [ 556628.85999999998603, 3034988.552999999839813 ], [ 556628.809999999939464, 3034988.503 ], [ 556628.809999999939464, 3034988.403 ], [ 556628.534999999916181, 3034988.128 ], [ 556628.334999999962747, 3034988.028 ], [ 556628.23499999998603, 3034988.028 ], [ 556628.184999999939464, 3034987.978000000119209 ], [ 556627.98499999998603, 3034987.978000000119209 ], [ 556627.784999999916181, 3034987.878 ], [ 556627.684999999939464, 3034987.878 ], [ 556627.584999999962747, 3034987.778 ], [ 556627.534999999916181, 3034987.778 ], [ 556627.385, 3034987.578000000212342 ], [ 556627.034999999916181, 3034987.578000000212342 ] ] ] } },
{ "type": "Feature", "properties": { "unit_id": "c00097", "method": "watershed", "label": 97, "area_m2": 2.5693749999924331, "height_max_m": 1.5479142665863037, "height_mean_m": 1.2196876829503629, "canopy_cover": 0.99029126213592233, "volume_m3": 3.1406957836041629, "n_pixels": 1030, "data_coverage": 1.0, "vari_mean": 0.27576978520339407, "exg_mean": 0.34610260376879232, "gli_mean": 0.23522961280297905, "height_max_m_pct": 62.546816479400746, "height_mean_m_pct": 92.134831460674164, "volume_m3_pct": 54.68164794007491, "canopy_cover_pct": 7.1161048689138573, "vari_mean_pct": 41.198501872659179, "exg_mean_pct": 49.438202247191008, "gli_mean_pct": 49.438202247191008 }, "geometry": { "type": "Polygon", "coordinates": [ [ [ 556657.584999999962747, 3035036.128 ], [ 556657.385, 3035036.228000000119209 ], [ 556657.160000000032596, 3035036.403 ], [ 556656.959999999962747, 3035036.803000000305474 ], [ 556656.959999999962747, 3035037.303000000305474 ], [ 556657.01, 3035037.403 ], [ 556657.23499999998603, 3035037.628 ], [ 556657.535000000032596, 3035037.778 ], [ 556657.73499999998603, 3035037.778 ], [ 556657.785000000032596, 3035037.828000000212342 ], [ 556658.084999999962747, 3035037.828000000212342 ], [ 556658.135, 3035037.778 ], [ 556658.385, 3035037.778 ], [ 556658.584999999962747, 3035037.678000000305474 ], [ 556658.709999999962747, 3035037.553000000305474 ], [ 556658.76, 3035037.353000000119209 ], [ 556658.809999999939464, 3035037.303000000305474 ], [ 556658.809999999939464, 3035037.203000000212342 ], [ 556658.85999999998603, 3035037.153 ], [ 556658.85999999998603, 3035036.853000000119209 ], [ 556658.809999999939464, 3035036.753 ], [ 556658.285000000032596, 3035036.228000000119209 ], [ 556658.084999999962747, 3035036.128 ], [ 556657.584999999962747, 3035036.128 ] ] ] } },
{ "type": "Feature", "properties": { "unit_id": "c00098", "method": "watershed", "label": 98, "area_m2": 3.6581250000820731, "height_max_m": 1.5594346523284912, "height_mean_m": 1.0694259452558048, "canopy_cover": 0.99527027027027026, "volume_m3": 3.9568759974552696, "n_pixels": 1480, "data_coverage": 1.0, "vari_mean": 0.28768881772228877, "exg_mean": 0.32454287265080206, "gli_mean": 0.22161755489100821, "height_max_m_pct": 64.044943820224717, "height_mean_m_pct": 56.928838951310858, "volume_m3_pct": 61.797752808988761, "canopy_cover_pct": 16.104868913857679, "vari_mean_pct": 50.936329588014985, "exg_mean_pct": 37.078651685393261, "gli_mean_pct": 37.453183520599254 }, "geometry": { "type": "Polygon", "coordinates": [ [ [ 556634.73499999998603, 3034992.878 ], [ 556634.684999999939464, 3034992.927999999839813 ], [ 556634.584999999962747, 3034992.927999999839813 ], [ 556634.284999999916181, 3034993.177999999839813 ], [ 556634.23499999998603, 3034993.177999999839813 ], [ 556634.01, 3034993.403 ], [ 556633.909999999916181, 3034993.603000000119209 ], [ 556633.909999999916181, 3034993.802999999839813 ], [ 556633.959999999962747, 3034993.903 ], [ 556634.184999999939464, 3034994.128 ], [ 556634.284999999916181, 3034994.177999999839813 ], [ 556634.534999999916181, 3034994.177999999839813 ], [ 556634.584999999962747, 3034994.228000000119209 ], [ 556634.934999999939464, 3034994.228000000119209 ], [ 556636.034999999916181, 3034994.778 ], [ 556636.334999999962747, 3034994.778 ], [ 556636.51, 3034994.603000000119209 ], [ 556636.60999999998603, 3034994.403 ], [ 556636.60999999998603, 3034994.203000000212342 ], [ 556636.659999999916181, 3034994.153 ], [ 556636.659999999916181, 3034993.753 ], [ 556636.60999999998603, 3034993.703000000212342 ], [ 556636.60999999998603, 3034993.552999999839813 ], [ 556636.559999999939464, 3034993.503 ], [ 556636.559999999939464, 3034993.353000000119209 ], [ 556636.409999999916181, 3034993.153 ], [ 556636.409999999916181, 3034993.103000000119209 ], [ 556636.135, 3034992.978000000119209 ], [ 556636.084999999962747, 3034993.028 ], [ 556635.434999999939464, 3034993.028 ], [ 556635.385, 3034992.978000000119209 ], [ 556635.23499999998603, 3034992.978000000119209 ], [ 556635.034999999916181, 3034992.878 ], [ 556634.73499999998603, 3034992.878 ] ] ] } },
{ "type": "Feature", "properties": { "unit_id": "c00099", "method": "watershed", "label": 99, "area_m2": 6.5699477826232338, "height_max_m": 1.5619044303894043, "height_mean_m": 1.1538048317309317, "canopy_cover": 1.0, "volume_m3": 7.6266499377584047, "n_pixels": 2644, "data_coverage": 1.0, "vari_mean": 0.24597599543359483, "exg_mean": 0.31178512137399889, "gli_mean": 0.2126650614555208, "height_max_m_pct": 64.794007490636702, "height_mean_m_pct": 78.277153558052433, "volume_m3_pct": 83.895131086142328, "canopy_cover_pct": 69.850187265917612, "vari_mean_pct": 19.101123595505616, "exg_mean_pct": 28.08988764044944, "gli_mean_pct": 27.340823970037455 }, "geometry": { "type": "Polygon", "coordinates": [ [ [ 556621.209999999962747, 3035046.603000000119209 ], [ 556621.159999999916181, 3035046.503 ], [ 556621.159999999916181, 3035046.003 ], [ 556621.409999999916181, 3035045.503 ], [ 556621.459999999962747, 3035045.253 ], [ 556621.509999999892898, 3035045.203000000212342 ], [ 556621.509999999892898, 3035044.803000000305474 ], [ 556621.284999999916181, 3035044.528 ], [ 556620.584999999962747, 3035044.128 ], [ 556620.509999999892898, 3035044.053000000305474 ], [ 556620.434999999939464, 3035043.878 ], [ 556619.73499999998603, 3035043.878 ], [ 556619.684999999939464, 3035043.828000000212342 ], [ 556619.23499999998603, 3035043.828000000212342 ], [ 556618.759999999892898, 3035044.253 ], [ 556618.559999999939464, 3035044.603000000119209 ], [ 556618.509999999892898, 3035045.003 ], [ 556618.559999999939464, 3035045.053000000305474 ], [ 556618.559999999939464, 3035045.153 ], [ 556618.834999999962747, 3035045.378 ], [ 556618.98499999998603, 3035045.428000000305474 ], [ 556619.259999999892898, 3035045.703000000212342 ], [ 556619.309999999939464, 3035045.903 ], [ 556619.35999999998603, 3035045.953000000212342 ], [ 556619.35999999998603, 3035046.053000000305474 ], [ 556619.259999999892898, 3035046.253 ], [ 556618.909999999916181, 3035046.553000000305474 ], [ 556618.909999999916181, 3035046.653 ], [ 556618.98499999998603, 3035046.728000000119209 ], [ 556619.084999999962747, 3035046.728000000119209 ], [ 556619.113099124049768, 3035046.756099123973399 ], [ 556621.104729200480506, 3035046.750379119068384 ], [ 556621.209999999962747, 3035046.603000000119209 ] ] ] } },
{ "type": "Feature", "properties": { "unit_id": "c00100", "method": "watershed", "label": 100, "area_m2": 2.2818749998832937, "height_max_m": 1.5617630481719971, "height_mean_m": 1.1929130865130071, "canopy_cover": 0.9924324324324324, "volume_m3": 2.7586115125674584, "n_pixels": 925, "data_coverage": 1.0, "vari_mean": 0.35498981748379571, "exg_mean": 0.4607990147924621, "gli_mean": 0.305830763222536, "height_max_m_pct": 64.419475655430716, "height_mean_m_pct": 88.014981273408239, "volume_m3_pct": 49.438202247191008, "canopy_cover_pct": 11.235955056179774, "vari_mean_pct": 90.636704119850179, "exg_mean_pct": 94.382022471910105, "gli_mean_pct": 94.382022471910105 }, "geometry": { "type": "Polygon", "coordinates": [ [ [ 556658.334999999962747, 3034929.828000000212342 ], [ 556658.035000000032596, 3034929.978000000119209 ], [ 556657.809999999939464, 3034930.203000000212342 ], [ 556657.660000000032596, 3034930.503 ], [ 556657.660000000032596, 3034930.903 ], [ 556657.709999999962747, 3034930.953000000212342 ], [ 556657.709999999962747, 3034931.052999999839813 ], [ 556657.885, 3034931.228000000119209 ], [ 556658.084999999962747, 3034931.278 ], [ 556658.135, 3034931.328000000212342 ], [ 556658.584999999962747, 3034931.328000000212342 ], [ 556658.635, 3034931.378 ], [ 556658.73499999998603, 3034931.378 ], [ 556658.785000000032596, 3034931.328000000212342 ], [ 556659.035000000032596, 3034931.328000000212342 ], [ 556659.084999999962747, 3034931.278 ], [ 556659.184999999939464, 3034931.278 ], [ 556659.410000000032596, 3034931.052999999839813 ], [ 556659.459999999962747, 3034930.953000000212342 ], [ 556659.459999999962747, 3034930.753 ], [ 556659.51, 3034930.703000000212342 ], [ 556659.459999999962747, 3034930.653 ], [ 556659.459999999962747, 3034930.453000000212342 ], [ 556659.285000000032596, 3034930.128 ], [ 556658.98499999998603, 3034929.878 ], [ 556658.885, 3034929.878 ], [ 556658.834999999962747, 3034929.828000000212342 ], [ 556658.334999999962747, 3034929.828000000212342 ] ] ] } },
{ "type": "Feature", "properties": { "unit_id": "c00101", "method": "watershed", "label": 101, "area_m2": 2.4312499999985451, "height_max_m": 1.5730733871459961, "height_mean_m": 1.0877656691457851, "canopy_cover": 1.0, "volume_m3": 2.6459899902030015, "n_pixels": 973, "data_coverage": 1.0, "vari_mean": 0.34363880720748008, "exg_mean": 0.40556814395997898, "gli_mean": 0.27185345266601074, "height_max_m_pct": 65.917602996254672, "height_mean_m_pct": 61.797752808988761, "volume_m3_pct": 47.940074906367045, "canopy_cover_pct": 69.850187265917612, "vari_mean_pct": 83.520599250936328, "exg_mean_pct": 74.906367041198507, "gli_mean_pct": 74.157303370786522 }, "geometry": { "type": "Polygon", "coordinates": [ [ [ 556651.434999999939464, 3034955.228000000119209 ], [ 556651.284999999916181, 3034955.328000000212342 ], [ 556651.184999999939464, 3034955.328000000212342 ], [ 556651.135, 3034955.378 ], [ 556650.934999999939464, 3034955.427999999839813 ], [ 556650.834999999962747, 3034955.528 ], [ 556650.784999999916181, 3034955.528 ], [ 556650.409999999916181, 3034955.903 ], [ 556650.35999999998603, 3034956.003 ], [ 556650.35999999998603, 3034956.353000000119209 ], [ 556650.409999999916181, 3034956.453000000212342 ], [ 556650.635, 3034956.677999999839813 ], [ 556650.834999999962747, 3034956.728000000119209 ], [ 556650.885, 3034956.778 ], [ 556650.98499999998603, 3034956.778 ], [ 556651.034999999916181, 3034956.828000000212342 ], [ 556651.184999999939464, 3034956.828000000212342 ], [ 556651.23499999998603, 3034956.878 ], [ 556651.385, 3034956.878 ], [ 556651.434999999939464, 3034956.927999999839813 ], [ 556651.584999999962747, 3034956.927999999839813 ], [ 556651.885, 3034956.778 ], [ 556652.26, 3034956.403 ], [ 556652.35999999998603, 3034956.203000000212342 ], [ 556652.35999999998603, 3034955.903 ], [ 556652.309999999939464, 3034955.802999999839813 ], [ 556652.084999999962747, 3034955.578000000212342 ], [ 556652.034999999916181, 3034955.578000000212342 ], [ 556651.885, 3034955.427999999839813 ], [ 556651.834999999962747, 3034955.427999999839813 ], [ 556651.584999999962747, 3034955.228000000119209 ], [ 556651.434999999939464, 3034955.228000000119209 ] ] ] } },
{ "type": "Feature", "properties": { "unit_id": "c00102", "method": "watershed", "label": 102, "area_m2": 4.8068750000229921, "height_max_m": 1.5397301912307739, "height_mean_m": 1.0083686222295536, "canopy_cover": 1.0, "volume_m3": 4.8275647789347156, "n_pixels": 1915, "data_coverage": 1.0, "vari_mean": 0.35013868317151853, "exg_mean": 0.38025402966494909, "gli_mean": 0.25737847325905017, "height_max_m_pct": 61.797752808988761, "height_mean_m_pct": 45.31835205992509, "volume_m3_pct": 67.790262172284642, "canopy_cover_pct": 69.850187265917612, "vari_mean_pct": 87.640449438202253, "exg_mean_pct": 64.044943820224717, "gli_mean_pct": 65.168539325842701 }, "geometry": { "type": "Polygon", "coordinates": [ [ [ 556620.534999999916181, 3034954.228000000119209 ], [ 556620.459999999962747, 3034954.353000000119209 ], [ 556620.459999999962747, 3034954.503 ], [ 556620.35999999998603, 3034954.703000000212342 ], [ 556620.35999999998603, 3034954.903 ], [ 556620.309999999939464, 3034954.953000000212342 ], [ 556620.309999999939464, 3034955.103000000119209 ], [ 556620.23499999998603, 3034955.128 ], [ 556619.659999999916181, 3034955.703000000212342 ], [ 556619.659999999916181, 3034955.753 ], [ 556619.509999999892898, 3034955.953000000212342 ], [ 556619.459999999962747, 3034956.153 ], [ 556619.159999999916181, 3034956.503 ], [ 556619.159999999916181, 3034956.552999999839813 ], [ 556619.009999999892898, 3034956.753 ], [ 556618.959999999962747, 3034957.103000000119209 ], [ 556619.009999999892898, 3034957.153 ], [ 556619.009999999892898, 3034957.302999999839813 ], [ 556619.059999999939464, 3034957.403 ], [ 556619.284999999916181, 3034957.628 ], [ 556619.48499999998603, 3034957.728000000119209 ], [ 556619.584999999962747, 3034957.728000000119209 ], [ 556619.634999999892898, 3034957.778 ], [ 556619.98499999998603, 3034957.778 ], [ 556620.184999999939464, 3034957.677999999839813 ], [ 556620.284999999916181, 3034957.677999999839813 ], [ 556620.334999999962747, 3034957.628 ], [ 556620.434999999939464, 3034957.628 ], [ 556620.48499999998603, 3034957.578000000212342 ], [ 556620.73499999998603, 3034957.528 ], [ 556620.98499999998603, 3034957.378 ], [ 556621.284999999916181, 3034957.328000000212342 ], [ 556621.459999999962747, 3034957.203000000212342 ], [ 556621.409999999916181, 3034956.302999999839813 ], [ 556621.35999999998603, 3034956.253 ], [ 556621.309999999939464, 3034956.052999999839813 ], [ 556620.584999999962747, 3034955.378 ], [ 556620.459999999962747, 3034955.203000000212342 ], [ 556620.459999999962747, 3034955.103000000119209 ], [ 556620.684999999939464, 3034954.927999999839813 ], [ 556620.73499999998603, 3034954.927999999839813 ], [ 556620.909999999916181, 3034954.653 ], [ 556620.909999999916181, 3034954.453000000212342 ], [ 556620.85999999998603, 3034954.403 ], [ 556620.85999999998603, 3034954.302999999839813 ], [ 556620.684999999939464, 3034954.177999999839813 ], [ 556620.534999999916181, 3034954.228000000119209 ] ] ] } },
{ "type": "Feature", "properties": { "unit_id": "c00103", "method": "watershed", "label": 103, "area_m2": 2.7718750002648451, "height_max_m": 1.5197335481643677, "height_mean_m": 1.1292646630152714, "canopy_cover": 0.9838854073410922, "volume_m3": 3.1534715714771524, "n_pixels": 1117, "data_coverage": 1.0, "vari_mean": 0.33918805688572312, "exg_mean": 0.41276447055189919, "gli_mean": 0.27805307435092075, "height_max_m_pct": 61.423220973782769, "height_mean_m_pct": 75.655430711610478, "volume_m3_pct": 55.056179775280903, "canopy_cover_pct": 3.3707865168539324, "vari_mean_pct": 82.022471910112358, "exg_mean_pct": 78.651685393258433, "gli_mean_pct": 79.026217228464418 }, "geometry": { "type": "Polygon", "coordinates": [ [ [ 556627.584999999962747, 3034953.778 ], [ 556627.309999999939464, 3034954.003 ], [ 556627.26, 3034954.103000000119209 ], [ 556627.26, 3034954.503 ], [ 556627.309999999939464, 3034954.552999999839813 ], [ 556627.309999999939464, 3034954.703000000212342 ], [ 556627.409999999916181, 3034954.903 ], [ 556627.559999999939464, 3034955.052999999839813 ], [ 556627.584999999962747, 3034955.128 ], [ 556627.635, 3034955.128 ], [ 556627.784999999916181, 3034955.278 ], [ 556627.98499999998603, 3034955.328000000212342 ], [ 556628.034999999916181, 3034955.378 ], [ 556628.385, 3034955.378 ], [ 556628.434999999939464, 3034955.328000000212342 ], [ 556628.885, 3034955.328000000212342 ], [ 556629.084999999962747, 3034955.228000000119209 ], [ 556629.26, 3034955.052999999839813 ], [ 556629.309999999939464, 3034954.853000000119209 ], [ 556629.35999999998603, 3034954.802999999839813 ], [ 556629.35999999998603, 3034954.603000000119209 ], [ 556629.309999999939464, 3034954.552999999839813 ], [ 556629.26, 3034954.353000000119209 ], [ 556628.885, 3034953.927999999839813 ], [ 556628.584999999962747, 3034953.778 ], [ 556628.48499999998603, 3034953.778 ], [ 556628.434999999939464, 3034953.728000000119209 ], [ 556628.184999999939464, 3034953.728000000119209 ], [ 556628.135, 3034953.677999999839813 ], [ 556627.584999999962747, 3034953.778 ] ] ] } },
{ "type": "Feature", "properties": { "unit_id": "c00104", "method": "watershed", "label": 104, "area_m2": 4.9806249997630951, "height_max_m": 1.5021951198577881, "height_mean_m": 1.0642881920887599, "canopy_cover": 0.99950074887668494, "volume_m3": 5.3294231218963075, "n_pixels": 2003, "data_coverage": 1.0, "vari_mean": 0.30561062270198663, "exg_mean": 0.39551805969028009, "gli_mean": 0.26388810780097061, "height_max_m_pct": 60.299625468164798, "height_mean_m_pct": 55.430711610486895, "volume_m3_pct": 70.786516853932582, "canopy_cover_pct": 35.955056179775283, "vari_mean_pct": 61.797752808988761, "exg_mean_pct": 70.411985018726597, "gli_mean_pct": 68.164794007490642 }, "geometry": { "type": "Polygon", "coordinates": [ [ [ 556666.385, 3034932.078000000212342 ], [ 556666.334999999962747, 3034932.128 ], [ 556666.135, 3034932.128 ], [ 556666.035000000032596, 3034932.177999999839813 ], [ 556665.709999999962747, 3034932.453000000212342 ], [ 556665.51, 3034932.853000000119209 ], [ 556665.51, 3034933.103000000119209 ], [ 556665.559999999939464, 3034933.153 ], [ 556665.60999999998603, 3034933.353000000119209 ], [ 556666.059999999939464, 3034933.802999999839813 ], [ 556666.059999999939464, 3034933.853000000119209 ], [ 556666.209999999962747, 3034934.003 ], [ 556666.209999999962747, 3034934.103000000119209 ], [ 556666.26, 3034934.153 ], [ 556666.26, 3034934.253 ], [ 556666.160000000032596, 3034934.453000000212342 ], [ 556665.959999999962747, 3034934.653 ], [ 556665.959999999962747, 3034934.703000000212342 ], [ 556665.809999999939464, 3034934.903 ], [ 556665.809999999939464, 3034935.253 ], [ 556665.934999999939464, 3034935.528 ], [ 556666.084999999962747, 3034935.677999999839813 ], [ 556666.285000000032596, 3034935.728000000119209 ], [ 556666.334999999962747, 3034935.778 ], [ 556666.684999999939464, 3034935.677999999839813 ], [ 556667.160000000032596, 3034935.153 ], [ 556667.209999999962747, 3034935.052999999839813 ], [ 556667.209999999962747, 3034934.753 ], [ 556667.160000000032596, 3034934.703000000212342 ], [ 556667.160000000032596, 3034934.552999999839813 ], [ 556667.10999999998603, 3034934.503 ], [ 556667.10999999998603, 3034934.353000000119209 ], [ 556667.309999999939464, 3034933.953000000212342 ], [ 556667.410000000032596, 3034933.853000000119209 ], [ 556667.410000000032596, 3034933.753 ], [ 556667.51, 3034933.603000000119209 ], [ 556667.51, 3034933.453000000212342 ], [ 556667.559999999939464, 3034933.403 ], [ 556667.559999999939464, 3034932.853000000119209 ], [ 556667.51, 3034932.753 ], [ 556666.98499999998603, 3034932.228000000119209 ], [ 556666.934999999939464, 3034932.228000000119209 ], [ 556666.834999999962747, 3034932.128 ], [ 556666.684999999939464, 3034932.128 ], [ 556666.635, 3034932.078000000212342 ], [ 556666.385, 3034932.078000000212342 ] ] ] } },
{ "type": "Feature", "properties": { "unit_id": "c00105", "method": "watershed", "label": 105, "area_m2": 10.713124999759604, "height_max_m": 1.4926810264587402, "height_mean_m": 1.0254916309151969, "canopy_cover": 1.0, "volume_m3": 10.883029933111709, "n_pixels": 4245, "data_coverage": 1.0, "vari_mean": 0.14934408153039136, "exg_mean": 0.20091122324616423, "gli_mean": 0.14085088129429554, "height_max_m_pct": 58.426966292134829, "height_mean_m_pct": 47.565543071161045, "volume_m3_pct": 91.385767790262179, "canopy_cover_pct": 69.850187265917612, "vari_mean_pct": 1.1235955056179776, "exg_mean_pct": 1.1235955056179776, "gli_mean_pct": 1.1235955056179776 }, "geometry": { "type": "Polygon", "coordinates": [ [ [ 556612.584999999962747, 3034931.528 ], [ 556612.284999999916181, 3034931.677999999839813 ], [ 556611.559999999939464, 3034931.703000000212342 ], [ 556611.509999999892898, 3034932.052999999839813 ], [ 556611.409999999916181, 3034932.203000000212342 ], [ 556611.35999999998603, 3034932.453000000212342 ], [ 556611.309999999939464, 3034932.503 ], [ 556611.309999999939464, 3034934.302999999839813 ], [ 556611.259999999892898, 3034934.353000000119209 ], [ 556611.259999999892898, 3034934.753 ], [ 556611.209999999962747, 3034934.802999999839813 ], [ 556611.209999999962747, 3034935.052999999839813 ], [ 556611.159999999916181, 3034935.103000000119209 ], [ 556611.159999999916181, 3034935.253 ], [ 556611.10999999998603, 3034935.302999999839813 ], [ 556611.134999999892898, 3034936.177999999839813 ], [ 556613.084999999962747, 3034936.177999999839813 ], [ 556613.134999999892898, 3034936.128 ], [ 556613.73499999998603, 3034936.128 ], [ 556613.759999999892898, 3034936.052999999839813 ], [ 556613.659999999916181, 3034935.953000000212342 ], [ 556613.659999999916181, 3034935.703000000212342 ], [ 556613.709999999962747, 3034935.603000000119209 ], [ 556614.209999999962747, 3034935.103000000119209 ], [ 556614.259999999892898, 3034935.003 ], [ 556614.259999999892898, 3034934.903 ], [ 556614.309999999939464, 3034934.853000000119209 ], [ 556614.309999999939464, 3034934.403 ], [ 556614.259999999892898, 3034934.302999999839813 ], [ 556614.034999999916181, 3034934.078000000212342 ], [ 556613.98499999998603, 3034934.078000000212342 ], [ 556613.73499999998603, 3034933.878 ], [ 556613.284999999916181, 3034933.677999999839813 ], [ 556613.059999999939464, 3034933.453000000212342 ], [ 556612.959999999962747, 3034933.253 ], [ 556613.009999999892898, 3034933.052999999839813 ], [ 556613.259999999892898, 3034932.753 ], [ 556613.35999999998603, 3034932.552999999839813 ], [ 556613.35999999998603, 3034932.403 ], [ 556613.409999999916181, 3034932.353000000119209 ], [ 556613.409999999916181, 3034932.003 ], [ 556613.184999999939464, 3034931.528 ], [ 556612.584999999962747, 3034931.528 ] ] ] } },
{ "type": "Feature", "properties": { "unit_id": "c00106", "method": "watershed", "label": 106, "area_m2": 2.1199999999295693, "height_max_m": 1.4971069097518921, "height_mean_m": 1.1598896150526248, "canopy_cover": 0.99649122807017543, "volume_m3": 2.4792640521804943, "n_pixels": 855, "data_coverage": 1.0, "vari_mean": 0.2675200955337132, "exg_mean": 0.30481060331163468, "gli_mean": 0.20976542780267243, "height_max_m_pct": 59.550561797752813, "height_mean_m_pct": 80.149812734082388, "volume_m3_pct": 44.569288389513105, "canopy_cover_pct": 19.475655430711612, "vari_mean_pct": 34.831460674157306, "exg_mean_pct": 23.220973782771537, "gli_mean_pct": 25.468164794007492 }, "geometry": { "type": "Polygon", "coordinates": [ [ [ 556658.684999999939464, 3034949.078000000212342 ], [ 556658.48499999998603, 3034949.177999999839813 ], [ 556658.10999999998603, 3034949.552999999839813 ], [ 556658.10999999998603, 3034949.603000000119209 ], [ 556658.01, 3034949.703000000212342 ], [ 556657.959999999962747, 3034950.103000000119209 ], [ 556658.01, 3034950.153 ], [ 556658.01, 3034950.253 ], [ 556658.184999999939464, 3034950.478000000119209 ], [ 556658.23499999998603, 3034950.478000000119209 ], [ 556658.434999999939464, 3034950.628 ], [ 556658.934999999939464, 3034950.677999999839813 ], [ 556658.98499999998603, 3034950.628 ], [ 556659.135, 3034950.628 ], [ 556659.23499999998603, 3034950.578000000212342 ], [ 556659.559999999939464, 3034950.253 ], [ 556659.709999999962747, 3034949.953000000212342 ], [ 556659.709999999962747, 3034949.753 ], [ 556659.660000000032596, 3034949.703000000212342 ], [ 556659.60999999998603, 3034949.503 ], [ 556659.385, 3034949.228000000119209 ], [ 556659.334999999962747, 3034949.228000000119209 ], [ 556659.135, 3034949.078000000212342 ], [ 556658.684999999939464, 3034949.078000000212342 ] ] ] } },
{ "type": "Feature", "properties": { "unit_id": "c00107", "method": "watershed", "label": 107, "area_m2": 2.3974999998832938, "height_max_m": 1.5087642669677734, "height_mean_m": 1.0456971939179174, "canopy_cover": 1.0, "volume_m3": 2.4861450785453725, "n_pixels": 951, "data_coverage": 1.0, "vari_mean": 0.28169935246653705, "exg_mean": 0.32177562517265856, "gli_mean": 0.22063707517525399, "height_max_m_pct": 60.674157303370791, "height_mean_m_pct": 50.561797752808992, "volume_m3_pct": 44.943820224719097, "canopy_cover_pct": 69.850187265917612, "vari_mean_pct": 46.81647940074906, "exg_mean_pct": 35.580524344569284, "gli_mean_pct": 36.329588014981276 }, "geometry": { "type": "Polygon", "coordinates": [ [ [ 556620.134999999892898, 3034998.177999999839813 ], [ 556619.834999999962747, 3034998.328000000212342 ], [ 556619.559999999939464, 3034998.603000000119209 ], [ 556619.409999999916181, 3034998.903 ], [ 556619.409999999916181, 3034999.552999999839813 ], [ 556619.309999999939464, 3034999.703000000212342 ], [ 556619.384999999892898, 3034999.778 ], [ 556619.884999999892898, 3034999.778 ], [ 556619.934999999939464, 3034999.828000000212342 ], [ 556621.009999999892898, 3034999.802999999839813 ], [ 556620.909999999916181, 3034999.603000000119209 ], [ 556620.909999999916181, 3034999.203000000212342 ], [ 556620.959999999962747, 3034999.153 ], [ 556621.009999999892898, 3034998.853000000119209 ], [ 556621.059999999939464, 3034998.802999999839813 ], [ 556621.059999999939464, 3034998.453000000212342 ], [ 556620.884999999892898, 3034998.228000000119209 ], [ 556620.684999999939464, 3034998.128 ], [ 556620.584999999962747, 3034998.128 ], [ 556620.534999999916181, 3034998.078000000212342 ], [ 556620.134999999892898, 3034998.177999999839813 ] ] ] } },
{ "type": "Feature", "properties": { "unit_id": "c00108", "method": "watershed", "label": 108, "area_m2": 8.9631249999997085, "height_max_m": 1.480499267578125, "height_mean_m": 1.067548439064971, "canopy_cover": 1.0, "volume_m3": 9.5465519163597161, "n_pixels": 3577, "data_coverage": 1.0, "vari_mean": 0.25484390376565719, "exg_mean": 0.30475776708710411, "gli_mean": 0.20738633335876863, "height_max_m_pct": 56.928838951310858, "height_mean_m_pct": 55.805243445692888, "volume_m3_pct": 88.764044943820224, "canopy_cover_pct": 69.850187265917612, "vari_mean_pct": 24.719101123595504, "exg_mean_pct": 22.846441947565545, "gli_mean_pct": 22.09737827715356 }, "geometry": { "type": "Polygon", "coordinates": [ [ [ 556627.534999999916181, 3034963.677999999839813 ], [ 556627.334999999962747, 3034963.778 ], [ 556627.059999999939464, 3034964.052999999839813 ], [ 556626.85999999998603, 3034964.453000000212342 ], [ 556626.85999999998603, 3034964.802999999839813 ], [ 556626.909999999916181, 3034964.853000000119209 ], [ 556626.909999999916181, 3034965.052999999839813 ], [ 556626.85999999998603, 3034965.103000000119209 ], [ 556626.85999999998603, 3034965.302999999839813 ], [ 556626.809999999939464, 3034965.353000000119209 ], [ 556626.809999999939464, 3034965.903 ], [ 556626.76, 3034965.953000000212342 ], [ 556626.76, 3034966.153 ], [ 556626.659999999916181, 3034966.353000000119209 ], [ 556626.659999999916181, 3034966.453000000212342 ], [ 556626.459999999962747, 3034966.853000000119209 ], [ 556626.459999999962747, 3034967.403 ], [ 556626.51, 3034967.453000000212342 ], [ 556626.51, 3034967.653 ], [ 556626.559999999939464, 3034967.703000000212342 ], [ 556626.559999999939464, 3034967.853000000119209 ], [ 556626.659999999916181, 3034968.003 ], [ 556626.659999999916181, 3034968.103000000119209 ], [ 556626.784999999916181, 3034968.278 ], [ 556627.885, 3034968.278 ], [ 556627.934999999939464, 3034968.228000000119209 ], [ 556628.184999999939464, 3034968.228000000119209 ], [ 556628.23499999998603, 3034968.177999999839813 ], [ 556628.659999999916181, 3034968.153 ], [ 556628.60999999998603, 3034968.052999999839813 ], [ 556628.60999999998603, 3034967.703000000212342 ], [ 556628.659999999916181, 3034967.653 ], [ 556628.659999999916181, 3034967.403 ], [ 556628.709999999962747, 3034967.353000000119209 ], [ 556628.709999999962747, 3034966.302999999839813 ], [ 556628.659999999916181, 3034966.253 ], [ 556628.659999999916181, 3034966.052999999839813 ], [ 556628.559999999939464, 3034965.853000000119209 ], [ 556628.559999999939464, 3034965.503 ], [ 556628.909999999916181, 3034964.953000000212342 ], [ 556628.909999999916181, 3034964.353000000119209 ], [ 556628.85999999998603, 3034964.302999999839813 ], [ 556628.85999999998603, 3034964.153 ], [ 556628.709999999962747, 3034963.853000000119209 ], [ 556628.48499999998603, 3034963.628 ], [ 556627.534999999916181, 3034963.677999999839813 ] ] ] } },
{ "type": "Feature", "properties": { "unit_id": "c00109", "method": "watershed", "label": 109, "area_m2": 3.7550000002566959, "height_max_m": 1.5118260383605957, "height_mean_m": 1.1193073584687663, "canopy_cover": 0.99470549305095968, "volume_m3": 4.2281835466251598, "n_pixels": 1511, "data_coverage": 1.0, "vari_mean": 0.28676139054466515, "exg_mean": 0.43399582292939975, "gli_mean": 0.28650448438928783, "height_max_m_pct": 61.048689138576783, "height_mean_m_pct": 73.408239700374537, "volume_m3_pct": 64.044943820224717, "canopy_cover_pct": 14.981273408239701, "vari_mean_pct": 50.187265917603, "exg_mean_pct": 87.265917602996254, "gli_mean_pct": 85.393258426966284 }, "geometry": { "type": "Polygon", "coordinates": [ [ [ 556665.98499999998603, 3035036.528 ], [ 556665.834999999962747, 3035036.728000000119209 ], [ 556665.73499999998603, 3035036.728000000119209 ], [ 556665.684999999939464, 3035036.778 ], [ 556665.48499999998603, 3035036.778 ], [ 556665.434999999939464, 3035036.828000000212342 ], [ 556665.285000000032596, 3035036.828000000212342 ], [ 556664.98499999998603, 3035036.978000000119209 ], [ 556664.885, 3035036.978000000119209 ], [ 556664.709999999962747, 3035037.103000000119209 ], [ 556664.709999999962747, 3035037.153 ], [ 556664.60999999998603, 3035037.253 ], [ 556664.559999999939464, 3035037.353000000119209 ], [ 556664.559999999939464, 3035037.803000000305474 ], [ 556664.60999999998603, 3035037.853000000119209 ], [ 556664.60999999998603, 3035037.953000000212342 ], [ 556664.709999999962747, 3035038.103000000119209 ], [ 556664.709999999962747, 3035038.203000000212342 ], [ 556664.85999999998603, 3035038.503 ], [ 556665.084999999962747, 3035038.728000000119209 ], [ 556665.285000000032596, 3035038.778 ], [ 556665.334999999962747, 3035038.828000000212342 ], [ 556665.535000000032596, 3035038.828000000212342 ], [ 556665.834999999962747, 3035038.678000000305474 ], [ 556665.934999999939464, 3035038.678000000305474 ], [ 556666.334999999962747, 3035038.478000000119209 ], [ 556666.709999999962747, 3035038.053000000305474 ], [ 556666.76, 3035037.853000000119209 ], [ 556666.809999999939464, 3035037.803000000305474 ], [ 556666.809999999939464, 3035037.453000000212342 ], [ 556666.559999999939464, 3035036.903 ], [ 556666.459999999962747, 3035036.803000000305474 ], [ 556666.459999999962747, 3035036.703000000212342 ], [ 556666.410000000032596, 3035036.653 ], [ 556666.385, 3035036.528 ], [ 556665.98499999998603, 3035036.528 ] ] ] } },
{ "type": "Feature", "properties": { "unit_id": "c00110", "method": "watershed", "label": 110, "area_m2": 2.9493750002083838, "height_max_m": 1.5731250047683716, "height_mean_m": 1.068684480405879, "canopy_cover": 1.0, "volume_m3": 3.1686494844104724, "n_pixels": 1186, "data_coverage": 1.0, "vari_mean": 0.27206822170794415, "exg_mean": 0.33261990959611548, "gli_mean": 0.2231194446433899, "height_max_m_pct": 66.292134831460672, "height_mean_m_pct": 56.554307116104873, "volume_m3_pct": 55.430711610486895, "canopy_cover_pct": 69.850187265917612, "vari_mean_pct": 37.078651685393261, "exg_mean_pct": 43.820224719101127, "gli_mean_pct": 40.074906367041194 }, "geometry": { "type": "Polygon", "coordinates": [ [ [ 556665.834999999962747, 3035010.628 ], [ 556665.809999999939464, 3035010.703000000212342 ], [ 556665.309999999939464, 3035011.203000000212342 ], [ 556665.309999999939464, 3035011.253 ], [ 556665.160000000032596, 3035011.403 ], [ 556665.160000000032596, 3035011.503 ], [ 556665.10999999998603, 3035011.552999999839813 ], [ 556665.10999999998603, 3035011.802999999839813 ], [ 556665.160000000032596, 3035011.853000000119209 ], [ 556665.160000000032596, 3035012.003 ], [ 556665.26, 3035012.203000000212342 ], [ 556665.26, 3035012.353000000119209 ], [ 556665.410000000032596, 3035012.653 ], [ 556665.410000000032596, 3035012.753 ], [ 556665.48499999998603, 3035012.828000000212342 ], [ 556666.334999999962747, 3035012.828000000212342 ], [ 556666.635, 3035012.478000000119209 ], [ 556666.684999999939464, 3035012.478000000119209 ], [ 556666.959999999962747, 3035012.203000000212342 ], [ 556667.01, 3035012.103000000119209 ], [ 556667.01, 3035011.903 ], [ 556666.809999999939464, 3035011.552999999839813 ], [ 556666.76, 3035011.353000000119209 ], [ 556666.584999999962747, 3035011.128 ], [ 556666.535000000032596, 3035011.128 ], [ 556666.209999999962747, 3035010.802999999839813 ], [ 556666.184999999939464, 3035010.628 ], [ 556665.834999999962747, 3035010.628 ] ] ] } },
{ "type": "Feature", "properties": { "unit_id": "c00111", "method": "watershed", "label": 111, "area_m2": 3.6068749999502319, "height_max_m": 1.4939378499984741, "height_mean_m": 1.1734700051803029, "canopy_cover": 0.99791086350974934, "volume_m3": 4.2127573186066476, "n_pixels": 1436, "data_coverage": 1.0, "vari_mean": 0.2813114703601392, "exg_mean": 0.3148406812903618, "gli_mean": 0.2132994912891745, "height_max_m_pct": 58.801498127340821, "height_mean_m_pct": 84.269662921348313, "volume_m3_pct": 63.670411985018724, "canopy_cover_pct": 25.468164794007492, "vari_mean_pct": 46.067415730337082, "exg_mean_pct": 31.460674157303369, "gli_mean_pct": 28.464419475655429 }, "geometry": { "type": "Polygon", "coordinates": [ [ [ 556666.285000000032596, 3034949.128 ], [ 556666.23499999998603, 3034949.177999999839813 ], [ 556666.084999999962747, 3034949.177999999839813 ], [ 556665.885, 3034949.278 ], [ 556665.51, 3034949.653 ], [ 556665.459999999962747, 3034949.753 ], [ 556665.459999999962747, 3034949.853000000119209 ], [ 556665.410000000032596, 3034949.903 ], [ 556665.410000000032596, 3034950.153 ], [ 556665.35999999998603, 3034950.203000000212342 ], [ 556665.410000000032596, 3034950.253 ], [ 556665.410000000032596, 3034950.453000000212342 ], [ 556665.51, 3034950.653 ], [ 556665.76, 3034950.903 ], [ 556665.85999999998603, 3034951.103000000119209 ], [ 556665.885, 3034951.278 ], [ 556667.035000000032596, 3034951.278 ], [ 556667.059999999939464, 3034951.103000000119209 ], [ 556667.160000000032596, 3034950.903 ], [ 556667.459999999962747, 3034950.603000000119209 ], [ 556667.51, 3034950.503 ], [ 556667.51, 3034950.003 ], [ 556667.459999999962747, 3034949.953000000212342 ], [ 556667.459999999962747, 3034949.853000000119209 ], [ 556667.35999999998603, 3034949.653 ], [ 556666.98499999998603, 3034949.228000000119209 ], [ 556666.785000000032596, 3034949.177999999839813 ], [ 556666.73499999998603, 3034949.128 ], [ 556666.285000000032596, 3034949.128 ] ] ] } },
{ "type": "Feature", "properties": { "unit_id": "c00112", "method": "watershed", "label": 112, "area_m2": 6.7118749997921974, "height_max_m": 1.4799691438674927, "height_mean_m": 0.90601374409455793, "canopy_cover": 1.0, "volume_m3": 6.0929424290494403, "n_pixels": 2690, "data_coverage": 1.0, "vari_mean": 0.2429855180519801, "exg_mean": 0.30390952138009869, "gli_mean": 0.20807156241095673, "height_max_m_pct": 56.554307116104873, "height_mean_m_pct": 25.468164794007492, "volume_m3_pct": 75.655430711610478, "canopy_cover_pct": 69.850187265917612, "vari_mean_pct": 16.853932584269664, "exg_mean_pct": 21.348314606741571, "gli_mean_pct": 22.846441947565545 }, "geometry": { "type": "Polygon", "coordinates": [ [ [ 556627.434999999939464, 3034997.528 ], [ 556627.084999999962747, 3034997.728000000119209 ], [ 556626.98499999998603, 3034997.728000000119209 ], [ 556626.635, 3034997.927999999839813 ], [ 556626.51, 3034998.052999999839813 ], [ 556626.459999999962747, 3034998.253 ], [ 556626.409999999916181, 3034998.302999999839813 ], [ 556626.559999999939464, 3034998.603000000119209 ], [ 556626.635, 3034998.677999999839813 ], [ 556626.684999999939464, 3034998.677999999839813 ], [ 556627.10999999998603, 3034999.103000000119209 ], [ 556627.159999999916181, 3034999.302999999839813 ], [ 556627.209999999962747, 3034999.353000000119209 ], [ 556627.209999999962747, 3034999.603000000119209 ], [ 556627.159999999916181, 3034999.653 ], [ 556627.159999999916181, 3034999.802999999839813 ], [ 556627.10999999998603, 3034999.853000000119209 ], [ 556627.01, 3035000.253 ], [ 556626.959999999962747, 3035000.302999999839813 ], [ 556626.959999999962747, 3035000.403 ], [ 556626.85999999998603, 3035000.603000000119209 ], [ 556626.85999999998603, 3035001.052999999839813 ], [ 556626.909999999916181, 3035001.103000000119209 ], [ 556626.909999999916181, 3035001.253 ], [ 556627.01, 3035001.453000000212342 ], [ 556627.135, 3035001.578000000212342 ], [ 556627.434999999939464, 3035001.628 ], [ 556627.48499999998603, 3035001.677999999839813 ], [ 556628.084999999962747, 3035001.677999999839813 ], [ 556628.635, 3035001.427999999839813 ], [ 556628.959999999962747, 3035001.052999999839813 ], [ 556629.10999999998603, 3035000.753 ], [ 556629.10999999998603, 3035000.603000000119209 ], [ 556629.159999999916181, 3035000.552999999839813 ], [ 556629.159999999916181, 3035000.453000000212342 ], [ 556629.059999999939464, 3035000.253 ], [ 556628.85999999998603, 3035000.003 ], [ 556628.85999999998603, 3034999.953000000212342 ], [ 556628.584999999962747, 3034999.728000000119209 ], [ 556628.434999999939464, 3034999.677999999839813 ], [ 556628.209999999962747, 3034999.403 ], [ 556628.209999999962747, 3034999.302999999839813 ], [ 556628.159999999916181, 3034999.253 ], [ 556628.159999999916181, 3034999.003 ], [ 556628.209999999962747, 3034998.953000000212342 ], [ 556628.209999999962747, 3034998.753 ], [ 556628.26, 3034998.703000000212342 ], [ 556628.26, 3034998.503 ], [ 556628.309999999939464, 3034998.453000000212342 ], [ 556628.309999999939464, 3034998.003 ], [ 556628.10999999998603, 3034997.603000000119209 ], [ 556628.034999999916181, 3034997.528 ], [ 556627.434999999939464, 3034997.528 ] ] ] } },
{ "type": "Feature", "properties": { "unit_id": "c00113", "method": "watershed", "label": 113, "area_m2": 6.5043750002482552, "height_max_m": 1.4655444622039795, "height_mean_m": 1.1061823299766127, "canopy_cover": 1.0, "volume_m3": 7.3118652011616581, "n_pixels": 2644, "data_coverage": 1.0, "vari_mean": 0.19016760988831277, "exg_mean": 0.23491689634270888, "gli_mean": 0.16329742094869726, "height_max_m_pct": 55.430711610486895, "height_mean_m_pct": 69.662921348314612, "volume_m3_pct": 83.520599250936328, "canopy_cover_pct": 69.850187265917612, "vari_mean_pct": 3.3707865168539324, "exg_mean_pct": 3.7453183520599254, "gli_mean_pct": 3.7453183520599254 }, "geometry": { "type": "Polygon", "coordinates": [ [ [ 556613.134999999892898, 3034936.128 ], [ 556613.084999999962747, 3034936.177999999839813 ], [ 556611.084999999962747, 3034936.177999999839813 ], [ 556611.059999999939464, 3034936.403 ], [ 556610.909999999916181, 3034936.703000000212342 ], [ 556610.909999999916181, 3034936.802999999839813 ], [ 556610.85999999998603, 3034936.853000000119209 ], [ 556610.85999999998603, 3034937.103000000119209 ], [ 556610.809999999939464, 3034937.153 ], [ 556610.809999999939464, 3034937.453000000212342 ], [ 556610.85999999998603, 3034937.503 ], [ 556610.85999999998603, 3034937.603000000119209 ], [ 556610.959999999962747, 3034937.802999999839813 ], [ 556611.35999999998603, 3034938.153 ], [ 556611.48499999998603, 3034938.378 ], [ 556613.584999999962747, 3034938.378 ], [ 556613.659999999916181, 3034938.253 ], [ 556613.759999999892898, 3034937.853000000119209 ], [ 556614.159999999916181, 3034937.153 ], [ 556614.159999999916181, 3034936.802999999839813 ], [ 556614.10999999998603, 3034936.753 ], [ 556614.10999999998603, 3034936.653 ], [ 556613.909999999916181, 3034936.253 ], [ 556613.784999999916181, 3034936.128 ], [ 556613.134999999892898, 3034936.128 ] ] ] } },
{ "type": "Feature", "properties": { "unit_id": "c00114", "method": "watershed", "label": 114, "area_m2": 6.661249999815773, "height_max_m": 1.4650235176086426, "height_mean_m": 1.0837191075087986, "canopy_cover": 0.99588477366255146, "volume_m3": 7.2419529359436394, "n_pixels": 2673, "data_coverage": 1.0, "vari_mean": 0.2966663580748683, "exg_mean": 0.35920162025602115, "gli_mean": 0.24379750985610632, "height_max_m_pct": 55.056179775280903, "height_mean_m_pct": 59.176029962546814, "volume_m3_pct": 82.771535580524343, "canopy_cover_pct": 16.853932584269664, "vari_mean_pct": 55.430711610486895, "exg_mean_pct": 55.805243445692888, "gli_mean_pct": 55.430711610486895 }, "geometry": { "type": "Polygon", "coordinates": [ [ [ 556634.584999999962747, 3034973.128 ], [ 556634.48499999998603, 3034973.177999999839813 ], [ 556633.60999999998603, 3034974.103000000119209 ], [ 556633.51, 3034974.302999999839813 ], [ 556633.51, 3034974.802999999839813 ], [ 556633.659999999916181, 3034975.003 ], [ 556633.659999999916181, 3034975.052999999839813 ], [ 556633.73499999998603, 3034975.078000000212342 ], [ 556633.885, 3034975.228000000119209 ], [ 556634.084999999962747, 3034975.328000000212342 ], [ 556634.184999999939464, 3034975.328000000212342 ], [ 556634.334999999962747, 3034975.427999999839813 ], [ 556634.73499999998603, 3034975.478000000119209 ], [ 556634.834999999962747, 3034975.528 ], [ 556634.959999999962747, 3034975.653 ], [ 556635.10999999998603, 3034975.953000000212342 ], [ 556635.10999999998603, 3034976.103000000119209 ], [ 556635.159999999916181, 3034976.153 ], [ 556635.159999999916181, 3034976.253 ], [ 556635.209999999962747, 3034976.302999999839813 ], [ 556635.26, 3034976.503 ], [ 556635.434999999939464, 3034976.728000000119209 ], [ 556635.584999999962747, 3034976.728000000119209 ], [ 556635.659999999916181, 3034976.603000000119209 ], [ 556635.559999999939464, 3034976.403 ], [ 556635.559999999939464, 3034976.302999999839813 ], [ 556635.51, 3034976.253 ], [ 556635.51, 3034976.103000000119209 ], [ 556635.60999999998603, 3034975.903 ], [ 556635.885, 3034975.677999999839813 ], [ 556635.934999999939464, 3034975.677999999839813 ], [ 556636.459999999962747, 3034975.103000000119209 ], [ 556636.60999999998603, 3034974.802999999839813 ], [ 556636.60999999998603, 3034974.703000000212342 ], [ 556636.659999999916181, 3034974.653 ], [ 556636.659999999916181, 3034974.153 ], [ 556636.60999999998603, 3034974.103000000119209 ], [ 556636.559999999939464, 3034973.853000000119209 ], [ 556636.409999999916181, 3034973.552999999839813 ], [ 556636.184999999939464, 3034973.328000000212342 ], [ 556635.98499999998603, 3034973.228000000119209 ], [ 556635.635, 3034973.228000000119209 ], [ 556635.584999999962747, 3034973.278 ], [ 556635.184999999939464, 3034973.328000000212342 ], [ 556634.98499999998603, 3034973.228000000119209 ], [ 556634.885, 3034973.228000000119209 ], [ 556634.73499999998603, 3034973.128 ], [ 556634.584999999962747, 3034973.128 ] ] ] } },
{ "type": "Feature", "properties": { "unit_id": "c00115", "method": "watershed", "label": 115, "area_m2": 2.261250000074797, "height_max_m": 1.4850379228591919, "height_mean_m": 1.1149899353307857, "canopy_cover": 0.98796498905908092, "volume_m3": 2.5477520022365066, "n_pixels": 914, "data_coverage": 1.0, "vari_mean": 0.27062318188742424, "exg_mean": 0.31998355098982273, "gli_mean": 0.21892844308591125, "height_max_m_pct": 57.303370786516851, "height_mean_m_pct": 72.659176029962552, "volume_m3_pct": 46.067415730337082, "canopy_cover_pct": 5.6179775280898872, "vari_mean_pct": 36.329588014981276, "exg_mean_pct": 33.707865168539328, "gli_mean_pct": 34.831460674157306 }, "geometry": { "type": "Polygon", "coordinates": [ [ [ 556634.834999999962747, 3035044.528 ], [ 556634.434999999939464, 3035044.728000000119209 ], [ 556634.209999999962747, 3035044.953000000212342 ], [ 556634.159999999916181, 3035045.053000000305474 ], [ 556634.159999999916181, 3035045.353000000119209 ], [ 556634.309999999939464, 3035045.653 ], [ 556634.584999999962747, 3035045.928000000305474 ], [ 556634.784999999916181, 3035046.028 ], [ 556634.885, 3035046.028 ], [ 556634.934999999939464, 3035046.078000000212342 ], [ 556635.434999999939464, 3035046.078000000212342 ], [ 556635.709999999962747, 3035045.903 ], [ 556635.85999999998603, 3035045.653 ], [ 556635.85999999998603, 3035045.553000000305474 ], [ 556635.909999999916181, 3035045.503 ], [ 556635.909999999916181, 3035044.903 ], [ 556635.809999999939464, 3035044.703000000212342 ], [ 556635.684999999939464, 3035044.578000000212342 ], [ 556635.584999999962747, 3035044.528 ], [ 556635.434999999939464, 3035044.528 ], [ 556635.385, 3035044.478000000119209 ], [ 556634.834999999962747, 3035044.528 ] ] ] } },
{ "type": "Feature", "properties": { "unit_id": "c00116", "method": "watershed", "label": 116, "area_m2": 2.6906249997846317, "height_max_m": 1.4684120416641235, "height_mean_m": 1.0460472201289235, "canopy_cover": 0.99907493061979646, "volume_m3": 2.8269426124046975, "n_pixels": 1081, "data_coverage": 1.0, "vari_mean": 0.32290349683873898, "exg_mean": 0.40570247681734972, "gli_mean": 0.27333474966488636, "height_max_m_pct": 56.17977528089888, "height_mean_m_pct": 51.310861423220977, "volume_m3_pct": 50.561797752808992, "canopy_cover_pct": 33.707865168539328, "vari_mean_pct": 71.910112359550567, "exg_mean_pct": 75.280898876404493, "gli_mean_pct": 75.655430711610478 }, "geometry": { "type": "Polygon", "coordinates": [ [ [ 556658.135, 3034993.778 ], [ 556658.084999999962747, 3034993.828000000212342 ], [ 556657.98499999998603, 3034993.828000000212342 ], [ 556657.73499999998603, 3034994.028 ], [ 556657.584999999962747, 3034994.078000000212342 ], [ 556657.26, 3034994.403 ], [ 556657.26, 3034994.503 ], [ 556657.209999999962747, 3034994.552999999839813 ], [ 556657.26, 3034994.853000000119209 ], [ 556657.35999999998603, 3034994.953000000212342 ], [ 556657.35999999998603, 3034995.003 ], [ 556657.709999999962747, 3034995.302999999839813 ], [ 556657.709999999962747, 3034995.353000000119209 ], [ 556658.084999999962747, 3034995.778 ], [ 556658.334999999962747, 3034995.728000000119209 ], [ 556658.35999999998603, 3034995.653 ], [ 556658.584999999962747, 3034995.427999999839813 ], [ 556658.635, 3034995.427999999839813 ], [ 556658.834999999962747, 3034995.228000000119209 ], [ 556658.885, 3034995.228000000119209 ], [ 556659.26, 3034994.802999999839813 ], [ 556659.26, 3034994.703000000212342 ], [ 556659.309999999939464, 3034994.653 ], [ 556659.309999999939464, 3034994.552999999839813 ], [ 556659.209999999962747, 3034994.353000000119209 ], [ 556658.834999999962747, 3034993.978000000119209 ], [ 556658.535000000032596, 3034993.828000000212342 ], [ 556658.385, 3034993.828000000212342 ], [ 556658.334999999962747, 3034993.778 ], [ 556658.135, 3034993.778 ] ] ] } },
{ "type": "Feature", "properties": { "unit_id": "c00117", "method": "watershed", "label": 117, "area_m2": 5.7056249999610023, "height_max_m": 1.4679299592971802, "height_mean_m": 1.0764262019419202, "canopy_cover": 1.0, "volume_m3": 6.1759953336554911, "n_pixels": 2295, "data_coverage": 1.0, "vari_mean": 0.26527923834708916, "exg_mean": 0.31183228355559117, "gli_mean": 0.21284828576768242, "height_max_m_pct": 55.805243445692888, "height_mean_m_pct": 58.426966292134829, "volume_m3_pct": 76.404494382022463, "canopy_cover_pct": 69.850187265917612, "vari_mean_pct": 33.333333333333329, "exg_mean_pct": 28.464419475655429, "gli_mean_pct": 27.715355805243448 }, "geometry": { "type": "Polygon", "coordinates": [ [ [ 556619.784999999916181, 3034938.677999999839813 ], [ 556619.634999999892898, 3034938.828000000212342 ], [ 556619.584999999962747, 3034938.828000000212342 ], [ 556619.10999999998603, 3034939.302999999839813 ], [ 556619.10999999998603, 3034939.403 ], [ 556619.059999999939464, 3034939.453000000212342 ], [ 556619.059999999939464, 3034939.653 ], [ 556619.009999999892898, 3034939.703000000212342 ], [ 556619.009999999892898, 3034940.003 ], [ 556619.059999999939464, 3034940.052999999839813 ], [ 556619.059999999939464, 3034940.253 ], [ 556619.159999999916181, 3034940.453000000212342 ], [ 556619.459999999962747, 3034940.753 ], [ 556619.509999999892898, 3034940.853000000119209 ], [ 556619.509999999892898, 3034940.953000000212342 ], [ 556619.559999999939464, 3034941.003 ], [ 556619.459999999962747, 3034941.153 ], [ 556619.584999999962747, 3034941.177999999839813 ], [ 556619.634999999892898, 3034941.228000000119209 ], [ 556620.73499999998603, 3034941.228000000119209 ], [ 556620.784999999916181, 3034941.177999999839813 ], [ 556621.284999999916181, 3034941.177999999839813 ], [ 556621.35999999998603, 3034941.003 ], [ 556621.459999999962747, 3034940.903 ], [ 556621.659999999916181, 3034940.552999999839813 ], [ 556621.659999999916181, 3034939.603000000119209 ], [ 556621.60999999998603, 3034939.552999999839813 ], [ 556621.60999999998603, 3034939.153 ], [ 556621.559999999939464, 3034939.103000000119209 ], [ 556621.559999999939464, 3034938.903 ], [ 556621.60999999998603, 3034938.853000000119209 ], [ 556620.634999999892898, 3034938.828000000212342 ], [ 556620.384999999892898, 3034938.677999999839813 ], [ 556619.784999999916181, 3034938.677999999839813 ] ] ] } },
{ "type": "Feature", "properties": { "unit_id": "c00118", "method": "watershed", "label": 118, "area_m2": 2.37562500011758, "height_max_m": 1.4649165868759155, "height_mean_m": 1.1122236515174253, "canopy_cover": 0.98844537815126055, "volume_m3": 2.647092290617354, "n_pixels": 952, "data_coverage": 1.0, "vari_mean": 0.31986994101952332, "exg_mean": 0.42284497299991219, "gli_mean": 0.28228258631782699, "height_max_m_pct": 54.68164794007491, "height_mean_m_pct": 71.161048689138568, "volume_m3_pct": 48.314606741573037, "canopy_cover_pct": 5.9925093632958806, "vari_mean_pct": 70.411985018726597, "exg_mean_pct": 82.397003745318358, "gli_mean_pct": 82.771535580524343 }, "geometry": { "type": "Polygon", "coordinates": [ [ [ 556657.834999999962747, 3035032.178000000305474 ], [ 556657.785000000032596, 3035032.228000000119209 ], [ 556657.684999999939464, 3035032.228000000119209 ], [ 556657.635, 3035032.278 ], [ 556657.434999999939464, 3035032.328000000212342 ], [ 556657.160000000032596, 3035032.603000000119209 ], [ 556657.160000000032596, 3035032.703000000212342 ], [ 556657.10999999998603, 3035032.753 ], [ 556657.160000000032596, 3035033.003 ], [ 556657.309999999939464, 3035033.303000000305474 ], [ 556657.459999999962747, 3035033.503 ], [ 556657.73499999998603, 3035033.728000000119209 ], [ 556658.385, 3035033.728000000119209 ], [ 556658.434999999939464, 3035033.678000000305474 ], [ 556658.684999999939464, 3035033.678000000305474 ], [ 556658.885, 3035033.578000000212342 ], [ 556659.01, 3035033.403 ], [ 556659.01, 3035032.903 ], [ 556658.959999999962747, 3035032.853000000119209 ], [ 556658.910000000032596, 3035032.653 ], [ 556658.584999999962747, 3035032.278 ], [ 556658.535000000032596, 3035032.278 ], [ 556658.434999999939464, 3035032.178000000305474 ], [ 556658.285000000032596, 3035032.178000000305474 ], [ 556658.23499999998603, 3035032.128 ], [ 556657.834999999962747, 3035032.178000000305474 ] ] ] } },
{ "type": "Feature", "properties": { "unit_id": "c00119", "method": "watershed", "label": 119, "area_m2": 5.7287499999123961, "height_max_m": 1.4985820055007935, "height_mean_m": 0.91994444662968833, "canopy_cover": 1.0, "volume_m3": 5.2781812625495652, "n_pixels": 2295, "data_coverage": 1.0, "vari_mean": 0.25188022505925201, "exg_mean": 0.31129882636104694, "gli_mean": 0.2140022660570155, "height_max_m_pct": 59.925093632958806, "height_mean_m_pct": 27.715355805243448, "volume_m3_pct": 70.411985018726597, "canopy_cover_pct": 69.850187265917612, "vari_mean_pct": 23.595505617977526, "exg_mean_pct": 27.715355805243448, "gli_mean_pct": 29.962546816479403 }, "geometry": { "type": "Polygon", "coordinates": [ [ [ 556634.635, 3035032.428000000305474 ], [ 556634.584999999962747, 3035032.478000000119209 ], [ 556634.334999999962747, 3035032.478000000119209 ], [ 556634.159999999916181, 3035032.603000000119209 ], [ 556634.10999999998603, 3035032.703000000212342 ], [ 556634.10999999998603, 3035032.853000000119209 ], [ 556634.059999999939464, 3035032.903 ], [ 556634.059999999939464, 3035033.503 ], [ 556634.10999999998603, 3035033.553000000305474 ], [ 556634.10999999998603, 3035034.003 ], [ 556634.059999999939464, 3035034.053000000305474 ], [ 556634.059999999939464, 3035034.253 ], [ 556634.01, 3035034.303000000305474 ], [ 556633.959999999962747, 3035034.903 ], [ 556633.909999999916181, 3035035.003 ], [ 556633.959999999962747, 3035035.053000000305474 ], [ 556633.959999999962747, 3035035.253 ], [ 556634.01, 3035035.303000000305474 ], [ 556634.01, 3035035.403 ], [ 556634.10999999998603, 3035035.603000000119209 ], [ 556634.334999999962747, 3035035.828000000212342 ], [ 556634.534999999916181, 3035035.878 ], [ 556634.584999999962747, 3035035.928000000305474 ], [ 556635.084999999962747, 3035035.878 ], [ 556635.284999999916181, 3035035.778 ], [ 556635.385, 3035035.778 ], [ 556635.60999999998603, 3035035.553000000305474 ], [ 556635.659999999916181, 3035035.453000000212342 ], [ 556635.659999999916181, 3035035.303000000305474 ], [ 556635.709999999962747, 3035035.253 ], [ 556635.709999999962747, 3035034.753 ], [ 556635.76, 3035034.703000000212342 ], [ 556635.76, 3035034.553000000305474 ], [ 556635.809999999939464, 3035034.503 ], [ 556635.85999999998603, 3035034.103000000119209 ], [ 556635.959999999962747, 3035033.903 ], [ 556635.959999999962747, 3035033.453000000212342 ], [ 556635.709999999962747, 3035033.003 ], [ 556635.659999999916181, 3035032.753 ], [ 556635.48499999998603, 3035032.528 ], [ 556635.385, 3035032.478000000119209 ], [ 556635.184999999939464, 3035032.478000000119209 ], [ 556635.135, 3035032.428000000305474 ], [ 556634.635, 3035032.428000000305474 ] ] ] } },
{ "type": "Feature", "properties": { "unit_id": "c00120", "method": "watershed", "label": 120, "area_m2": 5.7081249999816643, "height_max_m": 1.4466574192047119, "height_mean_m": 1.0603873935112134, "canopy_cover": 0.99341238471673254, "volume_m3": 6.036255237575995, "n_pixels": 2277, "data_coverage": 1.0, "vari_mean": 0.34457807013998049, "exg_mean": 0.42287804958008818, "gli_mean": 0.28282019222778609, "height_max_m_pct": 50.561797752808992, "height_mean_m_pct": 53.932584269662918, "volume_m3_pct": 75.280898876404493, "canopy_cover_pct": 12.359550561797752, "vari_mean_pct": 84.269662921348313, "exg_mean_pct": 82.771535580524343, "gli_mean_pct": 83.146067415730343 }, "geometry": { "type": "Polygon", "coordinates": [ [ [ 556658.48499999998603, 3034976.927999999839813 ], [ 556658.184999999939464, 3034977.078000000212342 ], [ 556657.959999999962747, 3034977.302999999839813 ], [ 556657.959999999962747, 3034977.353000000119209 ], [ 556657.809999999939464, 3034977.552999999839813 ], [ 556657.809999999939464, 3034977.903 ], [ 556657.910000000032596, 3034978.103000000119209 ], [ 556658.01, 3034978.203000000212342 ], [ 556658.059999999939464, 3034978.353000000119209 ], [ 556658.160000000032596, 3034978.453000000212342 ], [ 556658.160000000032596, 3034978.653 ], [ 556658.035000000032596, 3034978.778 ], [ 556657.98499999998603, 3034978.778 ], [ 556657.60999999998603, 3034979.153 ], [ 556657.559999999939464, 3034979.353000000119209 ], [ 556657.51, 3034979.403 ], [ 556657.51, 3034979.802999999839813 ], [ 556657.559999999939464, 3034979.853000000119209 ], [ 556657.559999999939464, 3034980.003 ], [ 556657.76, 3034980.403 ], [ 556658.135, 3034980.778 ], [ 556658.684999999939464, 3034980.778 ], [ 556658.73499999998603, 3034980.728000000119209 ], [ 556658.934999999939464, 3034980.728000000119209 ], [ 556658.98499999998603, 3034980.677999999839813 ], [ 556659.084999999962747, 3034980.677999999839813 ], [ 556659.26, 3034980.552999999839813 ], [ 556659.410000000032596, 3034980.353000000119209 ], [ 556659.559999999939464, 3034980.052999999839813 ], [ 556659.559999999939464, 3034979.953000000212342 ], [ 556659.660000000032596, 3034979.802999999839813 ], [ 556659.660000000032596, 3034979.353000000119209 ], [ 556659.559999999939464, 3034979.153 ], [ 556659.334999999962747, 3034978.927999999839813 ], [ 556659.035000000032596, 3034978.778 ], [ 556658.85999999998603, 3034978.603000000119209 ], [ 556659.01, 3034978.302999999839813 ], [ 556659.35999999998603, 3034977.903 ], [ 556659.459999999962747, 3034977.703000000212342 ], [ 556659.459999999962747, 3034977.552999999839813 ], [ 556659.35999999998603, 3034977.353000000119209 ], [ 556659.084999999962747, 3034977.078000000212342 ], [ 556658.885, 3034976.978000000119209 ], [ 556658.785000000032596, 3034976.978000000119209 ], [ 556658.73499999998603, 3034976.927999999839813 ], [ 556658.48499999998603, 3034976.927999999839813 ] ] ] } },
{ "type": "Feature", "properties": { "unit_id": "c00121", "method": "watershed", "label": 121, "area_m2": 3.7900000000468572, "height_max_m": 1.4576913118362427, "height_mean_m": 0.97877320190387385, "canopy_cover": 1.0, "volume_m3": 3.7511482963049319, "n_pixels": 1533, "data_coverage": 1.0, "vari_mean": 0.27157253072569909, "exg_mean": 0.33369929833011142, "gli_mean": 0.22858222320391525, "height_max_m_pct": 53.183520599250933, "height_mean_m_pct": 39.700374531835209, "volume_m3_pct": 61.048689138576783, "canopy_cover_pct": 69.850187265917612, "vari_mean_pct": 36.704119850187269, "exg_mean_pct": 45.31835205992509, "gli_mean_pct": 46.441947565543074 }, "geometry": { "type": "Polygon", "coordinates": [ [ [ 556634.635, 3035041.228000000119209 ], [ 556634.60999999998603, 3035041.503 ], [ 556634.51, 3035041.703000000212342 ], [ 556634.10999999998603, 3035042.103000000119209 ], [ 556634.059999999939464, 3035042.203000000212342 ], [ 556634.10999999998603, 3035042.553000000305474 ], [ 556634.209999999962747, 3035042.753 ], [ 556634.559999999939464, 3035043.153 ], [ 556634.559999999939464, 3035043.203000000212342 ], [ 556634.709999999962747, 3035043.353000000119209 ], [ 556634.709999999962747, 3035043.403 ], [ 556634.98499999998603, 3035043.578000000212342 ], [ 556635.385, 3035043.578000000212342 ], [ 556635.885, 3035043.328000000212342 ], [ 556636.159999999916181, 3035043.053000000305474 ], [ 556636.26, 3035042.853000000119209 ], [ 556636.26, 3035042.653 ], [ 556636.309999999939464, 3035042.603000000119209 ], [ 556636.309999999939464, 3035042.253 ], [ 556636.26, 3035042.203000000212342 ], [ 556636.26, 3035042.053000000305474 ], [ 556636.159999999916181, 3035041.953000000212342 ], [ 556636.159999999916181, 3035041.903 ], [ 556635.885, 3035041.678000000305474 ], [ 556635.73499999998603, 3035041.628 ], [ 556635.459999999962747, 3035041.353000000119209 ], [ 556635.459999999962747, 3035041.303000000305474 ], [ 556635.385, 3035041.228000000119209 ], [ 556634.635, 3035041.228000000119209 ] ] ] } },
{ "type": "Feature", "properties": { "unit_id": "c00122", "method": "watershed", "label": 122, "area_m2": 1.7081249999889405, "height_max_m": 1.4529076814651489, "height_mean_m": 1.1502072357711841, "canopy_cover": 0.99274310595065307, "volume_m3": 1.9812319636202669, "n_pixels": 689, "data_coverage": 1.0, "vari_mean": 0.36461196624504216, "exg_mean": 0.45520309177880525, "gli_mean": 0.30231924893809065, "height_max_m_pct": 51.68539325842697, "height_mean_m_pct": 77.528089887640448, "volume_m3_pct": 34.456928838951313, "canopy_cover_pct": 11.985018726591761, "vari_mean_pct": 95.50561797752809, "exg_mean_pct": 93.258426966292134, "gli_mean_pct": 93.258426966292134 }, "geometry": { "type": "Polygon", "coordinates": [ [ [ 556650.885, 3034987.177999999839813 ], [ 556650.584999999962747, 3034987.328000000212342 ], [ 556650.459999999962747, 3034987.453000000212342 ], [ 556650.459999999962747, 3034987.503 ], [ 556650.309999999939464, 3034987.703000000212342 ], [ 556650.26, 3034988.003 ], [ 556650.48499999998603, 3034988.278 ], [ 556650.784999999916181, 3034988.427999999839813 ], [ 556650.934999999939464, 3034988.427999999839813 ], [ 556650.98499999998603, 3034988.478000000119209 ], [ 556651.23499999998603, 3034988.478000000119209 ], [ 556651.284999999916181, 3034988.528 ], [ 556651.73499999998603, 3034988.478000000119209 ], [ 556651.909999999916181, 3034988.353000000119209 ], [ 556651.959999999962747, 3034988.253 ], [ 556651.959999999962747, 3034987.953000000212342 ], [ 556651.85999999998603, 3034987.753 ], [ 556651.659999999916181, 3034987.503 ], [ 556651.385, 3034987.278 ], [ 556651.184999999939464, 3034987.177999999839813 ], [ 556650.885, 3034987.177999999839813 ] ] ] } },
{ "type": "Feature", "properties": { "unit_id": "c00123", "method": "watershed", "label": 123, "area_m2": 1.9556249999857387, "height_max_m": 1.4925886392593384, "height_mean_m": 1.1143809462848462, "canopy_cover": 1.0, "volume_m3": 2.1702568928945603, "n_pixels": 779, "data_coverage": 1.0, "vari_mean": 0.24339499654910648, "exg_mean": 0.28672601368348888, "gli_mean": 0.19752645515346109, "height_max_m_pct": 58.052434456928836, "height_mean_m_pct": 71.910112359550567, "volume_m3_pct": 38.951310861423224, "canopy_cover_pct": 69.850187265917612, "vari_mean_pct": 17.228464419475657, "exg_mean_pct": 15.730337078651685, "gli_mean_pct": 15.355805243445692 }, "geometry": { "type": "Polygon", "coordinates": [ [ [ 556658.684999999939464, 3034946.828000000212342 ], [ 556658.584999999962747, 3034946.927999999839813 ], [ 556658.535000000032596, 3034946.927999999839813 ], [ 556658.26, 3034947.203000000212342 ], [ 556658.160000000032596, 3034947.403 ], [ 556658.160000000032596, 3034947.503 ], [ 556658.10999999998603, 3034947.552999999839813 ], [ 556658.10999999998603, 3034947.903 ], [ 556658.209999999962747, 3034948.103000000119209 ], [ 556658.334999999962747, 3034948.278 ], [ 556658.385, 3034948.278 ], [ 556658.535000000032596, 3034948.427999999839813 ], [ 556658.635, 3034948.427999999839813 ], [ 556658.684999999939464, 3034948.478000000119209 ], [ 556658.98499999998603, 3034948.478000000119209 ], [ 556659.285000000032596, 3034948.328000000212342 ], [ 556659.559999999939464, 3034948.052999999839813 ], [ 556659.60999999998603, 3034947.853000000119209 ], [ 556659.660000000032596, 3034947.802999999839813 ], [ 556659.60999999998603, 3034947.453000000212342 ], [ 556659.459999999962747, 3034947.253 ], [ 556659.410000000032596, 3034947.103000000119209 ], [ 556659.184999999939464, 3034946.878 ], [ 556658.98499999998603, 3034946.778 ], [ 556658.684999999939464, 3034946.828000000212342 ] ] ] } },
{ "type": "Feature", "properties": { "unit_id": "c00124", "method": "watershed", "label": 124, "area_m2": 5.2024999998300334, "height_max_m": 1.4610074758529663, "height_mean_m": 1.0451380447533949, "canopy_cover": 0.99807135969141758, "volume_m3": 5.4190407620583931, "n_pixels": 2074, "data_coverage": 1.0, "vari_mean": 0.27738730167826398, "exg_mean": 0.35805263931207315, "gli_mean": 0.23936801331146967, "height_max_m_pct": 53.932584269662918, "height_mean_m_pct": 50.187265917603, "volume_m3_pct": 71.535580524344567, "canopy_cover_pct": 26.966292134831459, "vari_mean_pct": 42.696629213483142, "exg_mean_pct": 55.430711610486895, "gli_mean_pct": 52.434456928838948 }, "geometry": { "type": "Polygon", "coordinates": [ [ [ 556650.48499999998603, 3035021.178000000305474 ], [ 556650.409999999916181, 3035021.453000000212342 ], [ 556650.184999999939464, 3035021.678000000305474 ], [ 556649.98499999998603, 3035021.778 ], [ 556649.60999999998603, 3035022.153 ], [ 556649.559999999939464, 3035022.253 ], [ 556649.559999999939464, 3035022.453000000212342 ], [ 556649.909999999916181, 3035023.053000000305474 ], [ 556649.909999999916181, 3035023.303000000305474 ], [ 556649.659999999916181, 3035023.803000000305474 ], [ 556649.559999999939464, 3035023.903 ], [ 556649.459999999962747, 3035024.103000000119209 ], [ 556649.459999999962747, 3035024.353000000119209 ], [ 556649.559999999939464, 3035024.553000000305474 ], [ 556649.885, 3035024.878 ], [ 556650.184999999939464, 3035025.028 ], [ 556650.934999999939464, 3035025.028 ], [ 556650.98499999998603, 3035024.978000000119209 ], [ 556651.135, 3035024.978000000119209 ], [ 556651.334999999962747, 3035024.878 ], [ 556651.559999999939464, 3035024.653 ], [ 556651.60999999998603, 3035024.553000000305474 ], [ 556651.60999999998603, 3035024.203000000212342 ], [ 556651.51, 3035024.003 ], [ 556651.10999999998603, 3035023.603000000119209 ], [ 556650.909999999916181, 3035023.203000000212342 ], [ 556650.909999999916181, 3035022.553000000305474 ], [ 556650.959999999962747, 3035022.503 ], [ 556650.959999999962747, 3035022.303000000305474 ], [ 556651.059999999939464, 3035022.153 ], [ 556651.10999999998603, 3035021.903 ], [ 556651.159999999916181, 3035021.853000000119209 ], [ 556651.10999999998603, 3035021.803000000305474 ], [ 556651.10999999998603, 3035021.653 ], [ 556650.959999999962747, 3035021.453000000212342 ], [ 556650.909999999916181, 3035021.253 ], [ 556650.834999999962747, 3035021.178000000305474 ], [ 556650.48499999998603, 3035021.178000000305474 ] ] ] } },
{ "type": "Feature", "properties": { "unit_id": "c00125", "method": "watershed", "label": 125, "area_m2": 3.6900000000323052, "height_max_m": 1.4943350553512573, "height_mean_m": 0.9360053751820594, "canopy_cover": 1.0, "volume_m3": 3.4795999822470378, "n_pixels": 1487, "data_coverage": 1.0, "vari_mean": 0.23545503949530683, "exg_mean": 0.29337780562029653, "gli_mean": 0.19897585038409205, "height_max_m_pct": 59.176029962546814, "height_mean_m_pct": 31.460674157303369, "volume_m3_pct": 58.052434456928836, "canopy_cover_pct": 69.850187265917612, "vari_mean_pct": 13.857677902621724, "exg_mean_pct": 17.228464419475657, "gli_mean_pct": 16.479400749063668 }, "geometry": { "type": "Polygon", "coordinates": [ [ [ 556665.834999999962747, 3035003.228000000119209 ], [ 556665.660000000032596, 3035003.353000000119209 ], [ 556665.660000000032596, 3035003.603000000119209 ], [ 556665.785000000032596, 3035003.728000000119209 ], [ 556666.035000000032596, 3035003.828000000212342 ], [ 556666.209999999962747, 3035004.003 ], [ 556666.26, 3035004.103000000119209 ], [ 556666.26, 3035004.403 ], [ 556666.160000000032596, 3035004.603000000119209 ], [ 556665.98499999998603, 3035004.778 ], [ 556665.785000000032596, 3035004.878 ], [ 556665.635, 3035004.878 ], [ 556665.584999999962747, 3035004.927999999839813 ], [ 556665.334999999962747, 3035004.927999999839813 ], [ 556665.23499999998603, 3035004.978000000119209 ], [ 556665.059999999939464, 3035005.203000000212342 ], [ 556665.059999999939464, 3035005.552999999839813 ], [ 556665.10999999998603, 3035005.603000000119209 ], [ 556665.160000000032596, 3035005.802999999839813 ], [ 556665.434999999939464, 3035006.128 ], [ 556665.934999999939464, 3035006.378 ], [ 556666.184999999939464, 3035006.378 ], [ 556666.285000000032596, 3035006.328000000212342 ], [ 556666.60999999998603, 3035006.003 ], [ 556666.85999999998603, 3035005.503 ], [ 556666.85999999998603, 3035005.353000000119209 ], [ 556666.910000000032596, 3035005.302999999839813 ], [ 556666.910000000032596, 3035004.953000000212342 ], [ 556666.85999999998603, 3035004.903 ], [ 556666.85999999998603, 3035004.453000000212342 ], [ 556666.959999999962747, 3035004.253 ], [ 556666.959999999962747, 3035004.153 ], [ 556667.01, 3035004.103000000119209 ], [ 556667.01, 3035004.003 ], [ 556667.059999999939464, 3035003.953000000212342 ], [ 556667.059999999939464, 3035003.653 ], [ 556667.01, 3035003.603000000119209 ], [ 556667.01, 3035003.503 ], [ 556666.785000000032596, 3035003.328000000212342 ], [ 556666.434999999939464, 3035003.328000000212342 ], [ 556666.385, 3035003.278 ], [ 556666.084999999962747, 3035003.228000000119209 ], [ 556666.035000000032596, 3035003.177999999839813 ], [ 556665.834999999962747, 3035003.228000000119209 ] ] ] } },
{ "type": "Feature", "properties": { "unit_id": "c00126", "method": "watershed", "label": 126, "area_m2": 2.777499999984284, "height_max_m": 1.4545931816101074, "height_mean_m": 1.0612125387140636, "canopy_cover": 1.0, "volume_m3": 2.9687420770591899, "n_pixels": 1119, "data_coverage": 1.0, "vari_mean": 0.34972316908324863, "exg_mean": 0.40487739832358438, "gli_mean": 0.27072531178191411, "height_max_m_pct": 52.434456928838948, "height_mean_m_pct": 54.307116104868911, "volume_m3_pct": 53.183520599250933, "canopy_cover_pct": 69.850187265917612, "vari_mean_pct": 86.891385767790268, "exg_mean_pct": 73.782771535580522, "gli_mean_pct": 73.782771535580522 }, "geometry": { "type": "Polygon", "coordinates": [ [ [ 556658.434999999939464, 3034989.278 ], [ 556658.285000000032596, 3034989.478000000119209 ], [ 556658.23499999998603, 3034989.478000000119209 ], [ 556657.910000000032596, 3034989.753 ], [ 556657.910000000032596, 3034989.802999999839813 ], [ 556657.809999999939464, 3034989.903 ], [ 556657.76, 3034990.203000000212342 ], [ 556657.709999999962747, 3034990.253 ], [ 556657.709999999962747, 3034990.703000000212342 ], [ 556657.76, 3034990.753 ], [ 556657.76, 3034990.853000000119209 ], [ 556657.85999999998603, 3034991.052999999839813 ], [ 556658.084999999962747, 3034991.228000000119209 ], [ 556658.635, 3034991.228000000119209 ], [ 556658.684999999939464, 3034991.177999999839813 ], [ 556659.084999999962747, 3034991.128 ], [ 556659.285000000032596, 3034991.028 ], [ 556659.51, 3034990.802999999839813 ], [ 556659.60999999998603, 3034990.603000000119209 ], [ 556659.60999999998603, 3034990.302999999839813 ], [ 556659.51, 3034990.103000000119209 ], [ 556659.410000000032596, 3034990.003 ], [ 556659.410000000032596, 3034989.953000000212342 ], [ 556658.85999999998603, 3034989.403 ], [ 556658.85999999998603, 3034989.353000000119209 ], [ 556658.785000000032596, 3034989.278 ], [ 556658.434999999939464, 3034989.278 ] ] ] } },
{ "type": "Feature", "properties": { "unit_id": "c00127", "method": "watershed", "label": 127, "area_m2": 3.0900000000133874, "height_max_m": 1.4630604982376099, "height_mean_m": 1.0939421672179517, "canopy_cover": 1.0, "volume_m3": 3.4048949954734407, "n_pixels": 1245, "data_coverage": 1.0, "vari_mean": 0.31307234173229326, "exg_mean": 0.39628188002479176, "gli_mean": 0.26591793289731142, "height_max_m_pct": 54.307116104868911, "height_mean_m_pct": 64.419475655430716, "volume_m3_pct": 57.677902621722843, "canopy_cover_pct": 69.850187265917612, "vari_mean_pct": 67.041198501872657, "exg_mean_pct": 70.786516853932582, "gli_mean_pct": 70.037453183520597 }, "geometry": { "type": "Polygon", "coordinates": [ [ [ 556650.73499999998603, 3035019.178000000305474 ], [ 556650.684999999939464, 3035019.228000000119209 ], [ 556650.184999999939464, 3035019.278 ], [ 556649.784999999916181, 3035019.478000000119209 ], [ 556649.35999999998603, 3035019.803000000305474 ], [ 556649.35999999998603, 3035019.853000000119209 ], [ 556649.26, 3035019.953000000212342 ], [ 556649.26, 3035020.253 ], [ 556649.635, 3035020.678000000305474 ], [ 556649.684999999939464, 3035020.678000000305474 ], [ 556649.934999999939464, 3035020.878 ], [ 556650.034999999916181, 3035020.878 ], [ 556650.334999999962747, 3035021.028 ], [ 556650.48499999998603, 3035021.178000000305474 ], [ 556650.834999999962747, 3035021.178000000305474 ], [ 556650.909999999916181, 3035021.053000000305474 ], [ 556650.959999999962747, 3035020.853000000119209 ], [ 556651.26, 3035020.503 ], [ 556651.35999999998603, 3035020.303000000305474 ], [ 556651.35999999998603, 3035020.203000000212342 ], [ 556651.409999999916181, 3035020.153 ], [ 556651.409999999916181, 3035020.003 ], [ 556651.459999999962747, 3035019.953000000212342 ], [ 556651.459999999962747, 3035019.703000000212342 ], [ 556651.35999999998603, 3035019.503 ], [ 556651.35999999998603, 3035019.403 ], [ 556651.135, 3035019.178000000305474 ], [ 556650.73499999998603, 3035019.178000000305474 ] ] ] } },
{ "type": "Feature", "properties": { "unit_id": "c00128", "method": "watershed", "label": 128, "area_m2": 2.1168750000139691, "height_max_m": 1.4509353637695312, "height_mean_m": 1.084445804811194, "canopy_cover": 1.0, "volume_m3": 2.3152917932770438, "n_pixels": 854, "data_coverage": 1.0, "vari_mean": 0.3017624652816559, "exg_mean": 0.37158780973320565, "gli_mean": 0.25181175419844942, "height_max_m_pct": 51.310861423220977, "height_mean_m_pct": 59.550561797752813, "volume_m3_pct": 41.198501872659179, "canopy_cover_pct": 69.850187265917612, "vari_mean_pct": 59.176029962546814, "exg_mean_pct": 62.172284644194754, "gli_mean_pct": 62.172284644194754 }, "geometry": { "type": "Polygon", "coordinates": [ [ [ 556658.434999999939464, 3034953.427999999839813 ], [ 556658.035000000032596, 3034953.628 ], [ 556657.785000000032596, 3034953.677999999839813 ], [ 556657.684999999939464, 3034953.778 ], [ 556657.635, 3034953.778 ], [ 556657.51, 3034953.953000000212342 ], [ 556657.51, 3034954.253 ], [ 556657.559999999939464, 3034954.353000000119209 ], [ 556657.73499999998603, 3034954.528 ], [ 556658.035000000032596, 3034954.677999999839813 ], [ 556658.135, 3034954.778 ], [ 556658.434999999939464, 3034954.828000000212342 ], [ 556658.48499999998603, 3034954.878 ], [ 556658.635, 3034954.878 ], [ 556658.684999999939464, 3034954.828000000212342 ], [ 556658.885, 3034954.828000000212342 ], [ 556658.934999999939464, 3034954.778 ], [ 556659.035000000032596, 3034954.778 ], [ 556659.184999999939464, 3034954.628 ], [ 556659.23499999998603, 3034954.628 ], [ 556659.459999999962747, 3034954.302999999839813 ], [ 556659.459999999962747, 3034953.953000000212342 ], [ 556659.410000000032596, 3034953.853000000119209 ], [ 556659.135, 3034953.578000000212342 ], [ 556658.934999999939464, 3034953.478000000119209 ], [ 556658.834999999962747, 3034953.478000000119209 ], [ 556658.785000000032596, 3034953.427999999839813 ], [ 556658.434999999939464, 3034953.427999999839813 ] ] ] } },
{ "type": "Feature", "properties": { "unit_id": "c00129", "method": "watershed", "label": 129, "area_m2": 1.553125000068394, "height_max_m": 1.454380989074707, "height_mean_m": 1.0940308124891349, "canopy_cover": 0.98888888888888893, "volume_m3": 1.7230985296742163, "n_pixels": 630, "data_coverage": 1.0, "vari_mean": 0.32334526163277655, "exg_mean": 0.43879041450637934, "gli_mean": 0.29337995752996543, "height_max_m_pct": 52.059925093632963, "height_mean_m_pct": 64.794007490636702, "volume_m3_pct": 29.962546816479403, "canopy_cover_pct": 6.3670411985018731, "vari_mean_pct": 72.284644194756552, "exg_mean_pct": 89.138576779026209, "gli_mean_pct": 89.513108614232209 }, "geometry": { "type": "Polygon", "coordinates": [ [ [ 556651.184999999939464, 3034918.927999999839813 ], [ 556651.084999999962747, 3034918.978000000119209 ], [ 556650.709999999962747, 3034919.353000000119209 ], [ 556650.659999999916181, 3034919.552999999839813 ], [ 556650.60999999998603, 3034919.603000000119209 ], [ 556650.60999999998603, 3034919.802999999839813 ], [ 556650.709999999962747, 3034920.003 ], [ 556650.98499999998603, 3034920.228000000119209 ], [ 556651.184999999939464, 3034920.278 ], [ 556651.23499999998603, 3034920.328000000212342 ], [ 556651.684999999939464, 3034920.328000000212342 ], [ 556651.784999999916181, 3034920.278 ], [ 556652.01, 3034920.052999999839813 ], [ 556652.01, 3034919.953000000212342 ], [ 556652.059999999939464, 3034919.903 ], [ 556652.059999999939464, 3034919.603000000119209 ], [ 556652.01, 3034919.552999999839813 ], [ 556651.959999999962747, 3034919.353000000119209 ], [ 556651.584999999962747, 3034918.978000000119209 ], [ 556651.48499999998603, 3034918.927999999839813 ], [ 556651.184999999939464, 3034918.927999999839813 ] ] ] } },
{ "type": "Feature", "properties": { "unit_id": "c00130", "method": "watershed", "label": 130, "area_m2": 3.0881250002179867, "height_max_m": 1.4562085866928101, "height_mean_m": 1.1373180493568105, "canopy_cover": 0.99677158999192894, "volume_m3": 3.5228426578905481, "n_pixels": 1239, "data_coverage": 1.0, "vari_mean": 0.35125383122094855, "exg_mean": 0.42556613582771574, "gli_mean": 0.28177134844531149, "height_max_m_pct": 52.80898876404494, "height_mean_m_pct": 76.779026217228463, "volume_m3_pct": 59.176029962546814, "canopy_cover_pct": 20.224719101123593, "vari_mean_pct": 88.389513108614238, "exg_mean_pct": 83.895131086142328, "gli_mean_pct": 81.647940074906373 }, "geometry": { "type": "Polygon", "coordinates": [ [ [ 556665.73499999998603, 3034993.778 ], [ 556665.709999999962747, 3034993.903 ], [ 556665.309999999939464, 3034994.302999999839813 ], [ 556665.309999999939464, 3034994.353000000119209 ], [ 556665.209999999962747, 3034994.453000000212342 ], [ 556665.01, 3034994.802999999839813 ], [ 556665.01, 3034995.153 ], [ 556665.059999999939464, 3034995.253 ], [ 556665.434999999939464, 3034995.578000000212342 ], [ 556666.035000000032596, 3034995.878 ], [ 556666.23499999998603, 3034995.878 ], [ 556666.635, 3034995.478000000119209 ], [ 556666.834999999962747, 3034995.378 ], [ 556667.035000000032596, 3034995.177999999839813 ], [ 556667.10999999998603, 3034995.103000000119209 ], [ 556667.10999999998603, 3034995.003 ], [ 556667.160000000032596, 3034994.953000000212342 ], [ 556667.059999999939464, 3034994.653 ], [ 556666.910000000032596, 3034994.503 ], [ 556666.910000000032596, 3034994.453000000212342 ], [ 556666.709999999962747, 3034994.203000000212342 ], [ 556666.660000000032596, 3034994.052999999839813 ], [ 556666.559999999939464, 3034993.953000000212342 ], [ 556666.559999999939464, 3034993.853000000119209 ], [ 556666.48499999998603, 3034993.778 ], [ 556665.73499999998603, 3034993.778 ] ] ] } },
{ "type": "Feature", "properties": { "unit_id": "c00131", "method": "watershed", "label": 131, "area_m2": 2.0518749998899874, "height_max_m": 1.4584289789199829, "height_mean_m": 1.0924576077592061, "canopy_cover": 0.99145299145299148, "volume_m3": 2.2368069518919445, "n_pixels": 819, "data_coverage": 1.0, "vari_mean": 0.22518762089929534, "exg_mean": 0.22475547566537979, "gli_mean": 0.15648439914592582, "height_max_m_pct": 53.558052434456926, "height_mean_m_pct": 63.670411985018724, "volume_m3_pct": 39.325842696629216, "canopy_cover_pct": 8.6142322097378283, "vari_mean_pct": 10.486891385767791, "exg_mean_pct": 2.9962546816479403, "gli_mean_pct": 2.9962546816479403 }, "geometry": { "type": "Polygon", "coordinates": [ [ [ 556643.135, 3034970.078000000212342 ], [ 556642.934999999939464, 3034970.078000000212342 ], [ 556642.784999999916181, 3034970.177999999839813 ], [ 556642.684999999939464, 3034970.177999999839813 ], [ 556642.23499999998603, 3034970.427999999839813 ], [ 556642.159999999916181, 3034970.552999999839813 ], [ 556642.159999999916181, 3034970.802999999839813 ], [ 556642.209999999962747, 3034970.903 ], [ 556642.584999999962747, 3034971.278 ], [ 556642.635, 3034971.278 ], [ 556642.784999999916181, 3034971.427999999839813 ], [ 556642.98499999998603, 3034971.528 ], [ 556643.434999999939464, 3034971.528 ], [ 556643.635, 3034971.378 ], [ 556643.684999999939464, 3034971.378 ], [ 556643.809999999939464, 3034971.253 ], [ 556643.809999999939464, 3034971.203000000212342 ], [ 556644.01, 3034970.953000000212342 ], [ 556644.059999999939464, 3034970.703000000212342 ], [ 556644.01, 3034970.653 ], [ 556643.959999999962747, 3034970.453000000212342 ], [ 556643.73499999998603, 3034970.228000000119209 ], [ 556643.434999999939464, 3034970.078000000212342 ], [ 556643.23499999998603, 3034970.078000000212342 ], [ 556643.184999999939464, 3034970.028 ], [ 556643.135, 3034970.078000000212342 ] ] ] } },
{ "type": "Feature", "properties": { "unit_id": "c00132", "method": "watershed", "label": 132, "area_m2": 5.0943749999895207, "height_max_m": 1.442253589630127, "height_mean_m": 0.93734320101255153, "canopy_cover": 0.99756453969800296, "volume_m3": 4.8109139792076112, "n_pixels": 2053, "data_coverage": 1.0, "vari_mean": 0.17285388934461535, "exg_mean": 0.21532313235656819, "gli_mean": 0.1497883964253558, "height_max_m_pct": 49.812734082397, "height_mean_m_pct": 32.209737827715358, "volume_m3_pct": 67.041198501872657, "canopy_cover_pct": 23.970037453183522, "vari_mean_pct": 1.8726591760299627, "exg_mean_pct": 1.8726591760299627, "gli_mean_pct": 1.8726591760299627 }, "geometry": { "type": "Polygon", "coordinates": [ [ [ 556627.23499999998603, 3034931.978000000119209 ], [ 556626.934999999939464, 3034932.128 ], [ 556626.784999999916181, 3034932.278 ], [ 556626.73499999998603, 3034932.278 ], [ 556626.559999999939464, 3034932.503 ], [ 556626.51, 3034932.802999999839813 ], [ 556626.409999999916181, 3034932.953000000212342 ], [ 556626.409999999916181, 3034933.153 ], [ 556626.684999999939464, 3034933.528 ], [ 556626.73499999998603, 3034933.528 ], [ 556626.934999999939464, 3034933.728000000119209 ], [ 556626.98499999998603, 3034933.728000000119209 ], [ 556627.459999999962747, 3034934.103000000119209 ], [ 556627.51, 3034934.302999999839813 ], [ 556627.559999999939464, 3034934.353000000119209 ], [ 556627.559999999939464, 3034934.552999999839813 ], [ 556627.909999999916181, 3034935.203000000212342 ], [ 556628.184999999939464, 3034935.478000000119209 ], [ 556628.385, 3034935.478000000119209 ], [ 556628.51, 3034935.353000000119209 ], [ 556628.659999999916181, 3034935.052999999839813 ], [ 556628.659999999916181, 3034934.653 ], [ 556628.51, 3034934.353000000119209 ], [ 556628.51, 3034934.253 ], [ 556628.459999999962747, 3034934.203000000212342 ], [ 556628.409999999916181, 3034934.003 ], [ 556628.559999999939464, 3034933.703000000212342 ], [ 556628.659999999916181, 3034933.603000000119209 ], [ 556628.659999999916181, 3034933.503 ], [ 556628.76, 3034933.353000000119209 ], [ 556628.76, 3034933.203000000212342 ], [ 556628.809999999939464, 3034933.153 ], [ 556628.809999999939464, 3034932.903 ], [ 556628.76, 3034932.853000000119209 ], [ 556628.76, 3034932.703000000212342 ], [ 556628.709999999962747, 3034932.653 ], [ 556628.659999999916181, 3034932.453000000212342 ], [ 556628.434999999939464, 3034932.228000000119209 ], [ 556628.135, 3034932.078000000212342 ], [ 556627.834999999962747, 3034932.028 ], [ 556627.784999999916181, 3034931.978000000119209 ], [ 556627.23499999998603, 3034931.978000000119209 ] ] ] } },
{ "type": "Feature", "properties": { "unit_id": "c00133", "method": "watershed", "label": 133, "area_m2": 1.3731249998422574, "height_max_m": 1.4305498600006104, "height_mean_m": 1.1647155661478854, "canopy_cover": 0.98014440433213001, "volume_m3": 1.6131310591184056, "n_pixels": 554, "data_coverage": 1.0, "vari_mean": 0.11467018308102062, "exg_mean": 0.19468035925131991, "gli_mean": 0.13709316306166047, "height_max_m_pct": 49.063670411985015, "height_mean_m_pct": 81.647940074906373, "volume_m3_pct": 28.08988764044944, "canopy_cover_pct": 1.8726591760299627, "vari_mean_pct": 0.37453183520599254, "exg_mean_pct": 0.37453183520599254, "gli_mean_pct": 0.37453183520599254 }, "geometry": { "type": "Polygon", "coordinates": [ [ [ 556642.334999999962747, 3035036.928000000305474 ], [ 556642.284999999916181, 3035036.978000000119209 ], [ 556642.184999999939464, 3035036.978000000119209 ], [ 556641.85999999998603, 3035037.253 ], [ 556641.709999999962747, 3035037.553000000305474 ], [ 556641.709999999962747, 3035037.653 ], [ 556641.76, 3035037.703000000212342 ], [ 556641.809999999939464, 3035037.903 ], [ 556642.23499999998603, 3035038.228000000119209 ], [ 556642.334999999962747, 3035038.228000000119209 ], [ 556642.385, 3035038.278 ], [ 556642.635, 3035038.278 ], [ 556642.909999999916181, 3035038.003 ], [ 556642.959999999962747, 3035037.803000000305474 ], [ 556643.01, 3035037.753 ], [ 556643.01, 3035037.603000000119209 ], [ 556643.059999999939464, 3035037.553000000305474 ], [ 556643.059999999939464, 3035037.253 ], [ 556643.01, 3035037.153 ], [ 556642.885, 3035037.028 ], [ 556642.684999999939464, 3035036.928000000305474 ], [ 556642.334999999962747, 3035036.928000000305474 ] ] ] } },
{ "type": "Feature", "properties": { "unit_id": "c00134", "method": "watershed", "label": 134, "area_m2": 2.1837499998547725, "height_max_m": 1.4896271228790283, "height_mean_m": 0.96044580881623021, "canopy_cover": 1.0, "volume_m3": 2.0889696341799424, "n_pixels": 870, "data_coverage": 1.0, "vari_mean": 0.35124269722961859, "exg_mean": 0.35488875315920698, "gli_mean": 0.24234456683258571, "height_max_m_pct": 57.677902621722843, "height_mean_m_pct": 35.580524344569284, "volume_m3_pct": 37.078651685393261, "canopy_cover_pct": 69.850187265917612, "vari_mean_pct": 88.014981273408239, "exg_mean_pct": 52.434456928838948, "gli_mean_pct": 54.307116104868911 }, "geometry": { "type": "Polygon", "coordinates": [ [ [ 556620.23499999998603, 3034968.728000000119209 ], [ 556620.184999999939464, 3034968.778 ], [ 556619.784999999916181, 3034968.778 ], [ 556619.659999999916181, 3034968.953000000212342 ], [ 556619.659999999916181, 3034969.353000000119209 ], [ 556619.709999999962747, 3034969.403 ], [ 556619.709999999962747, 3034969.503 ], [ 556619.909999999916181, 3034969.853000000119209 ], [ 556620.10999999998603, 3034970.103000000119209 ], [ 556620.184999999939464, 3034970.278 ], [ 556621.48499999998603, 3034970.278 ], [ 556621.509999999892898, 3034970.253 ], [ 556621.459999999962747, 3034970.203000000212342 ], [ 556621.459999999962747, 3034970.103000000119209 ], [ 556621.409999999916181, 3034970.052999999839813 ], [ 556621.409999999916181, 3034969.853000000119209 ], [ 556621.309999999939464, 3034969.653 ], [ 556621.309999999939464, 3034969.552999999839813 ], [ 556621.259999999892898, 3034969.503 ], [ 556621.259999999892898, 3034969.403 ], [ 556621.159999999916181, 3034969.253 ], [ 556621.159999999916181, 3034969.153 ], [ 556621.009999999892898, 3034968.953000000212342 ], [ 556621.009999999892898, 3034968.903 ], [ 556620.784999999916181, 3034968.728000000119209 ], [ 556620.23499999998603, 3034968.728000000119209 ] ] ] } },
{ "type": "Feature", "properties": { "unit_id": "c00135", "method": "watershed", "label": 135, "area_m2": 9.4724999999458674, "height_max_m": 1.4435045719146729, "height_mean_m": 0.95647308915293272, "canopy_cover": 1.0, "volume_m3": 9.0314971443466359, "n_pixels": 3777, "data_coverage": 1.0, "vari_mean": 0.20361939196957107, "exg_mean": 0.22948170168791973, "gli_mean": 0.15938439410943267, "height_max_m_pct": 50.187265917603, "height_mean_m_pct": 34.456928838951313, "volume_m3_pct": 87.640449438202253, "canopy_cover_pct": 69.850187265917612, "vari_mean_pct": 5.6179775280898872, "exg_mean_pct": 3.3707865168539324, "gli_mean_pct": 3.3707865168539324 }, "geometry": { "type": "Polygon", "coordinates": [ [ [ 556612.034999999916181, 3034982.628 ], [ 556611.834999999962747, 3034982.778 ], [ 556611.784999999916181, 3034982.778 ], [ 556611.35999999998603, 3034983.253 ], [ 556611.209999999962747, 3034983.552999999839813 ], [ 556611.209999999962747, 3034983.853000000119209 ], [ 556611.259999999892898, 3034983.903 ], [ 556611.309999999939464, 3034984.203000000212342 ], [ 556611.459999999962747, 3034984.453000000212342 ], [ 556611.459999999962747, 3034984.703000000212342 ], [ 556611.259999999892898, 3034985.103000000119209 ], [ 556611.259999999892898, 3034985.253 ], [ 556611.209999999962747, 3034985.302999999839813 ], [ 556611.209999999962747, 3034985.552999999839813 ], [ 556611.259999999892898, 3034985.603000000119209 ], [ 556611.259999999892898, 3034985.753 ], [ 556611.35999999998603, 3034985.903 ], [ 556611.35999999998603, 3034986.003 ], [ 556611.459999999962747, 3034986.153 ], [ 556611.509999999892898, 3034986.403 ], [ 556611.559999999939464, 3034986.453000000212342 ], [ 556611.559999999939464, 3034986.603000000119209 ], [ 556611.60999999998603, 3034986.653 ], [ 556611.60999999998603, 3034986.802999999839813 ], [ 556611.659999999916181, 3034986.853000000119209 ], [ 556611.659999999916181, 3034987.003 ], [ 556611.709999999962747, 3034987.052999999839813 ], [ 556611.709999999962747, 3034987.203000000212342 ], [ 556611.759999999892898, 3034987.253 ], [ 556611.784999999916181, 3034987.378 ], [ 556612.534999999916181, 3034987.378 ], [ 556612.559999999939464, 3034987.203000000212342 ], [ 556612.884999999892898, 3034986.878 ], [ 556612.934999999939464, 3034986.878 ], [ 556613.23499999998603, 3034986.628 ], [ 556613.284999999916181, 3034986.628 ], [ 556613.459999999962747, 3034986.403 ], [ 556613.509999999892898, 3034986.203000000212342 ], [ 556613.559999999939464, 3034986.153 ], [ 556613.60999999998603, 3034985.603000000119209 ], [ 556613.659999999916181, 3034985.552999999839813 ], [ 556613.659999999916181, 3034985.302999999839813 ], [ 556613.709999999962747, 3034985.253 ], [ 556613.709999999962747, 3034984.503 ], [ 556613.959999999962747, 3034983.953000000212342 ], [ 556613.959999999962747, 3034983.603000000119209 ], [ 556613.884999999892898, 3034983.478000000119209 ], [ 556612.73499999998603, 3034982.978000000119209 ], [ 556612.584999999962747, 3034982.828000000212342 ], [ 556612.23499999998603, 3034982.628 ], [ 556612.034999999916181, 3034982.628 ] ] ] } },
{ "type": "Feature", "properties": { "unit_id": "c00136", "method": "watershed", "label": 136, "area_m2": 1.7718749998268322, "height_max_m": 1.4284447431564331, "height_mean_m": 1.0696121082153971, "canopy_cover": 0.98036465638148662, "volume_m3": 1.9065835828981819, "n_pixels": 713, "data_coverage": 1.0, "vari_mean": 0.3524302021671934, "exg_mean": 0.45365037301509481, "gli_mean": 0.30198788779769514, "height_max_m_pct": 48.68913857677903, "height_mean_m_pct": 57.303370786516851, "volume_m3_pct": 32.958801498127336, "canopy_cover_pct": 2.2471910112359552, "vari_mean_pct": 89.887640449438194, "exg_mean_pct": 92.134831460674164, "gli_mean_pct": 92.883895131086149 }, "geometry": { "type": "Polygon", "coordinates": [ [ [ 556650.48499999998603, 3035029.628 ], [ 556650.23499999998603, 3035029.828000000212342 ], [ 556650.135, 3035029.828000000212342 ], [ 556649.934999999939464, 3035029.928000000305474 ], [ 556649.76, 3035030.053000000305474 ], [ 556649.76, 3035030.103000000119209 ], [ 556649.60999999998603, 3035030.303000000305474 ], [ 556649.60999999998603, 3035030.603000000119209 ], [ 556649.73499999998603, 3035030.778 ], [ 556649.784999999916181, 3035030.778 ], [ 556650.135, 3035031.028 ], [ 556650.23499999998603, 3035031.078000000212342 ], [ 556650.385, 3035031.078000000212342 ], [ 556650.434999999939464, 3035031.128 ], [ 556650.584999999962747, 3035031.128 ], [ 556650.635, 3035031.078000000212342 ], [ 556650.784999999916181, 3035031.078000000212342 ], [ 556650.885, 3035031.028 ], [ 556650.98499999998603, 3035030.928000000305474 ], [ 556651.034999999916181, 3035030.928000000305474 ], [ 556651.26, 3035030.653 ], [ 556651.26, 3035030.303000000305474 ], [ 556651.209999999962747, 3035030.203000000212342 ], [ 556651.10999999998603, 3035030.103000000119209 ], [ 556651.10999999998603, 3035030.053000000305474 ], [ 556650.684999999939464, 3035029.628 ], [ 556650.48499999998603, 3035029.628 ] ] ] } },
{ "type": "Feature", "properties": { "unit_id": "c00137", "method": "watershed", "label": 137, "area_m2": 4.8262499997738644, "height_max_m": 1.4014565944671631, "height_mean_m": 1.0854811277288794, "canopy_cover": 1.0, "volume_m3": 5.2347327384841531, "n_pixels": 1929, "data_coverage": 1.0, "vari_mean": 0.23169852351566195, "exg_mean": 0.30683485872582328, "gli_mean": 0.20921509031288321, "height_max_m_pct": 47.565543071161045, "height_mean_m_pct": 59.925093632958806, "volume_m3_pct": 69.288389513108612, "canopy_cover_pct": 69.850187265917612, "vari_mean_pct": 12.734082397003746, "exg_mean_pct": 25.468164794007492, "gli_mean_pct": 24.344569288389515 }, "geometry": { "type": "Polygon", "coordinates": [ [ [ 556635.73499999998603, 3034921.978000000119209 ], [ 556635.334999999962747, 3034922.278 ], [ 556634.684999999939464, 3034922.528 ], [ 556634.51, 3034922.753 ], [ 556634.51, 3034922.853000000119209 ], [ 556634.459999999962747, 3034922.903 ], [ 556634.459999999962747, 3034923.103000000119209 ], [ 556634.51, 3034923.153 ], [ 556634.559999999939464, 3034923.353000000119209 ], [ 556634.809999999939464, 3034923.653 ], [ 556634.959999999962747, 3034923.953000000212342 ], [ 556634.98499999998603, 3034924.427999999839813 ], [ 556635.885, 3034924.427999999839813 ], [ 556636.184999999939464, 3034924.278 ], [ 556636.60999999998603, 3034924.253 ], [ 556636.60999999998603, 3034924.052999999839813 ], [ 556636.659999999916181, 3034923.953000000212342 ], [ 556636.909999999916181, 3034923.703000000212342 ], [ 556636.909999999916181, 3034923.653 ], [ 556637.059999999939464, 3034923.453000000212342 ], [ 556637.059999999939464, 3034922.903 ], [ 556637.01, 3034922.853000000119209 ], [ 556636.959999999962747, 3034922.552999999839813 ], [ 556636.76, 3034922.203000000212342 ], [ 556636.434999999939464, 3034921.978000000119209 ], [ 556635.73499999998603, 3034921.978000000119209 ] ] ] } },
{ "type": "Feature", "properties": { "unit_id": "c00138", "method": "watershed", "label": 138, "area_m2": 3.6712500000133881, "height_max_m": 1.3968303203582764, "height_mean_m": 1.0193427563546744, "canopy_cover": 0.99523809523809526, "volume_m3": 3.7460846296117527, "n_pixels": 1470, "data_coverage": 1.0, "vari_mean": 0.27894063888668852, "exg_mean": 0.32873333472915961, "gli_mean": 0.22463393672815801, "height_max_m_pct": 46.441947565543074, "height_mean_m_pct": 46.81647940074906, "volume_m3_pct": 60.674157303370791, "canopy_cover_pct": 15.730337078651685, "vari_mean_pct": 43.071161048689142, "exg_mean_pct": 41.198501872659179, "gli_mean_pct": 42.322097378277149 }, "geometry": { "type": "Polygon", "coordinates": [ [ [ 556635.135, 3035014.528 ], [ 556634.98499999998603, 3035014.528 ], [ 556634.834999999962747, 3035014.628 ], [ 556634.73499999998603, 3035014.628 ], [ 556634.334999999962747, 3035014.828000000212342 ], [ 556634.209999999962747, 3035014.953000000212342 ], [ 556634.10999999998603, 3035015.153 ], [ 556634.10999999998603, 3035015.253 ], [ 556634.059999999939464, 3035015.302999999839813 ], [ 556634.059999999939464, 3035015.552999999839813 ], [ 556634.10999999998603, 3035015.603000000119209 ], [ 556634.10999999998603, 3035015.703000000212342 ], [ 556634.26, 3035015.903 ], [ 556634.26, 3035015.953000000212342 ], [ 556634.534999999916181, 3035016.228000000119209 ], [ 556634.584999999962747, 3035016.228000000119209 ], [ 556634.73499999998603, 3035016.378 ], [ 556634.885, 3035016.427999999839813 ], [ 556634.98499999998603, 3035016.528 ], [ 556635.23499999998603, 3035016.578000000212342 ], [ 556635.284999999916181, 3035016.628 ], [ 556635.834999999962747, 3035016.628 ], [ 556635.885, 3035016.578000000212342 ], [ 556636.034999999916181, 3035016.578000000212342 ], [ 556636.209999999962747, 3035016.403 ], [ 556636.309999999939464, 3035016.203000000212342 ], [ 556636.309999999939464, 3035015.953000000212342 ], [ 556636.35999999998603, 3035015.903 ], [ 556636.35999999998603, 3035015.753 ], [ 556636.309999999939464, 3035015.703000000212342 ], [ 556636.309999999939464, 3035015.453000000212342 ], [ 556636.26, 3035015.403 ], [ 556636.26, 3035015.302999999839813 ], [ 556636.159999999916181, 3035015.103000000119209 ], [ 556635.834999999962747, 3035014.778 ], [ 556635.23499999998603, 3035014.478000000119209 ], [ 556635.135, 3035014.528 ] ] ] } },
{ "type": "Feature", "properties": { "unit_id": "c00139", "method": "watershed", "label": 139, "area_m2": 6.972499999900756, "height_max_m": 1.4007755517959595, "height_mean_m": 0.9490919885971183, "canopy_cover": 1.0, "volume_m3": 6.6626257599665752, "n_pixels": 2808, "data_coverage": 1.0, "vari_mean": 0.30069092145521659, "exg_mean": 0.35967416638895944, "gli_mean": 0.2439448290724939, "height_max_m_pct": 47.191011235955052, "height_mean_m_pct": 33.333333333333329, "volume_m3_pct": 79.775280898876403, "canopy_cover_pct": 69.850187265917612, "vari_mean_pct": 58.052434456928836, "exg_mean_pct": 56.554307116104873, "gli_mean_pct": 55.805243445692888 }, "geometry": { "type": "Polygon", "coordinates": [ [ [ 556620.034999999916181, 3035004.978000000119209 ], [ 556619.98499999998603, 3035005.028 ], [ 556619.884999999892898, 3035005.028 ], [ 556619.834999999962747, 3035004.978000000119209 ], [ 556618.98499999998603, 3035004.978000000119209 ], [ 556618.909999999916181, 3035005.052999999839813 ], [ 556618.85999999998603, 3035005.302999999839813 ], [ 556618.759999999892898, 3035005.453000000212342 ], [ 556618.709999999962747, 3035005.703000000212342 ], [ 556618.659999999916181, 3035005.753 ], [ 556618.659999999916181, 3035006.103000000119209 ], [ 556618.709999999962747, 3035006.153 ], [ 556618.709999999962747, 3035006.253 ], [ 556618.809999999939464, 3035006.453000000212342 ], [ 556618.909999999916181, 3035006.552999999839813 ], [ 556618.909999999916181, 3035006.603000000119209 ], [ 556619.35999999998603, 3035007.052999999839813 ], [ 556619.409999999916181, 3035007.302999999839813 ], [ 556619.35999999998603, 3035007.353000000119209 ], [ 556619.35999999998603, 3035007.903 ], [ 556619.659999999916181, 3035008.503 ], [ 556619.884999999892898, 3035008.677999999839813 ], [ 556620.084999999962747, 3035008.728000000119209 ], [ 556620.23499999998603, 3035008.828000000212342 ], [ 556620.634999999892898, 3035008.828000000212342 ], [ 556620.809999999939464, 3035008.703000000212342 ], [ 556620.959999999962747, 3035008.503 ], [ 556620.959999999962747, 3035008.403 ], [ 556621.009999999892898, 3035008.353000000119209 ], [ 556621.009999999892898, 3035008.052999999839813 ], [ 556620.959999999962747, 3035008.003 ], [ 556620.959999999962747, 3035007.853000000119209 ], [ 556620.909999999916181, 3035007.753 ], [ 556620.759999999892898, 3035007.552999999839813 ], [ 556620.709999999962747, 3035007.253 ], [ 556620.759999999892898, 3035007.203000000212342 ], [ 556620.809999999939464, 3035007.003 ], [ 556620.909999999916181, 3035006.903 ], [ 556621.009999999892898, 3035006.653 ], [ 556621.10999999998603, 3035006.552999999839813 ], [ 556621.209999999962747, 3035006.353000000119209 ], [ 556621.209999999962747, 3035006.253 ], [ 556621.259999999892898, 3035006.203000000212342 ], [ 556621.259999999892898, 3035005.853000000119209 ], [ 556621.10999999998603, 3035005.552999999839813 ], [ 556620.909999999916181, 3035005.302999999839813 ], [ 556620.909999999916181, 3035005.253 ], [ 556620.634999999892898, 3035004.978000000119209 ], [ 556620.034999999916181, 3035004.978000000119209 ] ] ] } },
{ "type": "Feature", "properties": { "unit_id": "c00140", "method": "watershed", "label": 140, "area_m2": 2.8906250000654836, "height_max_m": 1.4232090711593628, "height_mean_m": 0.99875081288154255, "canopy_cover": 0.99743370402053033, "volume_m3": 2.9188492506527939, "n_pixels": 1169, "data_coverage": 1.0, "vari_mean": 0.26442926434891589, "exg_mean": 0.31636072121397502, "gli_mean": 0.21703394158165448, "height_max_m_pct": 48.314606741573037, "height_mean_m_pct": 43.820224719101127, "volume_m3_pct": 52.434456928838948, "canopy_cover_pct": 22.09737827715356, "vari_mean_pct": 31.835205992509362, "exg_mean_pct": 31.835205992509362, "gli_mean_pct": 32.958801498127336 }, "geometry": { "type": "Polygon", "coordinates": [ [ [ 556635.284999999916181, 3035007.478000000119209 ], [ 556635.23499999998603, 3035007.528 ], [ 556635.084999999962747, 3035007.528 ], [ 556635.034999999916181, 3035007.578000000212342 ], [ 556634.784999999916181, 3035007.578000000212342 ], [ 556634.584999999962747, 3035007.677999999839813 ], [ 556634.48499999998603, 3035007.677999999839813 ], [ 556634.159999999916181, 3035007.953000000212342 ], [ 556634.059999999939464, 3035008.153 ], [ 556634.059999999939464, 3035008.503 ], [ 556634.26, 3035008.903 ], [ 556634.48499999998603, 3035009.128 ], [ 556634.684999999939464, 3035009.177999999839813 ], [ 556634.73499999998603, 3035009.228000000119209 ], [ 556634.98499999998603, 3035009.228000000119209 ], [ 556635.034999999916181, 3035009.278 ], [ 556635.084999999962747, 3035009.228000000119209 ], [ 556635.284999999916181, 3035009.228000000119209 ], [ 556635.834999999962747, 3035008.978000000119209 ], [ 556636.10999999998603, 3035008.703000000212342 ], [ 556636.159999999916181, 3035008.503 ], [ 556636.209999999962747, 3035008.453000000212342 ], [ 556636.209999999962747, 3035008.253 ], [ 556636.159999999916181, 3035008.203000000212342 ], [ 556636.159999999916181, 3035008.103000000119209 ], [ 556635.834999999962747, 3035007.677999999839813 ], [ 556635.784999999916181, 3035007.677999999839813 ], [ 556635.534999999916181, 3035007.478000000119209 ], [ 556635.284999999916181, 3035007.478000000119209 ] ] ] } },
{ "type": "Feature", "properties": { "unit_id": "c00141", "method": "watershed", "label": 141, "area_m2": 2.2531250000683944, "height_max_m": 1.3904699087142944, "height_mean_m": 1.090747531581477, "canopy_cover": 1.0, "volume_m3": 2.4732700278664947, "n_pixels": 907, "data_coverage": 1.0, "vari_mean": 0.36587821562142109, "exg_mean": 0.47933603368826938, "gli_mean": 0.31691935915801045, "height_max_m_pct": 45.692883895131089, "height_mean_m_pct": 63.295880149812731, "volume_m3_pct": 43.820224719101127, "canopy_cover_pct": 69.850187265917612, "vari_mean_pct": 95.880149812734089, "exg_mean_pct": 97.00374531835206, "gli_mean_pct": 97.00374531835206 }, "geometry": { "type": "Polygon", "coordinates": [ [ [ 556658.535000000032596, 3034957.628 ], [ 556658.48499999998603, 3034957.677999999839813 ], [ 556658.285000000032596, 3034957.677999999839813 ], [ 556658.184999999939464, 3034957.728000000119209 ], [ 556657.85999999998603, 3034958.052999999839813 ], [ 556657.809999999939464, 3034958.253 ], [ 556657.76, 3034958.302999999839813 ], [ 556657.76, 3034958.703000000212342 ], [ 556657.934999999939464, 3034958.978000000119209 ], [ 556657.98499999998603, 3034958.978000000119209 ], [ 556658.184999999939464, 3034959.128 ], [ 556658.584999999962747, 3034959.177999999839813 ], [ 556658.635, 3034959.228000000119209 ], [ 556658.785000000032596, 3034959.228000000119209 ], [ 556658.834999999962747, 3034959.278 ], [ 556658.98499999998603, 3034959.278 ], [ 556659.084999999962747, 3034959.228000000119209 ], [ 556659.51, 3034958.802999999839813 ], [ 556659.51, 3034958.703000000212342 ], [ 556659.559999999939464, 3034958.653 ], [ 556659.559999999939464, 3034958.253 ], [ 556659.51, 3034958.153 ], [ 556659.135, 3034957.828000000212342 ], [ 556658.834999999962747, 3034957.677999999839813 ], [ 556658.684999999939464, 3034957.677999999839813 ], [ 556658.635, 3034957.628 ], [ 556658.535000000032596, 3034957.628 ] ] ] } },
{ "type": "Feature", "properties": { "unit_id": "c00142", "method": "watershed", "label": 142, "area_m2": 1.9806249999740972, "height_max_m": 1.4306780099868774, "height_mean_m": 1.0261655363805056, "canopy_cover": 1.0, "volume_m3": 2.0343731758788728, "n_pixels": 793, "data_coverage": 1.0, "vari_mean": 0.2379403070639162, "exg_mean": 0.30167731981030027, "gli_mean": 0.20473820842492924, "height_max_m_pct": 49.438202247191008, "height_mean_m_pct": 47.940074906367045, "volume_m3_pct": 34.831460674157306, "canopy_cover_pct": 69.850187265917612, "vari_mean_pct": 14.606741573033707, "exg_mean_pct": 20.599250936329589, "gli_mean_pct": 19.475655430711612 }, "geometry": { "type": "Polygon", "coordinates": [ [ [ 556666.23499999998603, 3035008.978000000119209 ], [ 556665.934999999939464, 3035009.128 ], [ 556665.385, 3035009.128 ], [ 556665.209999999962747, 3035009.353000000119209 ], [ 556665.209999999962747, 3035009.653 ], [ 556665.26, 3035009.703000000212342 ], [ 556665.26, 3035009.802999999839813 ], [ 556665.309999999939464, 3035009.903 ], [ 556665.76, 3035010.353000000119209 ], [ 556665.834999999962747, 3035010.628 ], [ 556666.184999999939464, 3035010.628 ], [ 556666.334999999962747, 3035010.427999999839813 ], [ 556666.385, 3035010.427999999839813 ], [ 556666.559999999939464, 3035010.253 ], [ 556666.559999999939464, 3035010.203000000212342 ], [ 556666.76, 3035010.003 ], [ 556666.76, 3035009.953000000212342 ], [ 556666.910000000032596, 3035009.753 ], [ 556666.959999999962747, 3035009.453000000212342 ], [ 556666.910000000032596, 3035009.403 ], [ 556666.910000000032596, 3035009.302999999839813 ], [ 556666.73499999998603, 3035009.128 ], [ 556666.434999999939464, 3035008.978000000119209 ], [ 556666.23499999998603, 3035008.978000000119209 ] ] ] } },
{ "type": "Feature", "properties": { "unit_id": "c00143", "method": "watershed", "label": 143, "area_m2": 6.2656250001993605, "height_max_m": 1.399055004119873, "height_mean_m": 0.93527846259187419, "canopy_cover": 1.0, "volume_m3": 5.8688723527770517, "n_pixels": 2510, "data_coverage": 1.0, "vari_mean": 0.20661177941061756, "exg_mean": 0.2642268470555928, "gli_mean": 0.18017677668151719, "height_max_m_pct": 46.81647940074906, "height_mean_m_pct": 31.086142322097377, "volume_m3_pct": 74.157303370786522, "canopy_cover_pct": 69.850187265917612, "vari_mean_pct": 7.4906367041198507, "exg_mean_pct": 10.112359550561797, "gli_mean_pct": 9.7378277153558059 }, "geometry": { "type": "Polygon", "coordinates": [ [ [ 556612.084999999962747, 3035011.878 ], [ 556612.034999999916181, 3035011.927999999839813 ], [ 556611.884999999892898, 3035011.927999999839813 ], [ 556611.684999999939464, 3035012.028 ], [ 556611.584999999962747, 3035012.128 ], [ 556611.434999999939464, 3035012.177999999839813 ], [ 556611.334999999962747, 3035012.278 ], [ 556611.284999999916181, 3035012.278 ], [ 556611.184999999939464, 3035012.378 ], [ 556610.959999999962747, 3035012.503 ], [ 556610.85999999998603, 3035012.603000000119209 ], [ 556610.709999999962747, 3035012.903 ], [ 556610.659999999916181, 3035013.403 ], [ 556610.709999999962747, 3035013.453000000212342 ], [ 556610.709999999962747, 3035013.603000000119209 ], [ 556610.759999999892898, 3035013.653 ], [ 556610.809999999939464, 3035013.853000000119209 ], [ 556610.909999999916181, 3035013.953000000212342 ], [ 556611.10999999998603, 3035014.353000000119209 ], [ 556611.184999999939464, 3035014.728000000119209 ], [ 556611.48499999998603, 3035014.728000000119209 ], [ 556611.534999999916181, 3035014.677999999839813 ], [ 556611.73499999998603, 3035014.677999999839813 ], [ 556611.759999999892898, 3035014.503 ], [ 556611.934999999939464, 3035014.328000000212342 ], [ 556612.134999999892898, 3035014.228000000119209 ], [ 556612.23499999998603, 3035014.228000000119209 ], [ 556612.284999999916181, 3035014.177999999839813 ], [ 556612.584999999962747, 3035014.177999999839813 ], [ 556612.634999999892898, 3035014.128 ], [ 556613.23499999998603, 3035014.128 ], [ 556613.534999999916181, 3035013.978000000119209 ], [ 556613.659999999916181, 3035013.853000000119209 ], [ 556613.759999999892898, 3035013.653 ], [ 556613.759999999892898, 3035013.552999999839813 ], [ 556613.809999999939464, 3035013.503 ], [ 556613.809999999939464, 3035013.153 ], [ 556613.85999999998603, 3035013.103000000119209 ], [ 556613.85999999998603, 3035012.903 ], [ 556613.709999999962747, 3035012.603000000119209 ], [ 556613.584999999962747, 3035012.478000000119209 ], [ 556613.134999999892898, 3035012.278 ], [ 556612.784999999916181, 3035012.028 ], [ 556612.584999999962747, 3035011.927999999839813 ], [ 556612.434999999939464, 3035011.927999999839813 ], [ 556612.384999999892898, 3035011.878 ], [ 556612.084999999962747, 3035011.878 ] ] ] } },
{ "type": "Feature", "properties": { "unit_id": "c00144", "method": "watershed", "label": 144, "area_m2": 2.5006249999051215, "height_max_m": 1.386080265045166, "height_mean_m": 1.060041548371917, "canopy_cover": 1.0, "volume_m3": 2.6236028322263243, "n_pixels": 990, "data_coverage": 1.0, "vari_mean": 0.24832246475237876, "exg_mean": 0.3559292603623837, "gli_mean": 0.24162150775919056, "height_max_m_pct": 44.569288389513105, "height_mean_m_pct": 53.558052434456926, "volume_m3_pct": 46.81647940074906, "canopy_cover_pct": 69.850187265917612, "vari_mean_pct": 20.973782771535582, "exg_mean_pct": 53.558052434456926, "gli_mean_pct": 53.183520599250933 }, "geometry": { "type": "Polygon", "coordinates": [ [ [ 556665.285000000032596, 3035042.928000000305474 ], [ 556664.910000000032596, 3035043.253 ], [ 556664.76, 3035043.553000000305474 ], [ 556664.76, 3035043.703000000212342 ], [ 556664.709999999962747, 3035043.753 ], [ 556664.709999999962747, 3035044.103000000119209 ], [ 556664.76, 3035044.203000000212342 ], [ 556664.934999999939464, 3035044.378 ], [ 556665.135, 3035044.478000000119209 ], [ 556665.385, 3035044.478000000119209 ], [ 556665.434999999939464, 3035044.528 ], [ 556665.535000000032596, 3035044.478000000119209 ], [ 556665.73499999998603, 3035044.478000000119209 ], [ 556665.934999999939464, 3035044.378 ], [ 556666.535000000032596, 3035044.378 ], [ 556666.709999999962747, 3035044.203000000212342 ], [ 556666.709999999962747, 3035043.903 ], [ 556666.660000000032596, 3035043.853000000119209 ], [ 556666.60999999998603, 3035043.653 ], [ 556666.410000000032596, 3035043.403 ], [ 556666.410000000032596, 3035043.353000000119209 ], [ 556666.035000000032596, 3035042.978000000119209 ], [ 556665.98499999998603, 3035042.978000000119209 ], [ 556665.885, 3035042.878 ], [ 556665.73499999998603, 3035042.878 ], [ 556665.684999999939464, 3035042.828000000212342 ], [ 556665.285000000032596, 3035042.928000000305474 ] ] ] } },
{ "type": "Feature", "properties": { "unit_id": "c00145", "method": "watershed", "label": 145, "area_m2": 3.1112499997852141, "height_max_m": 1.3473092317581177, "height_mean_m": 1.0405585966335582, "canopy_cover": 1.0, "volume_m3": 3.2751581829114018, "n_pixels": 1259, "data_coverage": 1.0, "vari_mean": 0.33634652159552136, "exg_mean": 0.43248890784035821, "gli_mean": 0.29007125334830652, "height_max_m_pct": 43.071161048689142, "height_mean_m_pct": 49.812734082397, "volume_m3_pct": 56.554307116104873, "canopy_cover_pct": 69.850187265917612, "vari_mean_pct": 80.149812734082388, "exg_mean_pct": 86.891385767790268, "gli_mean_pct": 87.265917602996254 }, "geometry": { "type": "Polygon", "coordinates": [ [ [ 556658.434999999939464, 3034936.328000000212342 ], [ 556658.385, 3034936.378 ], [ 556658.285000000032596, 3034936.378 ], [ 556658.01, 3034936.653 ], [ 556658.01, 3034936.703000000212342 ], [ 556657.85999999998603, 3034936.853000000119209 ], [ 556657.76, 3034937.052999999839813 ], [ 556657.76, 3034937.203000000212342 ], [ 556657.709999999962747, 3034937.302999999839813 ], [ 556657.76, 3034937.353000000119209 ], [ 556657.76, 3034937.503 ], [ 556657.809999999939464, 3034937.603000000119209 ], [ 556658.23499999998603, 3034938.028 ], [ 556658.285000000032596, 3034938.028 ], [ 556658.48499999998603, 3034938.177999999839813 ], [ 556658.584999999962747, 3034938.177999999839813 ], [ 556658.635, 3034938.228000000119209 ], [ 556658.934999999939464, 3034938.228000000119209 ], [ 556658.98499999998603, 3034938.177999999839813 ], [ 556659.184999999939464, 3034938.128 ], [ 556659.285000000032596, 3034938.028 ], [ 556659.334999999962747, 3034938.028 ], [ 556659.660000000032596, 3034937.703000000212342 ], [ 556659.76, 3034937.503 ], [ 556659.76, 3034937.353000000119209 ], [ 556659.809999999939464, 3034937.302999999839813 ], [ 556659.809999999939464, 3034936.853000000119209 ], [ 556659.76, 3034936.802999999839813 ], [ 556659.76, 3034936.703000000212342 ], [ 556659.584999999962747, 3034936.427999999839813 ], [ 556659.385, 3034936.378 ], [ 556659.334999999962747, 3034936.328000000212342 ], [ 556658.434999999939464, 3034936.328000000212342 ] ] ] } },
{ "type": "Feature", "properties": { "unit_id": "c00146", "method": "watershed", "label": 146, "area_m2": 3.8274999997048873, "height_max_m": 1.3951563835144043, "height_mean_m": 0.8778365791824303, "canopy_cover": 1.0, "volume_m3": 3.3357790009006476, "n_pixels": 1520, "data_coverage": 1.0, "vari_mean": 0.22684523923902272, "exg_mean": 0.27808761742942006, "gli_mean": 0.19136107385903564, "height_max_m_pct": 46.067415730337082, "height_mean_m_pct": 21.722846441947567, "volume_m3_pct": 57.303370786516851, "canopy_cover_pct": 69.850187265917612, "vari_mean_pct": 11.235955056179774, "exg_mean_pct": 13.48314606741573, "gli_mean_pct": 13.857677902621724 }, "geometry": { "type": "Polygon", "coordinates": [ [ [ 556611.534999999916181, 3035014.677999999839813 ], [ 556611.48499999998603, 3035014.728000000119209 ], [ 556611.159999999916181, 3035014.753 ], [ 556611.159999999916181, 3035014.853000000119209 ], [ 556611.209999999962747, 3035014.903 ], [ 556611.209999999962747, 3035015.103000000119209 ], [ 556611.259999999892898, 3035015.203000000212342 ], [ 556611.209999999962747, 3035015.253 ], [ 556611.209999999962747, 3035015.503 ], [ 556611.159999999916181, 3035015.552999999839813 ], [ 556611.159999999916181, 3035016.403 ], [ 556611.10999999998603, 3035016.453000000212342 ], [ 556611.10999999998603, 3035016.653 ], [ 556613.284999999916181, 3035016.677999999839813 ], [ 556613.309999999939464, 3035016.503 ], [ 556613.35999999998603, 3035016.453000000212342 ], [ 556613.35999999998603, 3035016.302999999839813 ], [ 556613.409999999916181, 3035016.253 ], [ 556613.409999999916181, 3035015.552999999839813 ], [ 556613.35999999998603, 3035015.503 ], [ 556613.309999999939464, 3035015.302999999839813 ], [ 556613.084999999962747, 3035015.078000000212342 ], [ 556612.98499999998603, 3035015.028 ], [ 556612.784999999916181, 3035015.028 ], [ 556612.73499999998603, 3035014.978000000119209 ], [ 556612.134999999892898, 3035014.978000000119209 ], [ 556611.934999999939464, 3035014.878 ], [ 556611.73499999998603, 3035014.677999999839813 ], [ 556611.534999999916181, 3035014.677999999839813 ] ] ] } },
{ "type": "Feature", "properties": { "unit_id": "c00147", "method": "watershed", "label": 147, "area_m2": 1.8603838534539561, "height_max_m": 1.353022575378418, "height_mean_m": 1.1164485988600943, "canopy_cover": 1.0, "volume_m3": 2.0793855153815457, "n_pixels": 745, "data_coverage": 1.0, "vari_mean": 0.30456104859672289, "exg_mean": 0.42812894950755842, "gli_mean": 0.28377934111807168, "height_max_m_pct": 43.445692883895134, "height_mean_m_pct": 73.033707865168537, "volume_m3_pct": 36.329588014981276, "canopy_cover_pct": 69.850187265917612, "vari_mean_pct": 61.423220973782769, "exg_mean_pct": 85.018726591760299, "gli_mean_pct": 83.895131086142328 }, "geometry": { "type": "Polygon", "coordinates": [ [ [ 556657.934999999939464, 3035046.628 ], [ 556658.084999999962747, 3035046.628 ], [ 556658.184999999939464, 3035046.578000000212342 ], [ 556658.334999999962747, 3035046.428000000305474 ], [ 556658.385, 3035046.428000000305474 ], [ 556658.584999999962747, 3035046.278 ], [ 556658.76, 3035046.103000000119209 ], [ 556658.85999999998603, 3035045.903 ], [ 556658.85999999998603, 3035045.553000000305474 ], [ 556658.809999999939464, 3035045.503 ], [ 556658.809999999939464, 3035045.403 ], [ 556658.584999999962747, 3035045.128 ], [ 556658.385, 3035045.028 ], [ 556658.084999999962747, 3035045.028 ], [ 556657.885, 3035045.128 ], [ 556657.559999999939464, 3035045.403 ], [ 556657.559999999939464, 3035045.453000000212342 ], [ 556657.35999999998603, 3035045.703000000212342 ], [ 556657.35999999998603, 3035045.853000000119209 ], [ 556657.309999999939464, 3035045.903 ], [ 556657.309999999939464, 3035046.153 ], [ 556657.35999999998603, 3035046.203000000212342 ], [ 556657.35999999998603, 3035046.303000000305474 ], [ 556657.459999999962747, 3035046.403 ], [ 556657.459999999962747, 3035046.453000000212342 ], [ 556657.684999999939464, 3035046.628 ], [ 556657.753492296556942, 3035046.645123074296862 ], [ 556657.918350401916541, 3035046.644649598281831 ], [ 556657.934999999939464, 3035046.628 ] ] ] } },
{ "type": "Feature", "properties": { "unit_id": "c00148", "method": "watershed", "label": 148, "area_m2": 2.915624999957799, "height_max_m": 1.3400530815124512, "height_mean_m": 1.0238789056503721, "canopy_cover": 1.0, "volume_m3": 2.9820473127133349, "n_pixels": 1165, "data_coverage": 1.0, "vari_mean": 0.24927305753292572, "exg_mean": 0.30595733123248264, "gli_mean": 0.21007868355596618, "height_max_m_pct": 42.322097378277149, "height_mean_m_pct": 47.191011235955052, "volume_m3_pct": 53.558052434456926, "canopy_cover_pct": 69.850187265917612, "vari_mean_pct": 21.722846441947567, "exg_mean_pct": 24.344569288389515, "gli_mean_pct": 25.842696629213485 }, "geometry": { "type": "Polygon", "coordinates": [ [ [ 556635.23499999998603, 3035039.278 ], [ 556635.184999999939464, 3035039.328000000212342 ], [ 556634.534999999916181, 3035039.328000000212342 ], [ 556634.334999999962747, 3035039.428000000305474 ], [ 556634.209999999962747, 3035039.603000000119209 ], [ 556634.209999999962747, 3035039.753 ], [ 556634.159999999916181, 3035039.803000000305474 ], [ 556634.159999999916181, 3035040.203000000212342 ], [ 556634.409999999916181, 3035040.753 ], [ 556634.559999999939464, 3035040.953000000212342 ], [ 556634.559999999939464, 3035041.053000000305474 ], [ 556634.60999999998603, 3035041.103000000119209 ], [ 556634.635, 3035041.228000000119209 ], [ 556635.385, 3035041.228000000119209 ], [ 556635.459999999962747, 3035041.003 ], [ 556635.959999999962747, 3035040.503 ], [ 556636.059999999939464, 3035040.303000000305474 ], [ 556636.059999999939464, 3035040.203000000212342 ], [ 556636.10999999998603, 3035040.153 ], [ 556636.10999999998603, 3035039.953000000212342 ], [ 556636.059999999939464, 3035039.903 ], [ 556636.059999999939464, 3035039.753 ], [ 556635.73499999998603, 3035039.378 ], [ 556635.635, 3035039.328000000212342 ], [ 556635.434999999939464, 3035039.328000000212342 ], [ 556635.385, 3035039.278 ], [ 556635.23499999998603, 3035039.278 ] ] ] } },
{ "type": "Feature", "properties": { "unit_id": "c00149", "method": "watershed", "label": 149, "area_m2": 2.3637500000663563, "height_max_m": 1.3322049379348755, "height_mean_m": 1.0320162029651108, "canopy_cover": 1.0, "volume_m3": 2.4381382795104916, "n_pixels": 945, "data_coverage": 1.0, "vari_mean": 0.33403408413536578, "exg_mean": 0.42455314154103502, "gli_mean": 0.28575647305632956, "height_max_m_pct": 41.573033707865171, "height_mean_m_pct": 48.314606741573037, "volume_m3_pct": 42.696629213483142, "canopy_cover_pct": 69.850187265917612, "vari_mean_pct": 79.026217228464418, "exg_mean_pct": 83.520599250936328, "gli_mean_pct": 85.018726591760299 }, "geometry": { "type": "Polygon", "coordinates": [ [ [ 556657.98499999998603, 3034991.628 ], [ 556657.885, 3034991.677999999839813 ], [ 556657.559999999939464, 3034992.003 ], [ 556657.559999999939464, 3034992.052999999839813 ], [ 556657.410000000032596, 3034992.203000000212342 ], [ 556657.309999999939464, 3034992.403 ], [ 556657.309999999939464, 3034992.753 ], [ 556657.459999999962747, 3034992.953000000212342 ], [ 556657.459999999962747, 3034993.003 ], [ 556657.785000000032596, 3034993.278 ], [ 556658.084999999962747, 3034993.427999999839813 ], [ 556658.23499999998603, 3034993.427999999839813 ], [ 556658.285000000032596, 3034993.378 ], [ 556658.385, 3034993.378 ], [ 556658.434999999939464, 3034993.328000000212342 ], [ 556658.635, 3034993.278 ], [ 556659.01, 3034992.953000000212342 ], [ 556659.10999999998603, 3034992.753 ], [ 556659.10999999998603, 3034992.453000000212342 ], [ 556658.959999999962747, 3034992.153 ], [ 556658.584999999962747, 3034991.778 ], [ 556658.535000000032596, 3034991.778 ], [ 556658.334999999962747, 3034991.628 ], [ 556657.98499999998603, 3034991.628 ] ] ] } },
{ "type": "Feature", "properties": { "unit_id": "c00150", "method": "watershed", "label": 150, "area_m2": 3.4018750003643796, "height_max_m": 1.4049055576324463, "height_mean_m": 0.93509968156542844, "canopy_cover": 1.0, "volume_m3": 3.1793389173295212, "n_pixels": 1360, "data_coverage": 1.0, "vari_mean": 0.25973928634062055, "exg_mean": 0.32559058487956932, "gli_mean": 0.22205979052040231, "height_max_m_pct": 47.940074906367045, "height_mean_m_pct": 30.711610486891384, "volume_m3_pct": 55.805243445692888, "canopy_cover_pct": 69.850187265917612, "vari_mean_pct": 29.213483146067414, "exg_mean_pct": 37.827715355805239, "gli_mean_pct": 38.951310861423224 }, "geometry": { "type": "Polygon", "coordinates": [ [ [ 556619.084999999962747, 3035024.328000000212342 ], [ 556618.709999999962747, 3035024.703000000212342 ], [ 556618.659999999916181, 3035024.903 ], [ 556618.60999999998603, 3035024.953000000212342 ], [ 556618.659999999916181, 3035025.003 ], [ 556618.709999999962747, 3035025.203000000212342 ], [ 556619.134999999892898, 3035025.678000000305474 ], [ 556619.184999999939464, 3035025.678000000305474 ], [ 556619.334999999962747, 3035025.828000000212342 ], [ 556619.384999999892898, 3035025.828000000212342 ], [ 556619.684999999939464, 3035026.128 ], [ 556619.784999999916181, 3035026.178000000305474 ], [ 556619.884999999892898, 3035026.178000000305474 ], [ 556619.934999999939464, 3035026.228000000119209 ], [ 556620.134999999892898, 3035026.228000000119209 ], [ 556620.184999999939464, 3035026.178000000305474 ], [ 556620.434999999939464, 3035026.178000000305474 ], [ 556620.634999999892898, 3035026.078000000212342 ], [ 556620.85999999998603, 3035025.853000000119209 ], [ 556620.909999999916181, 3035025.753 ], [ 556620.909999999916181, 3035025.503 ], [ 556620.959999999962747, 3035025.453000000212342 ], [ 556620.909999999916181, 3035024.403 ], [ 556619.384999999892898, 3035024.378 ], [ 556619.334999999962747, 3035024.328000000212342 ], [ 556619.084999999962747, 3035024.328000000212342 ] ] ] } },
{ "type": "Feature", "properties": { "unit_id": "c00151", "method": "watershed", "label": 151, "area_m2": 2.4787499999138527, "height_max_m": 1.3868978023529053, "height_mean_m": 0.95696419908339714, "canopy_cover": 1.0, "volume_m3": 2.3828408557229537, "n_pixels": 996, "data_coverage": 1.0, "vari_mean": 0.33265182837557777, "exg_mean": 0.38504666748587157, "gli_mean": 0.26038509632388157, "height_max_m_pct": 44.943820224719097, "height_mean_m_pct": 34.831460674157306, "volume_m3_pct": 41.947565543071164, "canopy_cover_pct": 69.850187265917612, "vari_mean_pct": 78.651685393258433, "exg_mean_pct": 65.917602996254672, "gli_mean_pct": 67.415730337078656 }, "geometry": { "type": "Polygon", "coordinates": [ [ [ 556666.135, 3034976.878 ], [ 556665.785000000032596, 3034977.177999999839813 ], [ 556665.434999999939464, 3034977.378 ], [ 556665.334999999962747, 3034977.478000000119209 ], [ 556665.285000000032596, 3034977.478000000119209 ], [ 556665.160000000032596, 3034977.603000000119209 ], [ 556665.10999999998603, 3034977.802999999839813 ], [ 556665.059999999939464, 3034977.853000000119209 ], [ 556665.059999999939464, 3034977.953000000212342 ], [ 556665.10999999998603, 3034978.003 ], [ 556665.10999999998603, 3034978.103000000119209 ], [ 556665.385, 3034978.378 ], [ 556665.584999999962747, 3034978.478000000119209 ], [ 556665.934999999939464, 3034978.478000000119209 ], [ 556665.98499999998603, 3034978.427999999839813 ], [ 556666.73499999998603, 3034978.427999999839813 ], [ 556667.01, 3034978.253 ], [ 556667.10999999998603, 3034978.052999999839813 ], [ 556667.10999999998603, 3034977.453000000212342 ], [ 556667.01, 3034977.253 ], [ 556666.885, 3034977.128 ], [ 556666.434999999939464, 3034976.878 ], [ 556666.135, 3034976.878 ] ] ] } },
{ "type": "Feature", "properties": { "unit_id": "c00152", "method": "watershed", "label": 152, "area_m2": 1.6356250000285217, "height_max_m": 1.3239566087722778, "height_mean_m": 1.0600324688833549, "canopy_cover": 1.0, "volume_m3": 1.727852924283708, "n_pixels": 652, "data_coverage": 1.0, "vari_mean": 0.32736066887449844, "exg_mean": 0.38957037806265971, "gli_mean": 0.26382114230659803, "height_max_m_pct": 40.823970037453186, "height_mean_m_pct": 53.183520599250933, "volume_m3_pct": 30.337078651685395, "canopy_cover_pct": 69.850187265917612, "vari_mean_pct": 76.779026217228463, "exg_mean_pct": 67.415730337078656, "gli_mean_pct": 67.790262172284642 }, "geometry": { "type": "Polygon", "coordinates": [ [ [ 556650.834999999962747, 3034970.177999999839813 ], [ 556650.784999999916181, 3034970.228000000119209 ], [ 556650.584999999962747, 3034970.278 ], [ 556650.35999999998603, 3034970.453000000212342 ], [ 556650.26, 3034970.653 ], [ 556650.26, 3034970.853000000119209 ], [ 556650.35999999998603, 3034971.052999999839813 ], [ 556650.459999999962747, 3034971.153 ], [ 556650.559999999939464, 3034971.403 ], [ 556650.834999999962747, 3034971.628 ], [ 556651.334999999962747, 3034971.628 ], [ 556651.434999999939464, 3034971.528 ], [ 556651.48499999998603, 3034971.528 ], [ 556651.659999999916181, 3034971.302999999839813 ], [ 556651.709999999962747, 3034971.203000000212342 ], [ 556651.709999999962747, 3034971.052999999839813 ], [ 556651.76, 3034971.003 ], [ 556651.709999999962747, 3034970.903 ], [ 556651.709999999962747, 3034970.753 ], [ 556651.60999999998603, 3034970.552999999839813 ], [ 556651.334999999962747, 3034970.278 ], [ 556651.135, 3034970.177999999839813 ], [ 556650.834999999962747, 3034970.177999999839813 ] ] ] } },
{ "type": "Feature", "properties": { "unit_id": "c00153", "method": "watershed", "label": 153, "area_m2": 1.9262499999222926, "height_max_m": 1.3787397146224976, "height_mean_m": 0.93295262526333411, "canopy_cover": 1.0, "volume_m3": 1.8169252377043803, "n_pixels": 779, "data_coverage": 1.0, "vari_mean": 0.34692817864155784, "exg_mean": 0.41635182848547908, "gli_mean": 0.27816882224807343, "height_max_m_pct": 44.194756554307119, "height_mean_m_pct": 29.962546816479403, "volume_m3_pct": 31.835205992509362, "canopy_cover_pct": 69.850187265917612, "vari_mean_pct": 86.142322097378283, "exg_mean_pct": 79.400749063670418, "gli_mean_pct": 79.400749063670418 }, "geometry": { "type": "Polygon", "coordinates": [ [ [ 556666.084999999962747, 3035007.028 ], [ 556666.035000000032596, 3035007.078000000212342 ], [ 556665.434999999939464, 3035007.078000000212342 ], [ 556665.334999999962747, 3035007.128 ], [ 556665.10999999998603, 3035007.353000000119209 ], [ 556665.059999999939464, 3035007.453000000212342 ], [ 556665.059999999939464, 3035007.603000000119209 ], [ 556665.01, 3035007.653 ], [ 556665.059999999939464, 3035008.052999999839813 ], [ 556665.10999999998603, 3035008.153 ], [ 556665.434999999939464, 3035008.478000000119209 ], [ 556665.635, 3035008.478000000119209 ], [ 556665.834999999962747, 3035008.328000000212342 ], [ 556665.934999999939464, 3035008.328000000212342 ], [ 556665.98499999998603, 3035008.278 ], [ 556666.385, 3035008.278 ], [ 556666.535000000032596, 3035008.177999999839813 ], [ 556666.660000000032596, 3035008.003 ], [ 556666.709999999962747, 3035007.903 ], [ 556666.709999999962747, 3035007.753 ], [ 556666.76, 3035007.703000000212342 ], [ 556666.709999999962747, 3035007.653 ], [ 556666.709999999962747, 3035007.503 ], [ 556666.60999999998603, 3035007.302999999839813 ], [ 556666.459999999962747, 3035007.153 ], [ 556666.459999999962747, 3035007.103000000119209 ], [ 556666.334999999962747, 3035007.028 ], [ 556666.084999999962747, 3035007.028 ] ] ] } },
{ "type": "Feature", "properties": { "unit_id": "c00154", "method": "watershed", "label": 154, "area_m2": 1.8618750003087914, "height_max_m": 1.3244119882583618, "height_mean_m": 1.0172201962394511, "canopy_cover": 1.0, "volume_m3": 1.9022017669720002, "n_pixels": 748, "data_coverage": 1.0, "vari_mean": 0.32983957456225133, "exg_mean": 0.39744965871118143, "gli_mean": 0.26808694688724638, "height_max_m_pct": 41.198501872659179, "height_mean_m_pct": 46.441947565543074, "volume_m3_pct": 32.584269662921351, "canopy_cover_pct": 69.850187265917612, "vari_mean_pct": 77.902621722846447, "exg_mean_pct": 72.284644194756552, "gli_mean_pct": 71.910112359550567 }, "geometry": { "type": "Polygon", "coordinates": [ [ [ 556666.285000000032596, 3034945.177999999839813 ], [ 556666.23499999998603, 3034945.228000000119209 ], [ 556666.135, 3034945.228000000119209 ], [ 556666.035000000032596, 3034945.278 ], [ 556665.76, 3034945.552999999839813 ], [ 556665.76, 3034945.653 ], [ 556665.709999999962747, 3034945.703000000212342 ], [ 556665.709999999962747, 3034946.203000000212342 ], [ 556665.885, 3034946.427999999839813 ], [ 556666.084999999962747, 3034946.478000000119209 ], [ 556666.135, 3034946.528 ], [ 556666.684999999939464, 3034946.578000000212342 ], [ 556666.885, 3034946.478000000119209 ], [ 556666.98499999998603, 3034946.478000000119209 ], [ 556667.26, 3034946.203000000212342 ], [ 556667.35999999998603, 3034946.003 ], [ 556667.35999999998603, 3034945.753 ], [ 556667.26, 3034945.552999999839813 ], [ 556666.98499999998603, 3034945.278 ], [ 556666.785000000032596, 3034945.177999999839813 ], [ 556666.285000000032596, 3034945.177999999839813 ] ] ] } },
{ "type": "Feature", "properties": { "unit_id": "c00155", "method": "watershed", "label": 155, "area_m2": 2.3356250001769512, "height_max_m": 1.3194010257720947, "height_mean_m": 1.0494492850236354, "canopy_cover": 0.9946236559139785, "volume_m3": 2.4399695876853742, "n_pixels": 930, "data_coverage": 1.0, "vari_mean": 0.2965822126060576, "exg_mean": 0.3217397770208974, "gli_mean": 0.21833347329635824, "height_max_m_pct": 40.074906367041194, "height_mean_m_pct": 51.68539325842697, "volume_m3_pct": 43.071161048689142, "canopy_cover_pct": 14.606741573033707, "vari_mean_pct": 55.056179775280903, "exg_mean_pct": 35.205992509363298, "gli_mean_pct": 34.456928838951313 }, "geometry": { "type": "Polygon", "coordinates": [ [ [ 556650.784999999916181, 3034963.278 ], [ 556650.35999999998603, 3034963.753 ], [ 556650.159999999916181, 3034964.153 ], [ 556650.159999999916181, 3034964.253 ], [ 556650.10999999998603, 3034964.302999999839813 ], [ 556650.10999999998603, 3034964.503 ], [ 556650.159999999916181, 3034964.552999999839813 ], [ 556650.159999999916181, 3034964.703000000212342 ], [ 556650.434999999939464, 3034965.028 ], [ 556650.48499999998603, 3034965.028 ], [ 556650.635, 3034965.177999999839813 ], [ 556650.834999999962747, 3034965.278 ], [ 556651.135, 3034965.278 ], [ 556651.26, 3034965.203000000212342 ], [ 556651.60999999998603, 3034964.853000000119209 ], [ 556651.60999999998603, 3034964.802999999839813 ], [ 556651.709999999962747, 3034964.703000000212342 ], [ 556651.76, 3034964.603000000119209 ], [ 556651.76, 3034964.153 ], [ 556651.26, 3034963.552999999839813 ], [ 556651.26, 3034963.353000000119209 ], [ 556651.034999999916181, 3034963.328000000212342 ], [ 556650.98499999998603, 3034963.278 ], [ 556650.784999999916181, 3034963.278 ] ] ] } },
{ "type": "Feature", "properties": { "unit_id": "c00156", "method": "watershed", "label": 156, "area_m2": 1.9812500001295121, "height_max_m": 1.3183592557907104, "height_mean_m": 1.0575645969793164, "canopy_cover": 0.99874686716791983, "volume_m3": 2.1098413709784243, "n_pixels": 798, "data_coverage": 1.0, "vari_mean": 0.32536062829065354, "exg_mean": 0.4437501280374444, "gli_mean": 0.29727870815487784, "height_max_m_pct": 39.700374531835209, "height_mean_m_pct": 52.80898876404494, "volume_m3_pct": 37.453183520599254, "canopy_cover_pct": 31.835205992509362, "vari_mean_pct": 75.655430711610478, "exg_mean_pct": 90.636704119850179, "gli_mean_pct": 90.636704119850179 }, "geometry": { "type": "Polygon", "coordinates": [ [ [ 556651.23499999998603, 3034916.778 ], [ 556651.034999999916181, 3034916.878 ], [ 556650.909999999916181, 3034917.003 ], [ 556650.809999999939464, 3034917.203000000212342 ], [ 556650.809999999939464, 3034917.302999999839813 ], [ 556650.76, 3034917.353000000119209 ], [ 556650.76, 3034917.653 ], [ 556650.809999999939464, 3034917.703000000212342 ], [ 556650.809999999939464, 3034917.802999999839813 ], [ 556650.909999999916181, 3034918.003 ], [ 556651.084999999962747, 3034918.177999999839813 ], [ 556651.434999999939464, 3034918.378 ], [ 556651.684999999939464, 3034918.378 ], [ 556651.885, 3034918.228000000119209 ], [ 556651.934999999939464, 3034918.228000000119209 ], [ 556652.26, 3034917.903 ], [ 556652.35999999998603, 3034917.703000000212342 ], [ 556652.35999999998603, 3034917.403 ], [ 556652.159999999916181, 3034917.052999999839813 ], [ 556652.034999999916181, 3034916.927999999839813 ], [ 556651.73499999998603, 3034916.778 ], [ 556651.23499999998603, 3034916.778 ] ] ] } },
{ "type": "Feature", "properties": { "unit_id": "c00157", "method": "watershed", "label": 157, "area_m2": 1.8456250000093131, "height_max_m": 1.3368372917175293, "height_mean_m": 1.0323471272537237, "canopy_cover": 1.0, "volume_m3": 1.9175847888780526, "n_pixels": 743, "data_coverage": 1.0, "vari_mean": 0.34901208245358811, "exg_mean": 0.45183881399103987, "gli_mean": 0.30197874423456134, "height_max_m_pct": 41.947565543071164, "height_mean_m_pct": 48.68913857677903, "volume_m3_pct": 33.707865168539328, "canopy_cover_pct": 69.850187265917612, "vari_mean_pct": 86.516853932584269, "exg_mean_pct": 91.760299625468164, "gli_mean_pct": 92.509363295880149 }, "geometry": { "type": "Polygon", "coordinates": [ [ [ 556650.48499999998603, 3035031.928000000305474 ], [ 556650.434999999939464, 3035031.978000000119209 ], [ 556650.23499999998603, 3035032.028 ], [ 556649.909999999916181, 3035032.353000000119209 ], [ 556649.85999999998603, 3035032.553000000305474 ], [ 556649.809999999939464, 3035032.603000000119209 ], [ 556649.809999999939464, 3035032.753 ], [ 556649.85999999998603, 3035032.803000000305474 ], [ 556649.909999999916181, 3035033.003 ], [ 556650.184999999939464, 3035033.278 ], [ 556650.23499999998603, 3035033.278 ], [ 556650.385, 3035033.428000000305474 ], [ 556650.434999999939464, 3035033.428000000305474 ], [ 556650.635, 3035033.578000000212342 ], [ 556650.834999999962747, 3035033.578000000212342 ], [ 556650.934999999939464, 3035033.478000000119209 ], [ 556650.98499999998603, 3035033.478000000119209 ], [ 556651.309999999939464, 3035033.153 ], [ 556651.35999999998603, 3035032.953000000212342 ], [ 556651.409999999916181, 3035032.903 ], [ 556651.409999999916181, 3035032.803000000305474 ], [ 556651.35999999998603, 3035032.753 ], [ 556651.35999999998603, 3035032.603000000119209 ], [ 556651.209999999962747, 3035032.303000000305474 ], [ 556650.885, 3035032.028 ], [ 556650.784999999916181, 3035031.978000000119209 ], [ 556650.635, 3035031.978000000119209 ], [ 556650.584999999962747, 3035031.928000000305474 ], [ 556650.48499999998603, 3035031.928000000305474 ] ] ] } },
{ "type": "Feature", "properties": { "unit_id": "c00158", "method": "watershed", "label": 158, "area_m2": 2.665000000090513, "height_max_m": 1.3163487911224365, "height_mean_m": 0.996310396610122, "canopy_cover": 1.0, "volume_m3": 2.6501856549888134, "n_pixels": 1064, "data_coverage": 1.0, "vari_mean": 0.34988899924414479, "exg_mean": 0.43094033736190984, "gli_mean": 0.28661077884329034, "height_max_m_pct": 38.951310861423224, "height_mean_m_pct": 43.445692883895134, "volume_m3_pct": 48.68913857677903, "canopy_cover_pct": 69.850187265917612, "vari_mean_pct": 87.265917602996254, "exg_mean_pct": 86.142322097378283, "gli_mean_pct": 85.767790262172284 }, "geometry": { "type": "Polygon", "coordinates": [ [ [ 556665.535000000032596, 3034998.177999999839813 ], [ 556665.334999999962747, 3034998.328000000212342 ], [ 556665.285000000032596, 3034998.328000000212342 ], [ 556665.10999999998603, 3034998.503 ], [ 556665.059999999939464, 3034998.603000000119209 ], [ 556665.059999999939464, 3034999.003 ], [ 556665.10999999998603, 3034999.052999999839813 ], [ 556665.160000000032596, 3034999.302999999839813 ], [ 556665.26, 3034999.503 ], [ 556665.434999999939464, 3034999.677999999839813 ], [ 556665.73499999998603, 3034999.828000000212342 ], [ 556666.035000000032596, 3034999.878 ], [ 556666.084999999962747, 3034999.927999999839813 ], [ 556666.48499999998603, 3034999.927999999839813 ], [ 556666.809999999939464, 3034999.603000000119209 ], [ 556666.809999999939464, 3034999.552999999839813 ], [ 556666.910000000032596, 3034999.453000000212342 ], [ 556666.959999999962747, 3034999.253 ], [ 556667.01, 3034999.203000000212342 ], [ 556667.01, 3034998.903 ], [ 556666.959999999962747, 3034998.802999999839813 ], [ 556666.584999999962747, 3034998.427999999839813 ], [ 556666.535000000032596, 3034998.427999999839813 ], [ 556666.385, 3034998.278 ], [ 556666.184999999939464, 3034998.177999999839813 ], [ 556665.98499999998603, 3034998.177999999839813 ], [ 556665.934999999939464, 3034998.128 ], [ 556665.535000000032596, 3034998.177999999839813 ] ] ] } },
{ "type": "Feature", "properties": { "unit_id": "c00159", "method": "watershed", "label": 159, "area_m2": 2.5006250000404546, "height_max_m": 1.4502910375595093, "height_mean_m": 1.0513014541688197, "canopy_cover": 0.99401794616151551, "volume_m3": 2.6361383963341729, "n_pixels": 1003, "data_coverage": 1.0, "vari_mean": 0.29328814222277561, "exg_mean": 0.36448526023498384, "gli_mean": 0.2476206491840868, "height_max_m_pct": 50.936329588014985, "height_mean_m_pct": 52.059925093632963, "volume_m3_pct": 47.191011235955052, "canopy_cover_pct": 13.48314606741573, "vari_mean_pct": 53.183520599250933, "exg_mean_pct": 59.176029962546814, "gli_mean_pct": 59.925093632958806 }, "geometry": { "type": "Polygon", "coordinates": [ [ [ 556658.98499999998603, 3034931.927999999839813 ], [ 556658.785000000032596, 3034932.028 ], [ 556658.684999999939464, 3034932.078000000212342 ], [ 556658.48499999998603, 3034932.278 ], [ 556658.434999999939464, 3034932.278 ], [ 556658.160000000032596, 3034932.603000000119209 ], [ 556658.01, 3034932.903 ], [ 556658.059999999939464, 3034933.203000000212342 ], [ 556658.285000000032596, 3034933.427999999839813 ], [ 556658.584999999962747, 3034933.578000000212342 ], [ 556658.684999999939464, 3034933.677999999839813 ], [ 556659.035000000032596, 3034933.878 ], [ 556659.285000000032596, 3034933.778 ], [ 556659.385, 3034933.677999999839813 ], [ 556659.410000000032596, 3034933.603000000119209 ], [ 556659.809999999939464, 3034933.203000000212342 ], [ 556659.809999999939464, 3034933.153 ], [ 556659.959999999962747, 3034932.953000000212342 ], [ 556659.959999999962747, 3034932.753 ], [ 556659.85999999998603, 3034932.552999999839813 ], [ 556659.434999999939464, 3034932.078000000212342 ], [ 556659.135, 3034931.927999999839813 ], [ 556658.98499999998603, 3034931.927999999839813 ] ] ] } },
{ "type": "Feature", "properties": { "unit_id": "c00160", "method": "watershed", "label": 160, "area_m2": 3.1012499998364365, "height_max_m": 1.3893533945083618, "height_mean_m": 0.98905351785531481, "canopy_cover": 1.0, "volume_m3": 3.0784290743315079, "n_pixels": 1245, "data_coverage": 1.0, "vari_mean": 0.2798703636063134, "exg_mean": 0.40531261841642352, "gli_mean": 0.26860338513362964, "height_max_m_pct": 45.31835205992509, "height_mean_m_pct": 41.573033707865171, "volume_m3_pct": 53.932584269662918, "canopy_cover_pct": 69.850187265917612, "vari_mean_pct": 43.820224719101127, "exg_mean_pct": 74.157303370786522, "gli_mean_pct": 72.659176029962552 }, "geometry": { "type": "Polygon", "coordinates": [ [ [ 556666.084999999962747, 3035034.278 ], [ 556665.834999999962747, 3035034.428000000305474 ], [ 556665.23499999998603, 3035034.478000000119209 ], [ 556665.01, 3035034.653 ], [ 556664.910000000032596, 3035034.853000000119209 ], [ 556664.910000000032596, 3035035.553000000305474 ], [ 556664.959999999962747, 3035035.653 ], [ 556665.084999999962747, 3035035.828000000212342 ], [ 556665.135, 3035035.828000000212342 ], [ 556665.434999999939464, 3035036.128 ], [ 556665.73499999998603, 3035036.278 ], [ 556665.98499999998603, 3035036.528 ], [ 556666.410000000032596, 3035036.503 ], [ 556666.410000000032596, 3035036.353000000119209 ], [ 556666.459999999962747, 3035036.303000000305474 ], [ 556666.459999999962747, 3035036.153 ], [ 556666.51, 3035036.103000000119209 ], [ 556666.51, 3035035.953000000212342 ], [ 556666.60999999998603, 3035035.753 ], [ 556666.60999999998603, 3035035.653 ], [ 556666.709999999962747, 3035035.503 ], [ 556666.709999999962747, 3035035.403 ], [ 556666.76, 3035035.353000000119209 ], [ 556666.76, 3035034.803000000305474 ], [ 556666.660000000032596, 3035034.603000000119209 ], [ 556666.385, 3035034.328000000212342 ], [ 556666.285000000032596, 3035034.278 ], [ 556666.084999999962747, 3035034.278 ] ] ] } },
{ "type": "Feature", "properties": { "unit_id": "c00161", "method": "watershed", "label": 161, "area_m2": 2.6006249999036668, "height_max_m": 1.3092917203903198, "height_mean_m": 0.98415915675167853, "canopy_cover": 0.99807877041306436, "volume_m3": 2.5612742054519346, "n_pixels": 1041, "data_coverage": 1.0, "vari_mean": 0.2116287349913917, "exg_mean": 0.26021634020274736, "gli_mean": 0.18125602066397467, "height_max_m_pct": 37.827715355805239, "height_mean_m_pct": 40.449438202247187, "volume_m3_pct": 46.441947565543074, "canopy_cover_pct": 27.340823970037455, "vari_mean_pct": 8.6142322097378283, "exg_mean_pct": 9.7378277153558059, "gli_mean_pct": 10.112359550561797 }, "geometry": { "type": "Polygon", "coordinates": [ [ [ 556634.434999999939464, 3035036.678000000305474 ], [ 556634.26, 3035036.853000000119209 ], [ 556634.159999999916181, 3035037.053000000305474 ], [ 556634.10999999998603, 3035037.303000000305474 ], [ 556634.059999999939464, 3035037.353000000119209 ], [ 556634.01, 3035037.653 ], [ 556633.959999999962747, 3035037.703000000212342 ], [ 556633.959999999962747, 3035038.003 ], [ 556634.059999999939464, 3035038.203000000212342 ], [ 556634.23499999998603, 3035038.378 ], [ 556634.434999999939464, 3035038.478000000119209 ], [ 556634.885, 3035038.478000000119209 ], [ 556634.934999999939464, 3035038.428000000305474 ], [ 556635.034999999916181, 3035038.428000000305474 ], [ 556635.334999999962747, 3035038.278 ], [ 556635.76, 3035037.903 ], [ 556635.809999999939464, 3035037.703000000212342 ], [ 556635.85999999998603, 3035037.653 ], [ 556635.85999999998603, 3035037.503 ], [ 556635.809999999939464, 3035037.453000000212342 ], [ 556635.76, 3035037.153 ], [ 556635.584999999962747, 3035036.878 ], [ 556635.434999999939464, 3035036.828000000212342 ], [ 556635.385, 3035036.878 ], [ 556635.084999999962747, 3035036.878 ], [ 556634.684999999939464, 3035036.678000000305474 ], [ 556634.434999999939464, 3035036.678000000305474 ] ] ] } },
{ "type": "Feature", "properties": { "unit_id": "c00162", "method": "watershed", "label": 162, "area_m2": 2.8312500000145508, "height_max_m": 1.3039379119873047, "height_mean_m": 0.98589426579969408, "canopy_cover": 0.99824407374890256, "volume_m3": 2.8073339218708666, "n_pixels": 1139, "data_coverage": 1.0, "vari_mean": 0.25486598061171056, "exg_mean": 0.30441930703471337, "gli_mean": 0.20904357728912862, "height_max_m_pct": 37.453183520599254, "height_mean_m_pct": 40.823970037453186, "volume_m3_pct": 49.812734082397, "canopy_cover_pct": 28.464419475655429, "vari_mean_pct": 25.0936329588015, "exg_mean_pct": 22.471910112359549, "gli_mean_pct": 23.970037453183522 }, "geometry": { "type": "Polygon", "coordinates": [ [ [ 556627.584999999962747, 3034928.828000000212342 ], [ 556627.51, 3034929.003 ], [ 556627.209999999962747, 3034929.353000000119209 ], [ 556627.159999999916181, 3034929.552999999839813 ], [ 556627.10999999998603, 3034929.603000000119209 ], [ 556627.10999999998603, 3034929.703000000212342 ], [ 556627.059999999939464, 3034929.753 ], [ 556627.059999999939464, 3034929.903 ], [ 556627.01, 3034929.953000000212342 ], [ 556627.01, 3034930.253 ], [ 556627.26, 3034930.603000000119209 ], [ 556627.534999999916181, 3034930.778 ], [ 556627.635, 3034930.778 ], [ 556627.684999999939464, 3034930.828000000212342 ], [ 556627.885, 3034930.828000000212342 ], [ 556627.934999999939464, 3034930.878 ], [ 556628.48499999998603, 3034930.878 ], [ 556628.709999999962747, 3034930.753 ], [ 556628.85999999998603, 3034930.603000000119209 ], [ 556628.85999999998603, 3034930.503 ], [ 556628.909999999916181, 3034930.453000000212342 ], [ 556628.909999999916181, 3034930.302999999839813 ], [ 556628.85999999998603, 3034930.253 ], [ 556628.85999999998603, 3034929.953000000212342 ], [ 556628.809999999939464, 3034929.903 ], [ 556628.809999999939464, 3034929.703000000212342 ], [ 556628.709999999962747, 3034929.503 ], [ 556628.48499999998603, 3034929.278 ], [ 556627.934999999939464, 3034929.028 ], [ 556627.73499999998603, 3034928.828000000212342 ], [ 556627.584999999962747, 3034928.828000000212342 ] ] ] } },
{ "type": "Feature", "properties": { "unit_id": "c00163", "method": "watershed", "label": 163, "area_m2": 1.2018750000777072, "height_max_m": 1.2917344570159912, "height_mean_m": 1.036445860795139, "canopy_cover": 1.0, "volume_m3": 1.2566906062168985, "n_pixels": 485, "data_coverage": 1.0, "vari_mean": 0.31861295591653216, "exg_mean": 0.43917265317598259, "gli_mean": 0.29296859995445751, "height_max_m_pct": 37.078651685393261, "height_mean_m_pct": 49.063670411985015, "volume_m3_pct": 18.352059925093634, "canopy_cover_pct": 69.850187265917612, "vari_mean_pct": 69.662921348314612, "exg_mean_pct": 89.513108614232209, "gli_mean_pct": 88.764044943820224 }, "geometry": { "type": "Polygon", "coordinates": [ [ [ 556666.334999999962747, 3034917.528 ], [ 556666.23499999998603, 3034917.578000000212342 ], [ 556666.01, 3034917.853000000119209 ], [ 556666.01, 3034917.953000000212342 ], [ 556665.959999999962747, 3034918.003 ], [ 556665.959999999962747, 3034918.353000000119209 ], [ 556666.01, 3034918.453000000212342 ], [ 556666.184999999939464, 3034918.628 ], [ 556666.385, 3034918.728000000119209 ], [ 556666.48499999998603, 3034918.728000000119209 ], [ 556666.535000000032596, 3034918.778 ], [ 556666.885, 3034918.728000000119209 ], [ 556667.059999999939464, 3034918.603000000119209 ], [ 556667.160000000032596, 3034918.403 ], [ 556667.160000000032596, 3034918.103000000119209 ], [ 556667.10999999998603, 3034918.052999999839813 ], [ 556667.10999999998603, 3034917.903 ], [ 556666.98499999998603, 3034917.728000000119209 ], [ 556666.73499999998603, 3034917.528 ], [ 556666.334999999962747, 3034917.528 ] ] ] } },
{ "type": "Feature", "properties": { "unit_id": "c00164", "method": "watershed", "label": 164, "area_m2": 1.2450000000081491, "height_max_m": 1.3579477071762085, "height_mean_m": 0.99410169387654379, "canopy_cover": 0.99591836734693873, "volume_m3": 1.2177745750014721, "n_pixels": 490, "data_coverage": 1.0, "vari_mean": 0.30689228776200955, "exg_mean": 0.33627452057465373, "gli_mean": 0.22686777897363242, "height_max_m_pct": 43.820224719101127, "height_mean_m_pct": 43.071161048689142, "volume_m3_pct": 17.602996254681649, "canopy_cover_pct": 17.228464419475657, "vari_mean_pct": 62.921348314606739, "exg_mean_pct": 46.441947565543074, "gli_mean_pct": 45.31835205992509 }, "geometry": { "type": "Polygon", "coordinates": [ [ [ 556651.135, 3034961.728000000119209 ], [ 556651.059999999939464, 3034961.802999999839813 ], [ 556651.059999999939464, 3034961.903 ], [ 556650.959999999962747, 3034962.103000000119209 ], [ 556650.959999999962747, 3034962.203000000212342 ], [ 556650.909999999916181, 3034962.253 ], [ 556650.909999999916181, 3034962.353000000119209 ], [ 556650.85999999998603, 3034962.403 ], [ 556650.85999999998603, 3034962.603000000119209 ], [ 556650.809999999939464, 3034962.653 ], [ 556650.809999999939464, 3034963.203000000212342 ], [ 556650.76, 3034963.253 ], [ 556650.784999999916181, 3034963.278 ], [ 556651.23499999998603, 3034963.328000000212342 ], [ 556651.459999999962747, 3034963.052999999839813 ], [ 556651.534999999916181, 3034963.028 ], [ 556651.76, 3034962.802999999839813 ], [ 556651.809999999939464, 3034962.603000000119209 ], [ 556651.85999999998603, 3034962.552999999839813 ], [ 556651.85999999998603, 3034962.253 ], [ 556651.809999999939464, 3034962.203000000212342 ], [ 556651.76, 3034962.003 ], [ 556651.534999999916181, 3034961.778 ], [ 556651.334999999962747, 3034961.728000000119209 ], [ 556651.284999999916181, 3034961.677999999839813 ], [ 556651.135, 3034961.728000000119209 ] ] ] } },
{ "type": "Feature", "properties": { "unit_id": "c00165", "method": "watershed", "label": 165, "area_m2": 1.3131249999400463, "height_max_m": 1.3419684171676636, "height_mean_m": 0.98758816765887392, "canopy_cover": 0.99428571428571433, "volume_m3": 1.2962094700551523, "n_pixels": 525, "data_coverage": 1.0, "vari_mean": 0.30057661249595358, "exg_mean": 0.39298880180706286, "gli_mean": 0.26603178021599111, "height_max_m_pct": 42.696629213483142, "height_mean_m_pct": 41.198501872659179, "volume_m3_pct": 20.224719101123593, "canopy_cover_pct": 13.857677902621724, "vari_mean_pct": 57.677902621722843, "exg_mean_pct": 68.539325842696627, "gli_mean_pct": 70.411985018726597 }, "geometry": { "type": "Polygon", "coordinates": [ [ [ 556658.084999999962747, 3034995.778 ], [ 556657.959999999962747, 3034995.903 ], [ 556657.959999999962747, 3034995.953000000212342 ], [ 556657.76, 3034996.153 ], [ 556657.559999999939464, 3034996.503 ], [ 556657.559999999939464, 3034996.653 ], [ 556657.709999999962747, 3034996.853000000119209 ], [ 556657.709999999962747, 3034996.903 ], [ 556657.885, 3034997.028 ], [ 556658.084999999962747, 3034997.128 ], [ 556658.184999999939464, 3034997.128 ], [ 556658.23499999998603, 3034997.177999999839813 ], [ 556658.535000000032596, 3034997.128 ], [ 556658.76, 3034996.903 ], [ 556658.809999999939464, 3034996.703000000212342 ], [ 556658.85999999998603, 3034996.653 ], [ 556658.85999999998603, 3034996.403 ], [ 556658.809999999939464, 3034996.353000000119209 ], [ 556658.76, 3034996.153 ], [ 556658.434999999939464, 3034995.828000000212342 ], [ 556658.385, 3034995.828000000212342 ], [ 556658.334999999962747, 3034995.728000000119209 ], [ 556658.084999999962747, 3034995.778 ] ] ] } },
{ "type": "Feature", "properties": { "unit_id": "c00166", "method": "watershed", "label": 166, "area_m2": 6.7999999999679845, "height_max_m": 1.2822620868682861, "height_mean_m": 0.92138825738254715, "canopy_cover": 1.0, "volume_m3": 6.2654401502152428, "n_pixels": 2720, "data_coverage": 1.0, "vari_mean": 0.24684348055755981, "exg_mean": 0.28611115600484432, "gli_mean": 0.1947861084351484, "height_max_m_pct": 34.831460674157306, "height_mean_m_pct": 28.08988764044944, "volume_m3_pct": 77.902621722846447, "canopy_cover_pct": 69.850187265917612, "vari_mean_pct": 19.475655430711612, "exg_mean_pct": 15.355805243445692, "gli_mean_pct": 14.232209737827715 }, "geometry": { "type": "Polygon", "coordinates": [ [ [ 556627.334999999962747, 3034956.177999999839813 ], [ 556627.135, 3034956.278 ], [ 556627.034999999916181, 3034956.278 ], [ 556626.709999999962747, 3034956.453000000212342 ], [ 556626.51, 3034956.703000000212342 ], [ 556626.51, 3034957.052999999839813 ], [ 556626.409999999916181, 3034957.253 ], [ 556626.409999999916181, 3034957.353000000119209 ], [ 556626.35999999998603, 3034957.403 ], [ 556626.35999999998603, 3034957.653 ], [ 556626.51, 3034957.853000000119209 ], [ 556626.51, 3034957.903 ], [ 556626.909999999916181, 3034958.302999999839813 ], [ 556626.909999999916181, 3034958.353000000119209 ], [ 556627.01, 3034958.453000000212342 ], [ 556627.01, 3034958.552999999839813 ], [ 556627.10999999998603, 3034958.703000000212342 ], [ 556627.10999999998603, 3034959.403 ], [ 556627.159999999916181, 3034959.453000000212342 ], [ 556627.209999999962747, 3034959.653 ], [ 556627.709999999962747, 3034960.153 ], [ 556627.709999999962747, 3034960.203000000212342 ], [ 556627.909999999916181, 3034960.453000000212342 ], [ 556627.959999999962747, 3034960.653 ], [ 556628.034999999916181, 3034960.778 ], [ 556628.334999999962747, 3034960.778 ], [ 556628.85999999998603, 3034959.953000000212342 ], [ 556628.85999999998603, 3034959.853000000119209 ], [ 556628.909999999916181, 3034959.802999999839813 ], [ 556628.909999999916181, 3034959.253 ], [ 556628.76, 3034958.953000000212342 ], [ 556628.10999999998603, 3034958.353000000119209 ], [ 556628.059999999939464, 3034958.153 ], [ 556628.10999999998603, 3034958.103000000119209 ], [ 556628.10999999998603, 3034957.953000000212342 ], [ 556628.26, 3034957.703000000212342 ], [ 556628.26, 3034957.603000000119209 ], [ 556628.35999999998603, 3034957.453000000212342 ], [ 556628.409999999916181, 3034957.203000000212342 ], [ 556628.459999999962747, 3034957.153 ], [ 556628.459999999962747, 3034956.753 ], [ 556628.309999999939464, 3034956.552999999839813 ], [ 556628.309999999939464, 3034956.503 ], [ 556628.135, 3034956.328000000212342 ], [ 556627.834999999962747, 3034956.177999999839813 ], [ 556627.334999999962747, 3034956.177999999839813 ] ] ] } },
{ "type": "Feature", "properties": { "unit_id": "c00167", "method": "watershed", "label": 167, "area_m2": 1.457499999893189, "height_max_m": 1.2913477420806885, "height_mean_m": 0.9905235666149067, "canopy_cover": 1.0, "volume_m3": 1.4436880983444345, "n_pixels": 583, "data_coverage": 1.0, "vari_mean": 0.34207682668800254, "exg_mean": 0.42884258276687054, "gli_mean": 0.28707281250162131, "height_max_m_pct": 36.704119850187269, "height_mean_m_pct": 41.947565543071164, "volume_m3_pct": 26.966292134831459, "canopy_cover_pct": 69.850187265917612, "vari_mean_pct": 83.146067415730343, "exg_mean_pct": 85.393258426966284, "gli_mean_pct": 86.142322097378283 }, "geometry": { "type": "Polygon", "coordinates": [ [ [ 556651.385, 3034929.528 ], [ 556651.334999999962747, 3034929.578000000212342 ], [ 556651.135, 3034929.628 ], [ 556650.909999999916181, 3034929.853000000119209 ], [ 556650.76, 3034930.153 ], [ 556650.76, 3034930.603000000119209 ], [ 556650.809999999939464, 3034930.703000000212342 ], [ 556650.98499999998603, 3034930.878 ], [ 556651.284999999916181, 3034931.028 ], [ 556651.48499999998603, 3034931.028 ], [ 556651.684999999939464, 3034930.927999999839813 ], [ 556652.01, 3034930.552999999839813 ], [ 556652.01, 3034930.052999999839813 ], [ 556651.959999999962747, 3034930.003 ], [ 556651.959999999962747, 3034929.903 ], [ 556651.834999999962747, 3034929.728000000119209 ], [ 556651.48499999998603, 3034929.528 ], [ 556651.385, 3034929.528 ] ] ] } },
{ "type": "Feature", "properties": { "unit_id": "c00168", "method": "watershed", "label": 168, "area_m2": 2.1787499999254938, "height_max_m": 1.2868155241012573, "height_mean_m": 0.98397475947444812, "canopy_cover": 1.0, "volume_m3": 2.1376851649629884, "n_pixels": 869, "data_coverage": 1.0, "vari_mean": 0.31072561686090211, "exg_mean": 0.40356446047673183, "gli_mean": 0.2699247189456449, "height_max_m_pct": 35.580524344569284, "height_mean_m_pct": 40.074906367041194, "volume_m3_pct": 38.576779026217231, "canopy_cover_pct": 69.850187265917612, "vari_mean_pct": 64.794007490636702, "exg_mean_pct": 73.033707865168537, "gli_mean_pct": 73.033707865168537 }, "geometry": { "type": "Polygon", "coordinates": [ [ [ 556658.035000000032596, 3034987.578000000212342 ], [ 556657.709999999962747, 3034987.853000000119209 ], [ 556657.60999999998603, 3034988.052999999839813 ], [ 556657.60999999998603, 3034988.403 ], [ 556657.76, 3034988.703000000212342 ], [ 556658.035000000032596, 3034988.927999999839813 ], [ 556658.184999999939464, 3034988.978000000119209 ], [ 556658.434999999939464, 3034989.278 ], [ 556658.785000000032596, 3034989.278 ], [ 556658.85999999998603, 3034989.153 ], [ 556658.85999999998603, 3034989.052999999839813 ], [ 556659.01, 3034988.903 ], [ 556659.01, 3034988.853000000119209 ], [ 556659.410000000032596, 3034988.453000000212342 ], [ 556659.410000000032596, 3034988.203000000212342 ], [ 556659.184999999939464, 3034987.927999999839813 ], [ 556658.834999999962747, 3034987.728000000119209 ], [ 556658.684999999939464, 3034987.578000000212342 ], [ 556658.584999999962747, 3034987.528 ], [ 556658.434999999939464, 3034987.528 ], [ 556658.385, 3034987.478000000119209 ], [ 556658.035000000032596, 3034987.578000000212342 ] ] ] } },
{ "type": "Feature", "properties": { "unit_id": "c00169", "method": "watershed", "label": 169, "area_m2": 1.9068750001685113, "height_max_m": 1.2902528047561646, "height_mean_m": 1.0154745762417843, "canopy_cover": 1.0, "volume_m3": 1.9547885592697782, "n_pixels": 770, "data_coverage": 1.0, "vari_mean": 0.30679756055757418, "exg_mean": 0.36987459281171231, "gli_mean": 0.25101712628733497, "height_max_m_pct": 35.955056179775283, "height_mean_m_pct": 46.067415730337082, "volume_m3_pct": 34.082397003745321, "canopy_cover_pct": 69.850187265917612, "vari_mean_pct": 62.546816479400746, "exg_mean_pct": 61.797752808988761, "gli_mean_pct": 61.797752808988761 }, "geometry": { "type": "Polygon", "coordinates": [ [ [ 556650.73499999998603, 3034997.677999999839813 ], [ 556650.334999999962747, 3034997.878 ], [ 556650.059999999939464, 3034998.153 ], [ 556649.85999999998603, 3034998.503 ], [ 556649.85999999998603, 3034998.753 ], [ 556650.059999999939464, 3034999.003 ], [ 556650.059999999939464, 3034999.052999999839813 ], [ 556650.48499999998603, 3034999.328000000212342 ], [ 556650.834999999962747, 3034999.328000000212342 ], [ 556651.034999999916181, 3034999.177999999839813 ], [ 556651.084999999962747, 3034999.177999999839813 ], [ 556651.309999999939464, 3034998.903 ], [ 556651.35999999998603, 3034998.703000000212342 ], [ 556651.409999999916181, 3034998.653 ], [ 556651.409999999916181, 3034998.302999999839813 ], [ 556651.35999999998603, 3034998.253 ], [ 556651.35999999998603, 3034998.103000000119209 ], [ 556651.26, 3034997.903 ], [ 556650.98499999998603, 3034997.677999999839813 ], [ 556650.73499999998603, 3034997.677999999839813 ] ] ] } },
{ "type": "Feature", "properties": { "unit_id": "c00170", "method": "watershed", "label": 170, "area_m2": 2.0474999998279961, "height_max_m": 1.2791836261749268, "height_mean_m": 1.0051422486354358, "canopy_cover": 0.99753997539975403, "volume_m3": 2.0429516203560625, "n_pixels": 813, "data_coverage": 1.0, "vari_mean": 0.31339766087119231, "exg_mean": 0.36927472912746678, "gli_mean": 0.24884293095611298, "height_max_m_pct": 34.456928838951313, "height_mean_m_pct": 44.569288389513105, "volume_m3_pct": 35.205992509363298, "canopy_cover_pct": 23.220973782771537, "vari_mean_pct": 67.790262172284642, "exg_mean_pct": 61.423220973782769, "gli_mean_pct": 61.423220973782769 }, "geometry": { "type": "Polygon", "coordinates": [ [ [ 556643.434999999939464, 3034937.978000000119209 ], [ 556643.385, 3034938.028 ], [ 556643.284999999916181, 3034938.028 ], [ 556643.084999999962747, 3034938.177999999839813 ], [ 556642.959999999962747, 3034938.353000000119209 ], [ 556642.909999999916181, 3034938.552999999839813 ], [ 556642.85999999998603, 3034938.603000000119209 ], [ 556642.85999999998603, 3034938.853000000119209 ], [ 556642.809999999939464, 3034938.903 ], [ 556642.85999999998603, 3034939.003 ], [ 556642.85999999998603, 3034939.153 ], [ 556642.959999999962747, 3034939.302999999839813 ], [ 556643.135, 3034939.427999999839813 ], [ 556644.135, 3034939.427999999839813 ], [ 556644.334999999962747, 3034939.328000000212342 ], [ 556644.459999999962747, 3034939.203000000212342 ], [ 556644.559999999939464, 3034939.003 ], [ 556644.559999999939464, 3034938.703000000212342 ], [ 556644.409999999916181, 3034938.403 ], [ 556644.184999999939464, 3034938.177999999839813 ], [ 556644.135, 3034938.177999999839813 ], [ 556644.034999999916181, 3034938.078000000212342 ], [ 556643.934999999939464, 3034938.078000000212342 ], [ 556643.885, 3034938.028 ], [ 556643.684999999939464, 3034938.028 ], [ 556643.635, 3034937.978000000119209 ], [ 556643.434999999939464, 3034937.978000000119209 ] ] ] } },
{ "type": "Feature", "properties": { "unit_id": "c00171", "method": "watershed", "label": 171, "area_m2": 2.0750000000713045, "height_max_m": 1.254703164100647, "height_mean_m": 1.0141977994181171, "canopy_cover": 1.0, "volume_m3": 2.1323508732813297, "n_pixels": 841, "data_coverage": 1.0, "vari_mean": 0.36301878496575268, "exg_mean": 0.4087385961979807, "gli_mean": 0.2751566327951358, "height_max_m_pct": 32.209737827715358, "height_mean_m_pct": 45.692883895131089, "volume_m3_pct": 38.202247191011232, "canopy_cover_pct": 69.850187265917612, "vari_mean_pct": 94.756554307116104, "exg_mean_pct": 76.779026217228463, "gli_mean_pct": 77.153558052434462 }, "geometry": { "type": "Polygon", "coordinates": [ [ [ 556658.434999999939464, 3034951.278 ], [ 556658.385, 3034951.328000000212342 ], [ 556658.285000000032596, 3034951.328000000212342 ], [ 556658.01, 3034951.552999999839813 ], [ 556657.910000000032596, 3034951.753 ], [ 556657.910000000032596, 3034952.052999999839813 ], [ 556657.959999999962747, 3034952.103000000119209 ], [ 556658.01, 3034952.403 ], [ 556658.184999999939464, 3034952.628 ], [ 556658.385, 3034952.728000000119209 ], [ 556658.98499999998603, 3034952.728000000119209 ], [ 556659.035000000032596, 3034952.677999999839813 ], [ 556659.135, 3034952.677999999839813 ], [ 556659.434999999939464, 3034952.528 ], [ 556659.660000000032596, 3034952.302999999839813 ], [ 556659.660000000032596, 3034952.203000000212342 ], [ 556659.709999999962747, 3034952.153 ], [ 556659.709999999962747, 3034951.953000000212342 ], [ 556659.660000000032596, 3034951.903 ], [ 556659.660000000032596, 3034951.802999999839813 ], [ 556659.385, 3034951.528 ], [ 556658.885, 3034951.278 ], [ 556658.434999999939464, 3034951.278 ] ] ] } },
{ "type": "Feature", "properties": { "unit_id": "c00172", "method": "watershed", "label": 172, "area_m2": 1.6881249999007559, "height_max_m": 1.3152121305465698, "height_mean_m": 0.8770229417902029, "canopy_cover": 1.0, "volume_m3": 1.4887464436921776, "n_pixels": 679, "data_coverage": 1.0, "vari_mean": 0.28459121834923129, "exg_mean": 0.33784422098486583, "gli_mean": 0.23165063445452946, "height_max_m_pct": 38.576779026217231, "height_mean_m_pct": 20.599250936329589, "volume_m3_pct": 27.340823970037455, "canopy_cover_pct": 69.850187265917612, "vari_mean_pct": 49.063670411985015, "exg_mean_pct": 47.191011235955052, "gli_mean_pct": 47.191011235955052 }, "geometry": { "type": "Polygon", "coordinates": [ [ [ 556650.23499999998603, 3035027.628 ], [ 556650.01, 3035027.803000000305474 ], [ 556650.01, 3035027.903 ], [ 556649.959999999962747, 3035027.953000000212342 ], [ 556649.959999999962747, 3035028.203000000212342 ], [ 556649.809999999939464, 3035028.503 ], [ 556649.809999999939464, 3035028.653 ], [ 556649.76, 3035028.703000000212342 ], [ 556649.809999999939464, 3035028.903 ], [ 556649.98499999998603, 3035029.078000000212342 ], [ 556650.184999999939464, 3035029.128 ], [ 556650.434999999939464, 3035029.278 ], [ 556650.584999999962747, 3035029.278 ], [ 556650.684999999939464, 3035029.228000000119209 ], [ 556651.01, 3035028.903 ], [ 556651.059999999939464, 3035028.703000000212342 ], [ 556651.10999999998603, 3035028.653 ], [ 556651.10999999998603, 3035028.103000000119209 ], [ 556651.059999999939464, 3035028.053000000305474 ], [ 556651.059999999939464, 3035027.953000000212342 ], [ 556650.885, 3035027.778 ], [ 556650.684999999939464, 3035027.678000000305474 ], [ 556650.584999999962747, 3035027.678000000305474 ], [ 556650.534999999916181, 3035027.628 ], [ 556650.23499999998603, 3035027.628 ] ] ] } },
{ "type": "Feature", "properties": { "unit_id": "c00173", "method": "watershed", "label": 173, "area_m2": 3.3174999999772981, "height_max_m": 1.2849351167678833, "height_mean_m": 0.9750300016988166, "canopy_cover": 1.0, "volume_m3": 3.2785383807195556, "n_pixels": 1345, "data_coverage": 1.0, "vari_mean": 0.26103861311052362, "exg_mean": 0.31005372357289307, "gli_mean": 0.21345965559954025, "height_max_m_pct": 35.205992509363298, "height_mean_m_pct": 39.325842696629216, "volume_m3_pct": 56.928838951310858, "canopy_cover_pct": 69.850187265917612, "vari_mean_pct": 29.588014981273407, "exg_mean_pct": 27.340823970037455, "gli_mean_pct": 29.213483146067414 }, "geometry": { "type": "Polygon", "coordinates": [ [ [ 556619.884999999892898, 3034926.578000000212342 ], [ 556619.684999999939464, 3034926.628 ], [ 556619.259999999892898, 3034927.052999999839813 ], [ 556619.209999999962747, 3034927.153 ], [ 556619.209999999962747, 3034927.353000000119209 ], [ 556619.259999999892898, 3034927.453000000212342 ], [ 556619.434999999939464, 3034927.628 ], [ 556619.634999999892898, 3034927.728000000119209 ], [ 556619.834999999962747, 3034927.728000000119209 ], [ 556619.884999999892898, 3034927.778 ], [ 556619.98499999998603, 3034927.778 ], [ 556620.434999999939464, 3034928.278 ], [ 556620.784999999916181, 3034928.478000000119209 ], [ 556621.23499999998603, 3034928.478000000119209 ], [ 556621.284999999916181, 3034928.427999999839813 ], [ 556621.48499999998603, 3034928.378 ], [ 556621.659999999916181, 3034928.203000000212342 ], [ 556621.759999999892898, 3034928.003 ], [ 556621.759999999892898, 3034927.453000000212342 ], [ 556621.709999999962747, 3034927.403 ], [ 556621.709999999962747, 3034927.253 ], [ 556621.659999999916181, 3034927.153 ], [ 556621.434999999939464, 3034926.927999999839813 ], [ 556621.334999999962747, 3034926.927999999839813 ], [ 556621.284999999916181, 3034926.878 ], [ 556621.084999999962747, 3034926.878 ], [ 556621.034999999916181, 3034926.828000000212342 ], [ 556620.884999999892898, 3034926.828000000212342 ], [ 556620.684999999939464, 3034926.728000000119209 ], [ 556620.534999999916181, 3034926.728000000119209 ], [ 556620.334999999962747, 3034926.628 ], [ 556620.23499999998603, 3034926.628 ], [ 556620.184999999939464, 3034926.578000000212342 ], [ 556619.98499999998603, 3034926.578000000212342 ], [ 556619.934999999939464, 3034926.528 ], [ 556619.884999999892898, 3034926.578000000212342 ] ] ] } },
{ "type": "Feature", "properties": { "unit_id": "c00174", "method": "watershed", "label": 174, "area_m2": 3.2043749997389388, "height_max_m": 1.2392722368240356, "height_mean_m": 0.97191410381050014, "canopy_cover": 0.99377916018662515, "volume_m3": 3.1247038437577013, "n_pixels": 1286, "data_coverage": 1.0, "vari_mean": 0.24254469048005761, "exg_mean": 0.24501826747268249, "gli_mean": 0.16995737389496865, "height_max_m_pct": 30.711610486891384, "height_mean_m_pct": 37.827715355805239, "volume_m3_pct": 54.307116104868911, "canopy_cover_pct": 13.108614232209737, "vari_mean_pct": 16.479400749063668, "exg_mean_pct": 5.6179775280898872, "gli_mean_pct": 6.7415730337078648 }, "geometry": { "type": "Polygon", "coordinates": [ [ [ 556635.385, 3034958.978000000119209 ], [ 556634.635, 3034959.328000000212342 ], [ 556634.459999999962747, 3034959.552999999839813 ], [ 556634.459999999962747, 3034959.653 ], [ 556634.409999999916181, 3034959.703000000212342 ], [ 556634.409999999916181, 3034959.953000000212342 ], [ 556634.459999999962747, 3034960.052999999839813 ], [ 556634.684999999939464, 3034960.278 ], [ 556634.885, 3034960.378 ], [ 556634.98499999998603, 3034960.378 ], [ 556635.034999999916181, 3034960.427999999839813 ], [ 556635.284999999916181, 3034960.427999999839813 ], [ 556635.334999999962747, 3034960.478000000119209 ], [ 556635.73499999998603, 3034960.478000000119209 ], [ 556635.784999999916181, 3034960.528 ], [ 556636.084999999962747, 3034960.528 ], [ 556636.135, 3034960.578000000212342 ], [ 556636.184999999939464, 3034960.528 ], [ 556636.385, 3034960.528 ], [ 556636.584999999962747, 3034960.427999999839813 ], [ 556636.909999999916181, 3034960.103000000119209 ], [ 556637.01, 3034959.903 ], [ 556637.01, 3034959.653 ], [ 556636.959999999962747, 3034959.603000000119209 ], [ 556636.959999999962747, 3034959.503 ], [ 556636.635, 3034959.177999999839813 ], [ 556636.434999999939464, 3034959.128 ], [ 556636.385, 3034959.078000000212342 ], [ 556636.284999999916181, 3034959.078000000212342 ], [ 556636.23499999998603, 3034959.028 ], [ 556636.084999999962747, 3034959.028 ], [ 556636.034999999916181, 3034958.978000000119209 ], [ 556635.385, 3034958.978000000119209 ] ] ] } },
{ "type": "Feature", "properties": { "unit_id": "c00175", "method": "watershed", "label": 175, "area_m2": 1.3625000001775336, "height_max_m": 1.3169722557067871, "height_mean_m": 0.96496111776116555, "canopy_cover": 0.99453551912568305, "volume_m3": 1.3244091341301425, "n_pixels": 549, "data_coverage": 1.0, "vari_mean": 0.29135143052873796, "exg_mean": 0.38053104541456867, "gli_mean": 0.25845672321776242, "height_max_m_pct": 39.325842696629216, "height_mean_m_pct": 35.955056179775283, "volume_m3_pct": 22.09737827715356, "canopy_cover_pct": 14.232209737827715, "vari_mean_pct": 52.059925093632963, "exg_mean_pct": 64.419475655430716, "gli_mean_pct": 67.041198501872657 }, "geometry": { "type": "Polygon", "coordinates": [ [ [ 556651.48499999998603, 3034925.427999999839813 ], [ 556651.284999999916181, 3034925.528 ], [ 556651.209999999962747, 3034925.603000000119209 ], [ 556651.209999999962747, 3034925.653 ], [ 556650.959999999962747, 3034925.903 ], [ 556650.85999999998603, 3034926.103000000119209 ], [ 556650.85999999998603, 3034926.353000000119209 ], [ 556650.909999999916181, 3034926.453000000212342 ], [ 556651.135, 3034926.677999999839813 ], [ 556651.23499999998603, 3034926.728000000119209 ], [ 556651.434999999939464, 3034926.728000000119209 ], [ 556651.48499999998603, 3034926.778 ], [ 556651.584999999962747, 3034926.728000000119209 ], [ 556651.73499999998603, 3034926.728000000119209 ], [ 556651.909999999916181, 3034926.603000000119209 ], [ 556652.059999999939464, 3034926.403 ], [ 556652.159999999916181, 3034926.203000000212342 ], [ 556652.209999999962747, 3034925.853000000119209 ], [ 556652.159999999916181, 3034925.802999999839813 ], [ 556652.10999999998603, 3034925.603000000119209 ], [ 556651.885, 3034925.427999999839813 ], [ 556651.48499999998603, 3034925.427999999839813 ] ] ] } },
{ "type": "Feature", "properties": { "unit_id": "c00176", "method": "watershed", "label": 176, "area_m2": 2.84000000010652, "height_max_m": 1.2908099889755249, "height_mean_m": 0.89698825066310195, "canopy_cover": 1.0, "volume_m3": 2.5452041612622072, "n_pixels": 1135, "data_coverage": 1.0, "vari_mean": 0.24009897366110172, "exg_mean": 0.28945021781772418, "gli_mean": 0.20012085690346754, "height_max_m_pct": 36.329588014981276, "height_mean_m_pct": 23.970037453183522, "volume_m3_pct": 45.692883895131089, "canopy_cover_pct": 69.850187265917612, "vari_mean_pct": 16.104868913857679, "exg_mean_pct": 16.479400749063668, "gli_mean_pct": 17.228464419475657 }, "geometry": { "type": "Polygon", "coordinates": [ [ [ 556627.584999999962747, 3035026.728000000119209 ], [ 556627.534999999916181, 3035026.778 ], [ 556627.434999999939464, 3035026.778 ], [ 556627.23499999998603, 3035026.878 ], [ 556627.01, 3035027.103000000119209 ], [ 556627.01, 3035027.203000000212342 ], [ 556626.959999999962747, 3035027.253 ], [ 556626.959999999962747, 3035027.703000000212342 ], [ 556627.034999999916181, 3035027.828000000212342 ], [ 556627.385, 3035027.928000000305474 ], [ 556627.60999999998603, 3035028.153 ], [ 556627.709999999962747, 3035028.353000000119209 ], [ 556627.709999999962747, 3035028.453000000212342 ], [ 556627.934999999939464, 3035028.728000000119209 ], [ 556628.135, 3035028.828000000212342 ], [ 556628.334999999962747, 3035028.828000000212342 ], [ 556628.459999999962747, 3035028.753 ], [ 556628.559999999939464, 3035028.553000000305474 ], [ 556628.60999999998603, 3035028.253 ], [ 556628.659999999916181, 3035028.203000000212342 ], [ 556628.659999999916181, 3035028.003 ], [ 556628.709999999962747, 3035027.953000000212342 ], [ 556628.76, 3035027.753 ], [ 556628.909999999916181, 3035027.553000000305474 ], [ 556628.959999999962747, 3035027.303000000305474 ], [ 556628.85999999998603, 3035027.103000000119209 ], [ 556628.584999999962747, 3035026.878 ], [ 556628.284999999916181, 3035026.728000000119209 ], [ 556628.135, 3035026.728000000119209 ], [ 556628.084999999962747, 3035026.678000000305474 ], [ 556627.584999999962747, 3035026.728000000119209 ] ] ] } },
{ "type": "Feature", "properties": { "unit_id": "c00177", "method": "watershed", "label": 177, "area_m2": 1.2568749999837021, "height_max_m": 1.3232998847961426, "height_mean_m": 1.0040180873223234, "canopy_cover": 1.0, "volume_m3": 1.2474924735007586, "n_pixels": 497, "data_coverage": 1.0, "vari_mean": 0.29444940160425648, "exg_mean": 0.36206358150174417, "gli_mean": 0.24322160268356241, "height_max_m_pct": 40.449438202247187, "height_mean_m_pct": 44.194756554307119, "volume_m3_pct": 17.977528089887642, "canopy_cover_pct": 69.850187265917612, "vari_mean_pct": 53.558052434456926, "exg_mean_pct": 58.052434456928836, "gli_mean_pct": 55.056179775280903 }, "geometry": { "type": "Polygon", "coordinates": [ [ [ 556666.084999999962747, 3034961.878 ], [ 556665.809999999939464, 3034962.103000000119209 ], [ 556665.809999999939464, 3034962.753 ], [ 556665.85999999998603, 3034962.853000000119209 ], [ 556666.135, 3034963.078000000212342 ], [ 556666.23499999998603, 3034963.078000000212342 ], [ 556666.285000000032596, 3034963.128 ], [ 556666.73499999998603, 3034963.128 ], [ 556667.01, 3034962.903 ], [ 556667.059999999939464, 3034962.802999999839813 ], [ 556667.059999999939464, 3034962.603000000119209 ], [ 556666.85999999998603, 3034962.203000000212342 ], [ 556666.635, 3034961.978000000119209 ], [ 556666.434999999939464, 3034961.878 ], [ 556666.084999999962747, 3034961.878 ] ] ] } },
{ "type": "Feature", "properties": { "unit_id": "c00178", "method": "watershed", "label": 178, "area_m2": 2.7156249999869031, "height_max_m": 1.2500197887420654, "height_mean_m": 0.92966942202746039, "canopy_cover": 1.0, "volume_m3": 2.5031349188144989, "n_pixels": 1077, "data_coverage": 1.0, "vari_mean": 0.28038762953178858, "exg_mean": 0.35021097893024411, "gli_mean": 0.23532846691765721, "height_max_m_pct": 31.835205992509362, "height_mean_m_pct": 29.588014981273407, "volume_m3_pct": 45.31835205992509, "canopy_cover_pct": 69.850187265917612, "vari_mean_pct": 44.569288389513105, "exg_mean_pct": 51.310861423220977, "gli_mean_pct": 49.812734082397 }, "geometry": { "type": "Polygon", "coordinates": [ [ [ 556665.459999999962747, 3035012.853000000119209 ], [ 556665.51, 3035012.903 ], [ 556665.51, 3035013.253 ], [ 556665.410000000032596, 3035013.403 ], [ 556665.410000000032596, 3035013.503 ], [ 556665.160000000032596, 3035014.003 ], [ 556665.160000000032596, 3035014.403 ], [ 556665.385, 3035014.628 ], [ 556665.584999999962747, 3035014.728000000119209 ], [ 556665.684999999939464, 3035014.728000000119209 ], [ 556665.885, 3035014.878 ], [ 556665.934999999939464, 3035014.878 ], [ 556666.084999999962747, 3035015.078000000212342 ], [ 556666.23499999998603, 3035015.078000000212342 ], [ 556666.285000000032596, 3035015.028 ], [ 556666.459999999962747, 3035015.003 ], [ 556666.459999999962747, 3035014.802999999839813 ], [ 556666.51, 3035014.703000000212342 ], [ 556666.709999999962747, 3035014.453000000212342 ], [ 556666.910000000032596, 3035014.103000000119209 ], [ 556666.910000000032596, 3035013.753 ], [ 556666.85999999998603, 3035013.653 ], [ 556666.459999999962747, 3035013.253 ], [ 556666.410000000032596, 3035013.052999999839813 ], [ 556666.35999999998603, 3035013.003 ], [ 556666.334999999962747, 3035012.828000000212342 ], [ 556665.459999999962747, 3035012.853000000119209 ] ] ] } },
{ "type": "Feature", "properties": { "unit_id": "c00179", "method": "watershed", "label": 179, "area_m2": 2.0631249999880676, "height_max_m": 1.2676712274551392, "height_mean_m": 0.99150061999212846, "canopy_cover": 1.0, "volume_m3": 2.0548850349382524, "n_pixels": 829, "data_coverage": 1.0, "vari_mean": 0.3121780315070764, "exg_mean": 0.39540777517206516, "gli_mean": 0.26396329034711613, "height_max_m_pct": 33.333333333333329, "height_mean_m_pct": 42.322097378277149, "volume_m3_pct": 35.955056179775283, "canopy_cover_pct": 69.850187265917612, "vari_mean_pct": 66.666666666666657, "exg_mean_pct": 70.037453183520597, "gli_mean_pct": 68.539325842696627 }, "geometry": { "type": "Polygon", "coordinates": [ [ [ 556665.535000000032596, 3035021.678000000305474 ], [ 556665.434999999939464, 3035021.728000000119209 ], [ 556665.26, 3035021.903 ], [ 556665.26, 3035022.003 ], [ 556665.209999999962747, 3035022.053000000305474 ], [ 556665.209999999962747, 3035022.553000000305474 ], [ 556665.26, 3035022.603000000119209 ], [ 556665.309999999939464, 3035022.803000000305474 ], [ 556665.48499999998603, 3035022.978000000119209 ], [ 556665.785000000032596, 3035023.128 ], [ 556665.885, 3035023.128 ], [ 556666.23499999998603, 3035023.328000000212342 ], [ 556666.434999999939464, 3035023.328000000212342 ], [ 556666.535000000032596, 3035023.278 ], [ 556666.76, 3035023.053000000305474 ], [ 556666.809999999939464, 3035022.953000000212342 ], [ 556666.809999999939464, 3035022.753 ], [ 556666.85999999998603, 3035022.703000000212342 ], [ 556666.809999999939464, 3035022.653 ], [ 556666.809999999939464, 3035022.453000000212342 ], [ 556666.660000000032596, 3035022.153 ], [ 556666.334999999962747, 3035021.778 ], [ 556666.135, 3035021.678000000305474 ], [ 556665.535000000032596, 3035021.678000000305474 ] ] ] } },
{ "type": "Feature", "properties": { "unit_id": "c00180", "method": "watershed", "label": 180, "area_m2": 1.4068749999502321, "height_max_m": 1.2425773143768311, "height_mean_m": 0.99178050779982618, "canopy_cover": 1.0, "volume_m3": 1.4132872236178926, "n_pixels": 570, "data_coverage": 1.0, "vari_mean": 0.37238280173105071, "exg_mean": 0.4551790479858418, "gli_mean": 0.30286093483515597, "height_max_m_pct": 31.460674157303369, "height_mean_m_pct": 42.696629213483142, "volume_m3_pct": 25.842696629213485, "canopy_cover_pct": 69.850187265917612, "vari_mean_pct": 97.378277153558059, "exg_mean_pct": 92.883895131086149, "gli_mean_pct": 93.63295880149812 }, "geometry": { "type": "Polygon", "coordinates": [ [ [ 556651.334999999962747, 3034942.528 ], [ 556651.284999999916181, 3034942.578000000212342 ], [ 556651.184999999939464, 3034942.578000000212342 ], [ 556650.98499999998603, 3034942.677999999839813 ], [ 556650.809999999939464, 3034942.853000000119209 ], [ 556650.76, 3034943.052999999839813 ], [ 556650.709999999962747, 3034943.103000000119209 ], [ 556650.709999999962747, 3034943.403 ], [ 556650.934999999939464, 3034943.628 ], [ 556651.084999999962747, 3034943.628 ], [ 556651.135, 3034943.677999999839813 ], [ 556651.385, 3034943.677999999839813 ], [ 556651.434999999939464, 3034943.728000000119209 ], [ 556651.73499999998603, 3034943.728000000119209 ], [ 556652.01, 3034943.552999999839813 ], [ 556652.159999999916181, 3034943.253 ], [ 556652.159999999916181, 3034942.953000000212342 ], [ 556652.059999999939464, 3034942.753 ], [ 556651.784999999916181, 3034942.528 ], [ 556651.334999999962747, 3034942.528 ] ] ] } },
{ "type": "Feature", "properties": { "unit_id": "c00181", "method": "watershed", "label": 181, "area_m2": 1.3456249999671126, "height_max_m": 1.2572711706161499, "height_mean_m": 0.97245866614911292, "canopy_cover": 1.0, "volume_m3": 1.3128191993042195, "n_pixels": 540, "data_coverage": 1.0, "vari_mean": 0.35706421786913989, "exg_mean": 0.40418166544621364, "gli_mean": 0.27212190604941894, "height_max_m_pct": 32.584269662921351, "height_mean_m_pct": 38.202247191011232, "volume_m3_pct": 21.348314606741571, "canopy_cover_pct": 69.850187265917612, "vari_mean_pct": 91.385767790262179, "exg_mean_pct": 73.408239700374537, "gli_mean_pct": 74.531835205992508 }, "geometry": { "type": "Polygon", "coordinates": [ [ [ 556650.385, 3035015.028 ], [ 556650.284999999916181, 3035015.078000000212342 ], [ 556649.959999999962747, 3035015.353000000119209 ], [ 556649.85999999998603, 3035015.552999999839813 ], [ 556649.909999999916181, 3035015.753 ], [ 556650.059999999939464, 3035015.953000000212342 ], [ 556650.059999999939464, 3035016.003 ], [ 556650.284999999916181, 3035016.228000000119209 ], [ 556650.385, 3035016.278 ], [ 556650.684999999939464, 3035016.278 ], [ 556650.885, 3035016.177999999839813 ], [ 556651.159999999916181, 3035015.903 ], [ 556651.26, 3035015.703000000212342 ], [ 556651.309999999939464, 3035015.453000000212342 ], [ 556651.26, 3035015.403 ], [ 556651.26, 3035015.302999999839813 ], [ 556651.084999999962747, 3035015.128 ], [ 556650.885, 3035015.078000000212342 ], [ 556650.834999999962747, 3035015.028 ], [ 556650.385, 3035015.028 ] ] ] } },
{ "type": "Feature", "properties": { "unit_id": "c00182", "method": "watershed", "label": 182, "area_m2": 5.2368749999318958, "height_max_m": 1.2148725986480713, "height_mean_m": 0.94362586732413478, "canopy_cover": 1.0, "volume_m3": 4.9445995447894528, "n_pixels": 2096, "data_coverage": 1.0, "vari_mean": 0.27604941500520574, "exg_mean": 0.33354800783580751, "gli_mean": 0.22800333341365747, "height_max_m_pct": 28.08988764044944, "height_mean_m_pct": 32.958801498127336, "volume_m3_pct": 68.913857677902627, "canopy_cover_pct": 69.850187265917612, "vari_mean_pct": 41.573033707865171, "exg_mean_pct": 44.569288389513105, "gli_mean_pct": 45.692883895131089 }, "geometry": { "type": "Polygon", "coordinates": [ [ [ 556635.434999999939464, 3035002.878 ], [ 556635.23499999998603, 3035002.978000000119209 ], [ 556635.135, 3035003.078000000212342 ], [ 556635.084999999962747, 3035003.078000000212342 ], [ 556634.659999999916181, 3035003.503 ], [ 556634.60999999998603, 3035003.703000000212342 ], [ 556634.559999999939464, 3035003.753 ], [ 556634.559999999939464, 3035004.052999999839813 ], [ 556634.60999999998603, 3035004.103000000119209 ], [ 556634.60999999998603, 3035004.302999999839813 ], [ 556634.659999999916181, 3035004.353000000119209 ], [ 556634.659999999916181, 3035004.603000000119209 ], [ 556634.459999999962747, 3035004.903 ], [ 556634.459999999962747, 3035005.052999999839813 ], [ 556634.409999999916181, 3035005.103000000119209 ], [ 556634.409999999916181, 3035005.353000000119209 ], [ 556634.35999999998603, 3035005.403 ], [ 556634.35999999998603, 3035005.853000000119209 ], [ 556634.434999999939464, 3035005.978000000119209 ], [ 556634.48499999998603, 3035005.978000000119209 ], [ 556634.684999999939464, 3035006.128 ], [ 556634.784999999916181, 3035006.128 ], [ 556634.934999999939464, 3035006.228000000119209 ], [ 556635.034999999916181, 3035006.228000000119209 ], [ 556635.184999999939464, 3035006.328000000212342 ], [ 556635.434999999939464, 3035006.378 ], [ 556635.48499999998603, 3035006.427999999839813 ], [ 556635.98499999998603, 3035006.427999999839813 ], [ 556636.209999999962747, 3035006.203000000212342 ], [ 556636.26, 3035006.103000000119209 ], [ 556636.26, 3035005.903 ], [ 556636.209999999962747, 3035005.853000000119209 ], [ 556636.209999999962747, 3035005.753 ], [ 556636.01, 3035005.353000000119209 ], [ 556636.01, 3035004.653 ], [ 556636.059999999939464, 3035004.603000000119209 ], [ 556636.059999999939464, 3035004.403 ], [ 556636.10999999998603, 3035004.353000000119209 ], [ 556636.10999999998603, 3035004.103000000119209 ], [ 556636.159999999916181, 3035004.052999999839813 ], [ 556636.159999999916181, 3035003.802999999839813 ], [ 556636.209999999962747, 3035003.753 ], [ 556636.209999999962747, 3035003.603000000119209 ], [ 556636.26, 3035003.552999999839813 ], [ 556636.26, 3035003.353000000119209 ], [ 556636.209999999962747, 3035003.302999999839813 ], [ 556636.159999999916181, 3035003.103000000119209 ], [ 556635.934999999939464, 3035002.878 ], [ 556635.834999999962747, 3035002.878 ], [ 556635.784999999916181, 3035002.828000000212342 ], [ 556635.434999999939464, 3035002.878 ] ] ] } },
{ "type": "Feature", "properties": { "unit_id": "c00183", "method": "watershed", "label": 183, "area_m2": 2.6200000000707222, "height_max_m": 1.2327088117599487, "height_mean_m": 0.89048899403640203, "canopy_cover": 1.0, "volume_m3": 2.3375336093507495, "n_pixels": 1050, "data_coverage": 1.0, "vari_mean": 0.32517771380143673, "exg_mean": 0.38192259380387, "gli_mean": 0.25578557193458767, "height_max_m_pct": 30.337078651685395, "height_mean_m_pct": 22.846441947565545, "volume_m3_pct": 41.573033707865171, "canopy_cover_pct": 69.850187265917612, "vari_mean_pct": 75.280898876404493, "exg_mean_pct": 65.168539325842701, "gli_mean_pct": 64.044943820224717 }, "geometry": { "type": "Polygon", "coordinates": [ [ [ 556643.584999999962747, 3034948.528 ], [ 556643.48499999998603, 3034948.578000000212342 ], [ 556643.159999999916181, 3034948.903 ], [ 556642.959999999962747, 3034949.253 ], [ 556642.51, 3034949.653 ], [ 556642.459999999962747, 3034949.802999999839813 ], [ 556642.559999999939464, 3034950.003 ], [ 556642.76, 3034950.203000000212342 ], [ 556642.885, 3034950.478000000119209 ], [ 556643.534999999916181, 3034950.478000000119209 ], [ 556643.559999999939464, 3034950.403 ], [ 556643.784999999916181, 3034950.177999999839813 ], [ 556644.184999999939464, 3034950.028 ], [ 556644.35999999998603, 3034949.853000000119209 ], [ 556644.459999999962747, 3034949.653 ], [ 556644.459999999962747, 3034949.103000000119209 ], [ 556644.409999999916181, 3034949.052999999839813 ], [ 556644.35999999998603, 3034948.853000000119209 ], [ 556644.184999999939464, 3034948.677999999839813 ], [ 556644.135, 3034948.677999999839813 ], [ 556643.934999999939464, 3034948.528 ], [ 556643.584999999962747, 3034948.528 ] ] ] } },
{ "type": "Feature", "properties": { "unit_id": "c00184", "method": "watershed", "label": 184, "area_m2": 2.751249999957218, "height_max_m": 1.2320996522903442, "height_mean_m": 0.76127284748928392, "canopy_cover": 1.0, "volume_m3": 2.0858876021252728, "n_pixels": 1096, "data_coverage": 1.0, "vari_mean": 0.34168761039962353, "exg_mean": 0.36068867786441461, "gli_mean": 0.24548092852573297, "height_max_m_pct": 29.962546816479403, "height_mean_m_pct": 10.486891385767791, "volume_m3_pct": 36.704119850187269, "canopy_cover_pct": 69.850187265917612, "vari_mean_pct": 82.771535580524343, "exg_mean_pct": 56.928838951310858, "gli_mean_pct": 57.303370786516851 }, "geometry": { "type": "Polygon", "coordinates": [ [ [ 556611.98499999998603, 3034978.078000000212342 ], [ 556611.85999999998603, 3034978.203000000212342 ], [ 556611.85999999998603, 3034978.302999999839813 ], [ 556611.759999999892898, 3034978.453000000212342 ], [ 556611.759999999892898, 3034978.653 ], [ 556611.709999999962747, 3034978.753 ], [ 556611.759999999892898, 3034978.802999999839813 ], [ 556611.759999999892898, 3034979.453000000212342 ], [ 556611.809999999939464, 3034979.503 ], [ 556611.809999999939464, 3034979.603000000119209 ], [ 556611.909999999916181, 3034979.802999999839813 ], [ 556612.134999999892898, 3034980.028 ], [ 556612.384999999892898, 3034980.028 ], [ 556612.884999999892898, 3034979.778 ], [ 556613.134999999892898, 3034979.728000000119209 ], [ 556613.434999999939464, 3034979.578000000212342 ], [ 556613.659999999916181, 3034979.353000000119209 ], [ 556613.759999999892898, 3034979.153 ], [ 556613.759999999892898, 3034978.853000000119209 ], [ 556613.584999999962747, 3034978.677999999839813 ], [ 556613.084999999962747, 3034978.427999999839813 ], [ 556612.934999999939464, 3034978.427999999839813 ], [ 556612.884999999892898, 3034978.378 ], [ 556612.684999999939464, 3034978.378 ], [ 556612.634999999892898, 3034978.328000000212342 ], [ 556612.534999999916181, 3034978.328000000212342 ], [ 556612.084999999962747, 3034978.078000000212342 ], [ 556611.98499999998603, 3034978.078000000212342 ] ] ] } },
{ "type": "Feature", "properties": { "unit_id": "c00185", "method": "watershed", "label": 185, "area_m2": 1.7218750000218277, "height_max_m": 1.2399057149887085, "height_mean_m": 0.87273867594350441, "canopy_cover": 1.0, "volume_m3": 1.5076560626957538, "n_pixels": 691, "data_coverage": 1.0, "vari_mean": 0.25007922612584571, "exg_mean": 0.25994548766956366, "gli_mean": 0.17866640923645197, "height_max_m_pct": 31.086142322097377, "height_mean_m_pct": 19.850187265917604, "volume_m3_pct": 27.715355805243448, "canopy_cover_pct": 69.850187265917612, "vari_mean_pct": 22.09737827715356, "exg_mean_pct": 9.3632958801498134, "gli_mean_pct": 9.3632958801498134 }, "geometry": { "type": "Polygon", "coordinates": [ [ [ 556628.034999999916181, 3034960.778 ], [ 556627.959999999962747, 3034960.853000000119209 ], [ 556627.909999999916181, 3034961.003 ], [ 556627.559999999939464, 3034961.353000000119209 ], [ 556627.559999999939464, 3034961.403 ], [ 556627.35999999998603, 3034961.653 ], [ 556627.35999999998603, 3034961.802999999839813 ], [ 556627.559999999939464, 3034962.203000000212342 ], [ 556627.834999999962747, 3034962.427999999839813 ], [ 556628.23499999998603, 3034962.478000000119209 ], [ 556628.284999999916181, 3034962.427999999839813 ], [ 556628.385, 3034962.427999999839813 ], [ 556628.659999999916181, 3034962.203000000212342 ], [ 556628.809999999939464, 3034962.003 ], [ 556628.809999999939464, 3034961.853000000119209 ], [ 556628.85999999998603, 3034961.753 ], [ 556628.809999999939464, 3034961.703000000212342 ], [ 556628.809999999939464, 3034961.552999999839813 ], [ 556628.60999999998603, 3034961.203000000212342 ], [ 556628.459999999962747, 3034961.052999999839813 ], [ 556628.334999999962747, 3034960.778 ], [ 556628.034999999916181, 3034960.778 ] ] ] } },
{ "type": "Feature", "properties": { "unit_id": "c00186", "method": "watershed", "label": 186, "area_m2": 1.0743750000686851, "height_max_m": 1.2145410776138306, "height_mean_m": 1.0459747503477115, "canopy_cover": 1.0, "volume_m3": 1.1296527303780384, "n_pixels": 432, "data_coverage": 1.0, "vari_mean": 0.3538581037301104, "exg_mean": 0.49559442413581828, "gli_mean": 0.32887582907819429, "height_max_m_pct": 27.715355805243448, "height_mean_m_pct": 50.936329588014985, "volume_m3_pct": 16.104868913857679, "canopy_cover_pct": 69.850187265917612, "vari_mean_pct": 90.262172284644194, "exg_mean_pct": 97.752808988764045, "gli_mean_pct": 98.12734082397003 }, "geometry": { "type": "Polygon", "coordinates": [ [ [ 556658.135, 3034985.528 ], [ 556657.934999999939464, 3034985.628 ], [ 556657.809999999939464, 3034985.753 ], [ 556657.709999999962747, 3034985.953000000212342 ], [ 556657.709999999962747, 3034986.253 ], [ 556657.76, 3034986.353000000119209 ], [ 556658.084999999962747, 3034986.628 ], [ 556658.23499999998603, 3034986.628 ], [ 556658.285000000032596, 3034986.677999999839813 ], [ 556658.684999999939464, 3034986.578000000212342 ], [ 556658.85999999998603, 3034986.453000000212342 ], [ 556658.910000000032596, 3034986.353000000119209 ], [ 556658.910000000032596, 3034986.003 ], [ 556658.85999999998603, 3034985.903 ], [ 556658.73499999998603, 3034985.728000000119209 ], [ 556658.684999999939464, 3034985.728000000119209 ], [ 556658.535000000032596, 3034985.578000000212342 ], [ 556658.434999999939464, 3034985.578000000212342 ], [ 556658.385, 3034985.528 ], [ 556658.135, 3034985.528 ] ] ] } },
{ "type": "Feature", "properties": { "unit_id": "c00187", "method": "watershed", "label": 187, "area_m2": 1.9025000000817816, "height_max_m": 1.2179741859436035, "height_mean_m": 0.93694617124943946, "canopy_cover": 1.0, "volume_m3": 1.7919095525185347, "n_pixels": 765, "data_coverage": 1.0, "vari_mean": 0.36339203507683693, "exg_mean": 0.47579096628683604, "gli_mean": 0.31459304516269687, "height_max_m_pct": 28.838951310861422, "height_mean_m_pct": 31.835205992509362, "volume_m3_pct": 31.460674157303369, "canopy_cover_pct": 69.850187265917612, "vari_mean_pct": 95.13108614232209, "exg_mean_pct": 96.629213483146074, "gli_mean_pct": 96.629213483146074 }, "geometry": { "type": "Polygon", "coordinates": [ [ [ 556650.135, 3035044.878 ], [ 556650.084999999962747, 3035044.928000000305474 ], [ 556649.98499999998603, 3035044.928000000305474 ], [ 556649.784999999916181, 3035045.028 ], [ 556649.559999999939464, 3035045.253 ], [ 556649.51, 3035045.353000000119209 ], [ 556649.51, 3035045.703000000212342 ], [ 556649.559999999939464, 3035045.753 ], [ 556649.559999999939464, 3035045.853000000119209 ], [ 556649.659999999916181, 3035046.053000000305474 ], [ 556649.98499999998603, 3035046.378 ], [ 556650.184999999939464, 3035046.428000000305474 ], [ 556650.23499999998603, 3035046.478000000119209 ], [ 556650.48499999998603, 3035046.428000000305474 ], [ 556650.784999999916181, 3035046.278 ], [ 556651.01, 3035046.003 ], [ 556651.01, 3035045.903 ], [ 556651.059999999939464, 3035045.853000000119209 ], [ 556651.059999999939464, 3035045.453000000212342 ], [ 556651.01, 3035045.353000000119209 ], [ 556650.684999999939464, 3035044.978000000119209 ], [ 556650.48499999998603, 3035044.878 ], [ 556650.135, 3035044.878 ] ] ] } },
{ "type": "Feature", "properties": { "unit_id": "c00188", "method": "watershed", "label": 188, "area_m2": 1.8675000000646105, "height_max_m": 1.2094143629074097, "height_mean_m": 0.92926854056813735, "canopy_cover": 0.99867724867724872, "volume_m3": 1.7563175416776822, "n_pixels": 756, "data_coverage": 1.0, "vari_mean": 0.3016762406927479, "exg_mean": 0.35961448166547477, "gli_mean": 0.24578770636670019, "height_max_m_pct": 26.966292134831459, "height_mean_m_pct": 29.213483146067414, "volume_m3_pct": 31.086142322097377, "canopy_cover_pct": 31.460674157303369, "vari_mean_pct": 58.801498127340821, "exg_mean_pct": 56.17977528089888, "gli_mean_pct": 57.677902621722843 }, "geometry": { "type": "Polygon", "coordinates": [ [ [ 556635.434999999939464, 3034986.028 ], [ 556635.385, 3034986.078000000212342 ], [ 556635.184999999939464, 3034986.078000000212342 ], [ 556635.034999999916181, 3034986.177999999839813 ], [ 556634.834999999962747, 3034986.228000000119209 ], [ 556634.559999999939464, 3034986.453000000212342 ], [ 556634.51, 3034986.603000000119209 ], [ 556634.559999999939464, 3034986.653 ], [ 556634.559999999939464, 3034986.753 ], [ 556634.784999999916181, 3034986.978000000119209 ], [ 556635.284999999916181, 3034987.228000000119209 ], [ 556635.684999999939464, 3034987.278 ], [ 556635.73499999998603, 3034987.328000000212342 ], [ 556636.135, 3034987.278 ], [ 556636.309999999939464, 3034987.153 ], [ 556636.309999999939464, 3034987.103000000119209 ], [ 556636.409999999916181, 3034987.003 ], [ 556636.409999999916181, 3034986.903 ], [ 556636.459999999962747, 3034986.853000000119209 ], [ 556636.459999999962747, 3034986.603000000119209 ], [ 556636.35999999998603, 3034986.403 ], [ 556636.135, 3034986.177999999839813 ], [ 556635.934999999939464, 3034986.078000000212342 ], [ 556635.834999999962747, 3034986.078000000212342 ], [ 556635.784999999916181, 3034986.028 ], [ 556635.434999999939464, 3034986.028 ] ] ] } },
{ "type": "Feature", "properties": { "unit_id": "c00189", "method": "watershed", "label": 189, "area_m2": 2.6906250000713037, "height_max_m": 1.2046643495559692, "height_mean_m": 0.91129994878123477, "canopy_cover": 0.99907918968692444, "volume_m3": 2.4741793609465503, "n_pixels": 1086, "data_coverage": 1.0, "vari_mean": 0.30601204831711365, "exg_mean": 0.31449999994595884, "gli_mean": 0.21631772309504599, "height_max_m_pct": 26.217228464419474, "height_mean_m_pct": 26.591760299625467, "volume_m3_pct": 44.194756554307119, "canopy_cover_pct": 34.082397003745321, "vari_mean_pct": 62.172284644194754, "exg_mean_pct": 31.086142322097377, "gli_mean_pct": 31.835205992509362 }, "geometry": { "type": "Polygon", "coordinates": [ [ [ 556620.084999999962747, 3034963.677999999839813 ], [ 556620.034999999916181, 3034963.728000000119209 ], [ 556619.884999999892898, 3034963.728000000119209 ], [ 556619.834999999962747, 3034963.778 ], [ 556619.534999999916181, 3034963.828000000212342 ], [ 556619.334999999962747, 3034963.927999999839813 ], [ 556618.85999999998603, 3034964.403 ], [ 556618.85999999998603, 3034964.653 ], [ 556619.084999999962747, 3034964.878 ], [ 556619.384999999892898, 3034965.028 ], [ 556619.48499999998603, 3034965.028 ], [ 556619.634999999892898, 3034965.128 ], [ 556620.034999999916181, 3034965.228000000119209 ], [ 556620.084999999962747, 3034965.278 ], [ 556620.23499999998603, 3034965.278 ], [ 556620.284999999916181, 3034965.328000000212342 ], [ 556620.634999999892898, 3034965.328000000212342 ], [ 556620.834999999962747, 3034965.228000000119209 ], [ 556620.959999999962747, 3034965.052999999839813 ], [ 556620.959999999962747, 3034964.953000000212342 ], [ 556621.009999999892898, 3034964.903 ], [ 556621.009999999892898, 3034964.503 ], [ 556621.059999999939464, 3034964.403 ], [ 556621.009999999892898, 3034964.353000000119209 ], [ 556621.009999999892898, 3034964.153 ], [ 556620.959999999962747, 3034964.052999999839813 ], [ 556620.73499999998603, 3034963.828000000212342 ], [ 556620.534999999916181, 3034963.728000000119209 ], [ 556620.434999999939464, 3034963.728000000119209 ], [ 556620.384999999892898, 3034963.677999999839813 ], [ 556620.084999999962747, 3034963.677999999839813 ] ] ] } },
{ "type": "Feature", "properties": { "unit_id": "c00190", "method": "watershed", "label": 190, "area_m2": 1.718124999895517, "height_max_m": 1.2099575996398926, "height_mean_m": 0.95480236167455246, "canopy_cover": 1.0, "volume_m3": 1.6350990443713043, "n_pixels": 685, "data_coverage": 1.0, "vari_mean": 0.35869001094211805, "exg_mean": 0.41942736378771406, "gli_mean": 0.28121136190196488, "height_max_m_pct": 27.340823970037455, "height_mean_m_pct": 34.082397003745321, "volume_m3_pct": 28.464419475655429, "canopy_cover_pct": 69.850187265917612, "vari_mean_pct": 92.883895131086149, "exg_mean_pct": 81.273408239700373, "gli_mean_pct": 80.524344569288388 }, "geometry": { "type": "Polygon", "coordinates": [ [ [ 556643.184999999939464, 3034942.228000000119209 ], [ 556643.084999999962747, 3034942.278 ], [ 556642.809999999939464, 3034942.503 ], [ 556642.659999999916181, 3034942.703000000212342 ], [ 556642.659999999916181, 3034942.802999999839813 ], [ 556642.60999999998603, 3034942.853000000119209 ], [ 556642.60999999998603, 3034943.052999999839813 ], [ 556642.709999999962747, 3034943.253 ], [ 556642.885, 3034943.427999999839813 ], [ 556643.084999999962747, 3034943.528 ], [ 556643.834999999962747, 3034943.528 ], [ 556643.885, 3034943.478000000119209 ], [ 556643.98499999998603, 3034943.478000000119209 ], [ 556644.209999999962747, 3034943.253 ], [ 556644.26, 3034943.153 ], [ 556644.26, 3034942.802999999839813 ], [ 556644.209999999962747, 3034942.703000000212342 ], [ 556643.934999999939464, 3034942.427999999839813 ], [ 556643.584999999962747, 3034942.228000000119209 ], [ 556643.184999999939464, 3034942.228000000119209 ] ] ] } },
{ "type": "Feature", "properties": { "unit_id": "c00191", "method": "watershed", "label": 191, "area_m2": 2.0593750001309679, "height_max_m": 1.1978024244308472, "height_mean_m": 0.91811067213794095, "canopy_cover": 1.0, "volume_m3": 1.9073749213708107, "n_pixels": 831, "data_coverage": 1.0, "vari_mean": 0.24490637646100993, "exg_mean": 0.31255368708270298, "gli_mean": 0.21436872966749579, "height_max_m_pct": 25.468164794007492, "height_mean_m_pct": 27.340823970037455, "volume_m3_pct": 33.333333333333329, "canopy_cover_pct": 69.850187265917612, "vari_mean_pct": 18.726591760299627, "exg_mean_pct": 29.588014981273407, "gli_mean_pct": 30.337078651685395 }, "geometry": { "type": "Polygon", "coordinates": [ [ [ 556634.834999999962747, 3035009.927999999839813 ], [ 556634.784999999916181, 3035009.978000000119209 ], [ 556634.635, 3035009.978000000119209 ], [ 556634.584999999962747, 3035010.028 ], [ 556634.385, 3035010.078000000212342 ], [ 556634.209999999962747, 3035010.302999999839813 ], [ 556634.209999999962747, 3035010.603000000119209 ], [ 556634.534999999916181, 3035010.927999999839813 ], [ 556634.584999999962747, 3035010.927999999839813 ], [ 556634.73499999998603, 3035011.078000000212342 ], [ 556634.784999999916181, 3035011.078000000212342 ], [ 556635.034999999916181, 3035011.328000000212342 ], [ 556635.23499999998603, 3035011.427999999839813 ], [ 556635.434999999939464, 3035011.427999999839813 ], [ 556635.534999999916181, 3035011.378 ], [ 556636.059999999939464, 3035010.853000000119209 ], [ 556636.10999999998603, 3035010.753 ], [ 556636.10999999998603, 3035010.403 ], [ 556636.059999999939464, 3035010.302999999839813 ], [ 556635.885, 3035010.128 ], [ 556635.684999999939464, 3035010.028 ], [ 556635.584999999962747, 3035010.028 ], [ 556635.534999999916181, 3035009.978000000119209 ], [ 556635.434999999939464, 3035009.978000000119209 ], [ 556635.385, 3035009.927999999839813 ], [ 556634.834999999962747, 3035009.927999999839813 ] ] ] } },
{ "type": "Feature", "properties": { "unit_id": "c00192", "method": "watershed", "label": 192, "area_m2": 1.4337499998227579, "height_max_m": 1.2149429321289062, "height_mean_m": 0.92219928341282187, "canopy_cover": 1.0, "volume_m3": 1.3210504734918027, "n_pixels": 573, "data_coverage": 1.0, "vari_mean": 0.36018837943339127, "exg_mean": 0.44653016036454163, "gli_mean": 0.2988567078140078, "height_max_m_pct": 28.464419475655429, "height_mean_m_pct": 28.464419475655429, "volume_m3_pct": 21.722846441947567, "canopy_cover_pct": 69.850187265917612, "vari_mean_pct": 93.63295880149812, "exg_mean_pct": 91.011235955056179, "gli_mean_pct": 91.385767790262179 }, "geometry": { "type": "Polygon", "coordinates": [ [ [ 556650.534999999916181, 3035017.228000000119209 ], [ 556650.334999999962747, 3035017.328000000212342 ], [ 556650.23499999998603, 3035017.328000000212342 ], [ 556649.784999999916181, 3035017.578000000212342 ], [ 556649.60999999998603, 3035017.753 ], [ 556649.60999999998603, 3035017.953000000212342 ], [ 556649.659999999916181, 3035018.052999999839813 ], [ 556649.834999999962747, 3035018.228000000119209 ], [ 556650.184999999939464, 3035018.427999999839813 ], [ 556650.534999999916181, 3035018.427999999839813 ], [ 556650.73499999998603, 3035018.328000000212342 ], [ 556651.309999999939464, 3035017.753 ], [ 556651.309999999939464, 3035017.603000000119209 ], [ 556651.26, 3035017.503 ], [ 556651.135, 3035017.378 ], [ 556650.934999999939464, 3035017.278 ], [ 556650.834999999962747, 3035017.278 ], [ 556650.784999999916181, 3035017.228000000119209 ], [ 556650.534999999916181, 3035017.228000000119209 ] ] ] } },
{ "type": "Feature", "properties": { "unit_id": "c00193", "method": "watershed", "label": 193, "area_m2": 0.83562500005326001, "height_max_m": 1.2720668315887451, "height_mean_m": 0.96655495433757699, "canopy_cover": 1.0, "volume_m3": 0.81190616164536877, "n_pixels": 336, "data_coverage": 1.0, "vari_mean": 0.26771912512198348, "exg_mean": 0.37415897631238315, "gli_mean": 0.25237885911060853, "height_max_m_pct": 34.082397003745321, "height_mean_m_pct": 36.329588014981276, "volume_m3_pct": 9.7378277153558059, "canopy_cover_pct": 69.850187265917612, "vari_mean_pct": 35.205992509363298, "exg_mean_pct": 63.295880149812731, "gli_mean_pct": 62.546816479400746 }, "geometry": { "type": "Polygon", "coordinates": [ [ [ 556666.434999999939464, 3034921.927999999839813 ], [ 556666.10999999998603, 3034922.203000000212342 ], [ 556666.059999999939464, 3034922.302999999839813 ], [ 556666.059999999939464, 3034922.603000000119209 ], [ 556666.135, 3034922.728000000119209 ], [ 556666.334999999962747, 3034922.878 ], [ 556666.535000000032596, 3034922.878 ], [ 556666.584999999962747, 3034922.927999999839813 ], [ 556666.885, 3034922.927999999839813 ], [ 556666.934999999939464, 3034922.878 ], [ 556667.035000000032596, 3034922.878 ], [ 556667.160000000032596, 3034922.753 ], [ 556667.160000000032596, 3034922.453000000212342 ], [ 556666.785000000032596, 3034922.028 ], [ 556666.584999999962747, 3034921.927999999839813 ], [ 556666.434999999939464, 3034921.927999999839813 ] ] ] } },
{ "type": "Feature", "properties": { "unit_id": "c00194", "method": "watershed", "label": 194, "area_m2": 1.9587500000366707, "height_max_m": 1.2242034673690796, "height_mean_m": 0.87573945938859232, "canopy_cover": 1.0, "volume_m3": 1.723017386350884, "n_pixels": 787, "data_coverage": 1.0, "vari_mean": 0.2668153058954737, "exg_mean": 0.36752304486434983, "gli_mean": 0.24699895876096092, "height_max_m_pct": 29.213483146067414, "height_mean_m_pct": 20.224719101123593, "volume_m3_pct": 29.588014981273407, "canopy_cover_pct": 69.850187265917612, "vari_mean_pct": 34.456928838951313, "exg_mean_pct": 59.925093632958806, "gli_mean_pct": 59.550561797752813 }, "geometry": { "type": "Polygon", "coordinates": [ [ [ 556650.934999999939464, 3035042.478000000119209 ], [ 556650.885, 3035042.528 ], [ 556650.784999999916181, 3035042.528 ], [ 556650.48499999998603, 3035042.678000000305474 ], [ 556650.10999999998603, 3035043.053000000305474 ], [ 556650.10999999998603, 3035043.103000000119209 ], [ 556650.034999999916181, 3035043.178000000305474 ], [ 556649.834999999962747, 3035043.278 ], [ 556649.659999999916181, 3035043.303000000305474 ], [ 556649.659999999916181, 3035043.503 ], [ 556649.76, 3035043.703000000212342 ], [ 556650.034999999916181, 3035043.978000000119209 ], [ 556650.23499999998603, 3035044.078000000212342 ], [ 556650.334999999962747, 3035044.078000000212342 ], [ 556650.385, 3035044.128 ], [ 556650.684999999939464, 3035044.078000000212342 ], [ 556650.885, 3035043.978000000119209 ], [ 556651.309999999939464, 3035043.503 ], [ 556651.51, 3035043.103000000119209 ], [ 556651.51, 3035042.853000000119209 ], [ 556651.409999999916181, 3035042.653 ], [ 556651.284999999916181, 3035042.528 ], [ 556651.184999999939464, 3035042.528 ], [ 556651.135, 3035042.478000000119209 ], [ 556650.934999999939464, 3035042.478000000119209 ] ] ] } },
{ "type": "Feature", "properties": { "unit_id": "c00195", "method": "watershed", "label": 195, "area_m2": 2.1856249998771822, "height_max_m": 1.3119194507598877, "height_mean_m": 0.94018823988393907, "canopy_cover": 1.0, "volume_m3": 2.0496103629515416, "n_pixels": 872, "data_coverage": 1.0, "vari_mean": 0.17630404284975534, "exg_mean": 0.20799064859086658, "gli_mean": 0.14317934491437703, "height_max_m_pct": 38.202247191011232, "height_mean_m_pct": 32.584269662921351, "volume_m3_pct": 35.580524344569284, "canopy_cover_pct": 69.850187265917612, "vari_mean_pct": 2.2471910112359552, "exg_mean_pct": 1.4981273408239701, "gli_mean_pct": 1.4981273408239701 }, "geometry": { "type": "Polygon", "coordinates": [ [ [ 556627.834999999962747, 3034982.878 ], [ 556627.334999999962747, 3034983.128 ], [ 556627.084999999962747, 3034983.177999999839813 ], [ 556626.98499999998603, 3034983.228000000119209 ], [ 556626.76, 3034983.453000000212342 ], [ 556626.659999999916181, 3034983.653 ], [ 556626.659999999916181, 3034983.802999999839813 ], [ 556626.60999999998603, 3034983.853000000119209 ], [ 556626.60999999998603, 3034984.153 ], [ 556626.659999999916181, 3034984.203000000212342 ], [ 556626.659999999916181, 3034984.302999999839813 ], [ 556626.934999999939464, 3034984.578000000212342 ], [ 556627.184999999939464, 3034984.628 ], [ 556627.284999999916181, 3034984.578000000212342 ], [ 556627.73499999998603, 3034984.177999999839813 ], [ 556628.284999999916181, 3034983.927999999839813 ], [ 556628.409999999916181, 3034983.802999999839813 ], [ 556628.409999999916181, 3034983.753 ], [ 556628.51, 3034983.653 ], [ 556628.51, 3034983.503 ], [ 556628.559999999939464, 3034983.453000000212342 ], [ 556628.51, 3034983.253 ], [ 556628.284999999916181, 3034982.978000000119209 ], [ 556628.084999999962747, 3034982.878 ], [ 556627.834999999962747, 3034982.878 ] ] ] } },
{ "type": "Feature", "properties": { "unit_id": "c00196", "method": "watershed", "label": 196, "area_m2": 1.4400000000177535, "height_max_m": 1.2244844436645508, "height_mean_m": 0.90379071755524543, "canopy_cover": 1.0, "volume_m3": 1.3082370636641247, "n_pixels": 579, "data_coverage": 1.0, "vari_mean": 0.24793198858416474, "exg_mean": 0.26516307689168112, "gli_mean": 0.18369325165936587, "height_max_m_pct": 29.588014981273407, "height_mean_m_pct": 25.0936329588015, "volume_m3_pct": 20.973782771535582, "canopy_cover_pct": 69.850187265917612, "vari_mean_pct": 20.599250936329589, "exg_mean_pct": 10.861423220973784, "gli_mean_pct": 11.235955056179774 }, "geometry": { "type": "Polygon", "coordinates": [ [ [ 556650.834999999962747, 3034985.177999999839813 ], [ 556650.784999999916181, 3034985.228000000119209 ], [ 556650.635, 3034985.228000000119209 ], [ 556650.434999999939464, 3034985.328000000212342 ], [ 556650.209999999962747, 3034985.552999999839813 ], [ 556650.209999999962747, 3034985.853000000119209 ], [ 556650.309999999939464, 3034986.052999999839813 ], [ 556650.409999999916181, 3034986.153 ], [ 556650.409999999916181, 3034986.203000000212342 ], [ 556650.684999999939464, 3034986.427999999839813 ], [ 556651.034999999916181, 3034986.427999999839813 ], [ 556651.23499999998603, 3034986.328000000212342 ], [ 556651.334999999962747, 3034986.328000000212342 ], [ 556651.51, 3034986.203000000212342 ], [ 556651.659999999916181, 3034986.003 ], [ 556651.659999999916181, 3034985.653 ], [ 556651.60999999998603, 3034985.603000000119209 ], [ 556651.60999999998603, 3034985.503 ], [ 556651.334999999962747, 3034985.228000000119209 ], [ 556651.23499999998603, 3034985.177999999839813 ], [ 556650.834999999962747, 3034985.177999999839813 ] ] ] } },
{ "type": "Feature", "properties": { "unit_id": "c00197", "method": "watershed", "label": 197, "area_m2": 1.2799999999729335, "height_max_m": 1.178773045539856, "height_mean_m": 0.97146291396291728, "canopy_cover": 1.0, "volume_m3": 1.2604731308696859, "n_pixels": 519, "data_coverage": 1.0, "vari_mean": 0.3349844911473091, "exg_mean": 0.40916123247880554, "gli_mean": 0.27595098022507375, "height_max_m_pct": 24.344569288389515, "height_mean_m_pct": 37.453183520599254, "volume_m3_pct": 18.726591760299627, "canopy_cover_pct": 69.850187265917612, "vari_mean_pct": 79.775280898876403, "exg_mean_pct": 77.153558052434462, "gli_mean_pct": 77.902621722846447 }, "geometry": { "type": "Polygon", "coordinates": [ [ [ 556650.885, 3034959.578000000212342 ], [ 556650.684999999939464, 3034959.677999999839813 ], [ 556650.51, 3034959.853000000119209 ], [ 556650.459999999962747, 3034960.052999999839813 ], [ 556650.409999999916181, 3034960.103000000119209 ], [ 556650.409999999916181, 3034960.203000000212342 ], [ 556650.51, 3034960.403 ], [ 556650.784999999916181, 3034960.677999999839813 ], [ 556650.834999999962747, 3034960.677999999839813 ], [ 556651.034999999916181, 3034960.828000000212342 ], [ 556651.284999999916181, 3034960.828000000212342 ], [ 556651.48499999998603, 3034960.728000000119209 ], [ 556651.659999999916181, 3034960.552999999839813 ], [ 556651.76, 3034960.353000000119209 ], [ 556651.76, 3034960.103000000119209 ], [ 556651.709999999962747, 3034960.052999999839813 ], [ 556651.659999999916181, 3034959.853000000119209 ], [ 556651.48499999998603, 3034959.677999999839813 ], [ 556651.284999999916181, 3034959.578000000212342 ], [ 556650.885, 3034959.578000000212342 ] ] ] } },
{ "type": "Feature", "properties": { "unit_id": "c00198", "method": "watershed", "label": 198, "area_m2": 1.459375000014552, "height_max_m": 1.1712924242019653, "height_mean_m": 0.95340832208015336, "canopy_cover": 1.0, "volume_m3": 1.3919761502401169, "n_pixels": 584, "data_coverage": 1.0, "vari_mean": 0.35916212169431488, "exg_mean": 0.55732077158152038, "gli_mean": 0.36335562665250692, "height_max_m_pct": 22.846441947565545, "height_mean_m_pct": 33.707865168539328, "volume_m3_pct": 25.0936329588015, "canopy_cover_pct": 69.850187265917612, "vari_mean_pct": 93.258426966292134, "exg_mean_pct": 99.250936329588015, "gli_mean_pct": 99.250936329588015 }, "geometry": { "type": "Polygon", "coordinates": [ [ [ 556658.885, 3034915.028 ], [ 556658.834999999962747, 3034915.078000000212342 ], [ 556658.73499999998603, 3034915.078000000212342 ], [ 556658.535000000032596, 3034915.177999999839813 ], [ 556658.35999999998603, 3034915.453000000212342 ], [ 556658.35999999998603, 3034915.853000000119209 ], [ 556658.410000000032596, 3034915.903 ], [ 556658.410000000032596, 3034916.003 ], [ 556658.51, 3034916.203000000212342 ], [ 556658.73499999998603, 3034916.378 ], [ 556658.834999999962747, 3034916.378 ], [ 556658.885, 3034916.427999999839813 ], [ 556659.184999999939464, 3034916.427999999839813 ], [ 556659.535000000032596, 3034916.228000000119209 ], [ 556659.660000000032596, 3034916.052999999839813 ], [ 556659.660000000032596, 3034915.603000000119209 ], [ 556659.559999999939464, 3034915.403 ], [ 556659.385, 3034915.177999999839813 ], [ 556659.084999999962747, 3034915.028 ], [ 556658.885, 3034915.028 ] ] ] } },
{ "type": "Feature", "properties": { "unit_id": "c00199", "method": "watershed", "label": 199, "area_m2": 1.9381249999182186, "height_max_m": 1.1765847206115723, "height_mean_m": 0.87740746346803811, "canopy_cover": 1.0, "volume_m3": 1.710944553766476, "n_pixels": 780, "data_coverage": 1.0, "vari_mean": 0.29817588512561771, "exg_mean": 0.38007678099655251, "gli_mean": 0.25238313626840775, "height_max_m_pct": 23.595505617977526, "height_mean_m_pct": 21.348314606741571, "volume_m3_pct": 29.213483146067414, "canopy_cover_pct": 69.850187265917612, "vari_mean_pct": 56.554307116104873, "exg_mean_pct": 63.670411985018724, "gli_mean_pct": 62.921348314606739 }, "geometry": { "type": "Polygon", "coordinates": [ [ [ 556642.885, 3034950.478000000119209 ], [ 556642.85999999998603, 3034950.653 ], [ 556642.60999999998603, 3034951.153 ], [ 556642.60999999998603, 3034951.403 ], [ 556642.659999999916181, 3034951.453000000212342 ], [ 556642.659999999916181, 3034951.603000000119209 ], [ 556642.934999999939464, 3034951.927999999839813 ], [ 556643.084999999962747, 3034951.978000000119209 ], [ 556643.184999999939464, 3034952.078000000212342 ], [ 556643.385, 3034952.177999999839813 ], [ 556643.584999999962747, 3034952.228000000119209 ], [ 556643.784999999916181, 3034952.128 ], [ 556644.059999999939464, 3034951.802999999839813 ], [ 556644.159999999916181, 3034951.603000000119209 ], [ 556644.159999999916181, 3034951.253 ], [ 556643.885, 3034950.927999999839813 ], [ 556643.784999999916181, 3034950.878 ], [ 556643.559999999939464, 3034950.653 ], [ 556643.534999999916181, 3034950.478000000119209 ], [ 556642.885, 3034950.478000000119209 ] ] ] } },
{ "type": "Feature", "properties": { "unit_id": "c00200", "method": "watershed", "label": 200, "area_m2": 1.491874999932479, "height_max_m": 1.1961402893066406, "height_mean_m": 0.8979520305191111, "canopy_cover": 1.0, "volume_m3": 1.3379485254764485, "n_pixels": 596, "data_coverage": 1.0, "vari_mean": 0.25515753023484766, "exg_mean": 0.32833870152545236, "gli_mean": 0.2239647778458789, "height_max_m_pct": 25.0936329588015, "height_mean_m_pct": 24.344569288389515, "volume_m3_pct": 23.220973782771537, "canopy_cover_pct": 69.850187265917612, "vari_mean_pct": 25.468164794007492, "exg_mean_pct": 40.449438202247187, "gli_mean_pct": 41.198501872659179 }, "geometry": { "type": "Polygon", "coordinates": [ [ [ 556643.334999999962747, 3034914.578000000212342 ], [ 556643.284999999916181, 3034914.628 ], [ 556643.084999999962747, 3034914.677999999839813 ], [ 556642.85999999998603, 3034914.903 ], [ 556642.809999999939464, 3034915.003 ], [ 556642.809999999939464, 3034915.453000000212342 ], [ 556642.85999999998603, 3034915.552999999839813 ], [ 556643.084999999962747, 3034915.828000000212342 ], [ 556643.284999999916181, 3034915.927999999839813 ], [ 556643.534999999916181, 3034915.927999999839813 ], [ 556643.934999999939464, 3034915.728000000119209 ], [ 556644.10999999998603, 3034915.552999999839813 ], [ 556644.159999999916181, 3034915.353000000119209 ], [ 556644.209999999962747, 3034915.302999999839813 ], [ 556644.209999999962747, 3034915.052999999839813 ], [ 556644.10999999998603, 3034914.853000000119209 ], [ 556643.934999999939464, 3034914.677999999839813 ], [ 556643.834999999962747, 3034914.628 ], [ 556643.684999999939464, 3034914.628 ], [ 556643.635, 3034914.578000000212342 ], [ 556643.334999999962747, 3034914.578000000212342 ] ] ] } },
{ "type": "Feature", "properties": { "unit_id": "c00201", "method": "watershed", "label": 201, "area_m2": 1.3518750002465094, "height_max_m": 1.2635830640792847, "height_mean_m": 0.97437208091273853, "canopy_cover": 1.0, "volume_m3": 1.3300178904488433, "n_pixels": 546, "data_coverage": 1.0, "vari_mean": 0.32347597195278649, "exg_mean": 0.40822668247611366, "gli_mean": 0.27320333817321679, "height_max_m_pct": 32.958801498127336, "height_mean_m_pct": 38.951310861423224, "volume_m3_pct": 22.846441947565545, "canopy_cover_pct": 69.850187265917612, "vari_mean_pct": 73.033707865168537, "exg_mean_pct": 76.404494382022463, "gli_mean_pct": 75.280898876404493 }, "geometry": { "type": "Polygon", "coordinates": [ [ [ 556666.23499999998603, 3034927.927999999839813 ], [ 556666.135, 3034927.978000000119209 ], [ 556665.910000000032596, 3034928.253 ], [ 556665.910000000032596, 3034928.552999999839813 ], [ 556666.01, 3034928.753 ], [ 556666.385, 3034929.078000000212342 ], [ 556666.584999999962747, 3034929.128 ], [ 556666.73499999998603, 3034929.228000000119209 ], [ 556667.084999999962747, 3034929.228000000119209 ], [ 556667.26, 3034929.103000000119209 ], [ 556667.35999999998603, 3034928.903 ], [ 556667.35999999998603, 3034928.653 ], [ 556667.309999999939464, 3034928.552999999839813 ], [ 556666.934999999939464, 3034928.177999999839813 ], [ 556666.885, 3034928.177999999839813 ], [ 556666.584999999962747, 3034927.927999999839813 ], [ 556666.23499999998603, 3034927.927999999839813 ] ] ] } },
{ "type": "Feature", "properties": { "unit_id": "c00202", "method": "watershed", "label": 202, "area_m2": 4.0762500002860902, "height_max_m": 1.1604907512664795, "height_mean_m": 0.79068471129123985, "canopy_cover": 1.0, "volume_m3": 3.2121566396277994, "n_pixels": 1625, "data_coverage": 1.0, "vari_mean": 0.21647192085915329, "exg_mean": 0.25251120163817797, "gli_mean": 0.17252958933117593, "height_max_m_pct": 21.722846441947567, "height_mean_m_pct": 13.48314606741573, "volume_m3_pct": 56.17977528089888, "canopy_cover_pct": 69.850187265917612, "vari_mean_pct": 9.3632958801498134, "exg_mean_pct": 7.8651685393258424, "gli_mean_pct": 7.8651685393258424 }, "geometry": { "type": "Polygon", "coordinates": [ [ [ 556611.759999999892898, 3034987.403 ], [ 556611.759999999892898, 3034987.653 ], [ 556611.709999999962747, 3034987.703000000212342 ], [ 556611.659999999916181, 3034988.103000000119209 ], [ 556611.559999999939464, 3034988.253 ], [ 556611.559999999939464, 3034988.353000000119209 ], [ 556611.409999999916181, 3034988.653 ], [ 556611.409999999916181, 3034989.052999999839813 ], [ 556611.759999999892898, 3034989.552999999839813 ], [ 556611.784999999916181, 3034989.828000000212342 ], [ 556612.134999999892898, 3034989.828000000212342 ], [ 556612.384999999892898, 3034989.578000000212342 ], [ 556613.134999999892898, 3034989.578000000212342 ], [ 556613.334999999962747, 3034989.478000000119209 ], [ 556613.659999999916181, 3034989.153 ], [ 556613.809999999939464, 3034988.853000000119209 ], [ 556613.809999999939464, 3034988.603000000119209 ], [ 556613.709999999962747, 3034988.403 ], [ 556613.384999999892898, 3034988.078000000212342 ], [ 556613.334999999962747, 3034988.078000000212342 ], [ 556612.934999999939464, 3034987.778 ], [ 556612.73499999998603, 3034987.677999999839813 ], [ 556612.534999999916181, 3034987.378 ], [ 556611.759999999892898, 3034987.403 ] ] ] } },
{ "type": "Feature", "properties": { "unit_id": "c00203", "method": "watershed", "label": 203, "area_m2": 3.0200000000925504, "height_max_m": 1.1796369552612305, "height_mean_m": 0.87178532389796481, "canopy_cover": 1.0, "volume_m3": 2.6436889947264524, "n_pixels": 1213, "data_coverage": 1.0, "vari_mean": 0.2844143734923068, "exg_mean": 0.32919398215958151, "gli_mean": 0.22391684690269736, "height_max_m_pct": 24.719101123595504, "height_mean_m_pct": 19.475655430711612, "volume_m3_pct": 47.565543071161045, "canopy_cover_pct": 69.850187265917612, "vari_mean_pct": 48.68913857677903, "exg_mean_pct": 41.573033707865171, "gli_mean_pct": 40.823970037453186 }, "geometry": { "type": "Polygon", "coordinates": [ [ [ 556620.73499999998603, 3034960.778 ], [ 556620.584999999962747, 3034960.878 ], [ 556620.48499999998603, 3034960.878 ], [ 556620.10999999998603, 3034961.203000000212342 ], [ 556620.009999999892898, 3034961.403 ], [ 556619.834999999962747, 3034961.578000000212342 ], [ 556619.784999999916181, 3034961.578000000212342 ], [ 556619.409999999916181, 3034961.853000000119209 ], [ 556619.35999999998603, 3034961.953000000212342 ], [ 556619.35999999998603, 3034962.403 ], [ 556619.409999999916181, 3034962.453000000212342 ], [ 556619.409999999916181, 3034962.603000000119209 ], [ 556619.584999999962747, 3034962.878 ], [ 556619.784999999916181, 3034962.978000000119209 ], [ 556620.184999999939464, 3034962.978000000119209 ], [ 556620.434999999939464, 3034962.778 ], [ 556620.48499999998603, 3034962.778 ], [ 556620.684999999939464, 3034962.578000000212342 ], [ 556620.73499999998603, 3034962.578000000212342 ], [ 556621.209999999962747, 3034962.103000000119209 ], [ 556621.409999999916181, 3034961.753 ], [ 556621.459999999962747, 3034961.453000000212342 ], [ 556621.409999999916181, 3034961.403 ], [ 556621.409999999916181, 3034961.203000000212342 ], [ 556621.35999999998603, 3034961.153 ], [ 556621.35999999998603, 3034961.052999999839813 ], [ 556621.23499999998603, 3034960.878 ], [ 556621.084999999962747, 3034960.778 ], [ 556620.73499999998603, 3034960.778 ] ] ] } },
{ "type": "Feature", "properties": { "unit_id": "c00204", "method": "watershed", "label": 204, "area_m2": 2.9343750000203728, "height_max_m": 1.1786198616027832, "height_mean_m": 0.83724132036375454, "canopy_cover": 1.0, "volume_m3": 2.471954998379478, "n_pixels": 1181, "data_coverage": 1.0, "vari_mean": 0.30797659299515839, "exg_mean": 0.34860716350844417, "gli_mean": 0.23636757560969052, "height_max_m_pct": 23.970037453183522, "height_mean_m_pct": 17.602996254681649, "volume_m3_pct": 43.445692883895134, "canopy_cover_pct": 69.850187265917612, "vari_mean_pct": 63.670411985018724, "exg_mean_pct": 50.936329588014985, "gli_mean_pct": 50.936329588014985 }, "geometry": { "type": "Polygon", "coordinates": [ [ [ 556658.535000000032596, 3034943.028 ], [ 556658.48499999998603, 3034943.078000000212342 ], [ 556658.285000000032596, 3034943.128 ], [ 556658.10999999998603, 3034943.302999999839813 ], [ 556658.059999999939464, 3034943.503 ], [ 556658.01, 3034943.552999999839813 ], [ 556658.01, 3034943.653 ], [ 556658.059999999939464, 3034943.703000000212342 ], [ 556658.10999999998603, 3034943.903 ], [ 556658.51, 3034944.353000000119209 ], [ 556658.51, 3034944.603000000119209 ], [ 556658.160000000032596, 3034945.052999999839813 ], [ 556658.160000000032596, 3034945.552999999839813 ], [ 556658.209999999962747, 3034945.603000000119209 ], [ 556658.209999999962747, 3034945.703000000212342 ], [ 556658.309999999939464, 3034945.903 ], [ 556658.635, 3034946.228000000119209 ], [ 556658.885, 3034946.228000000119209 ], [ 556659.160000000032596, 3034945.953000000212342 ], [ 556659.160000000032596, 3034945.903 ], [ 556659.309999999939464, 3034945.703000000212342 ], [ 556659.309999999939464, 3034945.403 ], [ 556659.160000000032596, 3034945.203000000212342 ], [ 556659.160000000032596, 3034945.153 ], [ 556658.959999999962747, 3034944.953000000212342 ], [ 556658.85999999998603, 3034944.753 ], [ 556658.85999999998603, 3034944.403 ], [ 556658.910000000032596, 3034944.302999999839813 ], [ 556659.209999999962747, 3034944.003 ], [ 556659.285000000032596, 3034943.978000000119209 ], [ 556659.60999999998603, 3034943.653 ], [ 556659.60999999998603, 3034943.453000000212342 ], [ 556659.334999999962747, 3034943.177999999839813 ], [ 556659.135, 3034943.078000000212342 ], [ 556658.98499999998603, 3034943.078000000212342 ], [ 556658.934999999939464, 3034943.028 ], [ 556658.535000000032596, 3034943.028 ] ] ] } },
{ "type": "Feature", "properties": { "unit_id": "c00205", "method": "watershed", "label": 205, "area_m2": 1.889374999773572, "height_max_m": 1.1730097532272339, "height_mean_m": 0.96830862110568439, "canopy_cover": 0.99607329842931935, "volume_m3": 1.8494694663159668, "n_pixels": 764, "data_coverage": 1.0, "vari_mean": 0.29515750041296435, "exg_mean": 0.34625513859170265, "gli_mean": 0.23547549634646078, "height_max_m_pct": 23.220973782771537, "height_mean_m_pct": 37.078651685393261, "volume_m3_pct": 32.209737827715358, "canopy_cover_pct": 17.977528089887642, "vari_mean_pct": 54.68164794007491, "exg_mean_pct": 49.812734082397, "gli_mean_pct": 50.187265917603 }, "geometry": { "type": "Polygon", "coordinates": [ [ [ 556650.23499999998603, 3034974.578000000212342 ], [ 556650.01, 3034974.753 ], [ 556650.01, 3034975.052999999839813 ], [ 556650.26, 3034975.503 ], [ 556650.48499999998603, 3034975.728000000119209 ], [ 556650.784999999916181, 3034975.878 ], [ 556651.184999999939464, 3034975.978000000119209 ], [ 556651.23499999998603, 3034975.927999999839813 ], [ 556651.385, 3034975.927999999839813 ], [ 556651.659999999916181, 3034975.653 ], [ 556651.76, 3034975.453000000212342 ], [ 556651.76, 3034975.353000000119209 ], [ 556651.809999999939464, 3034975.302999999839813 ], [ 556651.809999999939464, 3034975.153 ], [ 556651.76, 3034975.103000000119209 ], [ 556651.76, 3034975.003 ], [ 556651.534999999916181, 3034974.778 ], [ 556651.23499999998603, 3034974.628 ], [ 556651.034999999916181, 3034974.628 ], [ 556650.98499999998603, 3034974.578000000212342 ], [ 556650.23499999998603, 3034974.578000000212342 ] ] ] } },
{ "type": "Feature", "properties": { "unit_id": "c00206", "method": "watershed", "label": 206, "area_m2": 1.4112499999860302, "height_max_m": 1.1326497793197632, "height_mean_m": 0.9673614418265265, "canopy_cover": 0.99647887323943662, "volume_m3": 1.37365324739672, "n_pixels": 568, "data_coverage": 1.0, "vari_mean": 0.27717429558400064, "exg_mean": 0.35664243082058855, "gli_mean": 0.2417345325043338, "height_max_m_pct": 20.599250936329589, "height_mean_m_pct": 36.704119850187269, "volume_m3_pct": 24.719101123595504, "canopy_cover_pct": 19.101123595505616, "vari_mean_pct": 42.322097378277149, "exg_mean_pct": 53.932584269662918, "gli_mean_pct": 53.558052434456926 }, "geometry": { "type": "Polygon", "coordinates": [ [ [ 556643.334999999962747, 3034925.228000000119209 ], [ 556643.23499999998603, 3034925.278 ], [ 556643.01, 3034925.552999999839813 ], [ 556642.959999999962747, 3034925.853000000119209 ], [ 556643.159999999916181, 3034926.253 ], [ 556643.23499999998603, 3034926.278 ], [ 556643.385, 3034926.427999999839813 ], [ 556643.584999999962747, 3034926.528 ], [ 556643.934999999939464, 3034926.528 ], [ 556644.034999999916181, 3034926.478000000119209 ], [ 556644.26, 3034926.253 ], [ 556644.35999999998603, 3034926.052999999839813 ], [ 556644.35999999998603, 3034925.753 ], [ 556644.26, 3034925.552999999839813 ], [ 556644.084999999962747, 3034925.378 ], [ 556643.885, 3034925.278 ], [ 556643.73499999998603, 3034925.278 ], [ 556643.684999999939464, 3034925.228000000119209 ], [ 556643.334999999962747, 3034925.228000000119209 ] ] ] } },
{ "type": "Feature", "properties": { "unit_id": "c00207", "method": "watershed", "label": 207, "area_m2": 1.7718750000261934, "height_max_m": 1.1270153522491455, "height_mean_m": 0.97392762505359731, "canopy_cover": 1.0, "volume_m3": 1.7457652679124522, "n_pixels": 717, "data_coverage": 1.0, "vari_mean": 0.30183183173002404, "exg_mean": 0.36268648708237577, "gli_mean": 0.24642947874178656, "height_max_m_pct": 20.224719101123593, "height_mean_m_pct": 38.576779026217231, "volume_m3_pct": 30.711610486891384, "canopy_cover_pct": 69.850187265917612, "vari_mean_pct": 59.550561797752813, "exg_mean_pct": 58.801498127340821, "gli_mean_pct": 58.801498127340821 }, "geometry": { "type": "Polygon", "coordinates": [ [ [ 556643.48499999998603, 3034957.078000000212342 ], [ 556643.434999999939464, 3034957.128 ], [ 556643.084999999962747, 3034957.177999999839813 ], [ 556643.034999999916181, 3034957.228000000119209 ], [ 556642.834999999962747, 3034957.228000000119209 ], [ 556642.784999999916181, 3034957.278 ], [ 556642.684999999939464, 3034957.278 ], [ 556642.51, 3034957.453000000212342 ], [ 556642.459999999962747, 3034957.552999999839813 ], [ 556642.459999999962747, 3034957.703000000212342 ], [ 556642.51, 3034957.802999999839813 ], [ 556642.784999999916181, 3034958.078000000212342 ], [ 556642.834999999962747, 3034958.078000000212342 ], [ 556642.98499999998603, 3034958.228000000119209 ], [ 556643.184999999939464, 3034958.328000000212342 ], [ 556643.284999999916181, 3034958.328000000212342 ], [ 556643.334999999962747, 3034958.378 ], [ 556643.534999999916181, 3034958.378 ], [ 556643.584999999962747, 3034958.427999999839813 ], [ 556643.684999999939464, 3034958.378 ], [ 556643.834999999962747, 3034958.378 ], [ 556644.059999999939464, 3034958.203000000212342 ], [ 556644.209999999962747, 3034957.903 ], [ 556644.209999999962747, 3034957.453000000212342 ], [ 556644.10999999998603, 3034957.253 ], [ 556643.98499999998603, 3034957.128 ], [ 556643.885, 3034957.128 ], [ 556643.834999999962747, 3034957.078000000212342 ], [ 556643.48499999998603, 3034957.078000000212342 ] ] ] } },
{ "type": "Feature", "properties": { "unit_id": "c00208", "method": "watershed", "label": 208, "area_m2": 1.4343749998995918, "height_max_m": 1.1509779691696167, "height_mean_m": 0.91068883700328962, "canopy_cover": 1.0, "volume_m3": 1.2977315927325712, "n_pixels": 570, "data_coverage": 1.0, "vari_mean": 0.35673693072622459, "exg_mean": 0.47333105214414872, "gli_mean": 0.3134121786090599, "height_max_m_pct": 20.973782771535582, "height_mean_m_pct": 26.217228464419474, "volume_m3_pct": 20.599250936329589, "canopy_cover_pct": 69.850187265917612, "vari_mean_pct": 91.011235955056179, "exg_mean_pct": 96.254681647940075, "gli_mean_pct": 95.880149812734089 }, "geometry": { "type": "Polygon", "coordinates": [ [ [ 556650.635, 3034995.878 ], [ 556650.584999999962747, 3034995.927999999839813 ], [ 556650.48499999998603, 3034995.927999999839813 ], [ 556650.209999999962747, 3034996.203000000212342 ], [ 556650.10999999998603, 3034996.403 ], [ 556650.10999999998603, 3034996.753 ], [ 556650.209999999962747, 3034996.953000000212342 ], [ 556650.48499999998603, 3034997.177999999839813 ], [ 556651.034999999916181, 3034997.177999999839813 ], [ 556651.334999999962747, 3034997.028 ], [ 556651.51, 3034996.802999999839813 ], [ 556651.51, 3034996.552999999839813 ], [ 556651.309999999939464, 3034996.153 ], [ 556651.084999999962747, 3034995.978000000119209 ], [ 556650.885, 3034995.927999999839813 ], [ 556650.834999999962747, 3034995.878 ], [ 556650.635, 3034995.878 ] ] ] } },
{ "type": "Feature", "properties": { "unit_id": "c00209", "method": "watershed", "label": 209, "area_m2": 2.3537500001073934, "height_max_m": 1.1616801023483276, "height_mean_m": 0.89847492362906589, "canopy_cover": 1.0, "volume_m3": 2.1271393816965398, "n_pixels": 947, "data_coverage": 1.0, "vari_mean": 0.31703627460308104, "exg_mean": 0.39646491249480625, "gli_mean": 0.26533971248732019, "height_max_m_pct": 22.09737827715356, "height_mean_m_pct": 24.719101123595504, "volume_m3_pct": 37.827715355805239, "canopy_cover_pct": 69.850187265917612, "vari_mean_pct": 69.288389513108612, "exg_mean_pct": 71.161048689138568, "gli_mean_pct": 69.662921348314612 }, "geometry": { "type": "Polygon", "coordinates": [ [ [ 556666.084999999962747, 3035015.078000000212342 ], [ 556665.934999999939464, 3035015.278 ], [ 556665.584999999962747, 3035015.478000000119209 ], [ 556665.209999999962747, 3035015.853000000119209 ], [ 556665.10999999998603, 3035016.052999999839813 ], [ 556665.10999999998603, 3035016.403 ], [ 556665.160000000032596, 3035016.503 ], [ 556665.385, 3035016.728000000119209 ], [ 556665.584999999962747, 3035016.778 ], [ 556665.635, 3035016.828000000212342 ], [ 556665.73499999998603, 3035016.828000000212342 ], [ 556665.934999999939464, 3035016.978000000119209 ], [ 556666.385, 3035016.978000000119209 ], [ 556666.459999999962747, 3035016.753 ], [ 556666.709999999962747, 3035016.453000000212342 ], [ 556666.809999999939464, 3035016.253 ], [ 556666.809999999939464, 3035016.153 ], [ 556666.85999999998603, 3035016.103000000119209 ], [ 556666.85999999998603, 3035015.903 ], [ 556666.76, 3035015.703000000212342 ], [ 556666.76, 3035015.603000000119209 ], [ 556666.660000000032596, 3035015.403 ], [ 556666.559999999939464, 3035015.302999999839813 ], [ 556666.434999999939464, 3035015.028 ], [ 556666.084999999962747, 3035015.078000000212342 ] ] ] } },
{ "type": "Feature", "properties": { "unit_id": "c00210", "method": "watershed", "label": 210, "area_m2": 0.82687499996274705, "height_max_m": 1.2685477733612061, "height_mean_m": 0.88124733148737155, "canopy_cover": 1.0, "volume_m3": 0.72482593014997365, "n_pixels": 329, "data_coverage": 1.0, "vari_mean": 0.27674075973655587, "exg_mean": 0.42247893175116746, "gli_mean": 0.28164558487141889, "height_max_m_pct": 33.707865168539328, "height_mean_m_pct": 22.471910112359549, "volume_m3_pct": 8.239700374531834, "canopy_cover_pct": 69.850187265917612, "vari_mean_pct": 41.947565543071164, "exg_mean_pct": 82.022471910112358, "gli_mean_pct": 80.898876404494374 }, "geometry": { "type": "Polygon", "coordinates": [ [ [ 556665.73499999998603, 3035045.478000000119209 ], [ 556665.635, 3035045.528 ], [ 556665.410000000032596, 3035045.753 ], [ 556665.410000000032596, 3035046.153 ], [ 556665.48499999998603, 3035046.278 ], [ 556665.73499999998603, 3035046.478000000119209 ], [ 556666.084999999962747, 3035046.478000000119209 ], [ 556666.334999999962747, 3035046.278 ], [ 556666.410000000032596, 3035046.153 ], [ 556666.410000000032596, 3035045.803000000305474 ], [ 556666.285000000032596, 3035045.628 ], [ 556666.084999999962747, 3035045.478000000119209 ], [ 556665.73499999998603, 3035045.478000000119209 ] ] ] } },
{ "type": "Feature", "properties": { "unit_id": "c00211", "method": "watershed", "label": 211, "area_m2": 1.4781250000640285, "height_max_m": 1.1260943412780762, "height_mean_m": 0.91581771285296698, "canopy_cover": 1.0, "volume_m3": 1.3576997593075404, "n_pixels": 593, "data_coverage": 1.0, "vari_mean": 0.30235950639985798, "exg_mean": 0.44184717271212082, "gli_mean": 0.29506519943809395, "height_max_m_pct": 19.475655430711612, "height_mean_m_pct": 26.966292134831459, "volume_m3_pct": 23.970037453183522, "canopy_cover_pct": 69.850187265917612, "vari_mean_pct": 59.925093632958806, "exg_mean_pct": 90.262172284644194, "gli_mean_pct": 89.887640449438194 }, "geometry": { "type": "Polygon", "coordinates": [ [ [ 556657.98499999998603, 3035008.628 ], [ 556657.959999999962747, 3035008.703000000212342 ], [ 556657.809999999939464, 3035008.853000000119209 ], [ 556657.559999999939464, 3035009.302999999839813 ], [ 556657.559999999939464, 3035009.453000000212342 ], [ 556657.51, 3035009.503 ], [ 556657.559999999939464, 3035009.552999999839813 ], [ 556657.559999999939464, 3035009.703000000212342 ], [ 556657.834999999962747, 3035009.978000000119209 ], [ 556658.035000000032596, 3035010.028 ], [ 556658.084999999962747, 3035010.078000000212342 ], [ 556658.334999999962747, 3035010.078000000212342 ], [ 556658.385, 3035010.028 ], [ 556658.584999999962747, 3035009.978000000119209 ], [ 556658.809999999939464, 3035009.753 ], [ 556658.85999999998603, 3035009.552999999839813 ], [ 556658.910000000032596, 3035009.503 ], [ 556658.910000000032596, 3035009.203000000212342 ], [ 556658.85999999998603, 3035009.103000000119209 ], [ 556658.584999999962747, 3035008.828000000212342 ], [ 556658.434999999939464, 3035008.778 ], [ 556658.334999999962747, 3035008.677999999839813 ], [ 556658.135, 3035008.578000000212342 ], [ 556657.98499999998603, 3035008.628 ] ] ] } },
{ "type": "Feature", "properties": { "unit_id": "c00212", "method": "watershed", "label": 212, "area_m2": 1.0981249999412104, "height_max_m": 1.1552907228469849, "height_mean_m": 0.90812644603447923, "canopy_cover": 1.0, "volume_m3": 0.99666877452505565, "n_pixels": 439, "data_coverage": 1.0, "vari_mean": 0.26299053270966372, "exg_mean": 0.32429997608091693, "gli_mean": 0.22052723172840871, "height_max_m_pct": 21.348314606741571, "height_mean_m_pct": 25.842696629213485, "volume_m3_pct": 13.857677902621724, "canopy_cover_pct": 69.850187265917612, "vari_mean_pct": 31.086142322097377, "exg_mean_pct": 36.704119850187269, "gli_mean_pct": 35.955056179775283 }, "geometry": { "type": "Polygon", "coordinates": [ [ [ 556666.084999999962747, 3034919.778 ], [ 556665.934999999939464, 3034919.778 ], [ 556665.834999999962747, 3034919.828000000212342 ], [ 556665.709999999962747, 3034919.953000000212342 ], [ 556665.660000000032596, 3034920.052999999839813 ], [ 556665.660000000032596, 3034920.302999999839813 ], [ 556665.709999999962747, 3034920.403 ], [ 556665.885, 3034920.578000000212342 ], [ 556666.084999999962747, 3034920.677999999839813 ], [ 556666.184999999939464, 3034920.677999999839813 ], [ 556666.23499999998603, 3034920.728000000119209 ], [ 556666.334999999962747, 3034920.728000000119209 ], [ 556666.385, 3034920.778 ], [ 556666.73499999998603, 3034920.778 ], [ 556666.834999999962747, 3034920.728000000119209 ], [ 556667.059999999939464, 3034920.453000000212342 ], [ 556667.059999999939464, 3034920.353000000119209 ], [ 556667.01, 3034920.302999999839813 ], [ 556666.959999999962747, 3034920.103000000119209 ], [ 556666.73499999998603, 3034919.878 ], [ 556666.635, 3034919.828000000212342 ], [ 556666.535000000032596, 3034919.828000000212342 ], [ 556666.48499999998603, 3034919.778 ], [ 556666.184999999939464, 3034919.778 ], [ 556666.135, 3034919.728000000119209 ], [ 556666.084999999962747, 3034919.778 ] ] ] } },
{ "type": "Feature", "properties": { "unit_id": "c00213", "method": "watershed", "label": 213, "area_m2": 0.96312500003754387, "height_max_m": 1.2080686092376709, "height_mean_m": 0.96016731547338663, "canopy_cover": 1.0, "volume_m3": 0.94336438745469853, "n_pixels": 393, "data_coverage": 1.0, "vari_mean": 0.16588973443862184, "exg_mean": 0.23805597167302692, "gli_mean": 0.16533647614159763, "height_max_m_pct": 26.591760299625467, "height_mean_m_pct": 35.205992509363298, "volume_m3_pct": 12.734082397003746, "canopy_cover_pct": 69.850187265917612, "vari_mean_pct": 1.4981273408239701, "exg_mean_pct": 4.119850187265917, "gli_mean_pct": 4.119850187265917 }, "geometry": { "type": "Polygon", "coordinates": [ [ [ 556666.385, 3034915.228000000119209 ], [ 556666.26, 3034915.353000000119209 ], [ 556666.209999999962747, 3034915.552999999839813 ], [ 556666.160000000032596, 3034915.603000000119209 ], [ 556666.160000000032596, 3034915.703000000212342 ], [ 556666.209999999962747, 3034915.753 ], [ 556666.26, 3034915.953000000212342 ], [ 556666.385, 3034916.078000000212342 ], [ 556666.584999999962747, 3034916.177999999839813 ], [ 556666.684999999939464, 3034916.177999999839813 ], [ 556666.73499999998603, 3034916.228000000119209 ], [ 556667.184999999939464, 3034916.228000000119209 ], [ 556667.285000000032596, 3034916.177999999839813 ], [ 556667.459999999962747, 3034915.953000000212342 ], [ 556667.459999999962747, 3034915.853000000119209 ], [ 556667.35999999998603, 3034915.653 ], [ 556667.23499999998603, 3034915.528 ], [ 556667.184999999939464, 3034915.528 ], [ 556667.084999999962747, 3034915.427999999839813 ], [ 556666.73499999998603, 3034915.228000000119209 ], [ 556666.385, 3034915.228000000119209 ] ] ] } },
{ "type": "Feature", "properties": { "unit_id": "c00214", "method": "watershed", "label": 214, "area_m2": 1.0312500000698492, "height_max_m": 1.1627163887023926, "height_mean_m": 0.87710112144409769, "canopy_cover": 1.0, "volume_m3": 0.93411269434003963, "n_pixels": 426, "data_coverage": 1.0, "vari_mean": 0.36080184979998775, "exg_mean": 0.43568044063794964, "gli_mean": 0.29305528249592794, "height_max_m_pct": 22.471910112359549, "height_mean_m_pct": 20.973782771535582, "volume_m3_pct": 12.359550561797752, "canopy_cover_pct": 69.850187265917612, "vari_mean_pct": 94.007490636704119, "exg_mean_pct": 88.389513108614238, "gli_mean_pct": 89.138576779026209 }, "geometry": { "type": "Polygon", "coordinates": [ [ [ 556651.084999999962747, 3034944.677999999839813 ], [ 556651.034999999916181, 3034944.728000000119209 ], [ 556650.834999999962747, 3034944.778 ], [ 556650.709999999962747, 3034944.903 ], [ 556650.60999999998603, 3034945.153 ], [ 556650.684999999939464, 3034945.278 ], [ 556651.084999999962747, 3034945.628 ], [ 556651.284999999916181, 3034945.728000000119209 ], [ 556651.584999999962747, 3034945.728000000119209 ], [ 556651.809999999939464, 3034945.503 ], [ 556651.85999999998603, 3034945.403 ], [ 556651.85999999998603, 3034945.302999999839813 ], [ 556651.909999999916181, 3034945.253 ], [ 556651.909999999916181, 3034944.903 ], [ 556651.684999999939464, 3034944.728000000119209 ], [ 556651.48499999998603, 3034944.728000000119209 ], [ 556651.434999999939464, 3034944.677999999839813 ], [ 556651.084999999962747, 3034944.677999999839813 ] ] ] } },
{ "type": "Feature", "properties": { "unit_id": "c00215", "method": "watershed", "label": 215, "area_m2": 1.0987500000515138, "height_max_m": 1.1978564262390137, "height_mean_m": 0.8593044378346778, "canopy_cover": 1.0, "volume_m3": 0.96027270928238617, "n_pixels": 447, "data_coverage": 1.0, "vari_mean": 0.3119360008279311, "exg_mean": 0.3275941015547405, "gli_mean": 0.22451892695800407, "height_max_m_pct": 25.842696629213485, "height_mean_m_pct": 18.726591760299627, "volume_m3_pct": 13.48314606741573, "canopy_cover_pct": 69.850187265917612, "vari_mean_pct": 65.917602996254672, "exg_mean_pct": 39.700374531835209, "gli_mean_pct": 41.947565543071164 }, "geometry": { "type": "Polygon", "coordinates": [ [ [ 556635.534999999916181, 3034961.778 ], [ 556635.48499999998603, 3034961.828000000212342 ], [ 556635.385, 3034961.828000000212342 ], [ 556635.159999999916181, 3034962.052999999839813 ], [ 556635.10999999998603, 3034962.353000000119209 ], [ 556635.159999999916181, 3034962.403 ], [ 556635.159999999916181, 3034962.503 ], [ 556635.48499999998603, 3034962.828000000212342 ], [ 556635.834999999962747, 3034963.028 ], [ 556636.034999999916181, 3034963.028 ], [ 556636.209999999962747, 3034962.802999999839813 ], [ 556636.209999999962747, 3034962.603000000119209 ], [ 556636.26, 3034962.552999999839813 ], [ 556636.26, 3034962.103000000119209 ], [ 556636.084999999962747, 3034961.878 ], [ 556635.885, 3034961.778 ], [ 556635.534999999916181, 3034961.778 ] ] ] } },
{ "type": "Feature", "properties": { "unit_id": "c00216", "method": "watershed", "label": 216, "area_m2": 1.2843750000072758, "height_max_m": 1.1126477718353271, "height_mean_m": 0.93341291663693449, "canopy_cover": 1.0, "volume_m3": 1.190101468714736, "n_pixels": 510, "data_coverage": 1.0, "vari_mean": 0.35149593272400798, "exg_mean": 0.47255589265814041, "gli_mean": 0.31284048037174972, "height_max_m_pct": 18.726591760299627, "height_mean_m_pct": 30.337078651685395, "volume_m3_pct": 17.228464419475657, "canopy_cover_pct": 69.850187265917612, "vari_mean_pct": 89.138576779026209, "exg_mean_pct": 95.880149812734089, "gli_mean_pct": 95.50561797752809 }, "geometry": { "type": "Polygon", "coordinates": [ [ [ 556650.635, 3034999.927999999839813 ], [ 556650.409999999916181, 3035000.153 ], [ 556650.35999999998603, 3035000.253 ], [ 556650.35999999998603, 3035000.453000000212342 ], [ 556650.309999999939464, 3035000.503 ], [ 556650.309999999939464, 3035000.953000000212342 ], [ 556650.35999999998603, 3035001.003 ], [ 556650.35999999998603, 3035001.103000000119209 ], [ 556650.584999999962747, 3035001.278 ], [ 556650.834999999962747, 3035001.278 ], [ 556651.334999999962747, 3035001.028 ], [ 556651.559999999939464, 3035000.802999999839813 ], [ 556651.559999999939464, 3035000.503 ], [ 556651.459999999962747, 3035000.403 ], [ 556651.459999999962747, 3035000.353000000119209 ], [ 556651.23499999998603, 3035000.128 ], [ 556650.885, 3034999.927999999839813 ], [ 556650.635, 3034999.927999999839813 ] ] ] } },
{ "type": "Feature", "properties": { "unit_id": "c00217", "method": "watershed", "label": 217, "area_m2": 1.3918749999994178, "height_max_m": 1.1030638217926025, "height_mean_m": 0.89134752989973698, "canopy_cover": 1.0, "volume_m3": 1.2612567548109304, "n_pixels": 566, "data_coverage": 1.0, "vari_mean": 0.31189920038297397, "exg_mean": 0.40545276289685855, "gli_mean": 0.2739711594161422, "height_max_m_pct": 17.602996254681649, "height_mean_m_pct": 23.220973782771537, "volume_m3_pct": 19.101123595505616, "canopy_cover_pct": 69.850187265917612, "vari_mean_pct": 65.543071161048687, "exg_mean_pct": 74.531835205992508, "gli_mean_pct": 76.779026217228463 }, "geometry": { "type": "Polygon", "coordinates": [ [ [ 556650.635, 3034966.078000000212342 ], [ 556650.584999999962747, 3034966.128 ], [ 556650.48499999998603, 3034966.128 ], [ 556650.209999999962747, 3034966.353000000119209 ], [ 556650.10999999998603, 3034966.552999999839813 ], [ 556650.10999999998603, 3034966.753 ], [ 556650.159999999916181, 3034966.802999999839813 ], [ 556650.159999999916181, 3034966.903 ], [ 556650.48499999998603, 3034967.278 ], [ 556650.584999999962747, 3034967.328000000212342 ], [ 556651.034999999916181, 3034967.328000000212342 ], [ 556651.23499999998603, 3034967.177999999839813 ], [ 556651.284999999916181, 3034967.177999999839813 ], [ 556651.459999999962747, 3034966.953000000212342 ], [ 556651.459999999962747, 3034966.853000000119209 ], [ 556651.51, 3034966.802999999839813 ], [ 556651.51, 3034966.503 ], [ 556651.409999999916181, 3034966.302999999839813 ], [ 556651.284999999916181, 3034966.177999999839813 ], [ 556651.084999999962747, 3034966.128 ], [ 556651.034999999916181, 3034966.078000000212342 ], [ 556650.635, 3034966.078000000212342 ] ] ] } },
{ "type": "Feature", "properties": { "unit_id": "c00218", "method": "watershed", "label": 218, "area_m2": 1.607499999984866, "height_max_m": 1.1118372678756714, "height_mean_m": 0.85077814171090727, "canopy_cover": 1.0, "volume_m3": 1.3612450267404763, "n_pixels": 640, "data_coverage": 1.0, "vari_mean": 0.31197397389484988, "exg_mean": 0.37389973772072388, "gli_mean": 0.25452822270281744, "height_max_m_pct": 18.352059925093634, "height_mean_m_pct": 18.352059925093634, "volume_m3_pct": 24.344569288389515, "canopy_cover_pct": 69.850187265917612, "vari_mean_pct": 66.292134831460672, "exg_mean_pct": 62.921348314606739, "gli_mean_pct": 63.295880149812731 }, "geometry": { "type": "Polygon", "coordinates": [ [ [ 556620.23499999998603, 3035012.378 ], [ 556620.184999999939464, 3035012.427999999839813 ], [ 556620.084999999962747, 3035012.427999999839813 ], [ 556620.009999999892898, 3035012.503 ], [ 556619.959999999962747, 3035012.703000000212342 ], [ 556619.909999999916181, 3035012.753 ], [ 556619.909999999916181, 3035013.052999999839813 ], [ 556619.959999999962747, 3035013.103000000119209 ], [ 556619.959999999962747, 3035013.353000000119209 ], [ 556620.009999999892898, 3035013.403 ], [ 556620.059999999939464, 3035013.603000000119209 ], [ 556620.334999999962747, 3035013.878 ], [ 556620.434999999939464, 3035013.927999999839813 ], [ 556620.784999999916181, 3035013.927999999839813 ], [ 556620.98499999998603, 3035013.828000000212342 ], [ 556621.10999999998603, 3035013.703000000212342 ], [ 556621.10999999998603, 3035013.653 ], [ 556621.259999999892898, 3035013.453000000212342 ], [ 556621.259999999892898, 3035013.302999999839813 ], [ 556621.309999999939464, 3035013.253 ], [ 556621.259999999892898, 3035013.203000000212342 ], [ 556621.209999999962747, 3035013.003 ], [ 556621.059999999939464, 3035012.853000000119209 ], [ 556621.059999999939464, 3035012.802999999839813 ], [ 556620.73499999998603, 3035012.478000000119209 ], [ 556620.534999999916181, 3035012.378 ], [ 556620.23499999998603, 3035012.378 ] ] ] } },
{ "type": "Feature", "properties": { "unit_id": "c00219", "method": "watershed", "label": 219, "area_m2": 2.7243750001152507, "height_max_m": 1.0935406684875488, "height_mean_m": 0.84131360864097426, "canopy_cover": 1.0, "volume_m3": 2.3136124237678199, "n_pixels": 1100, "data_coverage": 1.0, "vari_mean": 0.20655732440682656, "exg_mean": 0.25794310091901462, "gli_mean": 0.17667867140404336, "height_max_m_pct": 17.228464419475657, "height_mean_m_pct": 17.977528089887642, "volume_m3_pct": 40.823970037453186, "canopy_cover_pct": 69.850187265917612, "vari_mean_pct": 7.1161048689138573, "exg_mean_pct": 8.9887640449438209, "gli_mean_pct": 8.9887640449438209 }, "geometry": { "type": "Polygon", "coordinates": [ [ [ 556626.584999999962747, 3034985.828000000212342 ], [ 556626.534999999916181, 3034985.878 ], [ 556626.385, 3034985.878 ], [ 556626.284999999916181, 3034985.927999999839813 ], [ 556626.159999999916181, 3034986.052999999839813 ], [ 556626.10999999998603, 3034986.253 ], [ 556626.159999999916181, 3034986.302999999839813 ], [ 556626.159999999916181, 3034986.453000000212342 ], [ 556626.35999999998603, 3034986.853000000119209 ], [ 556626.459999999962747, 3034986.953000000212342 ], [ 556626.459999999962747, 3034987.003 ], [ 556626.959999999962747, 3034987.503 ], [ 556626.98499999998603, 3034987.578000000212342 ], [ 556627.385, 3034987.578000000212342 ], [ 556627.459999999962747, 3034987.403 ], [ 556627.635, 3034987.278 ], [ 556627.73499999998603, 3034987.278 ], [ 556627.784999999916181, 3034987.228000000119209 ], [ 556627.98499999998603, 3034987.228000000119209 ], [ 556628.034999999916181, 3034987.177999999839813 ], [ 556628.184999999939464, 3034987.177999999839813 ], [ 556628.409999999916181, 3034987.003 ], [ 556628.459999999962747, 3034986.703000000212342 ], [ 556628.409999999916181, 3034986.603000000119209 ], [ 556628.135, 3034986.328000000212342 ], [ 556627.98499999998603, 3034986.278 ], [ 556627.48499999998603, 3034985.927999999839813 ], [ 556627.334999999962747, 3034985.927999999839813 ], [ 556627.284999999916181, 3034985.878 ], [ 556626.885, 3034985.878 ], [ 556626.834999999962747, 3034985.828000000212342 ], [ 556626.584999999962747, 3034985.828000000212342 ] ] ] } },
{ "type": "Feature", "properties": { "unit_id": "c00220", "method": "watershed", "label": 220, "area_m2": 1.3043749999135619, "height_max_m": 1.0827361345291138, "height_mean_m": 0.8792104103655185, "canopy_cover": 1.0, "volume_m3": 1.1649537937369006, "n_pixels": 530, "data_coverage": 1.0, "vari_mean": 0.32609374055763235, "exg_mean": 0.43443418176637116, "gli_mean": 0.29160978695807377, "height_max_m_pct": 16.853932584269664, "height_mean_m_pct": 22.09737827715356, "volume_m3_pct": 16.853932584269664, "canopy_cover_pct": 69.850187265917612, "vari_mean_pct": 76.029962546816478, "exg_mean_pct": 87.640449438202253, "gli_mean_pct": 88.389513108614238 }, "geometry": { "type": "Polygon", "coordinates": [ [ [ 556665.885, 3035026.128 ], [ 556665.834999999962747, 3035026.178000000305474 ], [ 556665.584999999962747, 3035026.178000000305474 ], [ 556665.535000000032596, 3035026.228000000119209 ], [ 556665.434999999939464, 3035026.228000000119209 ], [ 556665.160000000032596, 3035026.453000000212342 ], [ 556665.160000000032596, 3035026.553000000305474 ], [ 556665.10999999998603, 3035026.603000000119209 ], [ 556665.209999999962747, 3035026.903 ], [ 556665.48499999998603, 3035027.178000000305474 ], [ 556665.785000000032596, 3035027.328000000212342 ], [ 556665.885, 3035027.328000000212342 ], [ 556665.934999999939464, 3035027.378 ], [ 556666.135, 3035027.378 ], [ 556666.23499999998603, 3035027.328000000212342 ], [ 556666.410000000032596, 3035027.153 ], [ 556666.459999999962747, 3035027.053000000305474 ], [ 556666.459999999962747, 3035026.903 ], [ 556666.51, 3035026.853000000119209 ], [ 556666.51, 3035026.653 ], [ 556666.459999999962747, 3035026.603000000119209 ], [ 556666.459999999962747, 3035026.503 ], [ 556666.35999999998603, 3035026.303000000305474 ], [ 556666.23499999998603, 3035026.178000000305474 ], [ 556666.135, 3035026.178000000305474 ], [ 556666.084999999962747, 3035026.128 ], [ 556665.885, 3035026.128 ] ] ] } },
{ "type": "Feature", "properties": { "unit_id": "c00221", "method": "watershed", "label": 221, "area_m2": 1.4218750001717124, "height_max_m": 1.0700328350067139, "height_mean_m": 0.89259191088859535, "canopy_cover": 1.0, "volume_m3": 1.2786379123507539, "n_pixels": 573, "data_coverage": 1.0, "vari_mean": 0.3446197188139809, "exg_mean": 0.43531049126970139, "gli_mean": 0.29152815817398997, "height_max_m_pct": 16.104868913857679, "height_mean_m_pct": 23.595505617977526, "volume_m3_pct": 19.475655430711612, "canopy_cover_pct": 69.850187265917612, "vari_mean_pct": 84.644194756554299, "exg_mean_pct": 88.014981273408239, "gli_mean_pct": 88.014981273408239 }, "geometry": { "type": "Polygon", "coordinates": [ [ [ 556658.184999999939464, 3034974.677999999839813 ], [ 556658.084999999962747, 3034974.728000000119209 ], [ 556657.910000000032596, 3034974.903 ], [ 556657.809999999939464, 3034975.103000000119209 ], [ 556657.809999999939464, 3034975.403 ], [ 556657.910000000032596, 3034975.603000000119209 ], [ 556658.23499999998603, 3034975.927999999839813 ], [ 556658.334999999962747, 3034975.978000000119209 ], [ 556658.635, 3034975.978000000119209 ], [ 556658.684999999939464, 3034975.927999999839813 ], [ 556658.885, 3034975.878 ], [ 556658.98499999998603, 3034975.778 ], [ 556659.035000000032596, 3034975.778 ], [ 556659.26, 3034975.503 ], [ 556659.26, 3034975.302999999839813 ], [ 556659.160000000032596, 3034975.103000000119209 ], [ 556658.98499999998603, 3034974.927999999839813 ], [ 556658.535000000032596, 3034974.677999999839813 ], [ 556658.184999999939464, 3034974.677999999839813 ] ] ] } },
{ "type": "Feature", "properties": { "unit_id": "c00222", "method": "watershed", "label": 222, "area_m2": 0.9399999999362626, "height_max_m": 1.0778305530548096, "height_mean_m": 0.92590466932700721, "canopy_cover": 1.0, "volume_m3": 0.8634061041493527, "n_pixels": 373, "data_coverage": 1.0, "vari_mean": 0.32344174749569615, "exg_mean": 0.42346091623492599, "gli_mean": 0.2848396973676845, "height_max_m_pct": 16.479400749063668, "height_mean_m_pct": 28.838951310861422, "volume_m3_pct": 11.235955056179774, "canopy_cover_pct": 69.850187265917612, "vari_mean_pct": 72.659176029962552, "exg_mean_pct": 83.146067415730343, "gli_mean_pct": 84.269662921348313 }, "geometry": { "type": "Polygon", "coordinates": [ [ [ 556650.434999999939464, 3035012.828000000212342 ], [ 556650.209999999962747, 3035013.052999999839813 ], [ 556650.159999999916181, 3035013.253 ], [ 556650.10999999998603, 3035013.302999999839813 ], [ 556650.10999999998603, 3035013.403 ], [ 556650.059999999939464, 3035013.453000000212342 ], [ 556650.059999999939464, 3035013.653 ], [ 556650.10999999998603, 3035013.753 ], [ 556650.23499999998603, 3035013.878 ], [ 556650.334999999962747, 3035013.927999999839813 ], [ 556650.48499999998603, 3035013.927999999839813 ], [ 556650.534999999916181, 3035013.978000000119209 ], [ 556650.834999999962747, 3035013.927999999839813 ], [ 556651.01, 3035013.753 ], [ 556651.059999999939464, 3035013.653 ], [ 556651.059999999939464, 3035013.453000000212342 ], [ 556651.10999999998603, 3035013.403 ], [ 556651.01, 3035013.003 ], [ 556650.885, 3035012.878 ], [ 556650.684999999939464, 3035012.828000000212342 ], [ 556650.635, 3035012.778 ], [ 556650.434999999939464, 3035012.828000000212342 ] ] ] } },
{ "type": "Feature", "properties": { "unit_id": "c00223", "method": "watershed", "label": 223, "area_m2": 1.6862500000034923, "height_max_m": 1.1234081983566284, "height_mean_m": 0.81624769184150192, "canopy_cover": 1.0, "volume_m3": 1.3957835530520697, "n_pixels": 684, "data_coverage": 1.0, "vari_mean": 0.26170682659043237, "exg_mean": 0.340493283375499, "gli_mean": 0.23311439651291002, "height_max_m_pct": 19.101123595505616, "height_mean_m_pct": 16.104868913857679, "volume_m3_pct": 25.468164794007492, "canopy_cover_pct": 69.850187265917612, "vari_mean_pct": 30.337078651685395, "exg_mean_pct": 47.940074906367045, "gli_mean_pct": 47.940074906367045 }, "geometry": { "type": "Polygon", "coordinates": [ [ [ 556627.48499999998603, 3035031.828000000212342 ], [ 556627.385, 3035031.878 ], [ 556626.98499999998603, 3035032.228000000119209 ], [ 556626.709999999962747, 3035032.553000000305474 ], [ 556626.659999999916181, 3035032.753 ], [ 556626.60999999998603, 3035032.803000000305474 ], [ 556626.60999999998603, 3035032.953000000212342 ], [ 556626.659999999916181, 3035033.053000000305474 ], [ 556626.885, 3035033.278 ], [ 556626.98499999998603, 3035033.328000000212342 ], [ 556627.48499999998603, 3035033.328000000212342 ], [ 556627.784999999916181, 3035033.178000000305474 ], [ 556628.01, 3035032.953000000212342 ], [ 556628.159999999916181, 3035032.653 ], [ 556628.159999999916181, 3035032.303000000305474 ], [ 556628.01, 3035032.103000000119209 ], [ 556628.01, 3035032.053000000305474 ], [ 556627.73499999998603, 3035031.828000000212342 ], [ 556627.48499999998603, 3035031.828000000212342 ] ] ] } },
{ "type": "Feature", "properties": { "unit_id": "c00224", "method": "watershed", "label": 224, "area_m2": 2.7325000001769513, "height_max_m": 1.0491411685943604, "height_mean_m": 0.81302927050421758, "canopy_cover": 1.0, "volume_m3": 2.2398956402440966, "n_pixels": 1102, "data_coverage": 1.0, "vari_mean": 0.27254649692782434, "exg_mean": 0.31898982764988809, "gli_mean": 0.21768848016051309, "height_max_m_pct": 15.355805243445692, "height_mean_m_pct": 15.730337078651685, "volume_m3_pct": 39.700374531835209, "canopy_cover_pct": 69.850187265917612, "vari_mean_pct": 38.202247191011232, "exg_mean_pct": 32.958801498127336, "gli_mean_pct": 33.333333333333329 }, "geometry": { "type": "Polygon", "coordinates": [ [ [ 556634.684999999939464, 3034946.628 ], [ 556634.584999999962747, 3034946.677999999839813 ], [ 556634.51, 3034946.753 ], [ 556634.409999999916181, 3034946.953000000212342 ], [ 556634.409999999916181, 3034947.052999999839813 ], [ 556634.35999999998603, 3034947.103000000119209 ], [ 556634.35999999998603, 3034947.503 ], [ 556634.409999999916181, 3034947.552999999839813 ], [ 556634.409999999916181, 3034947.853000000119209 ], [ 556634.459999999962747, 3034947.903 ], [ 556634.51, 3034948.103000000119209 ], [ 556634.76, 3034948.403 ], [ 556634.885, 3034948.478000000119209 ], [ 556635.73499999998603, 3034948.478000000119209 ], [ 556635.934999999939464, 3034948.378 ], [ 556636.159999999916181, 3034948.103000000119209 ], [ 556636.209999999962747, 3034947.853000000119209 ], [ 556636.26, 3034947.802999999839813 ], [ 556636.26, 3034947.403 ], [ 556636.209999999962747, 3034947.302999999839813 ], [ 556635.98499999998603, 3034947.078000000212342 ], [ 556635.784999999916181, 3034947.028 ], [ 556635.73499999998603, 3034946.978000000119209 ], [ 556635.635, 3034946.978000000119209 ], [ 556635.584999999962747, 3034946.927999999839813 ], [ 556635.434999999939464, 3034946.927999999839813 ], [ 556635.135, 3034946.778 ], [ 556634.934999999939464, 3034946.628 ], [ 556634.684999999939464, 3034946.628 ] ] ] } },
{ "type": "Feature", "properties": { "unit_id": "c00225", "method": "watershed", "label": 225, "area_m2": 1.7331250000762521, "height_max_m": 1.0046958923339844, "height_mean_m": 0.82321759122497951, "canopy_cover": 1.0, "volume_m3": 1.4221083888443122, "n_pixels": 691, "data_coverage": 1.0, "vari_mean": 0.26310263295751074, "exg_mean": 0.28514725522317991, "gli_mean": 0.1975420555553484, "height_max_m_pct": 14.232209737827715, "height_mean_m_pct": 16.479400749063668, "volume_m3_pct": 26.217228464419474, "canopy_cover_pct": 69.850187265917612, "vari_mean_pct": 31.460674157303369, "exg_mean_pct": 14.981273408239701, "gli_mean_pct": 15.730337078651685 }, "geometry": { "type": "Polygon", "coordinates": [ [ [ 556620.434999999939464, 3034983.278 ], [ 556620.034999999916181, 3034983.478000000119209 ], [ 556619.534999999916181, 3034983.528 ], [ 556619.409999999916181, 3034983.653 ], [ 556619.409999999916181, 3034983.953000000212342 ], [ 556619.509999999892898, 3034984.153 ], [ 556619.509999999892898, 3034984.253 ], [ 556619.60999999998603, 3034984.453000000212342 ], [ 556619.784999999916181, 3034984.628 ], [ 556619.884999999892898, 3034984.628 ], [ 556619.934999999939464, 3034984.677999999839813 ], [ 556620.134999999892898, 3034984.677999999839813 ], [ 556620.184999999939464, 3034984.628 ], [ 556620.384999999892898, 3034984.628 ], [ 556620.684999999939464, 3034984.478000000119209 ], [ 556620.809999999939464, 3034984.353000000119209 ], [ 556621.059999999939464, 3034983.853000000119209 ], [ 556621.059999999939464, 3034983.603000000119209 ], [ 556621.009999999892898, 3034983.552999999839813 ], [ 556621.009999999892898, 3034983.453000000212342 ], [ 556620.784999999916181, 3034983.278 ], [ 556620.434999999939464, 3034983.278 ] ] ] } },
{ "type": "Feature", "properties": { "unit_id": "c00226", "method": "watershed", "label": 226, "area_m2": 2.3399999999260763, "height_max_m": 1.1055161952972412, "height_mean_m": 0.71238597352097921, "canopy_cover": 1.0, "volume_m3": 1.6491735287047316, "n_pixels": 926, "data_coverage": 1.0, "vari_mean": 0.19602984141735583, "exg_mean": 0.21812933612321125, "gli_mean": 0.15118637717521849, "height_max_m_pct": 17.977528089887642, "height_mean_m_pct": 6.3670411985018731, "volume_m3_pct": 28.838951310861422, "canopy_cover_pct": 69.850187265917612, "vari_mean_pct": 4.119850187265917, "exg_mean_pct": 2.2471910112359552, "gli_mean_pct": 2.6217228464419478 }, "geometry": { "type": "Polygon", "coordinates": [ [ [ 556611.73499999998603, 3034989.828000000212342 ], [ 556611.709999999962747, 3034989.953000000212342 ], [ 556611.60999999998603, 3034990.052999999839813 ], [ 556611.509999999892898, 3034990.253 ], [ 556611.509999999892898, 3034990.353000000119209 ], [ 556611.459999999962747, 3034990.403 ], [ 556611.459999999962747, 3034991.003 ], [ 556611.509999999892898, 3034991.052999999839813 ], [ 556611.509999999892898, 3034991.302999999839813 ], [ 556611.60999999998603, 3034991.503 ], [ 556611.60999999998603, 3034991.603000000119209 ], [ 556611.73499999998603, 3034991.778 ], [ 556612.23499999998603, 3034991.778 ], [ 556612.284999999916181, 3034991.828000000212342 ], [ 556612.434999999939464, 3034991.828000000212342 ], [ 556612.48499999998603, 3034991.778 ], [ 556612.684999999939464, 3034991.778 ], [ 556613.084999999962747, 3034991.578000000212342 ], [ 556613.259999999892898, 3034991.403 ], [ 556613.259999999892898, 3034991.103000000119209 ], [ 556613.084999999962747, 3034990.878 ], [ 556612.584999999962747, 3034990.677999999839813 ], [ 556612.409999999916181, 3034990.503 ], [ 556612.35999999998603, 3034990.353000000119209 ], [ 556612.259999999892898, 3034990.253 ], [ 556612.159999999916181, 3034990.052999999839813 ], [ 556612.134999999892898, 3034989.828000000212342 ], [ 556611.73499999998603, 3034989.828000000212342 ] ] ] } },
{ "type": "Feature", "properties": { "unit_id": "c00227", "method": "watershed", "label": 227, "area_m2": 0.96187500005849857, "height_max_m": 1.0496792793273926, "height_mean_m": 0.83274342069895535, "canopy_cover": 1.0, "volume_m3": 0.80984297663153348, "n_pixels": 389, "data_coverage": 1.0, "vari_mean": 0.35126972513782923, "exg_mean": 0.41668125510300202, "gli_mean": 0.28050964434948727, "height_max_m_pct": 15.730337078651685, "height_mean_m_pct": 16.853932584269664, "volume_m3_pct": 9.3632958801498134, "canopy_cover_pct": 69.850187265917612, "vari_mean_pct": 88.764044943820224, "exg_mean_pct": 79.775280898876403, "gli_mean_pct": 80.149812734082388 }, "geometry": { "type": "Polygon", "coordinates": [ [ [ 556620.034999999916181, 3035009.927999999839813 ], [ 556619.98499999998603, 3035009.978000000119209 ], [ 556619.884999999892898, 3035009.978000000119209 ], [ 556619.559999999939464, 3035010.203000000212342 ], [ 556619.509999999892898, 3035010.302999999839813 ], [ 556619.509999999892898, 3035010.453000000212342 ], [ 556619.459999999962747, 3035010.503 ], [ 556619.459999999962747, 3035010.753 ], [ 556619.584999999962747, 3035010.927999999839813 ], [ 556619.784999999916181, 3035011.028 ], [ 556619.884999999892898, 3035011.028 ], [ 556619.934999999939464, 3035011.078000000212342 ], [ 556620.23499999998603, 3035011.078000000212342 ], [ 556620.459999999962747, 3035010.853000000119209 ], [ 556620.459999999962747, 3035010.753 ], [ 556620.509999999892898, 3035010.703000000212342 ], [ 556620.509999999892898, 3035010.403 ], [ 556620.459999999962747, 3035010.353000000119209 ], [ 556620.409999999916181, 3035010.052999999839813 ], [ 556620.284999999916181, 3035009.927999999839813 ], [ 556620.034999999916181, 3035009.927999999839813 ] ] ] } },
{ "type": "Feature", "properties": { "unit_id": "c00228", "method": "watershed", "label": 228, "area_m2": 1.3437499999199645, "height_max_m": 1.0009366273880005, "height_mean_m": 0.83626792766494329, "canopy_cover": 1.0, "volume_m3": 1.1435963910843512, "n_pixels": 547, "data_coverage": 1.0, "vari_mean": 0.34502956279068514, "exg_mean": 0.36245733665762736, "gli_mean": 0.2469500772524168, "height_max_m_pct": 13.857677902621724, "height_mean_m_pct": 17.228464419475657, "volume_m3_pct": 16.479400749063668, "canopy_cover_pct": 69.850187265917612, "vari_mean_pct": 85.393258426966284, "exg_mean_pct": 58.426966292134829, "gli_mean_pct": 59.176029962546814 }, "geometry": { "type": "Polygon", "coordinates": [ [ [ 556620.084999999962747, 3034966.328000000212342 ], [ 556619.85999999998603, 3034966.552999999839813 ], [ 556619.809999999939464, 3034966.653 ], [ 556619.809999999939464, 3034967.103000000119209 ], [ 556619.85999999998603, 3034967.203000000212342 ], [ 556619.98499999998603, 3034967.278 ], [ 556620.23499999998603, 3034967.328000000212342 ], [ 556620.284999999916181, 3034967.378 ], [ 556620.48499999998603, 3034967.378 ], [ 556620.534999999916181, 3034967.328000000212342 ], [ 556620.73499999998603, 3034967.328000000212342 ], [ 556620.934999999939464, 3034967.228000000119209 ], [ 556621.184999999939464, 3034967.228000000119209 ], [ 556621.284999999916181, 3034967.177999999839813 ], [ 556621.35999999998603, 3034967.052999999839813 ], [ 556621.35999999998603, 3034966.903 ], [ 556621.259999999892898, 3034966.703000000212342 ], [ 556621.259999999892898, 3034966.603000000119209 ], [ 556621.034999999916181, 3034966.378 ], [ 556620.934999999939464, 3034966.378 ], [ 556620.884999999892898, 3034966.328000000212342 ], [ 556620.084999999962747, 3034966.328000000212342 ] ] ] } },
{ "type": "Feature", "properties": { "unit_id": "c00229", "method": "watershed", "label": 229, "area_m2": 1.3937500000247383, "height_max_m": 1.0269036293029785, "height_mean_m": 0.74926331485505626, "canopy_cover": 1.0, "volume_m3": 1.0527149573736934, "n_pixels": 562, "data_coverage": 1.0, "vari_mean": 0.32208975438499515, "exg_mean": 0.34530067326488539, "gli_mean": 0.23578399690684385, "height_max_m_pct": 14.606741573033707, "height_mean_m_pct": 9.7378277153558059, "volume_m3_pct": 15.355805243445692, "canopy_cover_pct": 69.850187265917612, "vari_mean_pct": 71.161048689138568, "exg_mean_pct": 49.063670411985015, "gli_mean_pct": 50.561797752808992 }, "geometry": { "type": "Polygon", "coordinates": [ [ [ 556620.134999999892898, 3034988.177999999839813 ], [ 556619.934999999939464, 3034988.278 ], [ 556619.784999999916181, 3034988.427999999839813 ], [ 556619.709999999962747, 3034988.453000000212342 ], [ 556619.709999999962747, 3034988.503 ], [ 556619.60999999998603, 3034988.603000000119209 ], [ 556619.559999999939464, 3034988.853000000119209 ], [ 556619.60999999998603, 3034988.953000000212342 ], [ 556619.834999999962747, 3034989.177999999839813 ], [ 556620.134999999892898, 3034989.328000000212342 ], [ 556620.384999999892898, 3034989.378 ], [ 556620.434999999939464, 3034989.427999999839813 ], [ 556620.73499999998603, 3034989.427999999839813 ], [ 556620.909999999916181, 3034989.253 ], [ 556620.959999999962747, 3034989.052999999839813 ], [ 556621.009999999892898, 3034989.003 ], [ 556621.009999999892898, 3034988.552999999839813 ], [ 556620.834999999962747, 3034988.328000000212342 ], [ 556620.534999999916181, 3034988.177999999839813 ], [ 556620.134999999892898, 3034988.177999999839813 ] ] ] } },
{ "type": "Feature", "properties": { "unit_id": "c00230", "method": "watershed", "label": 230, "area_m2": 1.0362499998274142, "height_max_m": 1.1264742612838745, "height_mean_m": 0.86656513838075644, "canopy_cover": 1.0, "volume_m3": 0.92505828522351297, "n_pixels": 427, "data_coverage": 1.0, "vari_mean": 0.26545599812683968, "exg_mean": 0.34852423058419724, "gli_mean": 0.23719828253235709, "height_max_m_pct": 19.850187265917604, "height_mean_m_pct": 19.101123595505616, "volume_m3_pct": 11.985018726591761, "canopy_cover_pct": 69.850187265917612, "vari_mean_pct": 33.707865168539328, "exg_mean_pct": 50.561797752808992, "gli_mean_pct": 51.68539325842697 }, "geometry": { "type": "Polygon", "coordinates": [ [ [ 556643.885, 3034919.078000000212342 ], [ 556643.334999999962747, 3034919.078000000212342 ], [ 556643.284999999916181, 3034919.128 ], [ 556643.184999999939464, 3034919.128 ], [ 556643.059999999939464, 3034919.253 ], [ 556643.01, 3034919.353000000119209 ], [ 556643.01, 3034919.503 ], [ 556643.10999999998603, 3034919.703000000212342 ], [ 556643.284999999916181, 3034919.878 ], [ 556643.48499999998603, 3034919.927999999839813 ], [ 556643.534999999916181, 3034919.978000000119209 ], [ 556643.885, 3034919.978000000119209 ], [ 556643.934999999939464, 3034919.927999999839813 ], [ 556644.135, 3034919.878 ], [ 556644.35999999998603, 3034919.653 ], [ 556644.409999999916181, 3034919.552999999839813 ], [ 556644.409999999916181, 3034919.302999999839813 ], [ 556644.184999999939464, 3034919.078000000212342 ], [ 556643.98499999998603, 3034919.078000000212342 ], [ 556643.934999999939464, 3034919.028 ], [ 556643.885, 3034919.078000000212342 ] ] ] } },
{ "type": "Feature", "properties": { "unit_id": "c00231", "method": "watershed", "label": 231, "area_m2": 1.281249999886495, "height_max_m": 0.97760504484176636, "height_mean_m": 0.80303642561193556, "canopy_cover": 1.0, "volume_m3": 1.0278866247855616, "n_pixels": 512, "data_coverage": 1.0, "vari_mean": 0.32713793046289458, "exg_mean": 0.41878319651437546, "gli_mean": 0.28208210372599596, "height_max_m_pct": 12.359550561797752, "height_mean_m_pct": 14.981273408239701, "volume_m3_pct": 14.606741573033707, "canopy_cover_pct": 69.850187265917612, "vari_mean_pct": 76.404494382022463, "exg_mean_pct": 80.898876404494374, "gli_mean_pct": 82.397003745318358 }, "geometry": { "type": "Polygon", "coordinates": [ [ [ 556643.48499999998603, 3034931.478000000119209 ], [ 556643.385, 3034931.478000000119209 ], [ 556643.01, 3034931.853000000119209 ], [ 556642.959999999962747, 3034931.953000000212342 ], [ 556642.959999999962747, 3034932.403 ], [ 556643.135, 3034932.677999999839813 ], [ 556643.334999999962747, 3034932.778 ], [ 556643.434999999939464, 3034932.778 ], [ 556643.48499999998603, 3034932.828000000212342 ], [ 556643.784999999916181, 3034932.828000000212342 ], [ 556643.834999999962747, 3034932.778 ], [ 556643.934999999939464, 3034932.778 ], [ 556644.209999999962747, 3034932.552999999839813 ], [ 556644.26, 3034932.453000000212342 ], [ 556644.26, 3034932.302999999839813 ], [ 556644.159999999916181, 3034932.103000000119209 ], [ 556643.959999999962747, 3034931.903 ], [ 556643.959999999962747, 3034931.853000000119209 ], [ 556643.809999999939464, 3034931.703000000212342 ], [ 556643.809999999939464, 3034931.653 ], [ 556643.534999999916181, 3034931.427999999839813 ], [ 556643.48499999998603, 3034931.478000000119209 ] ] ] } },
{ "type": "Feature", "properties": { "unit_id": "c00232", "method": "watershed", "label": 232, "area_m2": 1.7831250001300942, "height_max_m": 0.96975719928741455, "height_mean_m": 0.80152279783727065, "canopy_cover": 1.0, "volume_m3": 1.4347258081319025, "n_pixels": 716, "data_coverage": 1.0, "vari_mean": 0.20624181404479519, "exg_mean": 0.24912216083530314, "gli_mean": 0.17243542416357616, "height_max_m_pct": 11.985018726591761, "height_mean_m_pct": 14.606741573033707, "volume_m3_pct": 26.591760299625467, "canopy_cover_pct": 69.850187265917612, "vari_mean_pct": 6.7415730337078648, "exg_mean_pct": 7.4906367041198507, "gli_mean_pct": 7.4906367041198507 }, "geometry": { "type": "Polygon", "coordinates": [ [ [ 556627.834999999962747, 3034927.228000000119209 ], [ 556627.184999999939464, 3034927.528 ], [ 556626.959999999962747, 3034927.753 ], [ 556626.959999999962747, 3034927.853000000119209 ], [ 556626.909999999916181, 3034927.903 ], [ 556626.959999999962747, 3034927.953000000212342 ], [ 556626.959999999962747, 3034928.103000000119209 ], [ 556627.01, 3034928.203000000212342 ], [ 556627.51, 3034928.703000000212342 ], [ 556627.51, 3034928.753 ], [ 556627.584999999962747, 3034928.828000000212342 ], [ 556627.73499999998603, 3034928.828000000212342 ], [ 556628.034999999916181, 3034928.478000000119209 ], [ 556628.534999999916181, 3034928.228000000119209 ], [ 556628.659999999916181, 3034928.103000000119209 ], [ 556628.659999999916181, 3034927.953000000212342 ], [ 556628.459999999962747, 3034927.552999999839813 ], [ 556628.284999999916181, 3034927.328000000212342 ], [ 556628.084999999962747, 3034927.228000000119209 ], [ 556627.834999999962747, 3034927.228000000119209 ] ] ] } },
{ "type": "Feature", "properties": { "unit_id": "c00233", "method": "watershed", "label": 233, "area_m2": 1.3099999999589635, "height_max_m": 0.98679083585739136, "height_mean_m": 0.79509881549868089, "canopy_cover": 1.0, "volume_m3": 1.0376039542280842, "n_pixels": 522, "data_coverage": 1.0, "vari_mean": 0.31359553311433447, "exg_mean": 0.40776499672009237, "gli_mean": 0.2738135502261036, "height_max_m_pct": 12.734082397003746, "height_mean_m_pct": 14.232209737827715, "volume_m3_pct": 14.981273408239701, "canopy_cover_pct": 69.850187265917612, "vari_mean_pct": 68.164794007490642, "exg_mean_pct": 76.029962546816478, "gli_mean_pct": 76.029962546816478 }, "geometry": { "type": "Polygon", "coordinates": [ [ [ 556666.184999999939464, 3035024.128 ], [ 556666.135, 3035024.178000000305474 ], [ 556666.035000000032596, 3035024.178000000305474 ], [ 556665.434999999939464, 3035024.478000000119209 ], [ 556665.309999999939464, 3035024.653 ], [ 556665.309999999939464, 3035024.853000000119209 ], [ 556665.35999999998603, 3035024.953000000212342 ], [ 556665.48499999998603, 3035025.078000000212342 ], [ 556665.684999999939464, 3035025.128 ], [ 556665.73499999998603, 3035025.178000000305474 ], [ 556665.834999999962747, 3035025.178000000305474 ], [ 556665.885, 3035025.228000000119209 ], [ 556666.035000000032596, 3035025.228000000119209 ], [ 556666.084999999962747, 3035025.278 ], [ 556666.434999999939464, 3035025.278 ], [ 556666.76, 3035024.953000000212342 ], [ 556666.809999999939464, 3035024.853000000119209 ], [ 556666.809999999939464, 3035024.503 ], [ 556666.76, 3035024.403 ], [ 556666.51, 3035024.153 ], [ 556666.385, 3035024.078000000212342 ], [ 556666.184999999939464, 3035024.128 ] ] ] } },
{ "type": "Feature", "properties": { "unit_id": "c00234", "method": "watershed", "label": 234, "area_m2": 3.0887500000125145, "height_max_m": 1.0297056436538696, "height_mean_m": 0.7284030441778252, "canopy_cover": 1.0, "volume_m3": 2.2671544750085184, "n_pixels": 1245, "data_coverage": 1.0, "vari_mean": 0.2130936922276733, "exg_mean": 0.25585387138534055, "gli_mean": 0.17431794172183845, "height_max_m_pct": 14.981273408239701, "height_mean_m_pct": 7.8651685393258424, "volume_m3_pct": 40.074906367041194, "canopy_cover_pct": 69.850187265917612, "vari_mean_pct": 8.9887640449438209, "exg_mean_pct": 8.239700374531834, "gli_mean_pct": 8.239700374531834 }, "geometry": { "type": "Polygon", "coordinates": [ [ [ 556627.434999999939464, 3034946.677999999839813 ], [ 556627.334999999962747, 3034946.778 ], [ 556627.284999999916181, 3034946.778 ], [ 556627.059999999939464, 3034947.003 ], [ 556627.059999999939464, 3034947.103000000119209 ], [ 556627.01, 3034947.153 ], [ 556627.01, 3034947.503 ], [ 556627.059999999939464, 3034947.552999999839813 ], [ 556627.059999999939464, 3034947.802999999839813 ], [ 556627.10999999998603, 3034947.853000000119209 ], [ 556627.159999999916181, 3034948.153 ], [ 556627.309999999939464, 3034948.453000000212342 ], [ 556627.26, 3034948.753 ], [ 556627.10999999998603, 3034949.003 ], [ 556627.10999999998603, 3034949.302999999839813 ], [ 556627.409999999916181, 3034949.703000000212342 ], [ 556627.559999999939464, 3034950.153 ], [ 556627.834999999962747, 3034950.378 ], [ 556628.135, 3034950.378 ], [ 556628.26, 3034950.253 ], [ 556628.26, 3034950.153 ], [ 556628.209999999962747, 3034950.103000000119209 ], [ 556628.209999999962747, 3034950.003 ], [ 556628.059999999939464, 3034949.703000000212342 ], [ 556628.10999999998603, 3034949.253 ], [ 556627.959999999962747, 3034949.052999999839813 ], [ 556627.809999999939464, 3034948.753 ], [ 556627.809999999939464, 3034948.552999999839813 ], [ 556627.959999999962747, 3034948.353000000119209 ], [ 556628.01, 3034948.153 ], [ 556628.059999999939464, 3034948.103000000119209 ], [ 556628.059999999939464, 3034947.653 ], [ 556628.10999999998603, 3034947.603000000119209 ], [ 556628.10999999998603, 3034947.302999999839813 ], [ 556628.159999999916181, 3034947.253 ], [ 556628.159999999916181, 3034946.853000000119209 ], [ 556627.98499999998603, 3034946.628 ], [ 556627.885, 3034946.628 ], [ 556627.834999999962747, 3034946.578000000212342 ], [ 556627.434999999939464, 3034946.677999999839813 ] ] ] } },
{ "type": "Feature", "properties": { "unit_id": "c00235", "method": "watershed", "label": 235, "area_m2": 1.7368750001501758, "height_max_m": 0.96791517734527588, "height_mean_m": 0.73574894484121911, "canopy_cover": 1.0, "volume_m3": 1.2912393981992087, "n_pixels": 702, "data_coverage": 1.0, "vari_mean": 0.25051154333442521, "exg_mean": 0.311952360225554, "gli_mean": 0.21501484686652936, "height_max_m_pct": 11.610486891385769, "height_mean_m_pct": 8.9887640449438209, "volume_m3_pct": 19.850187265917604, "canopy_cover_pct": 69.850187265917612, "vari_mean_pct": 22.471910112359549, "exg_mean_pct": 28.838951310861422, "gli_mean_pct": 31.086142322097377 }, "geometry": { "type": "Polygon", "coordinates": [ [ [ 556627.135, 3035029.528 ], [ 556627.084999999962747, 3035029.578000000212342 ], [ 556626.98499999998603, 3035029.578000000212342 ], [ 556626.76, 3035029.753 ], [ 556626.709999999962747, 3035029.853000000119209 ], [ 556626.709999999962747, 3035029.953000000212342 ], [ 556626.659999999916181, 3035030.003 ], [ 556626.659999999916181, 3035030.253 ], [ 556626.60999999998603, 3035030.303000000305474 ], [ 556626.659999999916181, 3035030.503 ], [ 556626.885, 3035030.778 ], [ 556627.084999999962747, 3035030.878 ], [ 556627.434999999939464, 3035030.828000000212342 ], [ 556627.73499999998603, 3035030.678000000305474 ], [ 556628.209999999962747, 3035030.303000000305474 ], [ 556628.209999999962747, 3035030.253 ], [ 556628.35999999998603, 3035030.053000000305474 ], [ 556628.35999999998603, 3035029.903 ], [ 556628.184999999939464, 3035029.678000000305474 ], [ 556627.98499999998603, 3035029.628 ], [ 556627.934999999939464, 3035029.578000000212342 ], [ 556627.684999999939464, 3035029.578000000212342 ], [ 556627.635, 3035029.528 ], [ 556627.135, 3035029.528 ] ] ] } },
{ "type": "Feature", "properties": { "unit_id": "c00236", "method": "watershed", "label": 236, "area_m2": 1.008749999977008, "height_max_m": 0.96473079919815063, "height_mean_m": 0.78696935402782187, "canopy_cover": 1.0, "volume_m3": 0.78893677741464441, "n_pixels": 401, "data_coverage": 1.0, "vari_mean": 0.25522290981083495, "exg_mean": 0.35174795993277591, "gli_mean": 0.23753359913161851, "height_max_m_pct": 10.861423220973784, "height_mean_m_pct": 12.359550561797752, "volume_m3_pct": 8.9887640449438209, "canopy_cover_pct": 69.850187265917612, "vari_mean_pct": 26.217228464419474, "exg_mean_pct": 51.68539325842697, "gli_mean_pct": 52.059925093632963 }, "geometry": { "type": "Polygon", "coordinates": [ [ [ 556657.934999999939464, 3035028.378 ], [ 556657.809999999939464, 3035028.503 ], [ 556657.76, 3035028.703000000212342 ], [ 556657.709999999962747, 3035028.753 ], [ 556657.709999999962747, 3035029.003 ], [ 556657.76, 3035029.053000000305474 ], [ 556657.76, 3035029.203000000212342 ], [ 556657.934999999939464, 3035029.428000000305474 ], [ 556658.135, 3035029.528 ], [ 556658.334999999962747, 3035029.528 ], [ 556658.434999999939464, 3035029.478000000119209 ], [ 556658.76, 3035029.153 ], [ 556658.809999999939464, 3035029.053000000305474 ], [ 556658.809999999939464, 3035028.753 ], [ 556658.584999999962747, 3035028.478000000119209 ], [ 556658.385, 3035028.378 ], [ 556658.285000000032596, 3035028.378 ], [ 556658.23499999998603, 3035028.328000000212342 ], [ 556657.934999999939464, 3035028.378 ] ] ] } },
{ "type": "Feature", "properties": { "unit_id": "c00237", "method": "watershed", "label": 237, "area_m2": 1.0443750000520957, "height_max_m": 0.96746343374252319, "height_mean_m": 0.78916133815747169, "canopy_cover": 1.0, "volume_m3": 0.82664650172178844, "n_pixels": 419, "data_coverage": 1.0, "vari_mean": 0.28300467794378947, "exg_mean": 0.38130465168462757, "gli_mean": 0.2569791250520651, "height_max_m_pct": 11.235955056179774, "height_mean_m_pct": 13.108614232209737, "volume_m3_pct": 10.112359550561797, "canopy_cover_pct": 69.850187265917612, "vari_mean_pct": 48.314606741573037, "exg_mean_pct": 64.794007490636702, "gli_mean_pct": 64.794007490636702 }, "geometry": { "type": "Polygon", "coordinates": [ [ [ 556643.23499999998603, 3034927.528 ], [ 556643.084999999962747, 3034927.528 ], [ 556642.809999999939464, 3034927.802999999839813 ], [ 556642.809999999939464, 3034927.903 ], [ 556642.76, 3034927.953000000212342 ], [ 556642.76, 3034928.153 ], [ 556642.909999999916181, 3034928.453000000212342 ], [ 556643.034999999916181, 3034928.578000000212342 ], [ 556643.23499999998603, 3034928.628 ], [ 556643.284999999916181, 3034928.677999999839813 ], [ 556643.73499999998603, 3034928.528 ], [ 556643.909999999916181, 3034928.403 ], [ 556643.959999999962747, 3034928.302999999839813 ], [ 556643.959999999962747, 3034928.103000000119209 ], [ 556643.809999999939464, 3034927.802999999839813 ], [ 556643.534999999916181, 3034927.528 ], [ 556643.385, 3034927.528 ], [ 556643.334999999962747, 3034927.478000000119209 ], [ 556643.23499999998603, 3034927.528 ] ] ] } },
{ "type": "Feature", "properties": { "unit_id": "c00238", "method": "watershed", "label": 238, "area_m2": 1.7231250001711307, "height_max_m": 0.94767796993255615, "height_mean_m": 0.76371822156205305, "canopy_cover": 1.0, "volume_m3": 1.3250511144131063, "n_pixels": 694, "data_coverage": 1.0, "vari_mean": 0.28196939456541315, "exg_mean": 0.36119806407796001, "gli_mean": 0.24611682074927294, "height_max_m_pct": 10.486891385767791, "height_mean_m_pct": 10.861423220973784, "volume_m3_pct": 22.471910112359549, "canopy_cover_pct": 69.850187265917612, "vari_mean_pct": 47.565543071161045, "exg_mean_pct": 57.677902621722843, "gli_mean_pct": 58.052434456928836 }, "geometry": { "type": "Polygon", "coordinates": [ [ [ 556635.034999999916181, 3035017.728000000119209 ], [ 556634.834999999962747, 3035017.828000000212342 ], [ 556634.659999999916181, 3035018.003 ], [ 556634.659999999916181, 3035018.052999999839813 ], [ 556634.51, 3035018.203000000212342 ], [ 556634.51, 3035018.253 ], [ 556634.159999999916181, 3035018.552999999839813 ], [ 556634.10999999998603, 3035018.753 ], [ 556634.159999999916181, 3035018.853000000119209 ], [ 556634.385, 3035019.078000000212342 ], [ 556634.48499999998603, 3035019.128 ], [ 556634.635, 3035019.128 ], [ 556634.684999999939464, 3035019.178000000305474 ], [ 556634.98499999998603, 3035019.178000000305474 ], [ 556635.034999999916181, 3035019.128 ], [ 556635.184999999939464, 3035019.128 ], [ 556635.385, 3035018.978000000119209 ], [ 556635.434999999939464, 3035018.978000000119209 ], [ 556635.709999999962747, 3035018.703000000212342 ], [ 556635.76, 3035018.603000000119209 ], [ 556635.76, 3035018.453000000212342 ], [ 556635.809999999939464, 3035018.403 ], [ 556635.76, 3035018.103000000119209 ], [ 556635.659999999916181, 3035017.903 ], [ 556635.434999999939464, 3035017.728000000119209 ], [ 556635.034999999916181, 3035017.728000000119209 ] ] ] } },
{ "type": "Feature", "properties": { "unit_id": "c00239", "method": "watershed", "label": 239, "area_m2": 1.4212500000293951, "height_max_m": 0.94424182176589966, "height_mean_m": 0.76614499081571197, "canopy_cover": 1.0, "volume_m3": 1.0840951620066412, "n_pixels": 566, "data_coverage": 1.0, "vari_mean": 0.37499638413676917, "exg_mean": 0.49138518102663548, "gli_mean": 0.32409300873377295, "height_max_m_pct": 9.7378277153558059, "height_mean_m_pct": 11.235955056179774, "volume_m3_pct": 15.730337078651685, "canopy_cover_pct": 69.850187265917612, "vari_mean_pct": 97.752808988764045, "exg_mean_pct": 97.378277153558059, "gli_mean_pct": 97.378277153558059 }, "geometry": { "type": "Polygon", "coordinates": [ [ [ 556657.885, 3035040.528 ], [ 556657.535000000032596, 3035040.728000000119209 ], [ 556657.26, 3035041.003 ], [ 556657.209999999962747, 3035041.103000000119209 ], [ 556657.209999999962747, 3035041.353000000119209 ], [ 556657.26, 3035041.403 ], [ 556657.309999999939464, 3035041.603000000119209 ], [ 556657.535000000032596, 3035041.828000000212342 ], [ 556657.635, 3035041.878 ], [ 556658.084999999962747, 3035041.878 ], [ 556658.135, 3035041.828000000212342 ], [ 556658.23499999998603, 3035041.828000000212342 ], [ 556658.334999999962747, 3035041.778 ], [ 556658.660000000032596, 3035041.453000000212342 ], [ 556658.660000000032596, 3035041.303000000305474 ], [ 556658.51, 3035041.103000000119209 ], [ 556658.410000000032596, 3035040.853000000119209 ], [ 556658.135, 3035040.578000000212342 ], [ 556658.035000000032596, 3035040.528 ], [ 556657.885, 3035040.528 ] ] ] } },
{ "type": "Feature", "properties": { "unit_id": "c00240", "method": "watershed", "label": 240, "area_m2": 1.7750000000596631, "height_max_m": 0.93824476003646851, "height_mean_m": 0.75742489007416736, "canopy_cover": 1.0, "volume_m3": 1.3482163043350137, "n_pixels": 712, "data_coverage": 1.0, "vari_mean": 0.25701305918104128, "exg_mean": 0.31229950637290665, "gli_mean": 0.21399211782117822, "height_max_m_pct": 9.3632958801498134, "height_mean_m_pct": 10.112359550561797, "volume_m3_pct": 23.595505617977526, "canopy_cover_pct": 69.850187265917612, "vari_mean_pct": 26.966292134831459, "exg_mean_pct": 29.213483146067414, "gli_mean_pct": 29.588014981273407 }, "geometry": { "type": "Polygon", "coordinates": [ [ [ 556626.684999999939464, 3035012.278 ], [ 556626.51, 3035012.403 ], [ 556626.409999999916181, 3035012.603000000119209 ], [ 556626.409999999916181, 3035013.052999999839813 ], [ 556626.76, 3035013.603000000119209 ], [ 556626.809999999939464, 3035013.903 ], [ 556626.76, 3035013.953000000212342 ], [ 556626.98499999998603, 3035013.978000000119209 ], [ 556627.034999999916181, 3035014.028 ], [ 556627.334999999962747, 3035014.028 ], [ 556627.409999999916181, 3035013.802999999839813 ], [ 556627.559999999939464, 3035013.653 ], [ 556627.559999999939464, 3035013.603000000119209 ], [ 556627.709999999962747, 3035013.403 ], [ 556627.709999999962747, 3035013.302999999839813 ], [ 556627.76, 3035013.253 ], [ 556627.76, 3035012.753 ], [ 556627.709999999962747, 3035012.653 ], [ 556627.48499999998603, 3035012.427999999839813 ], [ 556627.284999999916181, 3035012.378 ], [ 556627.23499999998603, 3035012.328000000212342 ], [ 556627.135, 3035012.328000000212342 ], [ 556627.084999999962747, 3035012.278 ], [ 556626.684999999939464, 3035012.278 ] ] ] } },
{ "type": "Feature", "properties": { "unit_id": "c00241", "method": "watershed", "label": 241, "area_m2": 0.78687499999447019, "height_max_m": 0.98846179246902466, "height_mean_m": 0.79364038844528439, "canopy_cover": 1.0, "volume_m3": 0.63094410881540308, "n_pixels": 318, "data_coverage": 1.0, "vari_mean": 0.32943311521545804, "exg_mean": 0.41256105555440786, "gli_mean": 0.27851872212775924, "height_max_m_pct": 13.108614232209737, "height_mean_m_pct": 13.857677902621724, "volume_m3_pct": 6.7415730337078648, "canopy_cover_pct": 69.850187265917612, "vari_mean_pct": 77.528089887640448, "exg_mean_pct": 78.277153558052433, "gli_mean_pct": 79.775280898876403 }, "geometry": { "type": "Polygon", "coordinates": [ [ [ 556666.334999999962747, 3034979.528 ], [ 556666.135, 3034979.628 ], [ 556665.910000000032596, 3034979.853000000119209 ], [ 556665.910000000032596, 3034979.953000000212342 ], [ 556665.85999999998603, 3034980.003 ], [ 556665.85999999998603, 3034980.203000000212342 ], [ 556665.910000000032596, 3034980.253 ], [ 556665.910000000032596, 3034980.403 ], [ 556666.035000000032596, 3034980.528 ], [ 556666.135, 3034980.578000000212342 ], [ 556666.334999999962747, 3034980.578000000212342 ], [ 556666.385, 3034980.528 ], [ 556666.48499999998603, 3034980.528 ], [ 556666.76, 3034980.253 ], [ 556666.809999999939464, 3034980.153 ], [ 556666.809999999939464, 3034979.753 ], [ 556666.635, 3034979.528 ], [ 556666.334999999962747, 3034979.528 ] ] ] } },
{ "type": "Feature", "properties": { "unit_id": "c00242", "method": "watershed", "label": 242, "area_m2": 0.66312499990803198, "height_max_m": 0.92301833629608154, "height_mean_m": 0.78858779173563509, "canopy_cover": 1.0, "volume_m3": 0.53623969838142338, "n_pixels": 272, "data_coverage": 1.0, "vari_mean": 0.37769407325842907, "exg_mean": 0.51193728549047357, "gli_mean": 0.33814815939062048, "height_max_m_pct": 8.6142322097378283, "height_mean_m_pct": 12.734082397003746, "volume_m3_pct": 5.9925093632958806, "canopy_cover_pct": 69.850187265917612, "vari_mean_pct": 98.12734082397003, "exg_mean_pct": 98.876404494382015, "gli_mean_pct": 98.876404494382015 }, "geometry": { "type": "Polygon", "coordinates": [ [ [ 556658.785000000032596, 3034940.728000000119209 ], [ 556658.684999999939464, 3034940.828000000212342 ], [ 556658.635, 3034940.828000000212342 ], [ 556658.559999999939464, 3034940.903 ], [ 556658.51, 3034941.103000000119209 ], [ 556658.459999999962747, 3034941.153 ], [ 556658.51, 3034941.353000000119209 ], [ 556658.584999999962747, 3034941.478000000119209 ], [ 556658.785000000032596, 3034941.628 ], [ 556658.934999999939464, 3034941.628 ], [ 556658.98499999998603, 3034941.677999999839813 ], [ 556659.184999999939464, 3034941.628 ], [ 556659.35999999998603, 3034941.453000000212342 ], [ 556659.35999999998603, 3034941.353000000119209 ], [ 556659.410000000032596, 3034941.302999999839813 ], [ 556659.410000000032596, 3034941.203000000212342 ], [ 556659.35999999998603, 3034941.153 ], [ 556659.309999999939464, 3034940.953000000212342 ], [ 556659.084999999962747, 3034940.728000000119209 ], [ 556658.785000000032596, 3034940.728000000119209 ] ] ] } },
{ "type": "Feature", "properties": { "unit_id": "c00243", "method": "watershed", "label": 243, "area_m2": 1.3599999999924328, "height_max_m": 0.94739270210266113, "height_mean_m": 0.736525625312071, "canopy_cover": 1.0, "volume_m3": 1.0237706191860536, "n_pixels": 556, "data_coverage": 1.0, "vari_mean": 0.30838142276101899, "exg_mean": 0.39022505783373318, "gli_mean": 0.26492954376854516, "height_max_m_pct": 10.112359550561797, "height_mean_m_pct": 9.3632958801498134, "volume_m3_pct": 14.232209737827715, "canopy_cover_pct": 69.850187265917612, "vari_mean_pct": 64.419475655430716, "exg_mean_pct": 68.164794007490642, "gli_mean_pct": 68.913857677902627 }, "geometry": { "type": "Polygon", "coordinates": [ [ [ 556627.784999999916181, 3035034.428000000305474 ], [ 556627.73499999998603, 3035034.478000000119209 ], [ 556627.635, 3035034.478000000119209 ], [ 556627.459999999962747, 3035034.603000000119209 ], [ 556627.459999999962747, 3035034.653 ], [ 556627.35999999998603, 3035034.753 ], [ 556627.26, 3035035.153 ], [ 556627.10999999998603, 3035035.453000000212342 ], [ 556627.10999999998603, 3035035.553000000305474 ], [ 556627.23499999998603, 3035035.728000000119209 ], [ 556627.434999999939464, 3035035.828000000212342 ], [ 556627.934999999939464, 3035035.828000000212342 ], [ 556627.98499999998603, 3035035.778 ], [ 556628.084999999962747, 3035035.778 ], [ 556628.309999999939464, 3035035.503 ], [ 556628.309999999939464, 3035035.403 ], [ 556628.35999999998603, 3035035.353000000119209 ], [ 556628.35999999998603, 3035034.753 ], [ 556628.135, 3035034.478000000119209 ], [ 556628.034999999916181, 3035034.478000000119209 ], [ 556627.98499999998603, 3035034.428000000305474 ], [ 556627.784999999916181, 3035034.428000000305474 ] ] ] } },
{ "type": "Feature", "properties": { "unit_id": "c00244", "method": "watershed", "label": 244, "area_m2": 0.63375000007159543, "height_max_m": 0.99979579448699951, "height_mean_m": 0.80744787730068801, "canopy_cover": 1.0, "volume_m3": 0.5066735430073076, "n_pixels": 251, "data_coverage": 1.0, "vari_mean": 0.29008067123870135, "exg_mean": 0.30630274900904508, "gli_mean": 0.21189067581235166, "height_max_m_pct": 13.48314606741573, "height_mean_m_pct": 15.355805243445692, "volume_m3_pct": 5.6179775280898872, "canopy_cover_pct": 69.850187265917612, "vari_mean_pct": 51.68539325842697, "exg_mean_pct": 25.0936329588015, "gli_mean_pct": 26.966292134831459 }, "geometry": { "type": "Polygon", "coordinates": [ [ [ 556651.135, 3034936.177999999839813 ], [ 556651.01, 3034936.302999999839813 ], [ 556650.909999999916181, 3034936.503 ], [ 556650.909999999916181, 3034936.802999999839813 ], [ 556650.959999999962747, 3034936.903 ], [ 556651.034999999916181, 3034936.978000000119209 ], [ 556651.23499999998603, 3034937.028 ], [ 556651.284999999916181, 3034937.078000000212342 ], [ 556651.334999999962747, 3034937.028 ], [ 556651.534999999916181, 3034937.028 ], [ 556651.635, 3034936.978000000119209 ], [ 556651.76, 3034936.853000000119209 ], [ 556651.76, 3034936.753 ], [ 556651.809999999939464, 3034936.703000000212342 ], [ 556651.76, 3034936.603000000119209 ], [ 556651.76, 3034936.453000000212342 ], [ 556651.659999999916181, 3034936.353000000119209 ], [ 556651.659999999916181, 3034936.302999999839813 ], [ 556651.584999999962747, 3034936.228000000119209 ], [ 556651.385, 3034936.177999999839813 ], [ 556651.334999999962747, 3034936.128 ], [ 556651.135, 3034936.177999999839813 ] ] ] } },
{ "type": "Feature", "properties": { "unit_id": "c00245", "method": "watershed", "label": 245, "area_m2": 1.3450000002700835, "height_max_m": 0.87474584579467773, "height_mean_m": 0.70225705828640483, "canopy_cover": 1.0, "volume_m3": 0.95858088456307267, "n_pixels": 546, "data_coverage": 1.0, "vari_mean": 0.31338677269039567, "exg_mean": 0.39679115556401656, "gli_mean": 0.26835176421207396, "height_max_m_pct": 6.7415730337078648, "height_mean_m_pct": 5.6179775280898872, "volume_m3_pct": 13.108614232209737, "canopy_cover_pct": 69.850187265917612, "vari_mean_pct": 67.415730337078656, "exg_mean_pct": 71.535580524344567, "gli_mean_pct": 72.284644194756552 }, "geometry": { "type": "Polygon", "coordinates": [ [ [ 556627.73499999998603, 3034951.677999999839813 ], [ 556627.684999999939464, 3034951.728000000119209 ], [ 556627.584999999962747, 3034951.728000000119209 ], [ 556627.23499999998603, 3034951.927999999839813 ], [ 556626.909999999916181, 3034952.302999999839813 ], [ 556626.809999999939464, 3034952.503 ], [ 556626.809999999939464, 3034952.653 ], [ 556627.034999999916181, 3034952.828000000212342 ], [ 556627.23499999998603, 3034952.927999999839813 ], [ 556627.334999999962747, 3034952.927999999839813 ], [ 556627.385, 3034952.978000000119209 ], [ 556627.635, 3034952.978000000119209 ], [ 556627.934999999939464, 3034952.828000000212342 ], [ 556628.209999999962747, 3034952.503 ], [ 556628.209999999962747, 3034952.403 ], [ 556628.26, 3034952.353000000119209 ], [ 556628.26, 3034952.052999999839813 ], [ 556628.209999999962747, 3034952.003 ], [ 556628.209999999962747, 3034951.903 ], [ 556627.934999999939464, 3034951.677999999839813 ], [ 556627.73499999998603, 3034951.677999999839813 ] ] ] } },
{ "type": "Feature", "properties": { "unit_id": "c00246", "method": "watershed", "label": 246, "area_m2": 1.1325000000445291, "height_max_m": 0.88483041524887085, "height_mean_m": 0.7296062643711384, "canopy_cover": 1.0, "volume_m3": 0.82992712572401395, "n_pixels": 455, "data_coverage": 1.0, "vari_mean": 0.38519180181520646, "exg_mean": 0.50118852400625091, "gli_mean": 0.33033502073971621, "height_max_m_pct": 7.8651685393258424, "height_mean_m_pct": 8.239700374531834, "volume_m3_pct": 10.861423220973784, "canopy_cover_pct": 69.850187265917612, "vari_mean_pct": 98.876404494382015, "exg_mean_pct": 98.12734082397003, "gli_mean_pct": 98.50187265917603 }, "geometry": { "type": "Polygon", "coordinates": [ [ [ 556643.434999999939464, 3034933.978000000119209 ], [ 556643.159999999916181, 3034934.103000000119209 ], [ 556643.01, 3034934.302999999839813 ], [ 556643.01, 3034934.552999999839813 ], [ 556643.059999999939464, 3034934.603000000119209 ], [ 556643.059999999939464, 3034934.703000000212342 ], [ 556643.209999999962747, 3034934.853000000119209 ], [ 556643.209999999962747, 3034934.903 ], [ 556643.385, 3034935.028 ], [ 556643.48499999998603, 3034935.028 ], [ 556643.534999999916181, 3034935.078000000212342 ], [ 556643.885, 3034935.078000000212342 ], [ 556644.084999999962747, 3034934.978000000119209 ], [ 556644.309999999939464, 3034934.753 ], [ 556644.35999999998603, 3034934.552999999839813 ], [ 556644.309999999939464, 3034934.503 ], [ 556644.309999999939464, 3034934.353000000119209 ], [ 556644.084999999962747, 3034934.128 ], [ 556643.885, 3034934.078000000212342 ], [ 556643.834999999962747, 3034934.028 ], [ 556643.635, 3034934.028 ], [ 556643.584999999962747, 3034933.978000000119209 ], [ 556643.434999999939464, 3034933.978000000119209 ] ] ] } },
{ "type": "Feature", "properties": { "unit_id": "c00247", "method": "watershed", "label": 247, "area_m2": 0.96124999979685533, "height_max_m": 0.87544530630111694, "height_mean_m": 0.73068473919441823, "canopy_cover": 1.0, "volume_m3": 0.69415050223623975, "n_pixels": 380, "data_coverage": 1.0, "vari_mean": 0.41322226681837348, "exg_mean": 0.56028363839692286, "gli_mean": 0.36376149360124782, "height_max_m_pct": 7.1161048689138573, "height_mean_m_pct": 8.6142322097378283, "volume_m3_pct": 7.4906367041198507, "canopy_cover_pct": 69.850187265917612, "vari_mean_pct": 99.625468164794, "exg_mean_pct": 99.625468164794, "gli_mean_pct": 99.625468164794 }, "geometry": { "type": "Polygon", "coordinates": [ [ [ 556650.635, 3034968.228000000119209 ], [ 556650.584999999962747, 3034968.278 ], [ 556650.385, 3034968.328000000212342 ], [ 556650.209999999962747, 3034968.503 ], [ 556650.10999999998603, 3034968.703000000212342 ], [ 556650.159999999916181, 3034968.903 ], [ 556650.385, 3034969.128 ], [ 556650.48499999998603, 3034969.128 ], [ 556650.534999999916181, 3034969.177999999839813 ], [ 556650.934999999939464, 3034969.177999999839813 ], [ 556650.98499999998603, 3034969.128 ], [ 556651.084999999962747, 3034969.128 ], [ 556651.35999999998603, 3034968.903 ], [ 556651.459999999962747, 3034968.703000000212342 ], [ 556651.409999999916181, 3034968.503 ], [ 556651.184999999939464, 3034968.328000000212342 ], [ 556650.885, 3034968.278 ], [ 556650.834999999962747, 3034968.228000000119209 ], [ 556650.635, 3034968.228000000119209 ] ] ] } },
{ "type": "Feature", "properties": { "unit_id": "c00248", "method": "watershed", "label": 248, "area_m2": 1.0449999999688591, "height_max_m": 0.92915493249893188, "height_mean_m": 0.72497867272912164, "canopy_cover": 1.0, "volume_m3": 0.75579026632178881, "n_pixels": 417, "data_coverage": 1.0, "vari_mean": 0.27379420283272282, "exg_mean": 0.26465923819484127, "gli_mean": 0.18395828547545634, "height_max_m_pct": 8.9887640449438209, "height_mean_m_pct": 6.7415730337078648, "volume_m3_pct": 8.6142322097378283, "canopy_cover_pct": 69.850187265917612, "vari_mean_pct": 40.074906367041194, "exg_mean_pct": 10.486891385767791, "gli_mean_pct": 11.610486891385769 }, "geometry": { "type": "Polygon", "coordinates": [ [ [ 556635.284999999916181, 3034956.628 ], [ 556635.159999999916181, 3034956.753 ], [ 556635.10999999998603, 3034957.003 ], [ 556635.059999999939464, 3034957.052999999839813 ], [ 556635.059999999939464, 3034957.253 ], [ 556635.01, 3034957.302999999839813 ], [ 556635.059999999939464, 3034957.353000000119209 ], [ 556635.059999999939464, 3034957.453000000212342 ], [ 556635.334999999962747, 3034957.677999999839813 ], [ 556635.73499999998603, 3034957.878 ], [ 556635.885, 3034957.878 ], [ 556635.98499999998603, 3034957.927999999839813 ], [ 556636.034999999916181, 3034957.878 ], [ 556636.135, 3034957.878 ], [ 556636.35999999998603, 3034957.653 ], [ 556636.35999999998603, 3034957.453000000212342 ], [ 556636.284999999916181, 3034957.378 ], [ 556636.01, 3034957.253 ], [ 556635.76, 3034956.953000000212342 ], [ 556635.709999999962747, 3034956.802999999839813 ], [ 556635.534999999916181, 3034956.628 ], [ 556635.284999999916181, 3034956.628 ] ] ] } },
{ "type": "Feature", "properties": { "unit_id": "c00249", "method": "watershed", "label": 249, "area_m2": 0.63437499990832291, "height_max_m": 0.8755650520324707, "height_mean_m": 0.77120260038529054, "canopy_cover": 1.0, "volume_m3": 0.48007361874091009, "n_pixels": 249, "data_coverage": 1.0, "vari_mean": 0.32884322250255071, "exg_mean": 0.40317996023085423, "gli_mean": 0.27265911199917447, "height_max_m_pct": 7.4906367041198507, "height_mean_m_pct": 11.610486891385769, "volume_m3_pct": 5.2434456928838955, "canopy_cover_pct": 69.850187265917612, "vari_mean_pct": 77.153558052434462, "exg_mean_pct": 72.659176029962552, "gli_mean_pct": 74.906367041198507 }, "geometry": { "type": "Polygon", "coordinates": [ [ [ 556658.084999999962747, 3034983.578000000212342 ], [ 556657.709999999962747, 3034983.853000000119209 ], [ 556657.709999999962747, 3034983.903 ], [ 556657.60999999998603, 3034984.003 ], [ 556657.60999999998603, 3034984.153 ], [ 556657.834999999962747, 3034984.378 ], [ 556658.285000000032596, 3034984.378 ], [ 556658.385, 3034984.328000000212342 ], [ 556658.60999999998603, 3034984.103000000119209 ], [ 556658.660000000032596, 3034983.903 ], [ 556658.559999999939464, 3034983.703000000212342 ], [ 556658.385, 3034983.578000000212342 ], [ 556658.084999999962747, 3034983.578000000212342 ] ] ] } },
{ "type": "Feature", "properties": { "unit_id": "c00250", "method": "watershed", "label": 250, "area_m2": 0.92437499984167504, "height_max_m": 0.85106837749481201, "height_mean_m": 0.7263012728730186, "canopy_cover": 1.0, "volume_m3": 0.66456566468028866, "n_pixels": 366, "data_coverage": 1.0, "vari_mean": 0.37079383573511437, "exg_mean": 0.45946889596849122, "gli_mean": 0.3051015962084187, "height_max_m_pct": 5.9925093632958806, "height_mean_m_pct": 7.1161048689138573, "volume_m3_pct": 7.1161048689138573, "canopy_cover_pct": 69.850187265917612, "vari_mean_pct": 97.00374531835206, "exg_mean_pct": 94.007490636704119, "gli_mean_pct": 94.007490636704119 }, "geometry": { "type": "Polygon", "coordinates": [ [ [ 556651.135, 3034940.278 ], [ 556651.034999999916181, 3034940.328000000212342 ], [ 556650.909999999916181, 3034940.453000000212342 ], [ 556650.809999999939464, 3034940.653 ], [ 556650.809999999939464, 3034940.802999999839813 ], [ 556650.85999999998603, 3034940.853000000119209 ], [ 556650.85999999998603, 3034941.003 ], [ 556650.959999999962747, 3034941.203000000212342 ], [ 556650.959999999962747, 3034941.302999999839813 ], [ 556651.135, 3034941.528 ], [ 556651.434999999939464, 3034941.528 ], [ 556651.659999999916181, 3034941.302999999839813 ], [ 556651.809999999939464, 3034941.003 ], [ 556651.809999999939464, 3034940.853000000119209 ], [ 556651.76, 3034940.802999999839813 ], [ 556651.709999999962747, 3034940.603000000119209 ], [ 556651.434999999939464, 3034940.328000000212342 ], [ 556651.334999999962747, 3034940.278 ], [ 556651.135, 3034940.278 ] ] ] } },
{ "type": "Feature", "properties": { "unit_id": "c00251", "method": "watershed", "label": 251, "area_m2": 1.3493749998431299, "height_max_m": 0.81876683235168457, "height_mean_m": 0.65835810525961402, "canopy_cover": 1.0, "volume_m3": 0.88713754683930113, "n_pixels": 539, "data_coverage": 1.0, "vari_mean": 0.27371913051166114, "exg_mean": 0.32344364230188904, "gli_mean": 0.22191333639973618, "height_max_m_pct": 5.6179775280898872, "height_mean_m_pct": 3.7453183520599254, "volume_m3_pct": 11.610486891385769, "canopy_cover_pct": 69.850187265917612, "vari_mean_pct": 39.700374531835209, "exg_mean_pct": 35.955056179775283, "gli_mean_pct": 38.576779026217231 }, "geometry": { "type": "Polygon", "coordinates": [ [ [ 556628.034999999916181, 3034914.578000000212342 ], [ 556627.934999999939464, 3034914.628 ], [ 556627.659999999916181, 3034914.903 ], [ 556627.60999999998603, 3034915.103000000119209 ], [ 556627.51, 3034915.253 ], [ 556627.51, 3034915.403 ], [ 556627.459999999962747, 3034915.453000000212342 ], [ 556627.459999999962747, 3034915.753 ], [ 556627.584999999962747, 3034915.927999999839813 ], [ 556627.684999999939464, 3034915.978000000119209 ], [ 556627.98499999998603, 3034915.978000000119209 ], [ 556628.034999999916181, 3034915.927999999839813 ], [ 556628.434999999939464, 3034915.927999999839813 ], [ 556628.48499999998603, 3034915.878 ], [ 556628.584999999962747, 3034915.878 ], [ 556628.659999999916181, 3034915.802999999839813 ], [ 556628.709999999962747, 3034915.603000000119209 ], [ 556628.659999999916181, 3034915.552999999839813 ], [ 556628.659999999916181, 3034915.403 ], [ 556628.60999999998603, 3034915.353000000119209 ], [ 556628.559999999939464, 3034914.903 ], [ 556628.51, 3034914.853000000119209 ], [ 556628.459999999962747, 3034914.653 ], [ 556628.385, 3034914.578000000212342 ], [ 556628.034999999916181, 3034914.578000000212342 ] ] ] } },
{ "type": "Feature", "properties": { "unit_id": "c00252", "method": "watershed", "label": 252, "area_m2": 1.2406250000174623, "height_max_m": 0.80551791191101074, "height_mean_m": 0.66004613481194851, "canopy_cover": 1.0, "volume_m3": 0.82835789919083602, "n_pixels": 502, "data_coverage": 1.0, "vari_mean": 0.29688354617453783, "exg_mean": 0.35669313529164287, "gli_mean": 0.24239009359719751, "height_max_m_pct": 5.2434456928838955, "height_mean_m_pct": 4.119850187265917, "volume_m3_pct": 10.486891385767791, "canopy_cover_pct": 69.850187265917612, "vari_mean_pct": 55.805243445692888, "exg_mean_pct": 54.307116104868911, "gli_mean_pct": 54.68164794007491 }, "geometry": { "type": "Polygon", "coordinates": [ [ [ 556627.684999999939464, 3034917.378 ], [ 556627.559999999939464, 3034917.503 ], [ 556627.51, 3034917.603000000119209 ], [ 556627.51, 3034918.103000000119209 ], [ 556627.60999999998603, 3034918.302999999839813 ], [ 556627.885, 3034918.578000000212342 ], [ 556627.98499999998603, 3034918.628 ], [ 556628.284999999916181, 3034918.628 ], [ 556628.334999999962747, 3034918.578000000212342 ], [ 556628.434999999939464, 3034918.578000000212342 ], [ 556628.534999999916181, 3034918.528 ], [ 556628.76, 3034918.302999999839813 ], [ 556628.809999999939464, 3034918.203000000212342 ], [ 556628.809999999939464, 3034917.903 ], [ 556628.635, 3034917.677999999839813 ], [ 556628.434999999939464, 3034917.628 ], [ 556628.284999999916181, 3034917.528 ], [ 556628.184999999939464, 3034917.528 ], [ 556627.934999999939464, 3034917.378 ], [ 556627.684999999939464, 3034917.378 ] ] ] } },
{ "type": "Feature", "properties": { "unit_id": "c00253", "method": "watershed", "label": 253, "area_m2": 0.26937499985710017, "height_max_m": 0.9107474684715271, "height_mean_m": 0.77249926718595985, "canopy_cover": 1.0, "volume_m3": 0.20664355397270343, "n_pixels": 107, "data_coverage": 1.0, "vari_mean": 0.26285692169553315, "exg_mean": 0.35697189052057587, "gli_mean": 0.24506284784911286, "height_max_m_pct": 8.239700374531834, "height_mean_m_pct": 11.985018726591761, "volume_m3_pct": 2.6217228464419478, "canopy_cover_pct": 69.850187265917612, "vari_mean_pct": 30.711610486891384, "exg_mean_pct": 54.68164794007491, "gli_mean_pct": 56.928838951310858 }, "geometry": { "type": "Polygon", "coordinates": [ [ [ 556666.584999999962747, 3034924.328000000212342 ], [ 556666.35999999998603, 3034924.603000000119209 ], [ 556666.35999999998603, 3034924.802999999839813 ], [ 556666.48499999998603, 3034924.927999999839813 ], [ 556666.73499999998603, 3034924.927999999839813 ], [ 556666.910000000032596, 3034924.802999999839813 ], [ 556666.910000000032596, 3034924.503 ], [ 556666.85999999998603, 3034924.403 ], [ 556666.73499999998603, 3034924.328000000212342 ], [ 556666.584999999962747, 3034924.328000000212342 ] ] ] } },
{ "type": "Feature", "properties": { "unit_id": "c00254", "method": "watershed", "label": 254, "area_m2": 1.0368750000366709, "height_max_m": 0.76793938875198364, "height_mean_m": 0.66214348689320524, "canopy_cover": 1.0, "volume_m3": 0.70021673739112045, "n_pixels": 423, "data_coverage": 1.0, "vari_mean": 0.27236989210897933, "exg_mean": 0.2699778996781409, "gli_mean": 0.18785622014164738, "height_max_m_pct": 4.868913857677903, "height_mean_m_pct": 4.4943820224719104, "volume_m3_pct": 7.8651685393258424, "canopy_cover_pct": 69.850187265917612, "vari_mean_pct": 37.827715355805239, "exg_mean_pct": 11.985018726591761, "gli_mean_pct": 11.985018726591761 }, "geometry": { "type": "Polygon", "coordinates": [ [ [ 556635.534999999916181, 3034978.778 ], [ 556635.334999999962747, 3034978.878 ], [ 556635.209999999962747, 3034979.003 ], [ 556635.209999999962747, 3034979.052999999839813 ], [ 556634.809999999939464, 3034979.453000000212342 ], [ 556634.85999999998603, 3034979.653 ], [ 556634.959999999962747, 3034979.753 ], [ 556634.959999999962747, 3034979.802999999839813 ], [ 556635.184999999939464, 3034980.028 ], [ 556635.284999999916181, 3034980.078000000212342 ], [ 556635.48499999998603, 3034980.078000000212342 ], [ 556635.584999999962747, 3034980.028 ], [ 556635.76, 3034979.853000000119209 ], [ 556635.909999999916181, 3034979.552999999839813 ], [ 556635.909999999916181, 3034979.453000000212342 ], [ 556635.959999999962747, 3034979.403 ], [ 556635.959999999962747, 3034978.953000000212342 ], [ 556635.73499999998603, 3034978.778 ], [ 556635.534999999916181, 3034978.778 ] ] ] } },
{ "type": "Feature", "properties": { "unit_id": "c00255", "method": "watershed", "label": 255, "area_m2": 0.61187500006722972, "height_max_m": 0.75751107931137085, "height_mean_m": 0.7114495827227223, "canopy_cover": 1.0, "volume_m3": 0.43576286941863568, "n_pixels": 245, "data_coverage": 1.0, "vari_mean": 0.25897964925716138, "exg_mean": 0.28408366686029979, "gli_mean": 0.19676295669260166, "height_max_m_pct": 4.119850187265917, "height_mean_m_pct": 5.9925093632958806, "volume_m3_pct": 4.868913857677903, "canopy_cover_pct": 69.850187265917612, "vari_mean_pct": 28.464419475655429, "exg_mean_pct": 14.606741573033707, "gli_mean_pct": 14.981273408239701 }, "geometry": { "type": "Polygon", "coordinates": [ [ [ 556627.48499999998603, 3034978.728000000119209 ], [ 556627.385, 3034978.778 ], [ 556627.159999999916181, 3034979.052999999839813 ], [ 556627.159999999916181, 3034979.353000000119209 ], [ 556627.334999999962747, 3034979.528 ], [ 556627.48499999998603, 3034979.528 ], [ 556627.534999999916181, 3034979.578000000212342 ], [ 556627.684999999939464, 3034979.578000000212342 ], [ 556627.73499999998603, 3034979.528 ], [ 556627.934999999939464, 3034979.478000000119209 ], [ 556628.059999999939464, 3034979.353000000119209 ], [ 556628.059999999939464, 3034979.253 ], [ 556628.10999999998603, 3034979.203000000212342 ], [ 556628.10999999998603, 3034979.052999999839813 ], [ 556627.885, 3034978.828000000212342 ], [ 556627.684999999939464, 3034978.778 ], [ 556627.635, 3034978.728000000119209 ], [ 556627.48499999998603, 3034978.728000000119209 ] ] ] } },
{ "type": "Feature", "properties": { "unit_id": "c00256", "method": "watershed", "label": 256, "area_m2": 0.51499999996245605, "height_max_m": 0.76700109243392944, "height_mean_m": 0.67779132723808289, "canopy_cover": 1.0, "volume_m3": 0.34567357689219036, "n_pixels": 204, "data_coverage": 1.0, "vari_mean": 0.27233655907524484, "exg_mean": 0.32768198829609207, "gli_mean": 0.22264965058863992, "height_max_m_pct": 4.4943820224719104, "height_mean_m_pct": 4.868913857677903, "volume_m3_pct": 3.3707865168539324, "canopy_cover_pct": 69.850187265917612, "vari_mean_pct": 37.453183520599254, "exg_mean_pct": 40.074906367041194, "gli_mean_pct": 39.700374531835209 }, "geometry": { "type": "Polygon", "coordinates": [ [ [ 556627.834999999962747, 3035002.927999999839813 ], [ 556627.73499999998603, 3035002.978000000119209 ], [ 556627.559999999939464, 3035003.153 ], [ 556627.459999999962747, 3035003.353000000119209 ], [ 556627.459999999962747, 3035003.552999999839813 ], [ 556627.51, 3035003.653 ], [ 556627.684999999939464, 3035003.778 ], [ 556627.834999999962747, 3035003.778 ], [ 556628.034999999916181, 3035003.677999999839813 ], [ 556628.209999999962747, 3035003.503 ], [ 556628.26, 3035003.203000000212342 ], [ 556628.159999999916181, 3035003.003 ], [ 556628.034999999916181, 3035002.927999999839813 ], [ 556627.834999999962747, 3035002.927999999839813 ] ] ] } },
{ "type": "Feature", "properties": { "unit_id": "c00257", "method": "watershed", "label": 257, "area_m2": 0.24374999993015081, "height_max_m": 0.86241680383682251, "height_mean_m": 0.72724382082621253, "canopy_cover": 1.0, "volume_m3": 0.17999284565488755, "n_pixels": 99, "data_coverage": 1.0, "vari_mean": 0.33856327542301895, "exg_mean": 0.39389570222366316, "gli_mean": 0.26712960130484009, "height_max_m_pct": 6.3670411985018731, "height_mean_m_pct": 7.4906367041198507, "volume_m3_pct": 1.8726591760299627, "canopy_cover_pct": 69.850187265917612, "vari_mean_pct": 81.647940074906373, "exg_mean_pct": 68.913857677902627, "gli_mean_pct": 71.161048689138568 }, "geometry": { "type": "Polygon", "coordinates": [ [ [ 556666.184999999939464, 3034970.978000000119209 ], [ 556665.910000000032596, 3034971.203000000212342 ], [ 556665.934999999939464, 3034971.478000000119209 ], [ 556666.135, 3034971.528 ], [ 556666.184999999939464, 3034971.478000000119209 ], [ 556666.385, 3034971.427999999839813 ], [ 556666.459999999962747, 3034971.353000000119209 ], [ 556666.51, 3034971.253 ], [ 556666.51, 3034971.103000000119209 ], [ 556666.385, 3034970.978000000119209 ], [ 556666.184999999939464, 3034970.978000000119209 ] ] ] } },
{ "type": "Feature", "properties": { "unit_id": "c00258", "method": "watershed", "label": 258, "area_m2": 0.53000000004132752, "height_max_m": 0.73224514722824097, "height_mean_m": 0.68568373835364049, "canopy_cover": 1.0, "volume_m3": 0.36855500936590074, "n_pixels": 215, "data_coverage": 1.0, "vari_mean": 0.34548458745757049, "exg_mean": 0.4418440651963304, "gli_mean": 0.29565298194315398, "height_max_m_pct": 2.9962546816479403, "height_mean_m_pct": 5.2434456928838955, "volume_m3_pct": 4.4943820224719104, "canopy_cover_pct": 69.850187265917612, "vari_mean_pct": 85.767790262172284, "exg_mean_pct": 89.887640449438194, "gli_mean_pct": 90.262172284644194 }, "geometry": { "type": "Polygon", "coordinates": [ [ [ 556651.434999999939464, 3034923.528 ], [ 556651.034999999916181, 3034923.728000000119209 ], [ 556650.959999999962747, 3034923.853000000119209 ], [ 556650.959999999962747, 3034924.003 ], [ 556651.01, 3034924.103000000119209 ], [ 556651.23499999998603, 3034924.228000000119209 ], [ 556651.434999999939464, 3034924.228000000119209 ], [ 556651.48499999998603, 3034924.177999999839813 ], [ 556651.635, 3034924.177999999839813 ], [ 556651.73499999998603, 3034924.128 ], [ 556651.909999999916181, 3034923.953000000212342 ], [ 556651.959999999962747, 3034923.753 ], [ 556651.85999999998603, 3034923.603000000119209 ], [ 556651.73499999998603, 3034923.528 ], [ 556651.434999999939464, 3034923.528 ] ] ] } },
{ "type": "Feature", "properties": { "unit_id": "c00259", "method": "watershed", "label": 259, "area_m2": 0.90812499977648264, "height_max_m": 0.72418439388275146, "height_mean_m": 0.63975567605397476, "canopy_cover": 1.0, "volume_m3": 0.58377705440054906, "n_pixels": 365, "data_coverage": 1.0, "vari_mean": 0.40344638863712162, "exg_mean": 0.47249446705561349, "gli_mean": 0.31346250860562358, "height_max_m_pct": 2.6217228464419478, "height_mean_m_pct": 2.9962546816479403, "volume_m3_pct": 6.3670411985018731, "canopy_cover_pct": 69.850187265917612, "vari_mean_pct": 99.250936329588015, "exg_mean_pct": 95.50561797752809, "gli_mean_pct": 96.254681647940075 }, "geometry": { "type": "Polygon", "coordinates": [ [ [ 556650.784999999916181, 3034978.828000000212342 ], [ 556650.60999999998603, 3034978.953000000212342 ], [ 556650.26, 3034979.653 ], [ 556650.284999999916181, 3034979.927999999839813 ], [ 556650.534999999916181, 3034979.978000000119209 ], [ 556650.584999999962747, 3034979.927999999839813 ], [ 556650.885, 3034979.878 ], [ 556651.23499999998603, 3034979.677999999839813 ], [ 556651.35999999998603, 3034979.552999999839813 ], [ 556651.409999999916181, 3034979.453000000212342 ], [ 556651.409999999916181, 3034979.253 ], [ 556651.309999999939464, 3034979.052999999839813 ], [ 556651.034999999916181, 3034978.828000000212342 ], [ 556650.784999999916181, 3034978.828000000212342 ] ] ] } },
{ "type": "Feature", "properties": { "unit_id": "c00260", "method": "watershed", "label": 260, "area_m2": 0.5056249999639113, "height_max_m": 0.74159818887710571, "height_mean_m": 0.63991341555472647, "canopy_cover": 1.0, "volume_m3": 0.32315627485585491, "n_pixels": 202, "data_coverage": 1.0, "vari_mean": 0.3147955192897216, "exg_mean": 0.3968726157375117, "gli_mean": 0.26780205549558506, "height_max_m_pct": 3.7453183520599254, "height_mean_m_pct": 3.3707865168539324, "volume_m3_pct": 2.9962546816479403, "canopy_cover_pct": 69.850187265917612, "vari_mean_pct": 68.913857677902627, "exg_mean_pct": 71.910112359550567, "gli_mean_pct": 71.535580524344567 }, "geometry": { "type": "Polygon", "coordinates": [ [ [ 556643.184999999939464, 3034936.128 ], [ 556643.01, 3034936.353000000119209 ], [ 556643.01, 3034936.603000000119209 ], [ 556643.059999999939464, 3034936.653 ], [ 556643.059999999939464, 3034936.753 ], [ 556643.334999999962747, 3034936.978000000119209 ], [ 556643.584999999962747, 3034936.927999999839813 ], [ 556643.809999999939464, 3034936.703000000212342 ], [ 556643.809999999939464, 3034936.552999999839813 ], [ 556643.709999999962747, 3034936.353000000119209 ], [ 556643.434999999939464, 3034936.128 ], [ 556643.184999999939464, 3034936.128 ] ] ] } },
{ "type": "Feature", "properties": { "unit_id": "c00261", "method": "watershed", "label": 261, "area_m2": 0.59687499998981353, "height_max_m": 0.73999649286270142, "height_mean_m": 0.59831502504092604, "canopy_cover": 1.0, "volume_m3": 0.36198059015056455, "n_pixels": 242, "data_coverage": 1.0, "vari_mean": 0.29705965544261304, "exg_mean": 0.37330940875227014, "gli_mean": 0.25486515710000368, "height_max_m_pct": 3.3707865168539324, "height_mean_m_pct": 0.74906367041198507, "volume_m3_pct": 4.119850187265917, "canopy_cover_pct": 69.850187265917612, "vari_mean_pct": 56.17977528089888, "exg_mean_pct": 62.546816479400746, "gli_mean_pct": 63.670411985018724 }, "geometry": { "type": "Polygon", "coordinates": [ [ [ 556651.534999999916181, 3034914.828000000212342 ], [ 556651.434999999939464, 3034914.878 ], [ 556651.26, 3034915.052999999839813 ], [ 556651.209999999962747, 3034915.353000000119209 ], [ 556651.01, 3034915.703000000212342 ], [ 556651.01, 3034915.753 ], [ 556651.084999999962747, 3034915.828000000212342 ], [ 556651.23499999998603, 3034915.828000000212342 ], [ 556651.334999999962747, 3034915.728000000119209 ], [ 556651.534999999916181, 3034915.628 ], [ 556651.635, 3034915.628 ], [ 556652.01, 3034915.302999999839813 ], [ 556652.059999999939464, 3034915.153 ], [ 556652.01, 3034915.052999999839813 ], [ 556651.834999999962747, 3034914.878 ], [ 556651.73499999998603, 3034914.878 ], [ 556651.684999999939464, 3034914.828000000212342 ], [ 556651.534999999916181, 3034914.828000000212342 ] ] ] } },
{ "type": "Feature", "properties": { "unit_id": "c00262", "method": "watershed", "label": 262, "area_m2": 0.29874999991181539, "height_max_m": 0.69941002130508423, "height_mean_m": 0.63137821975301522, "canopy_cover": 1.0, "volume_m3": 0.19257035702509753, "n_pixels": 122, "data_coverage": 1.0, "vari_mean": 0.27257375222288061, "exg_mean": 0.2744507671609826, "gli_mean": 0.19036890370359869, "height_max_m_pct": 1.8726591760299627, "height_mean_m_pct": 2.2471910112359552, "volume_m3_pct": 2.2471910112359552, "canopy_cover_pct": 69.850187265917612, "vari_mean_pct": 38.576779026217231, "exg_mean_pct": 12.734082397003746, "gli_mean_pct": 13.48314606741573 }, "geometry": { "type": "Polygon", "coordinates": [ [ [ 556636.23499999998603, 3034964.378 ], [ 556636.034999999916181, 3034964.478000000119209 ], [ 556635.909999999916181, 3034964.753 ], [ 556635.959999999962747, 3034965.003 ], [ 556636.084999999962747, 3034965.177999999839813 ], [ 556636.184999999939464, 3034965.177999999839813 ], [ 556636.409999999916181, 3034964.903 ], [ 556636.409999999916181, 3034964.503 ], [ 556636.334999999962747, 3034964.378 ], [ 556636.23499999998603, 3034964.378 ] ] ] } },
{ "type": "Feature", "properties": { "unit_id": "c00263", "method": "watershed", "label": 263, "area_m2": 0.21999999990774086, "height_max_m": 0.71095889806747437, "height_mean_m": 0.63821011251873438, "canopy_cover": 1.0, "volume_m3": 0.14359727531703431, "n_pixels": 90, "data_coverage": 1.0, "vari_mean": 0.35788970774919748, "exg_mean": 0.43183701516264056, "gli_mean": 0.29024677036825697, "height_max_m_pct": 2.2471910112359552, "height_mean_m_pct": 2.6217228464419478, "volume_m3_pct": 1.1235955056179776, "canopy_cover_pct": 69.850187265917612, "vari_mean_pct": 91.760299625468164, "exg_mean_pct": 86.516853932584269, "gli_mean_pct": 87.640449438202253 }, "geometry": { "type": "Polygon", "coordinates": [ [ [ 556650.534999999916181, 3035006.828000000212342 ], [ 556650.459999999962747, 3035006.953000000212342 ], [ 556650.409999999916181, 3035007.353000000119209 ], [ 556650.48499999998603, 3035007.427999999839813 ], [ 556650.684999999939464, 3035007.427999999839813 ], [ 556650.809999999939464, 3035007.353000000119209 ], [ 556650.85999999998603, 3035007.253 ], [ 556650.85999999998603, 3035007.003 ], [ 556650.684999999939464, 3035006.828000000212342 ], [ 556650.534999999916181, 3035006.828000000212342 ] ] ] } },
{ "type": "Feature", "properties": { "unit_id": "c00264", "method": "watershed", "label": 264, "area_m2": 0.28749999988940544, "height_max_m": 0.63517993688583374, "height_mean_m": 0.60930470607976994, "canopy_cover": 1.0, "volume_m3": 0.17212857946791749, "n_pixels": 113, "data_coverage": 1.0, "vari_mean": 0.35845081934615325, "exg_mean": 0.42209762650992394, "gli_mean": 0.28291240141161, "height_max_m_pct": 0.37453183520599254, "height_mean_m_pct": 1.1235955056179776, "volume_m3_pct": 1.4981273408239701, "canopy_cover_pct": 69.850187265917612, "vari_mean_pct": 92.509363295880149, "exg_mean_pct": 81.647940074906373, "gli_mean_pct": 83.520599250936328 }, "geometry": { "type": "Polygon", "coordinates": [ [ [ 556643.385, 3034961.828000000212342 ], [ 556643.159999999916181, 3034962.003 ], [ 556643.159999999916181, 3034962.253 ], [ 556643.334999999962747, 3034962.427999999839813 ], [ 556643.584999999962747, 3034962.427999999839813 ], [ 556643.709999999962747, 3034962.353000000119209 ], [ 556643.76, 3034962.253 ], [ 556643.76, 3034962.103000000119209 ], [ 556643.709999999962747, 3034962.003 ], [ 556643.534999999916181, 3034961.828000000212342 ], [ 556643.385, 3034961.828000000212342 ] ] ] } },
{ "type": "Feature", "properties": { "unit_id": "c00265", "method": "watershed", "label": 265, "area_m2": 0.61687499997613482, "height_max_m": 0.69535750150680542, "height_mean_m": 0.5657212307801831, "canopy_cover": 1.0, "volume_m3": 0.35781867846926091, "n_pixels": 253, "data_coverage": 1.0, "vari_mean": 0.35194802750591359, "exg_mean": 0.42691582803923317, "gli_mean": 0.28524694448420873, "height_max_m_pct": 1.4981273408239701, "height_mean_m_pct": 0.37453183520599254, "volume_m3_pct": 3.7453183520599254, "canopy_cover_pct": 69.850187265917612, "vari_mean_pct": 89.513108614232209, "exg_mean_pct": 84.644194756554299, "gli_mean_pct": 84.644194756554299 }, "geometry": { "type": "Polygon", "coordinates": [ [ [ 556665.934999999939464, 3034953.728000000119209 ], [ 556665.709999999962747, 3034953.903 ], [ 556665.60999999998603, 3034954.103000000119209 ], [ 556665.660000000032596, 3034954.302999999839813 ], [ 556665.885, 3034954.528 ], [ 556665.98499999998603, 3034954.528 ], [ 556666.035000000032596, 3034954.578000000212342 ], [ 556666.584999999962747, 3034954.578000000212342 ], [ 556666.709999999962747, 3034954.403 ], [ 556666.660000000032596, 3034954.253 ], [ 556666.434999999939464, 3034954.078000000212342 ], [ 556666.385, 3034954.078000000212342 ], [ 556666.084999999962747, 3034953.728000000119209 ], [ 556665.934999999939464, 3034953.728000000119209 ] ] ] } },
{ "type": "Feature", "properties": { "unit_id": "c00266", "method": "watershed", "label": 266, "area_m2": 0.12062500004423782, "height_max_m": 0.6539536714553833, "height_mean_m": 0.6110479247111541, "canopy_cover": 1.0, "volume_m3": 0.079436230212626538, "n_pixels": 52, "data_coverage": 1.0, "vari_mean": 0.28610614009365931, "exg_mean": 0.28095825080749576, "gli_mean": 0.19607797075638497, "height_max_m_pct": 0.74906367041198507, "height_mean_m_pct": 1.4981273408239701, "volume_m3_pct": 0.74906367041198507, "canopy_cover_pct": 69.850187265917612, "vari_mean_pct": 49.812734082397, "exg_mean_pct": 14.232209737827715, "gli_mean_pct": 14.606741573033707 }, "geometry": { "type": "Polygon", "coordinates": [ [ [ 556620.084999999962747, 3034973.978000000119209 ], [ 556620.009999999892898, 3034974.052999999839813 ], [ 556619.959999999962747, 3034974.203000000212342 ], [ 556620.034999999916181, 3034974.328000000212342 ], [ 556620.23499999998603, 3034974.328000000212342 ], [ 556620.409999999916181, 3034974.153 ], [ 556620.334999999962747, 3034973.978000000119209 ], [ 556620.084999999962747, 3034973.978000000119209 ] ] ] } },
{ "type": "Feature", "properties": { "unit_id": "c00267", "method": "watershed", "label": 267, "area_m2": 0.015625000021827873, "height_max_m": 0.68850851058959961, "height_mean_m": 0.62968614101409914, "canopy_cover": 1.0, "volume_m3": 0.0078710767626937288, "n_pixels": 5, "data_coverage": 1.0, "vari_mean": 0.45615082092562431, "exg_mean": 0.6432692521098764, "gli_mean": 0.40840450514635129, "height_max_m_pct": 1.1235955056179776, "height_mean_m_pct": 1.8726591760299627, "volume_m3_pct": 0.37453183520599254, "canopy_cover_pct": 69.850187265917612, "vari_mean_pct": 100.0, "exg_mean_pct": 100.0, "gli_mean_pct": 100.0 }, "geometry": { "type": "Polygon", "coordinates": [ [ [ 556643.60999999998603, 3034921.453000000212342 ], [ 556643.635, 3034921.578000000212342 ], [ 556643.684999999939464, 3034921.578000000212342 ], [ 556643.76, 3034921.503 ], [ 556643.73499999998603, 3034921.427999999839813 ], [ 556643.60999999998603, 3034921.453000000212342 ] ] ] } }
]
}
